mean_x,std_x,max_x,min_x,range_x,median_x,var_x,skew_x,mean_y,std_y,max_y,min_y,range_y,median_y,var_y,skew_y,mean_z,std_z,max_z,min_z,range_z,median_z,var_z,skew_z,mean_abs,std_abs,max_abs,min_abs,range_abs,median_abs,var_abs,skew_abs,label,source_file
0.982500779172,5.978044834689964,14.34676575,-43.12651794,57.47328369,0.8616831205,35.73702004556336,-1.1183373319564072,-5.86579711215,9.501259711970679,4.194427643,-93.4431839,97.63761154299999,-3.3542248535,90.27393611431714,-4.229265276620032,3.7273209961400005,8.546355093134782,66.12080109,-34.69560013,100.81640122,1.566193085,73.04018537795083,0.972509393464196,11.631528134744,10.631298140822278,102.9552707,0.496183293,102.459087407,9.524239575500001,113.02450015905123,3.5260122568247403,jumping,Data_Jumping_Ben.csv
-2.066815335362,6.081139848452492,11.88393723,-35.29989349,47.18383072,-0.961375809,36.9802618564368,-3.039129370713916,-8.642520186744001,14.229362139272144,5.442532196,-72.46176498,77.904297176,-2.172058182,202.47474689055153,-1.865824694668844,2.42064624032,5.567163865367129,49.86475571,-12.47715363,62.34190934,1.098864899,30.99331350384947,2.5282281840706364,12.219247795004001,14.35140113737199,75.9815751,0.320595676,75.660979424,5.237863294,205.96271460576207,1.7573963099239938,jumping,Data_Jumping_Ben.csv
-0.575118734444,1.9710544845208378,6.879693604,-6.215225372,13.094918975999999,-0.5233117675,3.8850557809497057,0.24633567450405275,-9.562670224834001,11.797919222414,4.615801392,-43.19088409,47.806685482,-3.6048786165,139.19089797860576,-0.8118866034929518,2.191622796898,4.228651733280717,20.82484451,-12.83026932,33.65511383,1.6804055785,17.881495481378014,0.8290136935266741,11.526122737747999,11.166224865758563,45.76168598,0.305011035,45.456674945,5.590641998000001,124.68457775268486,0.9204150982312502,jumping,Data_Jumping_Ben.csv
-0.131612610178,2.8044077169609274,8.383466492,-7.953710175,16.337176667,-0.3528163145,7.864702642950001,0.3576375418081832,-9.494236134293999,10.89778920142985,3.600762177,-43.05391891,46.654681087,-3.7901932525,118.76180947880104,-0.7675452034048108,2.053740624444,4.8180217153153135,36.08501083,-17.15058517,53.235596,1.805545349,23.213333249249914,1.072169402276567,11.763756259303998,10.287350302730896,50.20665505,0.109444466,50.097210584,7.7109495315,105.82957625109746,0.8804860694123332,jumping,Data_Jumping_Ben.csv
-0.940274788522,2.7282777102788898,8.79196701,-9.996512146,18.788479156,-1.031055908,7.443499264404623,0.2702710729161107,-10.00549825933,12.989818323422254,4.93897934,-49.48364822,54.42262756,-3.243979111,168.73538007551656,-0.9504964976285162,2.084870190124,4.096797202378567,24.44895813,-10.9831105,35.43206863,1.089584198,16.78374731741685,1.3447557281208051,12.169306664372,12.25607595323663,51.7114994,0.324889842,51.386609558,5.742090762,150.21139777150518,1.07825656382198,jumping,Data_Jumping_Ben.csv
-1.028686934556,6.910078964535039,51.01316757,-25.21985504,76.23302261,-1.5480807495,47.749191296109636,1.5617278217131827,-9.590722190482,16.448614313100013,17.24039841,-70.61804901,87.85844741999999,-0.8851094055,270.55691282111854,-1.1273560103808828,2.00853522944,5.432705304145098,29.17478073,-21.9994519,51.17423263,1.7384848019999999,29.514286921686285,0.8311215301011997,15.253696347482,14.56775554090658,71.85301662,0.852798778,71.00021784200001,8.156684152499999,212.21950149961438,1.3060638855727258,jumping,Data_Jumping_Ben.csv
-1.1272806079079998,3.847671989242424,9.752818909,-14.30904419,24.061863099,-1.0425070955,14.804579736800754,-0.3198693312204711,-9.118161485584002,13.150325857692534,4.153113556,-61.83626083,65.989374386,-2.3652314755,172.93107016349688,-1.4224172692856125,2.925681913226,4.921117280319842,22.66900955,-14.73790237,37.40691192,1.830468521,24.21739528666256,1.0611284230042581,11.956772899038,12.726345592494727,64.71471068,0.495848965,64.218861715,5.6419159685,161.95987213960996,1.47116012037075,jumping,Data_Jumping_Ben.csv
0.03400807982600002,2.708707691205872,10.1258432,-5.903423767,16.029266966999998,-0.060923308999999995,7.337097356397846,0.6926258112457384,-10.008546520336,13.083934051253138,3.57456665,-44.10338654,47.677953190000004,-3.330499191,171.18933025754134,-0.942265398280478,2.771950399422,6.093566353308545,32.23651382,-22.08507385,54.32158767,1.5382012939999998,37.131550902174,0.9884453031900705,12.440130355828,12.990650648080372,55.18438615,0.431065052,54.753321098,5.2260585275,168.75700426047098,1.0421725099026926,jumping,Data_Jumping_Ben.csv
-0.10142249083200004,3.031110855601804,14.11340103,-10.77803696,24.89143799,-0.4377646635,9.187633018947102,0.6627178558049048,-9.59309954685,13.61943986831488,4.546345825,-57.95019196,62.496537785,-2.7513535305000003,185.4891423266448,-1.3154276865621952,2.53371630982,5.890164873604702,45.00166855,-19.63182541,64.63349396,1.547706528,34.694042238246695,2.4010652923445286,11.993956511355998,13.563679019945791,65.49702995,0.304255351,65.192774599,4.877001966,183.9733885561176,1.4691446768532244,jumping,Data_Jumping_Ben.csv
-0.15665852693200003,2.9901361665613067,12.66740799,-11.03131027,23.69871826,-0.45146118150000003,8.940914294577945,0.8457214867860001,-9.196985470344002,12.740630254630824,3.331921234,-54.55570084,57.887622074,-2.3531066894999997,162.32365928521432,-1.1850789578433807,2.77360386107,4.81824033202414,25.50561081,-19.0439978,44.54960861,1.8814375305,23.215439897144098,1.459269238234645,11.459443935944,12.468485078669922,57.54340884,0.215473313,57.327935527,4.592037887,155.46312015701446,1.238571674399309,jumping,Data_Jumping_Ben.csv
1.124418559544,6.558924866611744,67.37534225,-26.75940353,94.13474578,0.13142669699999998,43.01949540585789,3.586377506512773,-9.723178446476,22.519536705655725,22.20542358,-131.3820895,153.58751308,-1.1336675265,507.12953343737547,-2.555897757986636,2.050470225176,10.246944485039624,88.9309671,-57.20668808,146.13765518,0.640518036,104.99987127948395,1.6148467120698577,15.796908460284,22.48589619263939,146.9229874,0.326256173,146.59673122700002,7.131272901,505.61552758615466,2.938263781433325,jumping,Data_Jumping_Ben.csv
0.94267878937,3.4777710459365014,13.21661591,-9.254804535,22.471420445,0.1088985445,12.094891447954266,1.1565203970551454,-10.008296240838002,13.839072457572975,3.274141388,-47.7029512,50.977092588,-2.5699308015,191.5199264859549,-1.1629297257943352,2.6830457776039998,4.735694470212213,25.61922455,-8.579409027,34.198633576999995,1.5369289400000001,22.42680211519853,1.8439336681064227,12.273445590248,13.55203028979757,49.26683585,0.467473753,48.799362097,4.430408138000001,183.6575249755908,1.1542680535202994,jumping,Data_Jumping_Ben.csv
1.0253012750040003,4.090818963227125,16.28643219,-13.22499847,29.51143066,0.5627547454999999,16.734799789898652,0.5859695516095048,-9.033459224896,12.57574797187128,8.657546539,-67.85344803,76.51099456899999,-3.2430809785,158.14943705202464,-1.5459384997067582,3.421697343788,9.3170916981629,76.40890686,-48.77771622,125.18662308,1.7622104644999999,86.80819771197602,2.6573730733826784,12.47665574893,14.15585168235774,91.09876839,0.563521415,90.535246975,5.738810752,200.38813685291046,2.0415825754088823,jumping,Data_Jumping_Ben.csv
2.183828505198,3.7745071825470378,18.25768295,-9.606573029,27.864255979,1.4440470890000001,14.246904471099178,0.7775549080352457,-8.549793712382002,11.592120201481524,7.723488922,-62.39040848,70.11389740199999,-2.930830307,134.37725076559605,-1.5875002615539777,4.861627992600001,10.469412554746906,90.79444199,-47.67061844,138.46506043,2.6243426515,109.60859924149216,2.138447778219015,12.993589126832001,13.81676164254324,100.8232837,0.206569675,100.61671402500001,8.2701578885,190.90290228685416,2.1528047006291073,jumping,Data_Jumping_Ben.csv
2.40147830015,3.4424880036825503,15.83542007,-8.354875946,24.190296015999998,1.8409467315,11.85072365549827,0.6523797846083197,-8.554622071817999,10.894125262176992,7.204518127,-62.00151718,69.20603530700001,-4.155807953,118.6819652280029,-1.553114301201188,4.8246497891099995,7.651157057217034,53.90171082,-16.07342514,69.97513596,3.479963379,58.54020431420203,1.8867143167911544,12.416586607828,11.710131195660338,68.51557211,0.347558707,68.16801340299999,9.3167939765,137.12717261957744,1.6589036656437104,jumping,Data_Jumping_Ben.csv
2.331060235258,3.986233562140638,20.2609671,-6.443500671,26.704467770999997,1.1032058715000002,15.89005801193644,1.1772984233889938,-8.796571136211998,11.803928200312404,4.209396515,-50.55781448,54.767210995,-3.495980072,139.3327209581304,-1.5183181790738847,4.049333467658,8.192158035968196,50.85554535,-20.04406815,70.8996135,2.1508772279999997,67.11145328627829,1.7921521189480996,12.456041584414,12.899297167381315,68.75781436,0.372875144,68.38493921599999,6.97244404,166.3918674124116,1.445246283620583,jumping,Data_Jumping_Ben.csv
1.8185694653100002,4.4986775194178685,20.75134735,-11.14073273,31.89208008,0.6975494385000001,20.238099423715706,1.0233124854053577,-9.094735500166,12.436278544727895,8.056546326,-55.51685211,63.573398436000005,-2.864143982,154.66102404205935,-1.4713039974134006,3.932587043254,10.552918428259234,62.11752594,-29.21310104,91.33062698,1.880015488,111.36408735349335,1.8174365170220383,13.329851849258,14.493616183472193,78.68020697,0.528178343,78.152028627,6.282441185,210.06491007380706,1.5927059726873327,jumping,Data_Jumping_Ben.csv
1.91469806489,4.491242615880784,24.63367401,-13.82674713,38.46042114,1.0607691195000002,20.17126023470367,0.8667425031808941,-8.92363979551,12.067617709985665,3.540287933,-52.02955399,55.569841923,-2.451601868,145.62739719435967,-1.397981744411007,3.7204242379759997,8.471941599121857,44.29753281,-18.06308762,62.36062043,1.5157479855,71.7737944589314,1.740632512109748,12.526271806959999,13.33431433906153,59.53602727,0.232503063,59.303524206999995,5.993713409,177.80393889290193,1.2815662494279907,jumping,Data_Jumping_Ben.csv
2.383248908378,5.583962832413862,26.6908461,-13.79950378,40.490349880000004,0.732950821,31.180640913779442,1.3150556329442187,-9.292379397604,13.33612185975771,5.393434296,-59.33601013,64.729444426,-2.8063641355,177.85214625830747,-1.4990901453143994,2.9017128570639996,8.392403390614751,45.33427689,-41.59580109,86.93007798,2.4337889099999996,70.43243467080197,0.9594717082004713,13.747100723297999,13.817762889634949,66.53336619,0.40575891,66.12760727999999,7.4024763955,190.9305712741728,1.4654803129031744,jumping,Data_Jumping_Ben.csv
1.749011212532,5.078904498999269,24.36962311,-11.40208923,35.77171234,0.38791832000000004,25.795270909955015,1.7179710296347177,-10.199115529986,14.286247918300942,4.398752747,-73.68038086,78.079133607,-4.336407394,204.096879583158,-1.8033709841180638,2.5695218517939997,6.5691555709789995,49.13801697,-19.87132736,69.00934433,2.075583801,43.15380491572443,2.258794790803252,13.158776600128,14.61423943159396,85.26347634,0.25977864,85.0036977,6.868029549,213.57599416395576,1.9500073150445338,jumping,Data_Jumping_Ben.csv
1.5070322103940001,4.08606031081686,21.46850601,-12.38644226,33.85494827,0.44749443050000004,16.695888863632774,0.9918960955342283,-9.451113807672,12.568709566698313,4.471351776,-63.84403564,68.31538741600001,-3.133359146,157.97246017201368,-1.3823130674635251,2.8645146111939996,8.513247281363814,70.1430867,-27.37252853,97.51561523,1.9009719085,72.47537927364836,2.6299289333851,12.628201945814,13.692055586255076,88.39670906,0.872124512,87.524584548,5.567640217,187.47238617709883,1.7893472577183662,jumping,Data_Jumping_Ben.csv
1.265016983676,3.704775443211382,19.25311295,-10.38181091,29.63492386,0.4682263185,13.72536108462209,0.9832276327941112,-9.416054913072,12.307701291504754,2.544408875,-64.43740173,66.981810605,-3.0543235015,151.4795110809078,-1.4016392614422235,3.065799537012,7.6879383916633,55.7359964,-19.03501648,74.77101288,1.5377522275,59.10439671401049,2.345677836294161,12.239019055640002,13.197619721778047,85.44620414,0.134834063,85.311370077,5.4785911565,174.17716632066484,1.6830073834044004,jumping,Data_Jumping_Ben.csv
1.325431051922,3.5070000485044526,15.08982056,-11.7210759,26.810896460000002,0.5675447845,12.299049340210233,0.746567508507254,-9.343372356968,12.396103550992237,2.767894135,-52.43670731,55.204601445,-2.6037604525,153.66338324692236,-1.3462322906105875,3.108488664608,8.851124330430135,53.66714859,-25.69436829,79.36151688,0.778231659,78.34240191273231,2.3235042934264873,11.949659916087999,14.150213377988182,67.41284294,0.373524681,67.039318259,4.2020059095,200.2285386425957,1.5961829855314693,jumping,Data_Jumping_Ben.csv
1.432578836928,3.4845263074865604,15.62390991,-11.07995911,26.70386902,0.8322692869999999,12.141923587565923,0.6984934812745882,-9.270324560853998,11.98773256707588,1.700463867,-48.34781021,50.048274077,-2.980526962,143.70573209973168,-1.3639482524877986,2.9823893892620004,9.062264078397865,55.51894775,-30.66238724,86.18133499000001,1.2098590850000002,82.1246302266203,1.9445821149746323,11.9887987384,13.824862993441192,71.55373881,0.363342784,71.190396026,4.8445377515,191.12683678741973,1.5997107898704563,jumping,Data_Jumping_Ben.csv
1.497948200652,5.520667053437571,41.9870874,-27.99328766,69.98037506,1.489402771,30.47776471491107,1.3356919682581552,-9.090680133378001,12.129490707591017,25.20279053,-57.1480101,82.35080063000001,-6.5932642365,147.12454482553684,-0.6448254531413329,3.9746570580719998,8.382659145005984,77.06020248,-33.37699219,110.43719467,3.51379303,70.26897434135248,2.052009069123726,14.563441822606,11.68159488204506,94.2496146,1.024639007,93.224975593,11.17453253,136.45965898822132,2.011150372759496,jumping,Data_Jumping_Ben.csv
-0.4871538583700001,3.756169636693177,10.20877075,-12.57894196,22.78771271,-0.6102809145,14.108810339615754,0.0652190470403608,-8.702863901372,10.475770835364736,16.20604935,-33.85704391,50.06309326,-8.599991226,109.74177459507837,-0.14720637198791067,4.185041561252,5.995880466066623,36.94287689,-14.19019135,51.13306824,3.9547011564999996,35.950582563359305,0.4450115178806054,13.557491995636,8.335904877087971,48.63837167,1.128957234,47.509414436,12.414875975,69.48731011985903,0.5331706245145177,jumping,Data_Jumping_Ben.csv
1.123026155092,3.2989454523863926,11.36646332,-13.30283661,24.66929993,0.5916446685,10.88304109782086,0.21898650980842516,-9.318649768092,11.37259116817024,2.978655853,-48.99910583,51.977761683,-3.2123947905,129.33582987834376,-1.0183515698403367,3.097645512918,6.053153482016218,47.46719147,-15.83991074,63.307102210000004,1.4539265444999998,36.64066707684507,2.4346325455746602,11.543434956493998,11.887071819137132,56.98285876,0.405125658,56.577733101999996,5.257122042000001,141.30247643332416,1.1471492170991322,jumping,Data_Jumping_Ben.csv
0.4520557452,3.447627173775555,10.7747438,-18.31456467,29.08930847,0.433423691,11.88613312935562,-0.5866197884463638,-9.872405826369999,11.500130818865067,3.219654694,-45.74651962,48.966174314,-4.062626724499999,132.2530088510101,-0.9871688970150931,2.9719240521319996,5.9343055841679035,34.43574051,-15.79335754,50.229098050000005,1.7613123325,35.215982766286366,1.7516971315297158,11.978316927668,11.932147003222049,50.15619592,0.418318702,49.737877218,5.801102376,142.3761321065009,1.1252953663148484,jumping,Data_Jumping_Ben.csv
1.053996902196,3.6339928436205997,13.51674179,-16.90554474,30.42228653,0.646131363,13.205903987485732,0.189662166126924,-9.073814405878,11.08707145220632,1.999990997,-52.79551117,54.795502166999995,-2.7158024595,122.92315338632835,-1.1597038623660054,2.960387242978,5.931606828980994,31.62264038,-16.99610641,48.61874679,1.532138901,35.18395957361396,1.7029309561647177,11.322891008404,11.632457441546352,58.92787327,0.454598188,58.473275082,5.296377076000001,135.3140661293871,1.2617013387213694,jumping,Data_Jumping_Ben.csv
0.975659705186,3.533906931932651,14.73595642,-13.02725967,27.76321609,0.19235000600000002,12.488498203561642,0.8498045101724858,-9.363339934438,11.435090932303128,2.064955902,-55.62941803,57.694373932,-3.689303055,130.76130463004122,-1.0978792986562047,3.117564291604,6.469546366627427,40.85394379,-26.52963135,67.38357514,1.553544388,41.85503018994215,1.6621881906472098,11.725703436438002,12.081223681622513,56.96637875,0.334958039,56.631420711,5.217169146,145.95596564539662,1.1138153733699099,jumping,Data_Jumping_Ben.csv
1.1803317874280002,4.918817056238041,37.66093369,-8.642727356,46.303661046,0.235684891,24.194761232738266,2.5433080232214036,-9.483316641588,11.759015577137621,3.671864319,-49.52271698,53.194581299,-3.1977252959999998,138.27444734336524,-1.0884057278959915,3.515140228272,7.202354767671996,45.33981537,-19.75457016,65.09438553,1.7628840635,51.87391419940753,1.778795226506789,12.615223470332,12.60483827922748,60.12554399,0.291369662,59.834174327999996,6.5305383175,158.88194804547837,1.1357069525254673,jumping,Data_Jumping_Ben.csv
0.7974705514560001,3.9316633499314553,14.56052124,-11.49339935,26.05392059,0.4004921725,15.457976697194232,0.5883811080852086,-9.197069894757998,10.642068950463234,2.7988797,-41.87212646,44.67100616,-3.571572876,113.25363154641363,-0.8916809360167889,3.10384711677,6.028852004045036,35.39180237,-16.54718994,51.93899231,1.9264938355,36.34705648667784,1.6615626394828211,11.662252261066,11.131327763657206,46.69812659,0.178105362,46.520021228000004,5.786803429,123.90645778196574,0.9605050438217904,jumping,Data_Jumping_Ben.csv
1.090667046232,4.959904082934789,23.32599335,-9.793833618,33.119826968,-0.2373314665,24.60064851191319,1.5638307577332256,-10.174601008171999,13.479339806831033,3.225342865,-71.55195694,74.777299805,-4.44515625,181.6926016280197,-2.1364180643692223,1.9473682269120003,7.001931973568506,41.69624222,-33.73609543,75.43233765,1.8417700195,49.02705136248095,0.31922520852719416,12.853759967182,14.092744924095538,74.41991252,0.405376623,74.014535897,6.6645970210000005,198.60545949562052,2.010241337656219,jumping,Data_Jumping_Ben.csv
1.2817485901560002,4.391444176426138,19.47210754,-7.860154724,27.332262264,0.2300715635,19.284781954667036,1.347494102868437,-9.975262933988,10.542022464092629,1.463207245,-51.98779083,53.450998075,-5.5791231539999995,111.1342376334336,-1.694510472463519,1.579423771376,5.989853713938984,42.08707947,-34.6456041,76.73268357,2.1124072265000002,35.878347514388636,0.26417668114609943,12.148763033602,11.061114471443696,58.36777827,0.80690564,57.560872630000006,7.4633910795,122.34825335038116,1.6500769221149507,jumping,Data_Jumping_Ben.csv
0.753583614812,4.620504280159135,18.45916397,-10.10114456,28.56030853,-0.21001327549999999,21.349059802968892,1.124653556707937,-10.026063693205998,10.800313304767991,3.098556519,-52.29869431,55.397250829,-5.117557983499999,116.6467674811485,-1.2303213372444168,1.40517502349,6.289104453212742,37.69221863,-24.70911713,62.401335759999995,1.7091458130000001,39.55283482342034,0.442273683104742,12.493362469724001,11.159252421497413,53.88393277,1.030064602,52.853868168,7.6594446265,124.52891460669588,1.3684331332616266,jumping,Data_Jumping_Ben.csv
0.46696204746200004,4.0627867202401005,14.06699753,-17.17917572,31.24617325,0.138985977,16.50623593415931,0.22142227107960114,-9.959762966264,10.696663882387746,3.472179565,-40.10579956,43.577979125,-4.4935805515,114.4186182127785,-0.8057227809351201,2.262760864578,4.789496355810639,33.02746902,-15.04581207,48.073281089999995,1.8671422579999999,22.939275342323395,0.75795770988612,12.12807193455,10.55030896580809,49.98578579,1.056910389,48.928875401,7.2972478034999995,111.30901927401058,0.9099214228927499,jumping,Data_Jumping_Ben.csv
0.9209041698799999,3.6305825994185015,12.97097672,-9.547146606,22.518123326,0.537532196,13.181130011200402,0.5395523191771144,-9.604795624582003,11.664318892167602,2.508932648,-51.5742009,54.083133548,-3.1555879210000004,136.05633521817805,-1.3085667318710992,3.026635279538,7.270332480182416,41.25540894,-26.0711348,67.32654374,1.7031582645,52.8577343723954,1.5103352791067775,11.849930282977999,12.80371182454942,59.53013174,0.264289288,59.265842452,4.861176529,163.93503648610664,1.3971407605556003,jumping,Data_Jumping_Ben.csv
0.655965313058,3.950911461241143,13.50102448,-12.27672043,25.77774491,0.3891158295,15.609701374566626,0.2574512702837428,-9.402669448208,10.852348007533005,1.694925385,-48.84881836,50.543743745,-3.785028992,117.77345727660555,-1.0921759660355148,2.976970657632,6.564794986426672,45.35867615,-20.38940002,65.74807617,1.5617772675000001,43.09653321381277,2.037165122754122,11.615618191011999,11.800845031237797,62.58277861,0.257186742,62.325591868,5.387981772,139.25994345128981,1.3345878847872905,jumping,Data_Jumping_Ben.csv
0.798076790758,3.2143197017382485,10.50695068,-9.875264282,20.382214962,0.36830909700000003,10.331851144982663,0.3568842576318445,-9.485234154104,10.606390153688066,1.391805725,-42.9147084,44.306514125,-3.784430237,112.49551209225116,-1.1014135461234726,2.984510777894,5.3813917269579115,26.81344116,-21.83404587,48.64748703,1.8562898255,28.959376918971053,1.0618792430109674,11.379070826079998,11.037091346771698,50.37717343,0.155269059,50.221904371,5.2729378415,121.81738539698267,1.1380718249439044,jumping,Data_Jumping_Ben.csv
0.785735255122,3.5621066415590037,20.93860794,-11.58261383,32.52122177,0.0757424925,12.688603725838764,1.4258762772935356,-9.111764987139999,11.256138338999754,4.224215698,-43.08924545,47.313461148,-3.09017395,126.70065030670017,-1.1785660317559081,2.723841642234,6.544140261135846,43.97181015,-24.52185654,68.49366669,1.4819931795,42.82577175741913,1.9334220165024922,11.395141747976002,11.976089708217051,60.4026646,0.472417935,59.930246665,5.0336303115,143.42672469926237,1.2930815837082452,jumping,Data_Jumping_Ben.csv
3.3922155514320003,5.892509379612564,25.64257599,-15.92149109,41.56406708,1.996398468,34.72166678882204,1.0449774251475858,-8.960188093033999,12.238639279100026,6.557862854,-59.16416748,65.72203033400001,-3.517385559,149.78429140392998,-1.6184156760746675,3.251123154576,9.589001819431715,45.78229523,-34.10373093,79.88602616,1.5566130065000001,91.94895589306473,1.2207843462402224,13.201347797126,14.301791118209003,69.74371081,0.3466561,69.39705470999999,7.5039943935,204.5412291888819,1.6672132180037866,jumping,Data_Jumping_Ben.csv
0.875270365906,3.1451756477469837,11.99485657,-7.719746704,19.714603273999998,0.213156738,9.892129855180658,0.9717820767559597,-9.540767471848001,12.155326959558147,2.376158752,-51.15986252,53.536021272,-3.0505812835,147.7519734937611,-1.431746836750949,2.7046302923220003,5.495987019451628,48.13944351,-10.27283752,58.41228103,1.2610526274999998,30.205873317980796,2.980885874558246,11.111235592312,12.786625335289461,69.48350747,0.323155067,69.160352403,4.5507267,163.49778746506632,1.5237434253305993,jumping,Data_Jumping_Ben.csv
0.92638457335,3.3896133342388537,14.47355209,-9.086404724,23.559956814,0.2709365845,11.489478555649839,0.5658737316025031,-9.453914783056,11.470123515642365,2.629731445,-51.21958832,53.849319765,-3.4300421905,131.56373346409197,-1.4305240895337308,2.611138309882,6.678282740473283,41.90311203,-17.17348755,59.07659958000001,1.0718460845000002,44.59946036170334,1.8560763961679605,11.611063587832,12.242900437321053,53.85446372,0.23078433,53.62367939,5.6538102155,149.888611118156,1.509485080423148,jumping,Data_Jumping_Ben.csv
0.6885372793919999,4.106870345964496,23.45487534,-7.823480988,31.278356328,-0.053289184499999996,16.86638403856254,1.5946246878377304,-9.547258573628,9.289112098055854,2.015109558,-42.6904747,44.705584258,-6.879992981,86.28760357024763,-0.7861990497039256,3.2585608877860004,5.827553663410585,35.03314819,-11.39655075,46.429698939999994,2.452125778,33.96038169993013,1.5567547835460664,12.06318061573,9.686923745475582,51.68882083,0.627971765,51.060849065,9.5427886625,93.83649165065869,1.297975163246586,jumping,Data_Jumping_Ben.csv
0.566786760842,3.6198032279069454,19.02169418,-5.828579407,24.850273587,-0.3144960025,13.102975408765543,1.3290776998665534,-9.196029258932,9.372040216043404,1.659000092,-40.803349,42.462349092,-5.554274826,87.83513781113489,-0.8418361293020902,2.898222714744,5.279092536036318,27.69435928,-11.7290094,39.42336868,2.1801413725,27.86881800403436,1.1329560702117767,11.633794619194001,9.313949228714852,50.14129224,0.805587772,49.335704467999996,8.302731328,86.74965023507798,1.2601076450094035,jumping,Data_Jumping_Ben.csv
0.832170193174,2.9898792153610656,11.49953659,-5.96045517,17.45999176,0.235759735,8.939377722448102,0.9225174348598864,-9.462667980742001,10.740401952598962,1.533261566,-43.54489792,45.078159486,-3.9199733735,115.3562341033916,-1.1156029799851097,2.7951910703040004,4.488698986961616,31.78355576,-9.9586409,41.74219666,1.8682649235,20.148418595550233,1.8786093518949667,11.258021789335999,10.758655188914961,50.1959905,0.157953521,50.038036979,6.7694579479999994,115.74866147396682,1.2129073258150882,jumping,Data_Jumping_Ben.csv
0.6302242419340001,3.3272091689247922,14.00323013,-7.493567047,21.496797177,0.14908996549999998,11.070320853777206,1.065894178783597,-9.538475737726,11.136075890879829,2.886447601,-62.12590851,65.012356111,-4.7495482634999995,124.01218624743498,-1.5209612767577887,2.5867249777440002,6.065507162986887,40.62911133,-15.33111877,55.960230100000004,1.605561218,36.79037714424524,2.3985045559459692,11.625420006914,11.610053488633794,69.58733874,0.598967871,68.98837086900001,6.7295965535,134.7933420089377,1.7849322746705034,jumping,Data_Jumping_Ben.csv
0.748612452392,3.425770925906963,21.19876694,-9.212292938,30.411059877999996,0.2965333555,11.735906436789453,1.1547931085254082,-9.497112552758,10.567559126078507,2.192191315,-60.27949814,62.471689455,-5.4547318265,111.67330588316513,-1.3581763755786547,2.880869900144,5.929527141167743,54.98800186,-18.49778366,73.48578552,1.8437908175,35.159292117844906,2.629722562850005,11.631578132612,11.060283604444896,81.60938306,0.269258222,81.340124838,7.1662009615,122.32987341075257,1.7963003373560427,jumping,Data_Jumping_Ben.csv
1.1480163876260001,3.9504642449303327,18.03823929,-8.427624664,26.465863954,0.619411926,15.606167750472983,1.0037497017929269,-9.486043071928002,10.941000594584745,1.982028351,-47.62181992,49.603848271,-4.2905278015,119.70549401070375,-1.2199155039267322,2.602718918166,5.292239271192943,32.12170258,-10.30023056,42.42193313999999,1.8746266935,28.00779650355681,1.6111766257202456,11.832343320542,11.017813320435742,52.37030938,0.618442369,51.751867011,7.0888425040000005,121.39221036397126,1.4155463258704666,jumping,Data_Jumping_Ben.csv
1.385120626858,4.666668901862055,18.64432892,-10.80947159,29.45380051,0.6642436979999999,21.777798639606395,1.0364668726832038,-9.545419797426,10.76998160686556,3.663930817,-58.00946869,61.673399507,-5.505251769999999,115.99250381222248,-1.196970354897715,2.4810336639279997,6.2385756779868,42.98446335,-11.79562088,54.78008423,1.6170872495,38.919826489968465,1.7982446342926643,12.60894466025,10.811742218209655,73.13968662,0.588755824,72.550930796,9.1715991415,116.89376979301703,1.5478609535726733,jumping,Data_Jumping_Ben.csv
0.9626700173859999,3.6574462203487825,18.17310883,-6.820117493,24.993226323000002,0.327444077,13.376912854743594,0.9456388126440898,-9.558236145526,10.440251770377236,2.204615479,-42.78522766,44.989843138999994,-4.5603417205,108.99885702886502,-0.8757840479829105,2.938112962674,5.292669066312516,27.09485596,-8.826245728,35.921101688,2.09152565,28.0123458455014,0.9587760249354856,12.261504260318,10.048022121822015,50.47172924,0.423000011,50.048729229,8.7338109915,100.9627485606246,1.1678916503442465,jumping,Data_Jumping_Ben.csv
0.9776113467299999,3.5815592454984473,18.97065033,-5.699248352,24.669898682000003,0.489556961,12.827566629015408,1.340616438124167,-9.512478698768,10.285871846809005,15.30941391,-42.42118469,57.73059859999999,-5.344785461000001,105.79915964897809,-0.8663846113731026,3.0260026950479997,6.0971700479104545,27.54452087,-14.61800171,42.16252258,1.706451416,37.17548259313637,1.156288699622232,12.38392281216,10.150878380794863,48.88272957,0.480979489,48.401750081,8.932674994,103.04033190168853,1.2132527819656096,jumping,Data_Jumping_Ben.csv
0.833261124572,3.3999389732416088,16.1602446,-10.05593857,26.21618317,0.34952316299999997,11.559585021767205,0.594646568253911,-9.343417563306,9.602725401743967,4.949756927,-39.09764603,44.047402957,-6.0302101135,92.21233514129882,-0.7429642222365336,2.855659026502,5.306585483963805,27.19993744,-22.41408966,49.6140271,2.21322258,28.159849498615376,0.7241147393091651,12.088088483177998,9.053090677822551,47.93743198,0.654585695,47.282846285,9.3028362085,81.95845082087759,1.0736310549783745,jumping,Data_Jumping_Ben.csv
0.7523729324559999,3.2868121899872405,13.16257828,-6.763834534,19.926412814,0.402737503,10.803134372248719,0.5071822487760935,-9.51416988175,9.852015746288616,2.590363312,-37.5757608,40.166124112,-5.4021162415,97.06221426511885,-0.7773369076615618,2.60353292547,5.341345336894966,26.9709137,-13.32484085,40.29575455,1.963541794,28.5299700079696,0.8561212684603817,11.936876475534001,9.579675146887677,43.59166686,0.901558662,42.690108198,8.436072476,91.77017591989743,0.993150206147191,jumping,Data_Jumping_Ben.csv
1.021483314536,3.553972940254685,13.05974213,-7.247179413,20.306921543,0.5129084015,12.63072366006253,0.6333146841262952,-9.684289017346,9.208348507379688,2.614762573,-38.53302017,41.147782743,-6.8670449065,84.79368223336174,-0.6184711957546118,2.7802847680900005,4.709948067060333,17.86744446,-10.91170898,28.77915344,2.153871002,22.18361079440537,0.5776448882365852,12.021397511876,8.81208737312096,42.61174715,0.570428756,42.041318394,9.604976434000001,77.65288387151787,0.8063617786635958,jumping,Data_Jumping_Ben.csv
0.8790335403239999,3.4684398774075857,11.74547516,-7.386838989,19.132314149,0.626971207,12.03007518319115,0.504026059593729,-9.270207504272001,9.426562460990093,3.156036987,-31.39466446,34.550701447,-4.914580078,88.8600798309476,-0.6929129583860134,2.5597714278900003,4.444511833783772,20.77439941,-16.65825897,37.43265838,2.1429437255,19.753685440643988,0.3230653653127847,11.587276004974,8.924166747541001,34.56275548,0.315383371,34.247372109,8.518600730500001,79.64075213791654,0.7160640736063408,jumping,Data_Jumping_Ben.csv
0.8103000723499999,3.4619758151667006,14.11459854,-6.134243774,20.248842314,0.3457061005,11.98527654479914,0.6759966069511855,-9.48123117822,9.936474313091178,2.492915955,-37.04212051,39.535036465,-4.9454159545,98.73352177472081,-0.7765551552918315,2.569488321548,4.980691683109404,33.94536026,-13.79426468,47.73962494,2.0511096955,24.80728964219519,0.9050228914983094,11.983545167137999,9.437867041184452,48.55330668,0.431594402,48.121712278,8.3311814225,89.07333428707575,0.9918598297246242,jumping,Data_Jumping_Ben.csv
0.62031514804,3.0981249787257963,13.13473618,-7.381749573,20.516485753,0.35925293,9.598378383804716,0.6219387159258928,-9.57232365057,10.255466068569056,2.962339783,-45.21317871,48.175518493,-5.793028336,105.17458428357125,-0.9482662062103314,3.109711022584,5.76525375220099,31.23150375,-8.071964264,39.303468014,1.7675992585,33.238150827267596,1.5123156104590922,11.926398399566,10.366127932208574,51.72923575,0.611923865,51.117311885,8.306428316,107.45660830691482,1.228681284533958,jumping,Data_Jumping_Ben.csv
0.496140270998,2.9136809120882514,12.37297028,-9.110504608,21.483474888,0.302071838,8.489536457467425,0.6271394324842147,-9.729419867134,10.448560169576556,3.872896271,-39.66781036,43.540706631,-6.048771515,109.17240961726168,-0.6857207365242752,2.867097939178,5.7565870045018706,44.4422818,-21.85380478,66.29608658000001,2.569182358,33.13829394039982,1.056024801665643,12.417686735859998,9.986456471469811,60.26319677,0.640583956,59.622612814,8.9954834285,99.72931285656126,0.9966383314185535,jumping,Data_Jumping_Ben.csv
0.660000621636,3.003942441420839,9.536069641,-9.059161377,18.595231018,0.609981537,9.02367019136939,0.025037900276244168,-9.269483010906,11.362283420529875,9.935738525,-49.57301239,59.508750915,-4.613106995,129.10148452844808,-0.8011767722143376,2.4346861441920002,6.159808018504222,38.78898788,-16.67547318,55.464461060000005,2.131567383,37.943234824828906,0.8802287943527344,13.031074170208,9.927039248606661,53.36996976,0.988916525,52.381053234999996,9.9324073485,98.54610824337709,1.2089250605441406,jumping,Data_Jumping_Ben.csv
0.7472173535239999,3.3130240933820416,12.33929031,-8.903934174,21.243224484000002,0.4367168425,10.976128643329899,0.5092465564079834,-9.76878231261,10.807127537892297,2.997965698,-47.39489182,50.392857518,-4.8528334805,116.79400562027004,-1.1558552109687281,2.568490795878,5.54658805228618,58.15272079,-28.45657425,86.60929503999999,1.6373700715,30.7646390217638,2.772794672476755,11.705865212296,11.139662451151114,69.61097813,0.342831617,69.268146513,7.044627003,124.09207952558604,1.4322854634984368,jumping,Data_Jumping_Ben.csv
0.7390641082500001,3.681255924389191,12.4588916,-12.73461823,25.19350983,0.341514816,13.551645180850517,-0.055205902480226644,-8.187448513344,8.305001921552682,3.948489075,-51.79035141,55.738840485,-7.095020828,68.97305691699373,-1.345713081864987,2.9725299920659998,5.731234310015623,42.29350021,-15.77180237,58.065302579999994,1.8589842225,32.84704671630025,1.624603954208529,11.205394904281999,8.138018021507978,59.43998482,0.746640452,58.693344368,9.7644503005,66.22733731838863,1.773668897692378,jumping,Data_Jumping_Ben.csv
-0.4579970400000002,23.094672876683315,128.0,-29.1,157.1,-7.915,533.363915281012,3.3853881208691607,-0.54497588,7.809475371822325,60.7,-21.2,81.9,-1.115,60.98790558309944,3.6191530607833053,0.3877452400000001,6.857765121393569,47.7,-43.1,90.80000000000001,-0.06665,47.028942460202146,-0.03218434501761266,15.212784,20.265254269644487,129.0,0.616,128.384,10.5,410.68053061334405,3.6467716919508937,jumping,Data_Jumping_SweaterPocket_Sachin.csv
-0.32353799999999994,29.960539739673518,146.0,-28.5,174.5,-10.2,897.6339414925561,3.1401437764283506,-0.019226860000000016,8.5800710276019,92.7,-30.0,122.7,-0.06520000000000001,73.61761883869353,6.161984215243267,0.1449253999999999,6.415153581741815,54.1,-29.8,83.9,-0.06745,41.15419547733484,1.1722001248709717,19.69192,24.998419436308367,147.0,1.58,145.42,11.8,624.9209743136,3.33037381338893,jumping,Data_Jumping_SweaterPocket_Sachin.csv
0.3869200000000002,32.33615325801138,146.0,-29.3,175.3,-9.524999999999999,1045.6268075256,2.9303382189659097,-1.32066976,5.759599773038223,56.7,-11.9,68.60000000000001,-1.43,33.17298954558195,5.871004336720247,-3.3588855000000004,6.737576275623241,33.4,-42.3,75.69999999999999,-3.355,45.39493406984115,-0.5803600905520414,20.85192,26.522922499483343,152.0,1.14,150.86,11.9,703.4654179135998,3.1912170368879145,jumping,Data_Jumping_SweaterPocket_Sachin.csv
1.1363151999999999,32.83319287544799,144.0,-29.1,173.1,-8.665,1078.0185543963687,2.9700289043599777,-0.5425001599999999,2.054173960066181,8.88,-11.7,20.58,-0.203,4.219630658213975,-1.9117824416516185,-4.2913038,5.4388377404116,25.3,-30.2,55.5,-4.9350000000000005,29.580955966525558,-0.03193317633495716,19.9645,27.045747768364624,146.0,3.07,142.93,10.9,731.4724723500001,3.2230889287366336,jumping,Data_Jumping_SweaterPocket_Sachin.csv
3.8675416000000005,33.613539631748836,150.0,-36.3,186.3,-6.39,1129.8700465751494,2.9651345349605926,-0.7708713,2.144497539775066,2.24,-13.9,16.14,-0.22949999999999998,4.598869698101311,-2.745423337804079,-7.066375400000001,5.802408831205781,32.9,-37.7,70.6,-7.42,33.66794824445484,0.238827300718455,20.620639999999998,28.43794460206996,150.0,4.8,145.2,11.0,808.7166931904001,3.268479505463628,jumping,Data_Jumping_SweaterPocket_Sachin.csv
6.608308,33.45843829787362,149.0,-28.5,177.5,-3.63,1119.467093332616,2.830886179973076,-0.49560034,3.021097339472147,3.95,-38.3,42.25,0.158,9.127029134565685,-5.766672138818762,-8.554312,5.75417734091121,8.68,-54.7,63.38,-8.855,33.110556870656,-1.5213033763164363,20.39458,29.362453712583353,150.0,2.14,147.86,10.4,862.1536880236,2.9956357490355963,jumping,Data_Jumping_SweaterPocket_Sachin.csv
9.90567626,33.28378217885771,152.0,-26.6,178.6,-0.625,1107.8101561296462,2.866710329317995,-0.5968202000000001,2.940405052521159,4.28,-20.7,24.98,-0.1175,8.64598187289196,-2.7478821665627073,-8.12298,7.017921707713759,27.6,-42.7,70.30000000000001,-8.1,49.2512250956,-0.7574844731597985,19.82836,30.58632487420481,154.0,2.16,151.84,9.835,935.5232693103999,2.983896621673521,jumping,Data_Jumping_SweaterPocket_Sachin.csv
11.333741556000001,26.80650693909721,151.0,-19.5,170.5,2.13,718.5888142758669,2.7895431350084725,-2.1472063999999995,5.530809854731858,16.4,-33.4,49.8,-0.604,30.58985764919904,-2.199845978945781,-7.2978776,8.983314346768582,35.6,-65.9,101.5,-8.205,80.69993665285824,0.229827787178703,19.921704,24.899003333795992,158.0,0.628,157.372,10.4,619.9603670163839,2.956081797391132,jumping,Data_Jumping_SweaterPocket_Sachin.csv
9.066863280000002,19.821792087218522,83.1,-19.4,102.5,0.8045,392.90344154891886,1.6619362393852921,1.7678071199999998,6.789302739547303,33.6,-26.8,60.400000000000006,1.6400000000000001,46.09463168922451,-0.21730578815358126,-6.455995120000001,7.443327982393587,41.4,-37.7,79.1,-7.775,55.40313145348338,1.5567166307568114,18.74256,16.437140306221153,84.3,2.54,81.75999999999999,11.4,270.1795814464,2.0770782056709165,jumping,Data_Jumping_SweaterPocket_Sachin.csv
6.256818,20.042732325466908,147.0,-29.7,176.7,-0.1558,401.71111907031604,2.296473160706858,0.47020219999999996,4.417778535677764,19.9,-19.8,39.7,0.2535,19.516767190295162,-0.4455654672592922,-6.999215,7.11520493352616,34.3,-39.8,74.1,-7.359999999999999,50.626141246075,0.0684433404379842,17.821744,15.595075554368567,152.0,0.657,151.343,12.5,243.20638154646403,3.8328219762034554,jumping,Data_Jumping_SweaterPocket_Sachin.csv
6.69787406,34.59132571659133,151.0,-29.8,180.8,-4.324999999999999,1196.5598148313127,2.800410326112644,-2.3955396,2.645855500708956,6.69,-16.3,22.990000000000002,-1.84,7.00055133063184,-2.3570727291065414,-8.472697999999998,6.785808683332887,8.51,-54.1,62.61,-8.135000000000002,46.047199486796,-2.009319743282719,21.210099999999997,30.358640908150022,152.0,3.17,148.83,10.8,921.64707779,2.9808984446705664,jumping,Data_Jumping_SweaterPocket_Sachin.csv
10.032798999999999,34.13836141851303,157.0,-27.7,184.7,-0.6114999999999999,1165.4277203410188,2.7499532737252377,-1.42239454,3.3783243942272905,20.8,-24.7,45.5,-0.717,11.413075712631189,-2.175170491990994,-9.1699546,6.438357286677933,6.11,-51.3,57.41,-8.325,41.452444550918834,-2.4367612843839064,20.658120000000004,31.291568315851478,158.0,3.02,154.98,9.69,979.1622476656001,2.892122436377581,jumping,Data_Jumping_SweaterPocket_Sachin.csv
11.912089400000001,33.714368672603484,150.0,-25.1,175.1,1.175,1136.6586549922274,2.7084831688625735,-0.75178532,3.0031386284982746,13.4,-31.4,44.8,-0.0747,9.018841621978497,-3.7318145909994245,-7.553244800000001,6.742863482592019,28.7,-42.4,71.1,-7.455,45.46620794487296,-0.2639277857012841,20.48186,31.163060927007795,151.0,1.64,149.36,9.74,971.1363663404,2.8554220646938804,jumping,Data_Jumping_SweaterPocket_Sachin.csv
12.442743711999999,33.64093378054947,151.0,-23.4,174.4,1.635,1131.7124256273141,2.7847285146308915,-0.25302667999999995,2.9270124487592084,8.77,-30.8,39.57,0.2955,8.567401875191377,-3.7823990733983424,-7.343141999999999,6.104579586002298,18.6,-47.8,66.4,-7.390000000000001,37.265891921835994,-1.0023070354830985,19.87986,31.507262644990277,152.0,1.04,150.96,9.77,992.7075993803998,2.9047502645866996,jumping,Data_Jumping_SweaterPocket_Sachin.csv
12.058259340000001,29.00897871536812,147.0,-29.2,176.2,3.49,841.5208461086805,2.9091435449972636,-0.16762944,2.9189137625918455,6.38,-15.1,21.48,0.018000000000000002,8.520057553448085,-1.8363640158202108,-7.8092147999999995,4.775845162580228,5.7,-35.0,40.7,-7.64,22.80869701694096,-0.7431349188442149,19.57828,26.38095292899026,147.0,2.79,144.21,12.2,695.9546774415999,3.2687495270598097,jumping,Data_Jumping_SweaterPocket_Sachin.csv
10.304361099999998,28.633104193121845,141.0,-30.2,171.2,0.7324999999999999,819.8546557341718,2.941106513370482,-0.8571996000000001,2.4147694748028927,10.6,-18.4,29.0,-0.9924999999999999,5.831111616439839,-0.5044609624388611,-7.6855514000000005,6.996301393889349,61.6,-43.5,105.1,-7.9350000000000005,48.94823319413804,1.140966300924055,19.0552,26.01957405800487,142.0,2.62,139.38,10.5,677.01823416,3.2386433174131914,jumping,Data_Jumping_SweaterPocket_Sachin.csv
9.565270889999999,24.58714319152452,145.0,-23.9,168.9,2.495,604.5276103205307,3.1683800368358064,-0.048963319999999956,3.2455780242338617,13.8,-33.3,47.099999999999994,0.5685,10.533776711389777,-3.371132427144334,-7.757143400000001,5.546446746501443,28.1,-39.0,67.1,-7.595,30.763071511776445,0.19245884108499098,17.22832,22.351174859000142,145.0,2.29,142.71,10.350000000000001,499.5750175776001,3.5445558915821174,jumping,Data_Jumping_SweaterPocket_Sachin.csv
7.772920200000001,27.631350347118616,146.0,-29.9,175.9,0.039099999999999996,763.491522005212,3.16315450280617,-0.75033888,3.0998271663805945,15.4,-21.5,36.9,-0.0182,9.608928461431146,-2.2715673696710166,-7.9926,4.778556805563789,13.5,-38.7,52.2,-7.835,22.834605144000005,-1.3556853176827963,17.86644,24.528165747287343,148.0,2.08,145.92,10.649999999999999,601.6309149264,3.5822707969431047,jumping,Data_Jumping_SweaterPocket_Sachin.csv
5.985241,25.97539190346161,144.0,-31.8,175.8,0.627,674.720984538419,3.3732388426351774,-1.10948196,2.550612464878457,5.15,-16.2,21.35,-0.6755,6.505623945993358,-2.049082717098419,-6.851001,5.604362035459434,51.1,-44.7,95.80000000000001,-6.885,31.408873824499008,1.7615256081294588,16.647660000000002,22.790806601004714,144.0,4.94,139.06,10.1,519.4208655244,3.9638452589773765,jumping,Data_Jumping_SweaterPocket_Sachin.csv
3.45861,28.899056083856788,141.0,-35.2,176.2,-5.890000000000001,835.1554425379001,3.1295232256163255,-0.9021583000000001,2.247703287279286,4.2,-20.8,25.0,-0.6014999999999999,5.052170067646109,-2.2879779139507708,-5.701435600000001,5.337199085352976,18.0,-33.7,51.7,-5.875,28.485694076692642,-0.6317900820207254,17.683580000000003,24.52291260400363,143.0,2.09,140.91,10.3,601.3732425836,3.5908628637264686,jumping,Data_Jumping_SweaterPocket_Sachin.csv
3.4244359999999996,24.09742393489196,134.0,-31.7,165.7,-2.46,580.685840297904,3.5065410376868122,-0.19015626000000008,3.223977202395298,15.3,-25.2,40.5,-0.2645,10.394029001564613,-2.257021801535685,-6.460717399999999,4.931751724318373,17.0,-39.7,56.7,-6.33,24.32217507031724,-1.7134528697683178,15.393600000000001,20.785569134377823,136.0,3.04,132.96,9.425,432.03988424,4.0997892803546545,jumping,Data_Jumping_SweaterPocket_Sachin.csv
2.952454000000001,18.54518072977139,136.0,-28.7,164.7,2.035,343.92372829988403,3.6567767430085767,-1.16850016,4.790936563310015,7.19,-51.2,58.39,-1.05,22.953073153660775,-5.994389364861662,-5.182514,4.787632439634856,17.8,-39.7,57.5,-5.465,22.921424377044,-1.0088458632957877,12.81038,16.202225996930174,136.0,1.7,134.3,8.59,262.51212725560003,4.539917177575287,jumping,Data_Jumping_SweaterPocket_Sachin.csv
0.3836225999999999,26.623141643557947,133.0,-25.5,158.5,-8.59,708.7916709729493,3.271867939929437,-1.9612129999999997,6.452306863500139,82.4,-24.4,106.80000000000001,-2.375,41.632263860771,5.627734642055431,-0.7542867999999998,7.253424178727297,42.4,-39.4,81.8,-0.6295,52.61216231654576,0.051082828410179706,17.36656,22.475331467331024,137.0,2.6,134.4,11.3,505.1405245664001,3.6111183812046037,jumping,Data_Jumping_SweaterPocket_Sachin.csv
1.9052812000000001,24.76581306943599,136.0,-22.5,158.5,-2.005,613.3454969902465,3.6003581396343085,-0.9199010999999999,2.4024043056121487,8.7,-18.4,27.099999999999998,-0.7535000000000001,5.771546447623789,-2.327682359039026,-4.571735800000001,4.430605760369383,21.1,-27.0,48.1,-4.605,19.63026740381836,-0.03166170441627361,14.38046,21.40838573990108,137.0,2.86,134.14,9.280000000000001,458.31897998840003,4.0599438260104375,jumping,Data_Jumping_SweaterPocket_Sachin.csv
2.442632,26.44179596533821,138.0,-30.7,168.7,-6.265000000000001,699.168573872576,2.9727926904299657,-0.4484424,4.639131993302437,6.61,-54.2,60.81,0.2905,21.521545651282242,-6.805707506944418,-5.3111228,6.088787688376082,22.9,-40.8,63.699999999999996,-5.025,37.07333551412016,-1.5389051939138565,17.087760000000003,22.37621150647267,139.0,1.93,137.07,10.5,500.6948413824,3.4301476929975427,jumping,Data_Jumping_SweaterPocket_Sachin.csv
2.3733519999999997,26.59211224389849,141.0,-28.9,169.9,-5.835,707.140433592096,3.130497981963582,0.25661404000000004,2.93449335525492,12.8,-30.9,43.7,0.5475000000000001,8.611251252035279,-3.5817083238248553,-4.67610506,6.10782438513782,26.5,-47.5,74.0,-4.575,37.305518719684194,-1.4129046907117684,16.41058,22.615730124486365,142.0,2.65,139.35,10.3,511.4712490636,3.605659147584007,jumping,Data_Jumping_SweaterPocket_Sachin.csv
1.4599053000000002,19.23144095250423,134.0,-25.7,159.7,0.6890000000000001,369.8483211096568,3.989615107357579,-0.34618058,2.5275367159151343,11.8,-17.4,29.2,0.048049999999999995,6.3884418502990625,-2.419001106106626,-3.8313863999999995,4.010377494403119,14.5,-29.5,44.0,-3.7,16.08312764761504,-1.2945460912038709,11.017479999999999,16.982807354780892,137.0,1.1,135.9,6.205,288.4157456496,4.603503005596696,jumping,Data_Jumping_SweaterPocket_Sachin.csv
1.0965467839999998,28.767132799889282,141.0,-45.9,186.9,-8.36,827.5479295264657,3.0302259743256643,-0.45754480000000003,3.741923720553555,5.38,-41.2,46.580000000000005,0.16949999999999998,14.00199313044136,-5.543911181564999,-4.3950537999999995,5.740185665492498,17.0,-52.9,69.9,-4.1,32.94973147432555,-2.240917495433905,17.89332,24.00217222206357,142.0,2.11,139.89,11.1,576.1042713776001,3.418238606854662,jumping,Data_Jumping_SweaterPocket_Sachin.csv
2.5647480000000002,31.228324579978608,138.0,-33.0,171.0,-8.57,975.208256072496,2.6462774236147477,-0.5618040800000002,3.292703582700294,15.7,-36.7,52.400000000000006,-0.2865,10.841896883527353,-4.152306158253764,-5.257918159999999,5.930459051621131,21.8,-34.6,56.400000000000006,-4.835,35.17034456295501,-1.066269533741459,20.33196,25.35719348347526,139.0,1.91,137.09,11.2,642.9872613584001,2.9499618893773856,jumping,Data_Jumping_SweaterPocket_Sachin.csv
4.309278,32.48022389702257,141.0,-32.6,173.6,-6.75,1054.964944400716,2.5672889702596287,-0.855934554,2.5413320452545904,13.8,-21.0,34.8,-0.7,6.458368564237879,-1.8838008897642007,-5.6872448,8.109601776910687,35.6,-42.8,78.4,-5.98,65.76564098007296,0.6920924656475814,21.43328,26.81233992850307,142.0,3.17,138.83,11.5,718.9015724416,2.859872164541966,jumping,Data_Jumping_SweaterPocket_Sachin.csv
7.349360825484,19.30303335771341,78.68761826,-13.17275711,91.86037536999999,-0.44375221249999997,372.6070968089967,1.7218071793126573,0.945259422908,7.559519982755688,43.16004822,-11.71583679,54.87588501,0.471594315,57.146342369682564,1.4521594202995698,5.194299797927999,10.430972387092238,46.0506871,-11.06873245,57.119419549999996,2.0479662320000003,108.80518494028074,1.4646062232781365,17.103819096272,18.10815746428259,95.92230881,1.21246402,94.70984479,10.41307438,327.9053667512534,2.0547041397430132,jumping,ELEC292_Jumping_RightHand_Data_Christian.csv
8.682212246710002,19.74046264640875,79.17201096,-15.11631546,94.28832641999999,0.9334588625,389.6858654942592,1.5221095173561858,2.4908059423819995,11.754217669156493,46.14199722,-12.47176483,58.61376205,-1.4046041105,138.1616330139107,1.2203039205979598,3.7674480514380004,9.924605673612946,53.37271088,-15.78946564,69.16217652,0.980086899,98.49779777671027,1.923590777310893,18.436721029843998,19.55022256952193,96.70822123,0.639178304,96.06904292600001,10.042083165000001,382.2112025178447,1.8316614928764774,jumping,ELEC292_Jumping_RightHand_Data_Christian.csv
9.650016886681998,20.05659118432497,77.20495148,-16.31053207,93.51548355,1.2838053134999998,402.2668499351421,1.393230549275363,2.7275284752960003,10.297008873606913,36.23769333,-11.33113678,47.56883011,-1.5316898344999998,106.0283917431395,1.163892202549541,3.4307870416219997,8.994694997989118,42.13168671,-9.107361145,51.239047854999995,0.016690292,80.90453810685047,1.737784691742647,18.025472978226,19.40656180028171,90.61672003,0.986119186,89.630600844,9.6861020085,376.61464090815326,1.7380292911149366,jumping,ELEC292_Jumping_RightHand_Data_Christian.csv
6.4526673093480005,13.386312550973853,69.18882111,-11.29491211,80.48373322,1.2814102935,179.1933637123601,1.6478948792056172,1.3889101464940004,8.818023804489968,37.9008847,-11.91641968,49.817304379999996,-1.5185920715,77.75754381655172,1.2118035461866146,6.786701281869999,14.171233822999104,46.03586792,-16.43656998,62.4724379,1.146690445,200.8238680661138,0.7441915279189737,17.628961076752,15.382451301113502,79.69856348,1.190495259,78.508068221,10.706034705,236.61980803112849,1.3773183720709175,jumping,ELEC292_Jumping_RightHand_Data_Christian.csv
3.9723644257620006,9.934833860633042,53.27226974,-10.31894165,63.59121139,0.8853339385000001,98.70092383838082,1.9005112501205665,3.775518668512001,11.796819547121112,40.20189972,-12.14993408,52.3518338,-0.4312532045,139.16495142733876,1.06506581396383,6.804162770652001,13.583400066248913,62.83438522,-17.82882477,80.66320999,2.3212978365000003,184.50875735977098,1.3713814726178466,16.261971879348,15.305350521275836,85.69527726,0.339549487,85.355727773,10.384210385,234.2537545791185,1.6674156081117912,jumping,ELEC292_Jumping_RightHand_Data_Christian.csv
6.974600443806,14.27805812152915,48.5669545,-11.9426152,60.5095697,0.8973090365,203.86294372176454,1.0714338796712983,3.51524201658,11.749553218442474,34.79035309,-18.10634766,52.89670075000001,-0.4629123685,138.05200083301187,0.7002642162386783,6.6803315788479996,13.275771233203326,56.22817291,-14.61755264,70.84572555,2.206336899,176.24610183634894,1.3404429675657783,18.159007174844003,17.14760369869216,73.43637835,1.005961718,72.430416632,10.684823155,294.04031260740095,1.4400635195023872,jumping,ELEC292_Jumping_RightHand_Data_Christian.csv
4.301368558046,10.060797639772039,44.12030136,-9.807455292,53.927756652,0.513656845,101.21964914844263,1.4865016084280926,3.809974916278,9.367897275855453,28.87420578,-21.25160706,50.12581284,0.5531746675,87.75749937098001,0.7956932983068163,6.242317833232,12.110547241109424,52.44898178,-11.1928244,63.641806179999996,1.887574768,146.6653544791431,1.2588685387536993,14.760293388578,13.77535677770416,61.17691193,0.776446476,60.400465454000006,8.638656693,189.76045435303993,1.3603977311267175,jumping,ELEC292_Jumping_RightHand_Data_Christian.csv
5.668270869985999,10.23602144706277,43.05436798,-12.46532822,55.5196962,2.9977411655,104.77613506472899,0.8946253101270298,4.81044223386,11.970864187231973,39.32981323,-14.36622528,53.69603851,1.3837225345,143.301589389153,0.861083686220208,5.267858930926001,11.916202912442516,51.18515991,-16.67457504,67.85973495,2.669324112,141.9958918505035,1.4359783307005307,16.796930527676,13.818709347129369,58.43627939,0.982257636,57.454021754,11.756955940000001,190.95672802044058,1.2165026416746558,jumping,ELEC292_Jumping_RightHand_Data_Christian.csv
7.797879426224,15.050795393252795,65.76529037,-10.19125717,75.95654754,1.93704689,226.52644196955953,1.2474398732720815,4.04722345549,12.165409657002677,44.00279572,-11.57423126,55.57702698,0.552725601,147.997192122694,0.8820568759606473,4.913593928968001,11.982712601697498,53.4441124,-12.96094757,66.40505997,1.160012741,143.58540129488003,1.4825114167659965,18.07796021893,17.106336143425505,76.31795191,0.60022954,75.71772237,10.925233125,292.6267362518658,1.5470119317132216,jumping,ELEC292_Jumping_RightHand_Data_Christian.csv
7.497476018536,14.812887327811355,51.39816696,-22.04810074,73.44626769999999,2.17871933,219.42163098643422,1.022340430540557,4.021938336184,15.502419116722052,47.48754913,-25.74436432,73.23191345,-0.929267578,240.32499847050934,0.769955683598625,3.6087696249300003,11.08832268968915,43.08789825,-31.36472672,74.45262497,1.3418096925,122.95090007067522,0.7791306429332419,19.676364830476,16.761549731847996,76.55509526,0.760786734,75.794308526,12.64235385,280.9495494132136,1.2280883711576487,jumping,ELEC292_Jumping_RightHand_Data_Christian.csv
8.761908916529999,16.1079866651137,59.88357147,-14.27521454,74.15878601,4.35384613,259.4672344034808,0.8649496651062791,3.4829367955759998,12.048280348124798,37.15049515,-17.43544281,54.585937959999995,0.325722656,145.16105934701022,0.72597258060162,5.114163342588,11.041645589276792,37.88157486,-13.40537338,51.28694824,0.7173083495,121.91793731919564,1.027977828827644,19.436534726726002,16.242657176827016,69.71624528,0.508956047,69.207289233,13.86821052,263.8239121639302,1.307032698356634,jumping,ELEC292_Jumping_RightHand_Data_Christian.csv
4.903445033580001,10.958406955615148,52.29300613,-25.02211624,77.31512237,1.3792318725000001,120.08668300487446,1.4528951629158706,2.6854461859480003,10.137639834083616,32.84709412,-26.11469421,58.961788330000005,0.406030655,102.77174140559889,0.4463477128047384,6.482164369696,15.415044072238288,61.3138472,-24.50075043,85.81459763,2.5313111115,237.6235837490488,1.1050494094315846,17.614727594478,14.949154801202683,77.27958574,1.172601735,76.106984005,11.950943514999999,223.4772292703212,1.4885358376542406,jumping,ELEC292_Jumping_RightHand_Data_Christian.csv
6.887765118743999,15.246268332035879,76.80079193,-16.93383591,93.73462784,1.7838404845,232.44869805244008,1.4611962061034056,3.105262872718,11.071460957495407,38.05401627,-16.71349411,54.76751038,-0.0005987545000000001,122.57724773334513,0.8703690058293096,6.24765573294,12.518657091538152,44.86320648,-17.22602829,62.089234770000004,2.5139472200000004,156.71677537551847,1.0894996312190668,18.781838482904,15.971926382144046,84.34528121,0.707638367,83.637642843,12.9105115,255.10243235662898,1.444145048430017,jumping,ELEC292_Jumping_RightHand_Data_Christian.csv
8.045936389218001,19.81886379446215,78.5689151,-20.83173019,99.40064529,0.742306366,392.78736210344266,1.3261706956185328,1.315465675084,7.8568959361532364,32.64606216,-12.83760406,45.48366622,-0.75473053,61.73081375154124,1.1891982095142326,3.291373254002,10.509609575006968,69.46125458,-9.163045349,78.624299929,0.910556488,110.45189341907815,3.271739489839601,17.940686530178,17.89979095747697,79.42156242,1.555955304,77.865607116,10.44712855,320.4025163213743,1.6887206519574225,jumping,ELEC292_Jumping_RightHand_Data_Christian.csv
7.999274822249999,15.254362802651034,59.4466301,-19.19787781,78.64450791,3.5861675265,232.6955845149035,0.790183189029428,0.23045686243799995,8.922743566703206,45.1735112,-19.07483368,64.24834488,-0.931812286,79.61535275714346,0.9270116172887093,7.02549460869,15.49002874958295,82.55767044,-15.85338272,98.41105316,2.4201672365,239.94099066290633,1.8080791516149608,19.233229991814,17.196914681997658,101.2607402,1.235913187,100.024827013,12.849050925,295.7338745799066,1.9044570143042951,jumping,ELEC292_Jumping_RightHand_Data_Christian.csv
7.5218645022479995,11.341054179601185,44.91799255,-9.889035645,54.807028195,4.4786865235,128.6195099046495,0.774888156364369,0.4654175592260001,4.5822292647061404,14.44106964,-14.72383163,29.16490127,-0.629515915,20.996825034329373,0.6189682440390077,6.710107958717999,11.925484899007206,58.03027542,-12.84763321,70.87790863000001,3.7467835235,142.2171900764489,1.257540291306669,15.039200392786,12.941274452924272,69.24843633,0.866582756,68.381853574,10.697419275,167.4765844659104,1.362489841983125,jumping,ELEC292_Jumping_RightHand_Data_Christian.csv
6.554863990087999,14.143168230349454,52.74955673,-18.08598999,70.83554672,2.0760328675,200.0292075919661,1.0392797433029881,-0.837564076596,7.2010485992636175,18.33357513,-15.01737122,33.35094635,-1.2115805050000001,51.8551009289565,0.2600769721999275,7.379938039852001,15.996620830678273,76.05683899,-21.41626465,97.47310364,2.046993256,255.89187800049004,1.8625160986211544,18.798429927192,15.891081139719251,76.62971054,1.407680633,75.222029907,13.101072734999999,252.5264597891409,1.4048472911681138,jumping,ELEC292_Jumping_RightHand_Data_Christian.csv
0.30728759219600005,6.6258576076206595,19.635867,-32.33276367,51.968630669999996,0.456700287,43.90198903646457,-0.6325891763134585,-0.908502459378,6.5593890014018195,18.87514893,-24.30420914,43.179358070000006,-1.2415930940000002,43.02558407171116,0.06993632464735595,10.95857592411,21.594585524206575,84.89535919,-29.23794937,114.13330855999999,3.0167516325,466.32612396227216,0.9432008022690799,19.59707107079,17.03580615021432,89.56546143,0.258720575,89.306740855,13.29295963,290.21869118768,1.367043911442265,jumping,ELEC292_Jumping_RightHand_Data_Christian.csv
6.787388652710001,13.15778013150892,57.90393814,-14.66949463,72.57343277,3.394640808,173.12717798913087,1.1843607162693857,1.894506253892,10.677533613160612,42.14426056,-20.49298462,62.63724518,-1.0951226804999998,114.0097240601747,1.1349718487520288,5.762222995538001,10.052061828398424,45.22560287,-7.109316101,52.334918971,2.0683987425000003,101.04394700194464,1.3287025600396463,16.240013165898,14.398049657504217,69.76758137,0.499485983,69.268095387,10.75840404,207.30383393995731,1.5566717349410948,jumping,ELEC292_Jumping_RightHand_Data_Christian.csv
5.189043029476001,7.665178751061396,26.61091232,-7.386539612,33.997451932000004,4.0881486515,58.754965285723145,0.44186170855422874,1.968421646118,6.289458431416016,24.80716324,-6.554420013,31.361583253,-0.424517212,39.55728736051,1.4846256696851627,6.825414976467999,10.160252711570418,38.94451447,-9.613159332,48.557673802000004,3.7306919865,103.23073516297406,0.9000149697502459,13.128357809848001,10.323582225747561,42.26657942,0.445551337,41.821028083,8.9177273095,106.57634997177097,0.8790593314577496,jumping,ELEC292_Jumping_RightHand_Data_Christian.csv
6.537161203372,8.333472508205404,39.92722092,-8.465795288,48.393016208000006,5.9769957735000006,69.44676404501526,0.8235566115808292,2.623955855728,4.240314291254563,13.60775253,-4.659660187,18.267412717,0.9778415680000001,17.980265288617687,0.6939794115851105,7.349127610509999,9.162329607328175,35.18463318,-8.363707581,43.548340761,5.750591583,83.94828383332246,0.6916079738180094,12.927723688736002,10.38646094501222,48.19631692,0.398662994,47.797653926,10.1617484,107.87857096226412,0.6992792423426767,jumping,ELEC292_Jumping_RightHand_Data_Christian.csv
8.352186339113999,17.66443728181086,72.0129982,-22.62425262,94.63725081999999,2.5260720064999997,312.0323444830294,1.4624154535137153,3.142798516792,16.759725124027103,51.90291733,-29.03811493,80.94103226,-2.8689340210000003,280.8883862329453,1.0236775238434248,3.98997530364,9.952212289655897,42.58284851,-15.55101151,58.13386002,0.7122937775,99.04652945837786,1.5464860454261498,20.551439958996003,19.109204009316127,90.01680993,2.175918747,87.840891183,12.546444319999999,365.16167786966355,1.6842414430818693,jumping,ELEC292_Jumping_RightHand_Data_Christian.csv
4.415356818309999,9.351200102508747,51.82013947,-9.808203735,61.628343205,1.7115408324999999,87.44494335715959,1.9737234747449597,6.496862604862,16.851264842005797,56.42306763,-17.70937317,74.1324408,0.7164102175,283.9651267754207,0.8150059563003441,6.841688535566,14.447643909604952,63.412034,-15.80218918,79.21422318,1.3108989715,208.73441453874509,1.6568720974876185,19.004748892582,18.09633404150647,81.83567821,0.732087562,81.103590648,11.738667075,327.4773057417859,1.4074639674075315,jumping,ELEC292_Jumping_RightHand_Data_Christian.csv
6.34208476667,12.327102014778243,48.13854538,-13.00809952,61.1466449,2.5151447295000002,151.95744408274982,0.9682499815274107,3.7458324014479993,14.745433493312204,43.00661728,-20.40616516,63.41278244,-1.276096344,217.42780890569335,0.602392233721352,6.818459540310001,15.004995509945854,78.78581406,-17.57270737,96.35852143000001,1.589170303,225.14989025349522,1.3382412951543001,20.485882524647998,16.60145928852686,92.30121571,1.261230704,91.039985006,13.97382412,275.6084505086148,1.405023198695926,jumping,ELEC292_Jumping_RightHand_Data_Christian.csv
2.757646744054,6.595563756060518,23.35203918,-10.13123199,33.483271169999995,2.0432510375,43.50146126025912,0.48774656418630274,7.331141013698,13.216182676578999,37.88801147,-11.71089706,49.59890853,1.8380278015,174.66748454070685,0.6613609907752459,3.9514972192620004,7.950953622906537,46.81679398,-8.227041779,55.043835759000004,2.7277027130000002,63.21766351361059,2.0087377134825837,14.65809352772,11.978792837712845,62.15461391,0.422033723,61.732580187,9.2798279585,143.49147784884056,1.2161231694634576,jumping,ELEC292_Jumping_RightHand_Data_Christian.csv
4.077459080212,7.149217333368366,20.76451996,-7.318431244,28.082951204,4.254752197,51.111308479734696,0.1643135626140472,7.008161852358,9.812429947265736,27.08198273,-6.968309326,34.050292056,3.9663020325,96.28378146999745,0.46517441011542077,2.834636443134,5.889695408237455,22.46438507,-8.302335205,30.766720274999997,2.285597076,34.688512001813365,0.7929801696424955,12.982014090898002,9.344842479519402,35.9214056,0.561277415,35.360128185,8.8472514945,87.32608096703034,0.6714967097659481,jumping,ELEC292_Jumping_RightHand_Data_Christian.csv
5.599817020592001,8.111646519226412,34.37840973,-6.626869354,41.005279084,3.8577028655000003,65.79880925287794,1.0616701832354973,6.500306343546001,16.359806031847672,46.66905121,-23.12735641,69.79640762,2.663935318,267.64325339967945,0.34445132433995485,6.170251995048,11.398178829471297,62.6050621,-13.56943222,76.17449432,3.8970709990000003,129.91848062860765,1.4952650903186666,19.093232796728,14.508375083394204,72.14819349,1.160132617,70.988060873,15.000122515000001,210.49294756045379,1.1421248591824638,jumping,ELEC292_Jumping_RightHand_Data_Christian.csv
6.409666829228,11.935020114780922,52.23986664,-12.1708905,64.41075714,2.7319688414999996,142.44470514022524,1.4513603320813517,4.885544058814,19.131438027597014,63.79987747,-25.03962982,88.83950729,-1.942809906,366.01192100378506,0.7977318066798714,5.973333189730001,12.984992053225605,56.86719406,-17.41149261,74.27868667,1.303190002,168.61001862233212,1.3939116262186146,20.922949075846002,18.437188661235638,88.24743989,1.592777278,86.654662612,14.006393975,339.92992572999594,1.487608965229689,jumping,ELEC292_Jumping_RightHand_Data_Christian.csv
5.022267640626,12.608642543989735,53.54949326,-25.63898346,79.18847672,1.400861893,158.97786680210794,1.6306986375534875,3.788279931146,16.06579850756057,46.29961945,-19.91967682,66.21929627,-1.994078293,258.10988168553536,0.7629393724404941,7.074679328594001,16.48388755448428,65.81678329,-18.90478729,84.72157058,1.5293696595,271.7185489088817,1.2633747105212227,21.182191126861998,18.158920704912713,81.16813201,0.526992827,80.64113918299999,13.74141177,329.7464011673076,1.4673933532135743,jumping,ELEC292_Jumping_RightHand_Data_Christian.csv
8.10185859841,14.27926652560607,73.32921112,-13.41405533,86.74326645,4.3036255645,203.89745250929406,1.4948651227745549,2.255690467546,17.931929616223776,47.79471039,-24.65852234,72.45323273,-4.62882431,321.55409976120336,0.8070900053899916,7.7751195556359995,17.687416456509,74.48046707,-23.63749557,98.11796264,1.970202942,312.84470090598535,1.199849845740941,24.050781735531995,19.77465264999594,91.75451186,1.006424252,90.74808760799999,16.525386495,391.0368874279915,1.4464935843446143,jumping,ELEC292_Jumping_RightHand_Data_Christian.csv
8.108786790934,14.591799504387719,60.58067184,-14.86169495,75.44236679,2.9169841004999997,212.92061277624967,1.3455755076038105,3.352912682196,18.62247915765528,55.33333374,-25.68942856,81.0227623,-3.57868309,346.7967299773054,0.9023116878167973,6.345719208924,15.608272036562957,63.61591003,-24.23340637,87.8493164,1.820289688,243.61815596735315,1.2431082267675784,22.994623644848,19.79508477183835,92.67073246,1.22682998,91.44390247999999,14.763755835,391.8453811242665,1.4285528403277266,jumping,ELEC292_Jumping_RightHand_Data_Christian.csv
6.740038517766,12.58613464550738,54.98231369,-19.80306931,74.785383,3.6007621765,158.41078531484118,1.6668792753416237,6.253820214028,18.15199167784469,54.21351242,-30.35462723,84.56813965,0.9220076749999999,329.4948018725429,0.6809112802994962,5.082321857238,10.783684109727055,43.94576431,-16.36112686,60.30689117,2.5048162080000003,116.28784297837977,1.177565489758012,20.341639525254003,17.34299609493502,82.18082595,0.95356732,81.22725863,13.915625155,300.77951354893133,1.583913927317753,jumping,ELEC292_Jumping_RightHand_Data_Christian.csv
3.285223143208,6.747649607308661,27.32597534,-7.183711395,34.509686735,2.401755524,45.530775223012725,0.642391166556701,6.725581880348001,13.069177023400739,42.03438904,-8.370593262,50.404982302,1.0337503049999999,170.80338806898578,0.7087486841171888,4.2831472495459995,8.56933679049071,35.12625458,-9.304351501,44.430606081,2.059043198,73.43353302885761,1.2142265534235632,14.919778182258,11.897033597005008,50.34590595,1.127083715,49.218822235000005,9.3123140655,141.5394084082659,1.0799556416620613,jumping,ELEC292_Jumping_RightHand_Data_Christian.csv
2.7278799444379995,5.053856014697319,16.82561096,-5.991291046,22.816902006,2.6827960964999997,25.541460617292266,0.3834695596907785,6.506398674306,9.852933643453964,29.74644196,-7.545808411,37.292250371,3.7054694369999996,97.080301382307,0.5341977282577414,6.129142382844,8.553782266983927,34.48214401,-9.210796051,43.692940061,5.655838623499999,73.16719107096868,0.7374700471218784,13.459540464912,10.098052416088143,42.71349626,1.074793242,41.638703018,9.0935919085,101.97066259806358,0.8275296291843495,jumping,ELEC292_Jumping_RightHand_Data_Christian.csv
2.914121153856,5.686961945531106,26.62528244,-6.3979953,33.02327774,2.8308382415,32.341536169918946,0.65494526160639,7.702679196208001,10.967838246484114,33.39779892,-6.788682861,40.186481781,4.0576869965,120.29347580103972,0.5480047755202399,4.286144616376,6.541510140261002,24.45270035,-5.585035858,30.037736208000002,3.431164856,42.791354915137504,0.6590692120674297,13.395158815248,10.10893128736038,42.63490365,0.722509326,41.912394324,8.6168334435,102.19049177257358,0.710206212572211,jumping,ELEC292_Jumping_RightHand_Data_Christian.csv
1.4554734274440002,4.302923866694919,16.74567719,-5.40226593,22.14794312,0.908460846,18.515153802572755,0.6661824991787214,7.062563523552,8.441821374305347,28.77346527,-5.317841492,34.091306762,5.136718139999999,71.26434811567862,0.37801314873194614,6.015537325683999,9.215701374424206,36.53332855,-9.349407806,45.882736356,4.777240677,84.9291518225642,0.8056049107748238,13.127684634678001,9.51616759060602,41.50191579,0.85666133,40.64525446,9.1650077185,90.55744561250039,0.7466932656373702,jumping,ELEC292_Jumping_RightHand_Data_Christian.csv
2.875730787038,5.240324674714825,17.69515274,-5.857918396,23.553071136,2.4182961275,27.461002696425034,0.32379981259960283,7.501398761096,10.848002173580825,31.51815765,-6.532864838,38.051022488,4.5864624025000005,117.6791511580143,0.535008789002258,4.383646759644,6.495846422306643,23.18977661,-6.146967316,29.336743925999997,3.24465271,42.196020742194015,0.6627456252015433,13.063169034611999,10.022323044415176,37.54147189,0.973181391,36.568290499,8.748260703,100.44695920661549,0.8566166714680427,jumping,ELEC292_Jumping_RightHand_Data_Christian.csv
2.1802802838460003,4.955418617198692,17.23471024,-5.794151001,23.028861240999998,1.4036311339999998,24.5561736716794,0.6268022021227507,7.341467439932,10.039130970390252,31.59943863,-5.565875702,37.165314332,3.5604210665,100.78415064064873,0.6708243696986118,5.105585879604,7.807313293801863,40.76966904,-6.239774323,47.009443362999995,3.8931790925,60.95414086757529,1.0833090755517807,12.58126194043,10.617160007391933,49.69482565,0.470451122,49.224374528,7.5784081585,112.72408662256267,1.0191934337166495,jumping,ELEC292_Jumping_RightHand_Data_Christian.csv
1.899500468408,4.908209249654386,16.26233231,-6.475384369,22.737716679000002,1.5966547395,24.090518038392876,0.540729534261581,8.133617156054,11.286533800362351,33.3422644,-6.289770355,39.632034755,4.5353437045,127.38584522672181,0.5371154176435915,4.505195497706,6.683777906330244,24.41288315,-7.250023499,31.662906649,3.801719284,44.6728871011483,0.6353908349797014,13.338133742819998,10.406923424621528,36.61741275,0.746018595,35.871394155,8.1668507585,108.30405516593626,0.7885910698729516,jumping,ELEC292_Jumping_RightHand_Data_Christian.csv
2.8193161019660002,5.988229822756603,25.55800186,-9.019493866,34.577495726,2.5955275725,35.85889641015157,0.5580741958121481,6.62825966315,11.889600328426187,32.71791275,-18.92828842,51.646201170000005,3.2159124759999997,141.36259596971212,0.32729939249804046,4.404519354856,8.094022458666212,32.76880692,-10.62340851,43.39221543000001,3.112178192,65.51319956139302,1.1115569084416337,14.316341076921999,10.443142740595054,48.14490772,0.874924362,47.269983358,10.826455025,109.05923030044316,0.9608859044604077,jumping,ELEC292_Jumping_RightHand_Data_Christian.csv
5.4839648363619995,10.83642592318163,55.40009491,-15.45461197,70.85470688,2.868335266,117.42812678860281,1.7219320800831288,5.014499993658,22.137593033032562,68.29892166,-26.46975586,94.76867752000001,-2.6836942295,490.0730252961719,0.8010409287167262,8.594186297582,15.926609044239305,64.33591278,-12.41578125,76.75169403,2.3975642395000003,253.6568756480452,1.2072458455084538,24.258064599458002,20.044536618656455,90.72658388,1.835115976,88.89146790400001,16.964833285,401.78344825665954,1.4144309081425772,jumping,ELEC292_Jumping_RightHand_Data_Christian.csv
4.892558771716,9.315540604904031,40.39305222,-20.17100418,60.5640564,2.7437942504999997,86.77929676161575,0.9405345140684853,5.571774934388,19.10769543227748,55.81548111,-20.08298721,75.89846832,-1.3012440495000002,365.1040247326777,0.6962406340617899,7.972899370556001,16.11890186648821,71.63114227,-18.19391556,89.82505782999999,2.5554109955,259.818997381477,1.1596913350310634,22.753934019448003,17.6779449351478,88.62976699,2.367054246,86.262712744,15.370183874999999,312.50973713011774,1.288789657867186,jumping,ELEC292_Jumping_RightHand_Data_Christian.csv
3.853695698542,8.398287961338871,35.6700737,-37.29494476,72.96501846000001,2.153197403,70.53124068156941,0.4565729636821006,5.392744829458,20.297075754705148,55.434673,-21.6345108,77.06918379999999,-1.73758667,411.9712841922395,0.6389383412711487,8.424316244294001,16.073610481619383,81.73767563,-11.47319138,93.21086701,1.7225429535,258.36095391482445,1.6697847285159344,22.971824364257998,18.112441460753566,89.8914527,2.225268811,87.666183889,15.616294465,328.0605356692248,1.2149797675589713,jumping,ELEC292_Jumping_RightHand_Data_Christian.csv
4.6875049832240006,7.421873272588445,30.39130096,-8.597221985,38.988522945,3.6202965545000003,55.08420287436272,0.9098690750548079,4.86709582222,14.918550496617142,42.23093033,-19.81279907,62.043729400000004,1.3483959959999998,222.5631489201156,0.3707367148815254,6.879900473426,14.710444772535066,59.85812439,-15.4409903,75.29911469,2.6006918335,216.39718540580424,1.5591187670496058,19.175594191716,14.809979062420053,67.24526635,1.282116758,65.963149592,15.009978095000001,219.33547982932038,1.5011127481548086,jumping,ELEC292_Jumping_RightHand_Data_Christian.csv
1.8876717663499998,6.486339541076887,25.11357605,-7.945177917,33.058753967,-0.314196625,42.07260064213752,0.997020925500138,6.44764016328,10.642814439908014,37.88022766,-7.834258575,45.714486235,2.404898987,113.2694992023145,0.7774104254326918,4.871425718095999,8.553853500855501,27.97487595,-15.35177582,43.32665177,3.8784347534999997,73.16840971409792,0.5270924134964979,13.81689471734,10.318434320206611,46.84968229,1.142340094,45.707342196,9.094283917,106.47008682041766,0.9714091765107462,jumping,ELEC292_Jumping_RightHand_Data_Christian.csv
3.5380381118480004,6.6228691719277935,23.72506348,-8.722661133,32.447724613,3.7946839145,43.86239606847154,0.3031029461063259,7.0966416576619995,10.7699294281723,33.80345535,-6.08439743,39.88785278,3.691174164,115.99137988781175,0.5548545568676484,5.471900224908,7.643890453120033,27.0225563,-10.80123871,37.82379501,4.6832361605,58.42906125929959,0.47416251976655366,14.525329088362,10.005967252547414,41.7008615,0.740053345,40.960808155,10.474986505,100.11938065905123,0.6806554321207688,jumping,ELEC292_Jumping_RightHand_Data_Christian.csv
3.288676761488,6.9617071124150485,20.8528363,-8.031398621,28.884234921,3.2459999085,48.46536591905028,0.37359571975588685,6.856441855726,12.480570480205836,35.00111481,-8.98626297,43.987377779999996,2.260524216,155.76463951138535,0.584118797844036,5.505194888226001,8.218127240255873,34.83031998,-6.33482666,41.165146639999996,4.160897369500001,67.53761533703562,1.1857791752616909,15.127269628209998,11.448436351131514,44.32364125,0.653839253,43.669801997,9.709186323499999,131.06669488590947,0.9733504708032179,jumping,ELEC292_Jumping_RightHand_Data_Christian.csv
3.1054023824920005,6.005348643398958,22.64296371,-7.852520599,30.495484309,3.2347732545,36.064212328773706,0.3363413977857914,8.30657139605,14.53721507759839,44.77608765,-19.90336075,64.6794484,4.097953262500001,211.33062221235394,0.4585487657241512,3.454036394376,5.498803429266151,23.0824498,-7.644902344,30.727352144,2.82103363,30.23683915370918,0.6708821767037886,15.31856544816,11.556221096465434,51.27001519,0.496032329,50.773982861,10.552053585,133.54624603039275,0.9612642016696697,jumping,ELEC292_Jumping_RightHand_Data_Christian.csv
2.6629288110099996,5.950867604980429,16.56575134,-16.9962561,33.56200744,3.0014085385,35.41282525200551,0.10200569427025445,5.737950670211999,14.543114378629591,41.46197937,-30.90652954,72.36850891,1.6849710844999999,211.50217582990277,0.3296679170948189,6.379553949208,10.773679335461635,62.51659607,-11.62332916,74.13992523,3.3093930814999997,116.07216642335307,1.6955233202559243,16.503727530768,13.089236854559227,68.39019321,1.476885009,66.913308201,11.49962522,171.3281214347515,1.1817346431745241,jumping,ELEC292_Jumping_RightHand_Data_Christian.csv
7.595036540254,6.92811095113878,19.57389587,-10.58284286,30.15673873,9.6277539825,47.9987213512891,-0.9618636266423164,0.42211530668799996,2.6981152614388155,12.53298752,-5.987099762,18.520087282,0.6151457975000001,7.279825964009048,0.030168384010078677,2.6340550543239996,5.326624320858979,27.4659343,-11.93138855,39.39732285,1.466350708,28.372926655566378,0.5818724344071143,11.702867182946,3.3904839005293113,27.94007404,0.866472458,27.073601582,11.891376699999999,11.495381079748453,0.20705791198907345,walking,Data_WalkingOutside_Ben.csv
11.639371602242,3.147872810073964,19.35430252,4.308041382,15.046261138000002,11.70880142,9.909103228402953,0.029457527191869826,0.5367918356279999,2.643170650336119,7.225773926,-6.117328949,13.343102875,0.456700287,6.986351086798264,0.24367922569202494,-1.0236211688160002,2.2068449831414516,6.262976074,-6.775659943,13.038636017,-1.45265419,4.870164779616593,0.5878113563027573,12.199923627512,3.1206409025297495,21.46201957,5.827112563,15.634907006999999,12.03540032,9.738399642541689,0.2638520157734668,walking,Data_WalkingOutside_Ben.csv
10.481662869936,2.667888319960537,19.07618088,4.483925629,14.592255251,10.250982969999999,7.117628087781857,0.42420911251782517,0.768416569524,2.410622318205962,6.982380066,-5.298082581,12.280462647,0.7801776125,5.811099961032687,-0.09911562025190093,-1.90802973175,2.0039070468425875,3.254382477,-6.835834808,10.090217285000001,-1.7119150545,4.015643452385381,-0.22932220177315976,11.119203401944,2.7210264978942424,19.9802048,5.753372198,14.226832601999998,10.84385589,7.403985202242606,0.40722575300991554,walking,Data_WalkingOutside_Ben.csv
7.0542534045459995,3.8371235425864,15.54607178,-10.50186127,26.047933049999997,6.6907115935,14.723517081070804,-0.0005405429402243274,0.171223239444,2.201364403118076,5.04076767,-5.655539246,10.696306916000001,0.410671005,4.846005235315404,-0.23175253143186975,5.631487261956001,3.8512645942771093,17.15851868,-8.597072296,25.755590976,5.728512497,14.832238975132427,0.08012677922890994,10.314846514522,3.0840168528482415,19.47637637,3.376539479,16.099836891000002,9.9959832935,9.51115994865197,0.40009751394943854,walking,Data_WalkingOutside_Ben.csv
1.468221517616,3.5127393709745256,9.648336182,-10.9658963,20.614232482,1.5328873440000002,12.339337888394505,-0.4256124599682086,2.2349229537979998,1.8496557150518589,7.838898926,-2.089205475,9.928104400999999,2.0383861540000003,3.421226264224003,0.4019182059500219,8.817770950934,3.007046427624181,16.75361069,2.341281281,14.412329408999998,8.614511032500001,9.042328217887349,0.3446180907686844,10.006405393484,3.0948962909843525,18.29701495,3.823091777,14.473923173000001,9.8459103855,9.578383051948702,0.20501140770301365,walking,Data_WalkingOutside_Ben.csv
-0.66062781741,4.2220470645379535,9.349557495,-11.9665654,21.316122895,-0.020133133,17.82568141517355,-0.48093473413340954,1.824829447628,1.9417108501815976,7.411537628,-2.459385681,9.870923309,1.3388159179999999,3.770241025712943,0.3446225786162045,8.477212346172001,2.466033124321573,16.7985173,1.761237488,15.037279812000001,8.553512878500001,6.081319370251218,0.10248115306895572,9.874660651869998,2.4078786540593997,17.91296767,3.784116571,14.128851099,9.726139235,5.797879612674907,0.18717844295232627,walking,Data_WalkingOutside_Ben.csv
-9.679131043424,3.843243525885167,-3.296445007,-19.30520462,16.008759613000002,-8.965306549000001,14.77052079925825,-0.419042343616731,-0.744131670224,1.8038707653534056,2.737058258,-5.589227142,8.3262854,-0.640143814,3.2539497380966815,-0.4433328597777626,2.613730020432,2.1620913123674517,8.704399109,-3.989354095,12.693753204,2.212548981,4.67463884301481,0.6054385551793091,10.397796524132001,3.956745018847194,19.34278133,3.479446262,15.863335068000001,9.731956703,15.655831144172083,0.2945939773021808,walking,Data_WalkingOutside_Ben.csv
-9.837753486372,3.575947269979319,-3.881727905,-17.64440826,13.762680354999999,-9.158854065,12.787398877672546,-0.3081979297353278,-0.9836572741399999,1.5603203833450936,3.517086182,-4.294569397,7.811655579,-1.0402617645,2.43459969868218,0.09228655043339594,1.7971789471239998,1.3183809752107236,5.69475769,-2.870430908,8.565188598,1.6191080475000001,1.7381283957975784,0.3331074627021322,10.23313017388,3.636206990630858,18.1796271,3.972015366,14.207611734,9.6064621945,13.222001278712721,0.29788440405539846,walking,Data_WalkingOutside_Ben.csv
-9.502182809141999,3.0774849519330236,-4.177063751,-17.49277359,13.315709838999998,-8.9546038055,9.470913629374206,-0.35966525242936276,0.12551429168599998,2.18827202398868,6.527775421,-4.371659088,10.899434509,-0.19145187400000002,4.788534450971514,0.5554311486440329,2.1028262502999997,1.531816232352728,7.868088226,-2.409988403,10.278076629000001,1.847308502,2.3464609696993066,0.8362360856516399,10.075719675366,3.132872849003117,17.69220098,4.280979046,13.411221934,9.654399001000002,9.814892288020907,0.26028076194753347,walking,Data_WalkingOutside_Ben.csv
-9.775193480504,2.819225906303594,-2.68646347,-15.5125415,12.82607803,-9.6919704435,7.94803471077332,-0.016634977089005888,-0.5386105536,1.5246106165015758,3.664828949,-4.246070251,7.910899199999999,-0.6317612455,2.3244375319493153,-0.030154166619159914,1.5438250991759999,1.421330724218041,5.75328598,-3.539240112,9.292526092,1.5944094085,2.020181027606181,-0.30985637517052794,10.139228726386,2.777876698275267,16.0366234,5.203695467,10.832927933,9.9887325935,7.716598950820698,0.13600663257699286,walking,Data_WalkingOutside_Ben.csv
-9.883068752785999,3.0387958902669063,-4.800666962,-18.29750015,13.496833188,-9.380543060499999,9.234280462703039,-0.46654449213715216,-0.8358854672180001,1.1422767103702325,1.591191101,-4.065545654,5.656736755,-0.7451504515,1.30479608305424,-0.31656584165117885,1.266664457696,1.3072629641575455,4.811594238,-3.821702728,8.633296966,1.231638794,1.708936457457972,-0.34573019429535,10.1352006898,3.082841434921652,18.70033551,4.970749174,13.729586335999999,9.5943747335,9.503911312869793,0.4792354383161708,walking,Data_WalkingOutside_Ben.csv
-9.828827548078001,3.506112882710978,-3.676055603,-18.0394368,14.363381197,-9.1069869235,12.292827546311884,-0.32760774839986756,-1.047543222664,1.4512954671819829,1.752256165,-4.248016205,6.000272369999999,-0.7221732329999999,2.1062585330629697,-0.5071486389271721,1.4173471115000003,1.3285172286219549,4.231849823,-3.137774963,7.369624786,1.464704132,1.7649580267453593,-0.5691764771612697,10.171032416007998,3.5250835880159226,18.484959,3.778571646,14.706387354,9.5287981525,12.426214302499211,0.2825200777433022,walking,Data_WalkingOutside_Ben.csv
-9.973120289686001,3.2800637120933898,-3.864962769,-16.02836884,12.163406070999999,-9.7696588895,10.758817955391867,-0.06831705460832531,-1.0819770172019998,1.2524863888739601,2.407892761,-4.313130798,6.721023559000001,-0.8345894625000001,1.5687221543145329,-0.5724565283301523,0.852990097978,1.2490336692014086,4.106710052,-5.107528839,9.214238891,0.9177415465000001,1.5600851067987338,-1.4846454663866222,10.210998188181998,3.3142926701080984,16.15057136,4.032160557,12.118410803,10.168957025000001,10.984535903132267,0.005914842331031759,walking,Data_WalkingOutside_Ben.csv
-9.736326205513999,3.160815268213349,-3.961062927,-16.37774231,12.416679382999998,-9.685533828499999,9.990753159770625,-0.11504875894941106,-1.7875282159180002,1.226086385490339,1.157542877,-4.580774231,5.738317108,-1.4772031405,1.503287824684764,-0.5088874680609243,0.899007703868,1.0302388692693307,2.971620483,-3.247047729,6.218668212000001,1.069825287,1.0613921277533491,-1.1724840067793014,10.059785643102,3.1867955504031307,16.84411933,4.022252031,12.821867299,10.1099162,10.155665880069193,0.04384825429806582,walking,Data_WalkingOutside_Ben.csv
-9.872378882526,3.3509733679605813,-3.442840576,-17.99108734,14.548246764,-9.784478072999999,11.22902251278108,-0.15544741543748855,-1.5714211129820002,1.1542432804349627,0.4445755,-4.624333649,5.0689091490000004,-1.2128528594999999,1.332277550429264,-0.9804029566168687,1.1395484967340002,1.3555001384346403,6.91052948,-2.439776459,9.350305939,1.291514282,1.8373806252963292,0.12769311973664565,10.20903900542,3.377277476724865,18.12020751,3.7064682,14.41373931,10.2797455,11.40600315479307,0.08670527739456632,walking,Data_WalkingOutside_Ben.csv
-9.919369764474,3.3408014286392342,-4.593348083,-16.27460678,11.681258696999999,-9.6368101505,11.16095418559795,-0.1810246779227301,-1.614610500184,1.439858204764067,1.393452301,-5.104235687,6.497687988,-1.4138848115,2.0731916498264016,-0.4793211243565409,0.8829499960339999,1.0023125871778584,3.293151855,-3.956572266,7.249724121,0.967737579,1.004630522415172,-1.4671311895419006,10.236479411822,3.351675684274508,16.49791296,4.630698206,11.867214754,10.18764341,11.233729892556992,0.08366321800039456,walking,Data_WalkingOutside_Ben.csv
-9.78440472564,3.5326551474077204,-2.922971649,-17.66042496,14.737453311,-9.7198125455,12.479652390506264,-0.09975336449598454,-2.100542000416,1.3715771508594408,0.801732788,-5.027445374,5.829178162,-1.9215541075,1.8812238807597013,-0.18791770515092118,1.579337850042,1.3898245805620728,5.552852783,-3.191513214,8.744365997,1.444121933,1.9316123647345416,0.06975626085154574,10.299228478862002,3.586020349467426,18.39301394,3.115416324,15.277597616,10.528562335,12.859541946794481,0.002655252754496097,walking,Data_WalkingOutside_Ben.csv
-9.319812250794,3.2412733447323254,-4.481979675,-17.14295105,12.660971375,-8.537645873999999,10.505852895272277,-0.37555161051380903,-0.35905683747800005,1.5568873647135895,3.571872253,-4.675527191,8.247399444,-0.31599288950000004,2.423898266404825,-0.38149195498226673,2.986889930418,2.3136304418379927,9.204958191,-2.749781799,11.95473999,2.7521768184999997,5.3528858213994654,0.4527718033721183,10.205580057482,3.1682970717029155,17.62054693,4.610538347,13.010008583,10.00353153,10.03810633456127,0.22188803658998857,walking,Data_WalkingOutside_Ben.csv
-9.68785909324,3.307611618964414,-4.417164459,-16.24167526,11.824510801,-9.518930282500001,10.940294621908393,-0.16701112463739035,-1.081257613212,1.3340577416610155,1.769320679,-4.365671539,6.134992218,-0.8211923215,1.7797100580856886,-0.6592077021530816,1.61133111969,1.0036260537734298,4.586013336,-1.869612122,6.455625458,1.6766633605,1.0072652558128274,-0.6368357315654575,10.014035415388,3.326632598809081,16.39510742,4.556491802,11.838615617999999,10.05645642,11.066484447459262,0.08272120419993115,walking,Data_WalkingOutside_Ben.csv
-10.113373830692,2.6789520517789724,-4.644841003,-17.29548386,12.650642857000001,-9.954075394,7.176784095730767,-0.3814655038815474,-1.239490566108,1.2541826485868963,1.66034729,-4.322112122,5.982459412,-1.0311307525,1.572974116016442,-0.2015561519956887,1.3337971545359997,1.1282866455169063,5.157225494,-3.265010376,8.422235870000002,1.464105377,1.2730307544517931,-0.7545608189874881,10.425264734922,2.6329310910438877,17.79606573,5.039990046,12.756075683999999,10.274560659999999,6.932326130185557,0.3976139810867183,walking,Data_WalkingOutside_Ben.csv
-9.695253416727999,3.4655393993977577,-4.566254425,-18.35677689,13.790522464999999,-8.918828201,12.009963328778172,-0.5718824978316717,-1.3241428308060001,1.5144168429323877,1.68848877,-5.985153809,7.673642579,-1.1283535765,2.2934583741573,-0.5898289006701568,0.6960250085360001,1.0867878230786225,4.831203461,-3.730093231,8.561296692,0.8086933135000001,1.1811077723919712,-0.501012583981262,9.972750859086,3.502072763316973,18.45365322,4.717896199,13.735757021,9.1904025235,12.264513639566577,0.4912356496949469,walking,Data_WalkingOutside_Ben.csv
-9.900275770698,2.8558263878526535,-4.141138458,-16.95808548,12.816947022,-10.007813645,8.155744357555534,-0.06175085653114986,-0.8007565182479999,0.9716444741900053,1.633553009,-3.977528687,5.611081695999999,-0.571137314,0.944092984223972,-0.7677703119466384,0.68231621613,1.0086995531365928,3.083887024,-2.917582855,6.001469879,0.7548802185,1.017474788497962,-0.6513648322646108,10.058269126594,2.8409084926674075,17.01718253,4.209589651,12.807592879,10.204888095000001,8.070761063709801,0.014213917294771379,walking,Data_WalkingOutside_Ben.csv
-10.055978086023998,3.2484350606065413,-4.519551544,-16.49270325,11.973151706000003,-9.875413971,10.552330342977823,-0.10178277976711535,-0.8960944619719999,1.1306339591811179,1.845661926,-3.724554749,5.570216675,-0.7275620270000001,1.27833314965357,-0.42281024436727604,0.65997337829,1.1180098751227625,3.399730225,-4.292922821,7.692653046,0.7108717345,1.249946080872015,-1.2610779859855792,10.249951757278,3.2218541177656013,16.53023324,4.586847048,11.943386192000002,10.22651061,10.380343956163161,0.057474743508213647,walking,Data_WalkingOutside_Ben.csv
-9.830583396546,2.775331583770998,-4.050277405,-15.96834366,11.918066255,-9.89015831,7.702465399876838,-0.15533961073996583,-1.106548121322,1.073056737140612,1.162931671,-3.726201324,4.889132995,-0.8782985685,1.1514507611228564,-0.7182558869844372,0.5440277884020001,0.9206850490822248,2.343227234,-3.238665161,5.581892395000001,0.672326889,0.8476609596035387,-1.6050848191294331,10.006772580502002,2.779723824687462,16.0264783,4.086437059,11.940041241000001,10.14287326,7.726864541535093,0.08317608043472607,walking,Data_WalkingOutside_Ben.csv
-9.804685750948,3.7818818061775006,-3.487298126,-19.11030991,15.623011784000001,-9.2869876095,14.302629995896393,-0.2860985475627428,-1.3619769543459999,1.396319294209523,1.205443268,-4.979245605,6.184688873,-1.117052078,1.9497075713817804,-0.569748466095567,1.07624992676,1.1928955381568118,4.37614975,-2.818039856,7.194189606,1.01563797,1.4229997649544297,0.0950949481852479,10.109373021054,3.8237510718414196,19.17178563,3.525971581,15.645814048999998,9.836578491000001,14.621072259408404,0.19521533249406628,walking,Data_WalkingOutside_Ben.csv
-9.976967289588,3.4425645646971916,-3.815715179,-17.5179213,13.702206121000001,-10.097402344999999,11.851250782108764,-0.1014453886741271,-1.131356033002,1.285660654958478,2.875370636,-4.774172058,7.649542694000001,-1.047821045,1.6529233197082627,-0.2183856124158206,1.2414643615699996,1.3482192005484344,4.810097351,-4.038302307,8.848399658,1.10043663,1.8176950127274596,-0.162225678486015,10.281914324804001,3.4590726316914666,17.53653289,4.047596,13.48893689,10.45810294,11.965183471316928,0.08225569699046485,walking,Data_WalkingOutside_Ben.csv
-9.689458367616,3.2501816715517093,-4.100273438,-17.05029373,12.950020292,-9.289307784999998,10.563680898090665,-0.289231904844962,-0.8482728075980001,1.4572491996939088,3.226091309,-4.776866455,8.002957764000001,-0.4381388855,2.1235752300085378,-0.7597219161209935,0.7452258947579999,0.9618140680379323,3.45062439,-2.863694916,6.314319306,0.8562194825,0.9250863014756764,-1.0567937949984836,9.905380638056,3.2644002038677087,17.12692341,4.149431523,12.977491887,9.622527439999999,10.656308691011539,0.20297383811124892,walking,Data_WalkingOutside_Ben.csv
-10.053412720702,3.67084158802833,-3.873045959,-18.39360031,14.520554351,-9.873542862,13.47507796439835,-0.18710221211070438,-1.172738078618,1.443985284637768,4.719984741,-4.342619476,9.062604217,-0.888327713,2.0850935022504165,-0.02052680568174429,0.817071690662,0.9951301095703908,3.31365921,-3.883075104,7.196734314,0.857566681,0.9902839349735781,-1.0249974228683931,10.305547564378001,3.66881082595561,18.55853746,4.150423867,14.408113593,10.14604099,13.460172876649082,0.1613024615809487,walking,Data_WalkingOutside_Ben.csv
-9.861597702108,3.580585415678821,-2.668650513,-19.36088882,16.692238307,-9.7292429355,12.820591918971875,-0.21752459976642147,-0.42183149688000005,1.2128108078524218,4.893773346,-4.131857758,9.025631103999999,-0.3340303805,1.4709100556436439,-0.043652278315996475,0.21713516511,1.227434295800949,3.110531616,-7.312144318,10.422675933999999,0.2570155335,1.5065949505083713,-1.6068550029950395,10.021235228814,3.5845697293871797,19.3721831,3.666517429,15.705665671,9.964570198,12.849140144838877,0.20217031124718188,walking,Data_WalkingOutside_Ben.csv
-9.747648959808,3.24252271511079,-4.002077637,-16.33193756,12.329859923,-9.525217209000001,10.51395355800945,-0.15423834917858964,-0.557934768692,1.2318360104667012,2.942131805,-3.315305786,6.257437591,-0.45265869150000004,1.5174199566825186,0.0862314994233994,0.405809714366,1.1233827746594485,4.866829376,-2.862347717,7.7291770930000006,0.2422711945,1.2619888584015613,0.6480167829945925,9.905224033222,3.2668841720187514,16.39179079,4.257965715,12.133825075,9.737790507,10.672532193386644,0.13932460759456636,walking,Data_WalkingOutside_Ben.csv
-9.997430037251998,3.6359805473861933,-3.570375366,-17.06690918,13.496533814,-10.333910525,13.220354540970803,-0.01281466194800335,-0.768585717746,1.4033268041590656,4.093836823,-4.599485321,8.693322144,-0.559760971,1.9693261192712967,-0.27416399574023426,0.26459996155200005,1.2258607147139646,4.12811554,-4.071383514,8.199499054,0.27482849099999995,1.5027344918790322,-0.5507209747171071,10.194787585444,3.6562365539339763,17.07313609,4.078042502,12.995093588,10.61851181,13.368065738322997,-0.031372458324847585,walking,Data_WalkingOutside_Ben.csv
-9.97327836092,3.341723758746813,-4.623435516,-15.8934993,11.270063784000001,-10.30921188,11.167117679772927,0.017317369766766098,-1.1714220153639998,1.3219904425996627,2.119292908,-5.147645416,7.266938324,-0.8938661955,1.7476587303248519,-0.7328075932169799,0.6549980245939999,1.1509753840968426,4.513414307,-3.801494751,8.314909058,0.76760376,1.3247443347968744,-1.205483513300708,10.202464601666001,3.378871114708025,16.02141031,4.775174739,11.246235571,10.612625805,11.416770009808252,-0.07656143208936837,walking,Data_WalkingOutside_Ben.csv
-9.800081625356,3.4738116131868706,-3.505410461,-18.49493958,14.989529119,-9.690398712,12.06736712391197,-0.14207633863422867,-1.0552126739380001,1.392915405343641,2.414329376,-5.0735495,7.487878876,-0.744551697,1.9402133264436396,-0.6256837043821029,0.8928773519900001,1.0161363774113998,4.145928497,-3.297492828,7.443421325,0.9212592315,1.0325331374987627,-0.3601960373789336,10.038197964836,3.496712573719968,18.71531569,3.673869969,15.041445721,10.25992433,12.226998823211321,0.07143370305729659,walking,Data_WalkingOutside_Ben.csv
-9.976672103535998,3.2238524238304573,-4.386328583,-16.04199051,11.655661927,-10.037227479,10.393224450637515,-0.0527779940397796,-0.750416800224,1.4015507485608174,2.84094223,-4.157753906,6.9986961359999995,-0.618139572,1.9643445007913873,-0.2953338175723429,0.42630868653599996,1.233375737623571,3.637585602,-4.777165833,8.414751435,0.46568160999999997,1.521215710158488,-0.9404100204877623,10.175740724868,3.2575966754242494,16.29742879,4.599205453,11.698223337000002,10.28809704,10.611936099735122,0.01056726790499828,walking,Data_WalkingOutside_Ben.csv
-9.76028867523,3.313090936093062,-3.738775177,-16.86408096,13.125305782999998,-9.81291893,10.976571550822003,-0.09374693393567107,-0.7235581530740001,1.4718257724344346,2.660417633,-4.146676941,6.807094574,-0.6737489315,2.16627110440222,-0.03159478535939565,0.44961162779999997,1.096902488813693,3.203338623,-4.206552429,7.409891052000001,0.41770637499999996,1.2031950699656737,-0.7301785867197542,9.963108552452,3.327375503514782,17.05250038,4.030453355,13.022047025000003,10.066001284999999,11.071427741390249,0.05898288150501112,walking,Data_WalkingOutside_Ben.csv
-9.917245382228,3.4835404592923065,-4.352049866,-17.15881805,12.806768184000001,-9.665251007,12.135054131526452,-0.1620211882863341,-1.5046383883680001,1.4965910966287095,2.280956726,-6.701564026,8.982520752,-1.116378479,2.239784910508323,-0.8448929821634634,0.41922631439999997,1.175736226025888,4.927752686,-3.825145569,8.752898255,0.406180344,1.3823556731895976,-0.5425073526884238,10.208997894376,3.5106979447944275,17.17124056,4.367183031,12.804057529000001,10.175923685,12.325000059583818,0.07148761816304305,walking,Data_WalkingOutside_Ben.csv
-9.846153718040002,3.53331731374918,-3.733835449,-17.47825378,13.744418330999999,-10.010657728,12.48433123963972,-0.08813777467634824,-1.5500237091000002,1.5132219183717008,2.684966583,-5.415588226,8.100554809,-1.3011692044999998,2.2898405742405306,-0.3607197419339465,0.239845339066,1.0320489619868203,2.786904602,-4.17721344,6.964118042,0.3757935335,1.0651250599380733,-1.1848010812444636,10.124338803439999,3.5698603600332697,17.5171584,4.079210478,13.437947922,10.402583265,12.743902990136867,0.013128811722229017,walking,Data_WalkingOutside_Ben.csv
-10.001849447029999,3.3184701162110586,-4.625082092,-17.16989502,12.544812927999999,-9.952728194999999,11.012243912185838,-0.15141961058155418,-1.0757951724280002,1.4742659973387822,2.352208557,-4.454586639,6.806795196,-0.7941735075,2.173460230909314,-0.4130410175956647,1.1983129952740001,1.4513931575203987,4.704566803,-5.959856415,10.664423218,1.306483154,2.106542097697033,-0.9663908762001202,10.330942059134,3.3457680813071957,17.17669772,4.631572091,12.545125629000001,10.380100315,11.194164053894035,0.0830607033882449,walking,Data_WalkingOutside_Ben.csv
-9.929985987870001,3.7304432469748265,-2.955753479,-18.52188354,15.566130061,-10.267224195,13.916206818900086,0.008319140414416316,-1.1608453097320002,1.2646984986146663,1.903890839,-4.496798859,6.400689698,-0.9800868985,1.599462292398191,-0.652743827231574,-0.0037182678119999936,1.2303955752635212,2.974464569,-4.656816101,7.631280670000001,0.1774559785,1.5138732716280514,-1.1114126043759411,10.159212368274,3.711083913715507,18.64982339,4.071810891,14.578012499000002,10.421381565,13.772143814638005,-0.007956682937620972,walking,Data_WalkingOutside_Ben.csv
-9.653998606565999,2.88048742947074,-4.643793182,-15.29175064,10.647957458,-9.810149689,8.29720783133895,0.04658807573662054,-1.449026334224,1.1429348806478745,1.38656662,-4.490212555,5.876779175,-1.1065738674999999,1.3063001414015711,-0.9148918911492515,0.11808464170800001,1.1192584088468578,3.305875397,-4.416416016,7.722291413000001,0.211061096,1.2527393857744,-1.2424989424781163,9.878867111714,2.9287441583648417,15.38240666,4.729701947,10.652704712999999,10.160847610000001,8.577542345156186,-0.11182688523311456,walking,Data_WalkingOutside_Ben.csv
-9.726867973888002,3.0119202205277946,-4.59020462,-16.83758606,12.24738144,-9.4880195615,9.071663414824199,-0.251116118235271,-1.98144276854,1.7578130748184708,2.026934967,-6.065836029,8.092770995999999,-1.543141022,3.0899068060027672,-0.5362084800675947,0.543629017612,1.2028368387625112,4.107308807,-3.62845459,7.7357633969999995,0.610430603,1.4468164606841916,-0.48039457346898956,10.143015533508,3.092124044613417,16.90333419,4.738734928,12.164599262,10.064021024999999,9.561231107276438,0.13556428992764014,walking,Data_WalkingOutside_Ben.csv
-9.754332261592001,3.25755464946772,-4.063000946,-17.14325043,13.080249484,-9.717567214999999,10.61166229426876,-0.17019392729881805,-1.7507619717279999,1.4759068035809422,1.438508606,-5.971831512,7.410340118,-1.435439987,2.1783008928565137,-0.8361170786048555,0.43329465912600007,1.5119719160151395,4.073628845,-6.542145538,10.615774383,0.4713697815,2.286059074818492,-1.0488433933367158,10.123029203564002,3.3166566934572552,17.17456031,4.190712701,12.983847609000001,10.173021205000001,11.000211622254813,0.08346403051165018,walking,Data_WalkingOutside_Ben.csv
-9.832547611968,3.4003105985307123,-3.989503784,-17.58513153,13.595627746000002,-9.689126358,11.562112166480292,-0.23567421883027384,-2.4183329507419997,1.394948254516424,1.820065155,-6.013744354,7.833809509,-2.3033351900000003,1.9458806327784182,-0.2595354367036355,0.669025653982,1.2444498915731939,4.493206329,-4.541705475,9.034911804,0.6899901585,1.548655532636534,-0.6642852629335991,10.316646568894,3.405638564176393,17.6676872,4.555435361,13.112251838999999,10.363884625,11.598374029805443,0.12254299306683689,walking,Data_WalkingOutside_Ben.csv
-10.053727965072,3.585404078101692,-4.076772308,-19.61041992,15.533647612,-9.562190323,12.855122403268242,-0.2929637440771379,-0.9730913461299999,1.5175090108284641,3.529510345,-5.0735495,8.603059845,-0.8153544615,2.3028335979455834,-0.14668651496431545,1.0029287988120001,1.6765453951851605,6.563401337,-4.775818634,11.339219971,1.0631641385,2.810804462116566,-0.28045780877951587,10.405621402034,3.5667944498679947,20.25889891,4.147011304,16.111887606,10.043668052000001,12.722022647609132,0.29348408295757045,walking,Data_WalkingOutside_Ben.csv
-9.736010661618,3.323813312848582,-4.236789551,-20.93202164,16.695232088999997,-9.280625839,11.047734938669466,-0.43597931318071653,-1.3825328082380002,1.505336642432935,3.648512878,-5.150040436,8.798553314,-1.1112890625,2.2660384070512625,-0.330993424490568,0.818024908448,1.271882783181451,4.776118011,-4.14682663,8.922944641,0.6493496704999999,1.6176858141533936,0.05320019648389927,10.050659749400001,3.359488514478832,21.30986053,4.254332994,17.055527536,9.6949837815,11.286163078915187,0.3473112668378801,walking,Data_WalkingOutside_Ben.csv
-10.035802142024,3.5919692994592944,-3.988156586,-19.75382172,15.765665134,-9.4555371095,12.902243448258094,-0.27033231482231157,-2.1066094830299997,1.5776099384830493,1.581760712,-6.076613617,7.658374328999999,-1.973121872,2.488853118000491,-0.15280218222433214,0.9627780926319999,1.221013875736927,3.963607635,-4.910388794,8.873996429,1.0511141965,1.4908748847421123,-1.4655843864747529,10.517984545871998,3.5122702558049963,19.85270902,5.019739734,14.832969285999999,9.999948218,12.336042349812494,0.2391324649525724,walking,Data_WalkingOutside_Ben.csv
-10.005696447098,3.4190721102403474,-4.165388031,-17.8562178,13.690829769,-9.833276596000001,11.690054095023383,-0.16745583046973495,-1.515238744798,1.749673880106051,2.33319809,-5.035378876,7.368576966,-1.297576675,3.0613586867253635,-0.3269470195706401,1.1691287841879998,1.187615517059372,5.264103241,-3.283871155,8.547974396,1.2978012085000001,1.4104306163601996,-0.5462444032423687,10.402780409918,3.4235617568217345,17.8843,4.253210381,13.631089619,10.273510654999999,11.720775102772322,0.11182153510064713,walking,Data_WalkingOutside_Ben.csv
-9.510174390558001,3.5338665568472756,-2.764151917,-19.06944489,16.305292973,-8.9005661775,12.488212841603618,-0.35458650492751803,-2.273438161006,1.5421103065180262,2.032922516,-8.053851929,10.086774445,-2.145114212,2.3781041974691206,-0.37240591025839365,0.982270557868,1.38143229641279,6.363566895,-5.329068146,11.692635040999999,0.9810598755,1.908355189572315,-0.22134769774301424,10.045359964393999,3.527351538065634,19.50359444,4.444868119,15.058726321000002,9.4820194795,12.442208873093994,0.39408109342485736,walking,Data_WalkingOutside_Ben.csv
-10.056835802228,3.695537788824337,-4.262985077,-18.11308365,13.850098573,-9.587637404999999,13.656999548628669,-0.2690714034448006,-1.3599875912600001,1.8976610692899911,3.083887024,-5.869444427,8.953331451,-1.4362632755,3.601117533898832,0.03905679930192162,0.43685964567400004,1.0595928977934217,3.44703186,-4.344116364,7.791148224,0.43230102550000005,1.1227371090542606,-0.6495331671398364,10.406396212146,3.642544579858124,18.20191667,4.605521819,13.596394851,10.03156609,13.268131016253799,0.26548238196773943,walking,Data_WalkingOutside_Ben.csv
-9.900799980446001,3.4520559884348057,-4.264182587,-18.77470779,14.510525203,-9.7123281095,11.916690547288603,-0.2310439094404455,-2.1955778723060004,1.6459622442361126,1.551373901,-6.136339417,7.687713318,-2.1639749905,2.7091917094507805,-0.1604533819780713,0.888466324762,1.435157859996374,6.746021576,-3.792663116,10.538684692,0.8703650665,2.0596780831093713,0.1380090687323197,10.394365425741999,3.50406943330891,19.63138291,4.377028278,15.254354631999998,10.109237745000001,12.278502593449826,0.26649194312713526,walking,Data_WalkingOutside_Ben.csv
-9.796757038904001,3.788089032496463,-3.510350189,-18.65869904,15.148348850999998,-9.175319823999999,14.34961851811999,-0.25631305444461955,-1.517489464408,2.0286628534617215,3.792363739,-6.37584137,10.168205108999999,-1.4371614075,4.115472973015454,0.12393223037493163,1.1894577099599999,1.4912727482079047,5.644761658,-3.810625763,9.455387421000001,1.2793894955,2.223894409547557,-0.26368605469909306,10.302554607008002,3.773643711920385,18.86307252,4.690474187,14.172598333,9.586214992,14.240386864516262,0.2992411149121552,walking,Data_WalkingOutside_Ben.csv
-9.769466090645999,3.7111317613530694,-3.585344238,-18.60391296,15.018568722,-9.733134842,13.772498950123534,-0.13082713989198816,-2.7940261926459997,1.7265219213361638,1.194965057,-7.852520599,9.047485656,-2.8029961395,2.9808779448543183,0.0033352121433382993,0.836509070446,1.6161645653500818,7.511230316,-3.751049652,11.262279968,0.813408508,2.611987902293219,0.4911379074531828,10.446207758188,3.767081862278762,19.51699007,4.270695735,15.246294334999998,10.31201681,14.190905757109624,0.21829927422223872,walking,Data_WalkingOutside_Ben.csv
-10.356743141716,4.579821244791247,-1.907932434,-20.04586441,18.137931976,-9.72572525,20.974762634241248,-0.16436604041660494,-2.331606299736,2.4355330301347835,2.753673706,-9.008716278,11.762389983999999,-2.6444009399999997,5.9318211408775205,-0.028083948991369144,1.4364988851840004,1.9028549106031503,7.734416199,-2.75786499,10.492281189,1.1576177214999999,3.6208568108065227,0.6742693593715926,11.116463634754,4.659798528991277,21.98412399,3.655298833,18.328825157,10.294775829999999,21.71372233078927,0.3411689913987916,walking,Data_WalkingOutside_Ben.csv
-10.05275019826,4.461323669305195,-2.189646606,-19.59470261,17.405056004,-9.10623848,19.90340888230277,-0.3168385725764778,-2.4024309192,2.302026721300512,2.317331085,-6.921456757,9.238787842,-2.601589966,5.299327025581584,-0.021277445740394064,1.178844180918,1.606005360534799,6.812333679,-2.59171051,9.404044189,0.9496252439999999,2.5792532180665098,0.8400921274594524,10.726566056106,4.576232538336453,21.39505043,4.505099224,16.889951206,9.664296049,20.941904244929297,0.3979995042811028,walking,Data_WalkingOutside_Ben.csv
-10.094055902802,4.253099552318559,-3.847898254,-20.89909012,17.051191866,-9.526190185499999,18.088855801932326,-0.4370536911035625,-2.045477807014,2.2044671729306784,3.020419006,-6.7045578,9.724976806,-1.8655705265,4.859675516528978,-0.04335966457166228,0.697678170788,1.3571080798889432,4.776866455,-4.532275085,9.30914154,0.692310333,1.841742340499854,-0.19397382470557994,10.620511645032,4.307633331048502,21.02721588,3.962464943,17.064750937,9.9880677435,18.555704914760014,0.3956428793084043,walking,Data_WalkingOutside_Ben.csv
-9.394353641003999,3.632944699376562,-3.600163422,-19.81145187,16.211288447999998,-8.8897885895,13.198287188728258,-0.3614456152025873,-2.578365461422,2.820361443522028,4.4206073,-8.979976044,13.400583344000001,-2.58295372,7.954438672105657,0.32776027948351144,2.158643677384,1.541160951154693,6.328240356,-2.765948181,9.094188537,2.1107606505,2.375177077364038,-0.19444914143838132,10.416950708302,3.817935592665465,20.75532542,3.732798085,17.022527335,9.819926651,14.576632189741794,0.37041945034794144,walking,Data_WalkingOutside_Ben.csv
-8.35581928453,3.5175947099574216,-1.566043396,-17.58513153,16.019088134,-7.900495834,12.373472543520437,-0.216693796172813,0.7351566339260002,2.350642233004951,6.407575378,-7.954159241,14.361734619,1.2841795349999998,5.525518907586502,-0.9791658787642566,4.123818874538,2.65469164274937,12.37626343,-1.750160522,14.126423952,3.7571120455,7.047387718083347,0.6008938467324324,9.89953810319,3.783064605886589,18.56287212,3.16864479,15.394227330000001,9.873838069000001,14.311577812311851,0.09693851336286753,walking,Data_WalkingOutside_Ben.csv
-10.029714601072001,3.725407220286985,-4.020189972,-19.7713353,15.751145328,-9.572668533,13.8786589569664,-0.2516324467682708,-0.49067423766200013,1.5192758869483367,2.469863892,-4.730163574,7.200027466,-0.428558807,2.3081992206626554,-0.4450420750477346,0.23906336519200003,1.5595086646781111,7.161108398,-2.910098419,10.071206817,0.00029937750000000004,2.4320672752061054,1.5361180619671542,10.271100376618,3.7438629759741815,19.81006437,4.036456663,15.773607707,9.829816597,14.016509982870254,0.2332912219149615,walking,Data_WalkingOutside_Ben.csv
-9.75194203227,4.157219767331688,-4.174369354,-18.3751886,14.200819246000002,-8.9496640775,17.282476193893338,-0.4181533424848414,-2.0398084964059997,1.9614662286290818,1.249002686,-6.985822906,8.234825592,-1.9982695775,3.8473497660523934,-0.22794771744359132,0.9468143893519999,1.4929502815839435,6.320905609,-4.56565567,10.886561279,0.8510552215,2.2289005432815765,0.258132209467728,10.273482342980001,4.239332098083389,19.04259343,4.199013017,14.843580413,9.4605756395,17.971936637840102,0.3985828157729583,walking,Data_WalkingOutside_Ben.csv
-9.772435615368,3.5623349769157717,-4.469854889,-18.44135101,13.971496121000001,-9.1818312835,12.690230487757493,-0.39652576983983173,-2.5315089999439997,1.8114823119111398,1.289867706,-6.287375336,7.577243042,-2.6435776515000002,3.2814681663669285,0.13023303459031363,2.020003481126,1.5973773366471506,6.25294693,-1.261875916,7.514822846,1.9035914615,2.5516143556339443,0.4328128126669493,10.521210022923999,3.7171094151825366,19.53312527,4.975085319,14.558039951,9.729203368499999,13.816902404438657,0.4053386028993536,walking,Data_WalkingOutside_Ben.csv
-9.823428275618,3.3120838654327667,-4.466711426,-17.05717941,12.590467984,-9.509649582,10.969899531660056,-0.2003777618112356,-2.544464858102,1.790337014228282,1.771116943,-5.882467346,7.653584289,-2.7273284915,3.2053066245158397,0.28931690222000545,1.2891108801300002,1.2664243819142724,4.47210022,-1.73878418,6.210884399999999,1.1109896849999998,1.603830715106947,0.24159427446834994,10.44341945069,3.3689580607053826,17.99528293,5.446734816,12.548548113999999,10.13110043,11.349878414791773,0.2137259651650609,walking,Data_WalkingOutside_Ben.csv
-9.701005954268,3.4544400620999776,-3.870201874,-17.59336441,13.723162536,-9.515337753499999,11.933156142641298,-0.2724350893231363,-1.9739029476919998,1.6011843471577272,1.645977173,-6.138584747,7.78456192,-1.9101029205,2.5637913135829167,-0.3808219969304549,0.7488381829739998,1.3731450969235754,4.598138123,-4.866829376,9.464967499,0.6813830565,1.8855274572052554,-0.5880591509753781,10.156912558684,3.4330992097326503,17.83434149,3.87167036,13.96267113,9.844293751999999,11.786170183866947,0.17640902739060232,walking,Data_WalkingOutside_Ben.csv
-9.97918268274,4.156646723219181,-3.73144043,-18.58849503,14.857054600000001,-9.533075866499999,17.277711981648753,-0.3053574752291821,-1.92857061674,1.6397378219154028,1.075064392,-6.317612457,7.392676849,-1.809063034,2.6887401246198697,-0.3414223271661151,0.789923246132,1.415485319852297,6.487060089,-3.916455688,10.403515776999999,0.6018235015,2.0035986907173595,0.48616306863596814,10.415985817157999,4.171898923299261,19.62082442,3.738181982,15.882642438000001,10.048709865,17.404740626225532,0.2786079726012601,walking,Data_WalkingOutside_Ben.csv
-7.256213725816001,3.598113501087148,-2.558778992,-18.1654747,15.606695708,-5.90312439,12.946420766705613,-1.158313764192871,1.259695250234,1.9824031498582968,5.073399811,-4.684807892,9.758207703,1.606159973,3.9299222485680967,-0.5719775272024671,4.907530038746001,3.7347103057450055,12.09769272,-4.87341568,16.9711084,5.5417758175,13.948061067837953,-0.13549865717105514,10.034687623016,2.90736465394236,18.17895053,4.115093432,14.063857098000001,10.12849507,8.452769230993379,0.22273755704640283,walking,Data_WalkingOutside_Ben.csv
-5.317739703372,1.2660316646663885,-3.073708191,-8.848399658,5.774691467,-5.176535339,1.6028361759379466,-0.6713975676036184,-0.545444143074,1.3076287357132788,2.187850342,-3.265309753,5.453160094999999,-0.5112618255,1.709892910463108,0.09364197157411612,8.060568761024,2.13819475075795,13.98167496,3.499871979,10.481802981,8.0081968685,4.571876792168852,0.15897182978668004,9.810607461922,2.2771079734098887,15.32881924,5.271873458,10.056945782,10.00980792,5.18522072256689,0.023548291030311023,walking,Data_WalkingOutside_Ben.csv
-5.271135617074,1.41055761446132,-2.228266296,-10.80782501,8.579558714000001,-5.0522188565,1.9896727837148103,-0.8221089799261683,-0.34185011902600004,0.9666966352953418,1.467099152,-3.618575134,5.085674286,-0.13217514,0.9345023846913351,-0.8016524750153801,8.352301599443999,2.2781350656195363,14.80451385,2.985840912,11.818672937999999,8.489895172,5.18989937720533,-0.021682301449571402,10.015458043152,2.338236287265032,15.54013337,4.392983296,11.147150073999999,10.275287375000001,5.467348935082961,-0.14204990913518276,walking,Data_WalkingOutside_Ben.csv
-7.450468371242,2.6417317436457814,-2.799927521,-13.37768097,10.577753449,-7.4473132325,6.97874660538578,-0.1948193799065006,-2.880732186586,1.678302110888067,1.583556976,-6.248755646,7.832312622,-3.092868347,2.816697975411341,0.35666862045594994,5.469753089918,2.449803712419194,12.50604355,0.643811188,11.862232361999999,5.086273041,6.001538229382865,0.7223413050180539,10.121232937378002,2.6615638976720053,15.20180757,4.907601335,10.294206235,10.401873615,7.0839223813909955,-0.08782817251316608,walking,Data_WalkingOutside_Ben.csv
-5.66245576265,0.805311728911642,-1.881886597,-7.940986633,6.059100035999999,-5.762342148,0.6485269807226581,1.836678736512031,-0.8527643673739999,0.7548273971979116,0.726888428,-5.4783078,6.205196227999999,-0.7997119905000001,0.5697643995605738,-3.3762923798028037,7.700970948486,0.8982193415591251,9.955347748,3.190615082,6.764732666,7.8326119995,0.8067979855509082,-2.152397840650382,9.664297349238,0.8497128868104118,12.58106806,4.896432992,7.6846350679999995,9.7816641155,0.7220119900116837,-3.037282211057893,walking,Data_WalkingOutside_Ben.csv
-5.899715977486,0.1403082207655713,-5.377567291,-6.304140472,0.9265731810000002,-5.8923468015000005,0.019686396814400296,-0.0432495851740829,-0.848888926404,0.13834103802204387,-0.519719238,-1.279239807,0.759520569,-0.863254852,0.01913824280101659,-0.08823253311077442,7.750866390394,0.16226629341505286,8.242459717,7.246131592,0.9963281249999989,7.74886116,0.026330349978660024,0.04378149298700037,9.779849956224,0.15126351027563195,10.3902422,9.211383447,1.178858753,9.7742090345,0.02288064954090621,0.306269096359158,walking,Data_WalkingOutside_Ben.csv
-4.20346494966,3.9217461911337637,13.36390961,-10.64286804,24.00677765,-5.6785913085,15.380093187672182,1.5299183307653674,1.346037799964,2.2870007473195537,8.567284241,-5.801186371,14.368470612,1.3458512875,5.230372418240197,0.28041803696393003,7.6386705029540005,2.3554715394414174,19.30236053,-0.453706512,19.756067042,7.6365946195,5.54824617311852,0.7134856865961194,10.041864759896,1.7747919075362437,19.34251696,4.576127809,14.766389151000002,9.896717650500001,3.1498863150561385,0.8869906964897663,walking,Data_WalkingOutside_Ben.csv
-0.42290925558600045,6.527867422008621,15.43739777,-16.58536057,32.022758339999996,-0.9139993285000001,42.613053079321475,0.09654829315600681,-5.248554175402,3.837541525677813,5.660478973,-21.43258072,27.093059693,-5.424120482999999,14.7267249613016,-0.2385479768096015,3.79120904021,4.706827079267727,16.71184753,-8.187523956,24.899371486,2.3297552489999998,22.15422115412796,0.3306296838233185,10.639130300812,2.8986798367829527,22.91483683,3.022069234,19.892767596,10.103296265,8.402344796172045,0.9970814080025729,walking,Data_WalkingOutside_Ben.csv
-0.253044591062,0.7789140827174214,3.485202484,-3.895798645,7.381001129,-0.3286415865,0.606707148255522,0.2153030463773953,-9.013091080626,1.336760511771441,-2.584375763,-17.37032822,14.785952457,-8.779842224500001,1.7869286658314447,-0.18464533759547938,3.3996694509860004,1.8037237759637075,8.512947235,-0.745000763,9.257947998,4.306170272999999,3.2534194599767745,-0.8674665621322635,9.834110669096,1.3397452707897342,18.26439213,3.263461552,15.000930578000002,9.801237602,1.7949173906034581,0.7498626561997167,walking,Data_WalkingOutside_Ben.csv
-0.21469733459600002,2.1282905062303508,9.747729492,-7.770790558,17.51852005,0.18733543400000002,4.529620478910243,-0.11908125750075603,-9.099612358774,2.951869646013215,2.810705109,-27.25232849,30.063033599,-8.821755066000001,8.713534407054185,-1.520698052092817,3.381737041646,2.7092848831172565,15.95097977,-10.00205063,25.9530304,4.1923320010000005,7.340224577887686,-0.43303083675239423,10.293428508394,2.985614585095263,30.85166518,2.923048263,27.928616917,9.810600183,8.91389445073356,2.749329060685352,walking,Data_WalkingOutside_Ben.csv
0.23558100674800003,3.614596630844698,17.25596603,-8.315358124,25.571324154,0.1885329435,13.065308803713842,0.80512519513376,-9.911012343722,6.390333273872948,8.76861557,-31.91019241,40.67880798,-9.3585388185,40.83635935116776,-0.24439426772136572,1.6881097577,5.269607767766498,24.8143483,-21.85904388,46.67339218,1.0657836915,27.768766026105013,0.7511667972787301,12.100707350923999,6.031309512682061,34.74089327,1.47761804,33.26327523,11.22723098,36.37669443776911,0.8721162283361275,walking,Data_WalkingOutside_Ben.csv
0.6730891040140001,3.416649868201581,10.19230499,-12.43793518,22.63024017,0.910706177,11.67349632188188,-0.23235208751621508,-10.039389881287999,7.328740248112066,6.910828857,-32.19684631,39.107675167,-9.797201614,53.71043362429771,-0.34745333640363396,1.60491366487,5.866147486417703,25.08753021,-14.87396942,39.96149963,1.069451065,34.411686332404734,1.060402879024331,12.467036729962,6.941668203774705,36.64643266,1.818778219,34.827654441,11.67087781,48.186757451296735,0.8953813031251927,walking,Data_WalkingOutside_Ben.csv
0.642928922462,3.9630787221730337,16.17596191,-11.03430405,27.21026596,0.5336402895,15.705992958140646,0.41161435940752733,-9.936213637354,6.977242470678455,12.14514404,-41.4735054,53.61864944,-9.5984898375,48.681912494639185,-0.23061003723059972,1.462084579538,5.999566923559301,25.05908936,-17.63782196,42.69691132,0.704285431,35.994803270266814,0.8424726384117988,12.671984463218,6.409595061597428,45.4514533,0.669532231,44.781921069,12.40496407,41.08290885365414,0.9017463180332832,walking,Data_WalkingOutside_Ben.csv
0.6323704788,4.363577789322859,20.46574127,-16.76094543,37.2266867,0.7641609195,19.040811123471766,0.30677835907610485,-10.372537696781999,7.81450076734593,9.717043304,-37.00664429,46.723687594,-9.945318602499999,61.06642224285012,-0.3624165138882332,1.2427133642839998,6.051101403048865,25.03274414,-20.52576645,45.55851059,0.5340145110000001,36.615828189979936,0.87746335316124,13.227924256716,7.16092512292534,41.46022563,1.630986574,39.829239056,12.86072254,51.27884861614329,1.0822977750618656,walking,Data_WalkingOutside_Ben.csv
0.622551796914,4.111663254816006,21.36043076,-18.1654747,39.525905460000004,0.5644013215,16.905774721004153,0.21384067286416092,-10.225103587911999,8.193207243078522,8.674611053,-39.9791629,48.653773953,-9.860370254500001,67.12864492803435,-0.4332956754959451,1.5412414718160001,6.52917407654807,29.75168106,-19.59664856,49.34832962,0.8813671875,42.630114121867344,1.029162411954453,13.33926961149,7.486264715245176,43.98538793,0.843896433,43.141491497000004,12.66185196,56.044159386724935,1.089576078927695,walking,Data_WalkingOutside_Ben.csv
0.639720793796,4.109936521376855,12.9685817,-11.01723953,23.98582123,1.0063572695,16.89157820974728,-0.18761237595266805,-9.884882381358,7.641732945914654,8.912167053,-36.52943665,45.441603703,-9.13662529,58.39608241667746,-0.33865488516853176,1.3117010037380001,6.053712314669285,23.79227371,-13.56089996,37.353173670000004,0.2279759215,36.64743278877856,1.0143479247066316,12.768744951061999,6.9810420207257575,40.66545394,1.805970904,38.859483036,11.56218041,48.734947695138764,0.9170225977614493,walking,Data_WalkingOutside_Ben.csv
0.751700231302,4.304764863035664,20.44972458,-9.775721283,30.225445863,0.6756948855,18.53100052602646,0.7944376241872952,-10.026316667296,7.695566320709009,9.40748703,-36.98284378,46.39033081,-10.23429268,59.22174099643079,-0.3269144772510653,1.517322411814,6.139627820970355,25.16656586,-16.50961807,41.67618392999999,0.67045578,37.69502978003318,0.9014555351431056,13.023608684906,7.016247898325331,39.10917646,0.906176238,38.203000222,12.758625315,49.22773457075463,0.9495973673586527,walking,Data_WalkingOutside_Ben.csv
0.484899845586,4.217216136004224,20.03104523,-10.23586441,30.26690964,0.73534584,17.784911937774403,0.37414918531631375,-10.100642805074,7.639401220427055,11.18279526,-38.18574234,49.368537599999996,-9.485774231,58.36045100666237,-0.4772326497637035,1.235681886304,5.836167002407347,32.38066406,-20.91675339,53.29741745,0.498912506,34.06084527998836,1.0719153061708928,12.786254239139998,7.106541593807654,41.78261093,1.91089085,39.871720079999996,12.18108554,50.502933424518226,1.1291305554209647,walking,Data_WalkingOutside_Ben.csv
0.55447845615,4.407983056792605,19.5550351,-18.67336853,38.22840363,0.53536171,19.43031462897068,0.09309022912405203,-10.380681960648001,7.578278439867319,9.06469986,-39.53039612,48.595095979999996,-10.167456665,57.43030411215784,-0.4430256042172364,1.702069428422,6.107366483067942,30.79306549,-18.7706662,49.56373169,1.1861334225,37.29992535850168,1.3182309150200222,13.201551062822,7.130402394428746,47.01053424,1.25893721,45.75159703,12.682818085000001,50.842638306475195,1.2369077578254035,walking,Data_WalkingOutside_Ben.csv
0.6029596389999999,3.554547183047794,21.97789673,-7.826325073,29.804221803,0.5458399199999999,12.63480567651301,1.0641011142036367,-9.735899892159999,7.413262933206453,9.148974609,-34.26270035,43.411674959,-9.675354996,54.95646731685274,-0.26719762653560303,1.57608212039,6.107466095449889,25.77879272,-15.77434708,41.5531398,0.6522686005,37.301142107069914,0.9651993800297131,12.518975476822,6.767792106064675,37.00183155,0.749948244,36.251883305999996,11.79665044,45.80300999091133,0.8365130781419587,walking,Data_WalkingOutside_Ben.csv
0.596977778306,4.378978938794765,24.56601471,-9.404642944,33.970657654,0.5623805235,19.175456546408125,1.0918315777331817,-10.061671945446,7.765716338091266,11.82840271,-36.85530899,48.683711699999996,-10.224338379999999,60.30635024369763,-0.33124154776405623,1.7007877936220002,5.9377641240319585,24.18984695,-20.15902908,44.34887603,0.9137747955,35.257042792641016,1.0216002469062537,13.036550684443998,7.019508512790313,39.41142668,1.451099081,37.960327598999996,12.713963195,49.27349976113568,0.9298755827526599,walking,Data_WalkingOutside_Ben.csv
0.36793577361199997,3.5970634000806965,17.69784714,-8.19650528,25.89435242,0.419203262,12.9388651042001,0.7945822227587976,-10.181531596135999,6.7070522671835935,8.509055328,-32.94603836,41.455093688000005,-10.07899063,44.98455011473258,-0.2641773997232543,1.512056961354,4.995259764582684,19.979702,-13.16796707,33.14766907,0.8960366824999999,24.95262011565865,1.0450421502836325,12.32182338899,6.093765858202724,36.07476351,1.736619517,34.338143992999996,12.330653009999999,37.133982334597185,0.9510302173372349,walking,Data_WalkingOutside_Ben.csv
0.40672341431799997,3.5661713575826455,13.91895538,-8.684939575,22.603894955,0.677940216,12.717578151642849,0.061372284217438136,-9.784030503726001,7.234441496236408,8.165070648,-37.53983551,45.704906158,-9.438697128000001,52.33714376246727,-0.8311652936582291,1.6262275424019998,5.644324814641263,28.24446533,-21.19248001,49.43694534,0.6346053309999999,31.85840261317513,0.9042177836431287,12.052552297308,7.084236056475184,40.71797827,1.574328531,39.143649739000004,11.085273955,50.18640050386307,1.4705144819501514,walking,Data_WalkingOutside_Ben.csv
0.31192824189,3.6446763421812722,19.63960922,-7.892936554,27.532545774,0.1897304535,13.283665639255858,1.2859076089853123,-10.032940093673998,6.670816268238922,9.772428131,-32.16840546,41.940833591,-10.355540545,44.499789684601055,-0.15637097881496562,1.3751947677840002,5.209427831353085,23.37778564,-17.70742722,41.08521286,0.6898404695,27.138138330076103,1.048361288767013,12.2553923529,6.113534061884082,37.50453866,1.477699719,36.026838941,11.95564534,37.37529872581689,0.9374004468899634,walking,Data_WalkingOutside_Ben.csv
0.48811845246400004,3.6013318909018173,17.21016129,-9.109756165,26.319917455,0.3548371125,12.969591388426458,1.084730462722467,-9.943302595872,7.181956203040193,9.529782715,-36.75531693,46.285099645,-9.620194702,51.58049490238751,-0.3587853932959108,1.6435938290299998,5.906877655153154,26.72647202,-13.26646225,39.99293427,0.9981243895,34.89120363294762,1.2143368782553328,12.517011363116,6.676424437238344,38.90425605,0.428314127,38.475941923,11.849469265,44.574643266153345,1.0389751808508643,walking,Data_WalkingOutside_Ben.csv
0.36611436120199997,4.286901639285466,15.70788528,-12.94208679,28.649972069999997,0.5194198605,18.37752566490841,0.09506862521855895,-10.07787125888,7.778689767296035,8.312064972,-38.00940903,46.321474002,-10.158924410000001,60.50801449583604,-0.42861787863996004,1.529730708672,5.892420710226696,22.43983612,-14.83145782,37.27129394,0.5584886170000001,34.72062182630848,1.0966541196156105,12.941995323436,7.081562250306138,40.40061997,2.166827808,38.233792162,12.360048065,50.14852390496094,1.0584844727170981,walking,Data_WalkingOutside_Ben.csv
0.3111432742760001,3.460609561452142,14.68371506,-8.862769775,23.546484835,0.49082931500000004,11.975818536813986,0.4922227175596941,-10.165662196517998,6.236603434715741,6.89765625,-36.26418823,43.16184448,-10.750494235,38.89522240190818,-0.2312774930309962,1.405774676528,4.815390670146993,22.20721985,-11.84037781,34.04759766,0.756901016,23.18798730613871,1.1219676534918666,12.087787616098,5.775648817842123,38.46184048,1.369910462,37.091930018,12.151452015,33.35811926704111,0.9563138815324511,walking,Data_WalkingOutside_Ben.csv
0.4816138787859999,4.443346052682327,23.6159404,-10.13257919,33.74851959,0.464035034,19.74332414388762,0.912060463237472,-9.844179922604,7.771698662004612,9.778565369,-39.49147705,49.270042419,-9.385333099499999,60.39930009300428,-0.3704510685719891,1.6085624772020002,6.2394314423850705,25.33122345,-16.23613678,41.56736023,0.945883026,38.93050472422345,0.9427793926339405,12.947914014545999,7.152059503602569,42.26390026,1.570372234,40.693528026,12.394956615000002,51.15195514307183,0.9542872398482163,walking,Data_WalkingOutside_Ben.csv
0.623339458964,4.612940811922459,18.52742203,-17.25446915,35.78189118,0.382155304,21.27922293429984,-0.0222649303628813,-10.079718118364,7.344170925761866,7.094347229,-36.84632767,43.940674899,-9.863214339999999,53.93684658680591,-0.42645767996468853,1.631076858248,6.105462954076408,35.29405563,-20.15693344,55.450989070000006,0.667087784,37.27667788359942,1.3436959118544363,12.843153712686,7.224668245562536,44.47002923,1.500089784,42.969939446,12.089118395,52.195831258439654,1.083649958172574,walking,Data_WalkingOutside_Ben.csv
0.19044865997,3.704304988697023,18.78189285,-12.59810211,31.379994959999998,0.1500629425,13.721875449285653,0.7880804515562276,-10.219724673106,7.2117465472233,7.243137817,-39.12653595,46.369673766999995,-10.389295350000001,52.0092882613872,-0.4394209613100312,1.553913520288,5.571820314234473,24.0856636,-13.87704254,37.96270614,1.1026819615,31.04518161411594,1.1353123979879018,12.603642351824,6.694642268901992,41.45938433,1.250223969,40.209160361,12.195160595,44.81823510856922,1.1279742455510344,walking,Data_WalkingOutside_Ben.csv
0.312729974664,4.035144832249303,20.41664337,-8.617280273,29.033923643,-0.07207511899999999,16.282393817228257,1.4180183868041627,-9.70260941981,7.120876185548016,6.75724823,-37.63279221,44.39004044,-9.8061080935,50.70687764990487,-0.39915858590817344,1.8667087591359999,5.644611660876272,21.94182175,-13.174254,35.11607575,1.1852352905,31.861640802100393,1.0592536530859422,12.372285398654,6.595490691921935,40.13098923,1.695848621,38.435140608999994,11.821603549999999,43.50049746722888,1.0477089614764161,walking,Data_WalkingOutside_Ben.csv
0.253257448438,3.9493200197402563,22.15902008,-8.990753632,31.149773712000002,0.172216873,15.597128618321177,1.003649939928199,-10.052895396481999,7.506222654229122,13.01872742,-37.82319626,50.84192368,-10.052944795,56.34337853486248,-0.25572858508988383,1.379931817004,5.447968035969035,25.276138,-16.37908951,41.65522751,0.8628806305000001,29.68035572094031,0.9880878262876044,12.625596085609999,6.726384122383491,39.96172745,2.092455671,37.869271778999995,12.122112325,45.24424336185273,0.954123463277819,walking,Data_WalkingOutside_Ben.csv
0.312544061298,3.733508242451476,20.2756366,-8.515791321,28.791427921,0.16353492749999998,13.939083796453108,1.632003417342292,-9.829619700596,7.088505731576696,11.75730057,-36.79573288,48.55303345,-9.892104263,50.24691350659567,-0.16936451637834454,1.9200626093000002,5.899381071525596,22.34747818,-12.4960144,34.84349258,1.2051438905,34.802697027074494,0.9056065453280362,12.552043333502,6.468434908142793,40.65043589,1.335073566,39.315362324,12.139620765,41.840650160880266,0.9319531360880879,walking,Data_WalkingOutside_Ben.csv
0.410526405964,4.308097731354777,17.10957047,-13.4489328,30.558503270000003,0.707653427,18.559706062904173,0.023580823532127173,-10.167293504374,7.728229593029811,8.136180725,-37.35646683,45.492647555000005,-10.345960465000001,59.72553264258171,-0.41527350189728357,1.69665997738,6.234370835483776,25.53015976,-13.63888779,39.16904755,0.889974289,38.867379714330674,1.2239097024978964,13.131613027218,7.1508322546539445,40.72998561,1.137178719,39.592806891,12.49895037,51.13440193419921,1.0249987682042543,walking,Data_WalkingOutside_Ben.csv
0.29545859072799996,3.919437266197194,19.05118286,-11.16333572,30.21451858,0.11660751350000001,15.361988483655335,0.9480247434400828,-10.206382019232,7.583711394937212,9.162596283,-36.44396439,45.606560673,-10.177785185000001,57.512678521700515,-0.22477676135149133,1.3609045844,5.892643684601614,23.66878052,-16.0473793,39.71615982,1.054706726,34.723249593675284,1.035553215031087,12.984600867938,6.716222738899413,39.03933869,1.63175601,37.407582680000004,12.96640032,45.10764787850953,1.0331968188916654,walking,Data_WalkingOutside_Ben.csv
0.32667707156000003,4.157032570539336,22.52036865,-8.125702515,30.646071165000002,0.25978477499999997,17.280919792524877,1.366225340125804,-9.751810305998,7.17661507753927,13.71013962,-35.5718779,49.28201752,-9.5851675415,51.50380397116399,-0.2696733785819815,1.7056457912419998,5.592893603016731,20.968396,-17.73975998,38.70815598,0.75764946,31.280458854665472,0.7590861266988125,12.470025810028,6.532793326223034,37.94455051,1.914374509,36.030176001,12.211558045,42.67738864314422,0.9876768640951225,walking,Data_WalkingOutside_Ben.csv
0.043854005066,3.559004671476855,15.98151627,-9.58187439,25.56339066,0.078511734,12.666514251594075,0.9108907721507878,-10.112579582626,5.962398137393056,5.680537262,-31.484328,37.164865262,-10.09919861,35.55019154878819,-0.274324417023845,1.6912484308240001,4.74059296569125,20.60315552,-10.15712814,30.76028366,0.997151413,22.473221666361358,1.1325462618035054,11.972846411547998,5.698016015892886,36.70439462,1.635655069,35.068739551,11.62068991,32.46738651737184,1.0158221579451037,walking,Data_WalkingOutside_Ben.csv
0.332551455664,2.371552547597374,10.93580887,-6.152655487,17.088464357,0.4194277955,5.624261486015595,0.23851726486267463,-9.644338295304,4.217237733057393,2.922372894,-32.74500641,35.667379304,-9.739197235,17.78509409712306,-0.9095494251581759,1.4119550244060002,3.4506643656751588,19.44127167,-8.174351349,27.615623018999997,0.6362519074999999,11.907084564540346,1.9625182793035807,10.562613106194,4.343398799619248,35.57983636,1.891456783,33.688379577,9.848004004,18.86511313253392,1.914066001432147,walking,Data_WalkingOutside_Ben.csv
0.312290189216,0.16777292958853418,0.845292206,-0.193846893,1.039139099,0.32826736450000005,0.02814775590271925,-0.34891816292445277,-9.758629226107999,0.07366434909414424,-9.51167038,-10.06312363,0.5514532499999998,-9.754690018000002,0.005426436327463948,-0.3614035790058703,0.7144229498280001,0.25914831053628723,1.425785065,-0.069156189,1.494941254,0.7649093629999999,0.06715784685381196,-0.6335073659700025,9.794591982702,0.0739568598530463,10.10364065,9.547968093,0.5556725569999994,9.789283368500001,0.005469617119323131,0.4957904785099916,walking,Data_WalkingOutside_Ben.csv
0.015509847113999988,0.3126348717437649,0.778980103,-0.938099213,1.717079316,0.0212557985,0.09774056303024033,0.0312392373054645,-9.781435200817999,0.11133563671196228,-9.397457886,-10.1298848,0.7324269139999995,-9.7733262635,0.012395624002058042,-0.21272296374079536,0.44787793304800005,0.33897071895178355,1.454525299,-0.721799011,2.17632431,0.426163788,0.11490114830668904,-0.12784700525476483,9.802541729154,0.11190517867860898,10.18705929,9.436443741,0.7506155490000008,9.8012651335,0.012522769015091402,0.23411882868207648,walking,Data_WalkingOutside_Ben.csv
0.182667241502,0.5209817044912822,1.554966431,-0.990490265,2.545456696,0.27445426900000003,0.2714219364146417,-0.2648322696851684,-9.73331416901,0.24560611928921375,-8.220156097,-10.31849258,2.098336482999999,-9.7689104465,0.0603223658323075,2.980889393736641,0.7006985897940001,0.7411447731336046,3.719615021,-0.749491425,4.469106446,0.5058730315,0.5492955747432622,1.9134173942238641,9.802682142102,0.22408312203709344,10.82137658,8.532585378,2.2887912020000005,9.7983566335,0.05021324558189091,-0.5989633488998777,walking,Data_WalkingOutside_Ben.csv
0.18103383817999996,2.9391921621216612,14.91214005,-15.02126312,29.93340317,-0.040415954500000004,8.638850565877407,0.9697445670256756,-9.771395578296,5.278737907137042,8.466843109,-36.81100113,45.277844239000004,-9.6249847415,27.865073892245565,-0.5927722364975468,1.8219838650379998,4.527603540993384,22.20841736,-19.35100937,41.55942673,1.571656723,20.49919382441583,0.41460317065009944,11.39201520721,5.104672154270763,42.99185211,1.036757328,41.955094782,10.00795675,26.05767780258731,1.8825773259167535,walking,Data_WalkingOutside_Ben.csv
0.546117442934,1.6537070044027076,10.28181885,-7.859855347,18.141674197,0.2792443085,2.734746856410577,0.6854273717365879,-9.609215932669999,1.949512907909786,-3.15573761,-18.83862488,15.682887270000002,-9.607770538,3.8006005781068692,-0.42420792358375214,1.3882868426199997,2.5149518689564037,11.64503403,-10.09695328,21.74198731,0.9919123075,6.3249829031673075,0.5165409222960726,10.155652245673998,2.070186769464138,20.72699592,4.46281737,16.26417855,9.808907493,4.285673260464364,1.221153021198618,walking,Data_WalkingOutside_Ben.csv
0.38186520720000006,0.08437351597819709,0.526305542,-0.295485535,0.8217910770000001,0.3951033785,0.007118890198523078,-2.305780111332951,-9.787986177984,0.03421962989624838,-9.694889374,-9.95280304,0.25791366599999854,-9.7846277615,0.001170983070236216,-0.7832564977109341,-0.199364419566,0.13314385321044903,1.097667389,-1.601819,2.699486389,-0.191002808,0.017727285647725594,-0.02597942166821019,9.798723698289999,0.0356605066139841,9.998047865,9.704746517,0.29330134799999996,9.794725802999999,0.001271671731966004,1.2252857007639846,walking,Data_WalkingOutside_Ben.csv
0.377804152242,0.24832992230908876,1.162482605,-0.447120209,1.6096028139999998,0.386346588,0.06166775031403807,-0.18641619110654295,-9.78073765137,0.07848877250038047,-9.517657928,-10.10144394,0.5837860119999991,-9.780062256,0.006160487408616481,-0.11293927242036648,-0.33283436736800004,0.23973018005008953,0.418829041,-1.01099762,1.4298266609999999,-0.3579805755,0.05747055922684834,0.36117593864652126,9.799771252620001,0.07826807975010996,10.15402872,9.545496044,0.6085326759999994,9.797857463,0.006125892307769574,0.2576803095799099,walking,Data_WalkingOutside_Ben.csv
0.341479789118,0.755910759583043,4.211791534,-4.069437561,8.281229095,0.3450325015,0.571401076453413,-0.32097617246055266,-9.922929362192,1.0468309992757745,-3.052452393,-16.79282913,13.740376737000002,-9.7680123135,1.0958551410447168,-1.3731527367071767,-0.5550107492340001,0.9011690970478509,2.463876343,-6.428082733,8.891959076,-0.5006339265,0.8121057414740389,-1.9821191003777834,10.01004724256,1.0805038935637874,16.86605471,3.120733443,13.745321267,9.803919349000001,1.1674886640065043,1.6984028111006515,walking,Data_WalkingOutside_Ben.csv
-1.088502547282,2.840141582519702,33.44689682,-5.252128143,38.699024963,-1.4907499695,8.066404208757517,7.85491666409558,2.156157048306,4.482693194015921,5.692961426,-16.08405304,21.777014466,3.9960152434999996,20.094538271676658,-2.6129611843524305,8.04441764738,4.774858451184561,61.16296097,-9.530231781,70.693192751,8.618477783,22.799273228848627,4.331457020359486,9.87244958403,4.903209276752227,63.57459571,0.13146079,63.44313492,9.7450255405,24.04146121162909,5.8245569602128064,walking,Data_WalkingOutside_Ben.csv
0.9461321081619999,6.060263840360041,16.84252579,-21.47164948,38.31417527,1.677187271,36.72679781477543,-0.5638142225331773,-2.9772865008940004,3.316606946093683,4.386328583,-19.36597824,23.752306823,-2.9378656769999996,10.999881634876868,-0.5339371402472542,5.722412980912001,4.46095482745959,18.47308502,-5.938450928,24.411535948,7.7064992525000005,19.90011797263502,-0.4919465074120682,10.160134043962,2.627524467926826,28.84753514,1.447331966,27.400203174,9.949512993999999,6.903884829554149,1.7439092664030016,walking,Data_WalkingOutside_Ben.csv
-0.5756719839140001,3.79282350743584,17.67419632,-12.12987579,29.80407211,-0.7628137205000001,14.385510158557906,0.7131348395817734,-9.91472821673,5.846797994038385,10.20113663,-34.83990005,45.04103668,-9.895172882,34.18504678309129,-0.19459119893296928,1.537830065908,5.5050744521963795,20.38101746,-24.25436279,44.63538025,0.8609346775,30.305844724225267,0.5343330105089825,12.124266761474,5.7338217891119445,34.95668031,1.415018506,33.541661804,12.005732315,32.8767123092949,0.7700141918819645,walking,Data_WalkingOutside_Ben.csv
-0.04763544156199998,3.898866765215617,22.12653763,-11.45448029,33.58101792,-0.091010742,15.20116205290289,0.8149184590492294,-10.072255536682,6.358954101039112,5.944737854,-34.1438475,40.088585354,-10.612705765000001,40.436297259122135,-0.13161805989207945,1.3189836593559998,5.745238989785777,22.83097275,-13.51090393,36.34187668,0.6997947695,33.0077710497547,1.1099905744144363,12.489401825519998,5.98768661791811,38.90112533,0.979039269,37.922086061,12.749403645000001,35.85239103439561,0.8730914915409711,walking,Data_WalkingOutside_Ben.csv
0.01944905552,3.886368944034693,20.16786072,-8.557255096,28.725115816,0.1215472415,15.103863569157337,1.1689101549696184,-10.018457410588,6.85509187012346,7.516170044,-34.16031326,41.676483304,-9.8462995145,46.99228454783275,-0.42137644036385197,1.821134830636,5.7671093040182795,23.66294266,-11.18908218,34.85202484,0.9889185335,33.25954972449421,1.1391784397102946,12.53271616548,6.4786667291626125,38.30173469,1.450758887,36.850975803000004,12.313639174999999,41.973122587558585,1.0507017739533067,walking,Data_WalkingOutside_Ben.csv
0.23174658052999997,3.743192178594875,16.52428757,-13.75744125,30.281728819999998,0.2335144045,14.011487685893847,0.5175304335542934,-9.921497739251999,7.110839561173568,9.296118622,-36.18215881,45.478277432,-9.462946701,50.5640392647511,-0.34862254493973954,1.5405130865599999,5.920663571227673,22.05079514,-15.58529022,37.63608536,0.728011093,35.05425712366243,1.064252988883458,12.487983880828,6.674057768966324,38.90134393,1.139325261,37.762018669,12.59623208,44.543047103499745,0.9164529560172944,walking,Data_WalkingOutside_Ben.csv
-0.006418053575999977,3.526901032671698,16.61859146,-7.831863556,24.450455016,-0.32871643100000003,12.43903089426069,1.2676327342238904,-9.939784312226003,6.223795702234797,5.434149628,-31.65886505,37.093014678,-10.246417465,38.73563294315633,-0.13954050157253736,1.4780955844219998,5.408696038972879,26.75102097,-10.53748718,37.28850815,0.7317533110000001,29.25399284200091,1.2286666985745567,12.040709908632,6.036065066915767,35.58748772,1.021039679,34.566448041,12.211710459999999,36.434081492040846,0.7913532684947854,walking,Data_WalkingOutside_Ben.csv
0.03312850892000003,3.4870642737598914,16.31202896,-7.648644562,23.960673522,-0.07888595600000001,12.159617249332598,0.8862932788909894,-9.946730766784,7.299365671025864,9.926457825,-37.71362411,47.640081935,-9.575138397,53.28073919935086,-0.3005931412207628,1.7485375973580002,5.868949657659019,22.87258621,-16.19512207,39.067708280000005,0.897683258,34.444570084135925,0.8976278696059966,12.5651174123,6.633150467663373,40.44448944,1.261201595,39.183287844999995,12.169642325,43.998685126662814,1.0589466636540361,walking,Data_WalkingOutside_Ben.csv
0.217583033774,3.6028305785779833,16.96272583,-10.58149567,27.5442215,0.0445323945,12.980388177936566,0.9886711152585291,-10.006607752166001,6.971724523244979,10.19290375,-31.91797623,42.11087998,-10.15151482,48.60494282801543,-0.0708187197753723,1.6891378198420002,5.950374178429509,24.50808517,-14.54540268,39.05348785,1.122366028,35.40695286332066,0.9858836048779079,12.604280846314001,6.415381194399532,35.78270623,1.41608806,34.36661817,12.887375145,41.15711586945517,0.7235032746482603,walking,Data_WalkingOutside_Ben.csv
-0.07890751101400002,3.686229754052197,16.5172522,-8.989855499,25.507107699000002,-0.227826233,13.588289799659723,0.6705759709353145,-9.950001166128,6.494133003986166,9.845027161,-31.50872726,41.353754421000005,-9.917775879,42.17376347346239,0.009923968081743914,1.5017449054240002,5.4166421922912855,22.45016464,-14.98803223,37.43819687,0.9244026945,29.340012639310142,0.8664660355285497,12.274945733546,5.97425815563831,35.02331283,0.827054958,34.196257872000004,12.02591486,35.69176051021086,0.660443226784006,walking,Data_WalkingOutside_Ben.csv
0.338182445976,4.073905160421379,16.03854767,-18.88173523,34.920282900000004,0.0200582885,16.59670325610794,0.2691301072764581,-10.39456259563,7.613924004946165,8.559350739,-41.48622894,50.045579679,-9.926607513,57.97183875309545,-0.40973725013192636,1.614401834144,6.005752272017618,24.94487686,-13.13922684,38.0841037,0.85240242,36.06906035284479,1.0767587485374468,13.121669328055999,7.016194739137275,44.9191614,1.567854138,43.351307262,12.983250235,49.22698861749758,1.0393176518020597,walking,Data_WalkingOutside_Ben.csv
0.20499361353999992,4.245750217339337,17.77493683,-14.8477739,32.62271073,0.231568451,18.026394908037023,0.24153708479289,-9.87446464504,6.775349094760036,8.220006409,-31.05487106,39.274877469,-9.7338832855,45.90535535586564,-0.1276784695375055,1.6380050510240003,6.221626857468528,28.91821426,-15.12829056,44.046504819999996,0.9934840389999999,38.70864075357371,0.7765229560115972,12.699703093072,6.448881090265129,35.47187977,0.70223486,34.769644910000004,12.532565615,41.58806731637916,0.6042934492641291,walking,Data_WalkingOutside_Ben.csv
0.16696908600799998,4.052044851427366,19.45579147,-8.640631714,28.096423184000002,-0.0327069855,16.419067477979027,1.2140014918205544,-9.943267568731999,7.686359374159569,9.979148254,-41.52050766,51.499655914,-10.020836565,59.08012042873067,-0.5547900543589289,1.61220111052,6.094073426912224,27.03168732,-17.39817032,44.429857639999994,0.9122030640000001,37.1377309325977,0.9374186417627163,12.853794119188002,6.993749825426469,47.97119715,1.41599872,46.555198430000004,12.75884379,48.912536620652766,1.2888333679619424,walking,Data_WalkingOutside_Ben.csv
0.035190920126000017,4.522477912901179,23.30713257,-14.19647827,37.50361084,-0.063767395,20.452806472679004,1.107155735034635,-10.16357284153,7.435845481500423,9.198521576,-36.30325699,45.501778566,-10.129136355,55.29179802475026,-0.348264350747722,1.6207327688199997,5.740851328882153,22.17818024,-12.45035934,34.62853958,1.0231224060000002,32.95737398032798,0.8580398327812041,12.945176225582,6.859345229900905,39.38441705,1.794065454,37.590351596000005,13.106361320000001,47.05061698296429,0.948674133368551,walking,Data_WalkingOutside_Ben.csv
0.15757941195600003,4.15081416151464,22.67888901,-11.96087723,34.63976624,-0.0323327635,17.229258203430486,0.9741491423489205,-10.106942904076,6.6082555625675825,6.855294342,-37.57112045,44.426414792,-10.111098864999999,43.669041580205395,-0.32529714467235765,1.3970376452320001,5.658969132429344,26.73021423,-14.81648895,41.54670318,1.079405365,32.023931641788124,1.1255060796033347,12.559829465658,6.268951709621039,41.10582821,1.051265942,40.054562268,12.394094915,39.29975553756055,0.9281279796692031,walking,Data_WalkingOutside_Ben.csv
0.150602420654,3.7813829338004803,16.19227798,-9.58771225,25.77999023,0.2065704345,14.298856892037529,0.5664089180225934,-9.778659073698002,6.987970374267364,7.70852005,-37.70524155,45.413761599999994,-9.5581487275,48.83172995163836,-0.5701808659639978,1.764803671916,5.513112222071579,22.81780014,-12.37491623,35.19271637,1.034947815,30.394406373155025,1.153933257474746,12.156719008028002,6.6707242891056975,41.02910443,1.232399165,39.796705265,11.272456895000001,44.49856254126472,1.1530383332446494,walking,Data_WalkingOutside_Ben.csv
0.06966932190800001,3.9238491131259496,17.26599518,-10.29109955,27.557094730000003,0.044233017,15.396591862579303,0.7277340148481152,-10.039595853156,7.381222248351427,9.155411224,-36.02453659,45.179947813999995,-10.128836975,54.482441879558095,-0.30843931598723434,1.6693525635000002,5.840467042966535,24.74848526,-13.2830777,38.03156296,1.014365616,34.11105527997825,1.08457929643443,12.686609828847999,6.828257226649551,40.62562401,1.816563948,38.809060062,12.67479198,46.62509675329183,1.01390432137504,walking,Data_WalkingOutside_Ben.csv
-0.031170580457999975,3.38831381491884,18.72650803,-8.366252289,27.092760319,-0.2136058045,11.480670508369865,1.301046959747099,-10.135537042224,6.281031138329394,5.789211273,-35.59238525,41.381596523,-10.108629,39.45135216066344,-0.27858888458151665,1.395882347698,5.4850873380334715,23.03305252,-11.25599304,34.28904556,0.9122030640000001,30.086183105855113,1.2542655002553926,12.19520548817,6.080603518260359,39.78617507,1.245847316,38.540327753999996,12.367198290000001,36.97373914628025,0.9006899670946267,walking,Data_WalkingOutside_Ben.csv
0.20498463229199995,3.425384929717513,15.82643875,-7.435787201,23.262225950999998,0.17513580299999998,11.73326191673585,1.250673294325054,-9.759276480186,6.843363842538968,4.711751862,-34.50115448,39.212906342,-9.419312439,46.83162868136971,-0.5316332761818288,1.730500106536,5.676392958700423,22.99143906,-9.315727844,32.307166904,1.011147308,32.221437021583746,1.270226290628992,12.090373258396001,6.548994489382907,38.28264809,1.461499966,36.821148124000004,11.510759735,42.88932882196768,1.1473073952919928,walking,Data_WalkingOutside_Ben.csv
-0.06395001521999998,4.022177860203658,21.52194489,-18.41440704,39.93635193,-0.07312294,16.177914739112474,1.1164298997657498,-10.067271800537998,7.012301714589728,6.72910675,-33.77905609,40.50816284,-10.66367477,49.17237533643803,-0.27042025976857603,1.855366246014,5.815294859357009,31.94716553,-11.34086655,43.28803208,1.3788576505,33.81765430126406,1.2350562380876071,12.59544159246,6.731955918576352,42.37686261,1.544246687,40.832615923000006,12.907786245,45.319230489655176,1.010450998661874,walking,Data_WalkingOutside_Ben.csv
0.06546396701400002,4.011204719538466,20.26171555,-14.09513901,34.35685456,-0.050445099,16.089763302047665,1.0338557519789893,-10.109899256206,6.819862829249532,7.555987244,-37.97767502,45.533662264,-10.01963905,46.51052900977943,-0.4024740224885976,1.422095237704,5.790854940408492,25.59168182,-13.21945999,38.81114181,0.8977581025000001,33.53400094085344,1.1560201265069705,12.593356032912,6.463619763789736,41.59023351,1.440982099,40.149251410999995,12.64306055,41.77838045085328,1.1177696059137212,walking,Data_WalkingOutside_Ben.csv
0.13133239290200005,3.414512242773399,16.50168457,-7.764503632,24.266188202,0.16039146450000002,11.658893856049426,1.262260393137102,-9.74709780575,6.591988169289042,6.366560669,-33.40842682,39.774987489000004,-9.283245392,43.454308024046696,-0.4418016728924109,1.741302542744,5.618140501657754,22.52590714,-10.9075177,33.43342484,0.9161698149999999,31.56350269636724,1.1420327891441233,12.016701752422,6.350659961635202,37.52693246,0.930704352,36.596228108,11.94640086,40.330881948316424,1.0362384532160653,walking,Data_WalkingOutside_Ben.csv
-2.86541364,1.9616555828949052,2.38,-12.9,15.280000000000001,-2.74,3.84809262590275,-2.118872330541161,2.1347180640000003,1.9890729550313382,4.89,-2.78,7.67,2.705,3.9564112204371,-0.7079521610067461,8.89158,1.9322738169317515,14.3,3.34,10.96,8.55,3.7336821035999996,0.24780678551533167,9.999220000000001,1.8387556639205767,18.0,4.72,13.280000000000001,9.73,3.3810223916000006,0.8039562938973872,walking,Data_Walking_SweaterPocket_Sachin.csv
-1.6155480000000002,1.8614242843199398,2.54,-4.61,7.15,-1.74,3.464900366256,0.35624814253787374,4.75314,1.1542148588542775,6.49,2.21,4.28,5.1,1.3322119404,-0.5773524814253069,8.09802,2.1689518850357192,14.2,5.17,9.03,7.35,4.7043522796,1.4279175200656908,9.8728,1.674351265415952,14.7,7.41,7.289999999999999,9.535,2.80345216,1.2086894038391531,walking,Data_Walking_SweaterPocket_Sachin.csv
-1.3163652,1.5055612208970315,5.44,-3.89,9.33,-1.7,2.2667145898689602,1.9187369994940333,4.91976,1.2004099059904496,9.28,2.34,6.9399999999999995,4.745,1.4409839424,0.35936794704361774,8.311,2.029322103560694,14.2,2.54,11.66,8.36,4.118148199999999,0.09312702686735268,9.98802,1.7514646098622717,14.9,4.6,10.3,9.955,3.0676282795999996,-0.366232894901424,walking,Data_Walking_SweaterPocket_Sachin.csv
-0.55499834,1.5244635702931848,1.93,-5.31,7.239999999999999,-0.501,2.323989177151044,-0.7939814048916279,4.7811,0.907100319700087,6.14,2.3,3.84,4.96,0.82283099,-1.0720967874581966,8.298879999999999,2.0215833264053202,16.2,4.34,11.86,7.86,4.0867991456,1.9300245223757786,9.80002,1.795114982278294,17.0,5.95,11.05,9.61,3.2224377995999998,1.9223409670523741,walking,Data_Walking_SweaterPocket_Sachin.csv
-0.01392976400000002,0.6596570744825772,1.07,-1.41,2.48,-0.019700000000000002,0.4351474559149123,-0.20430659320498754,4.61834,0.3685499211775794,5.47,3.97,1.4999999999999996,4.5649999999999995,0.1358290444,0.5322925769010135,8.899719999999999,0.8126615049330195,11.2,7.18,4.02,8.85,0.6604187216,0.601641538240534,10.057120000000001,0.7760376959916315,12.2,8.4,3.799999999999999,10.0,0.6022345055999999,0.552236161523303,walking,Data_Walking_SweaterPocket_Sachin.csv
0.07892194,1.088185688229374,1.94,-7.39,9.33,0.1495,1.1841480920672363,-2.91407932427475,4.20746,0.9073487468443432,6.97,1.86,5.109999999999999,4.23,0.8232817484,-0.26668725286735107,8.66886,1.1113259199712748,18.0,6.92,11.08,8.655000000000001,1.2350453004000002,3.0862894833726964,9.74572,1.057755586891414,18.4,7.98,10.419999999999998,9.62,1.1188468815999997,3.0964228229958604,walking,Data_Walking_SweaterPocket_Sachin.csv
6.4507142,6.336872132806402,18.9,-3.88,22.779999999999998,7.824999999999999,40.155948427538355,-0.07748435737734023,-1.1006842000000001,5.272233013455528,9.84,-11.6,21.439999999999998,-0.7464999999999999,27.79644094817036,-0.09730819841543074,5.58048494,4.666685772092117,16.3,-8.29,24.59,6.57,21.777956095446992,-0.5299613270712534,12.162079999999998,3.9804998773520897,24.6,5.16,19.44,11.1,15.844379273600001,0.9668481794006105,walking,Data_Walking_SweaterPocket_Sachin.csv
9.7257444,5.212529572515502,23.7,-2.88,26.58,9.524999999999999,27.17046454434864,0.4195089073392428,-1.78416194,3.7073029801028183,5.95,-11.0,16.95,-1.5750000000000002,13.744095386279238,-0.4170439245634941,0.7014781200000001,3.5803735723634853,13.0,-5.68,18.68,0.0431,12.819074917678867,1.415255636287858,11.20786,5.134846640397354,28.2,1.89,26.31,10.149999999999999,26.366650020399998,1.2292278468514644,walking,Data_Walking_SweaterPocket_Sachin.csv
9.697880000000001,1.1536945460562773,14.8,7.43,7.370000000000001,9.62,1.3310111055999998,2.017546121448379,-1.1915218200000002,1.0930769780194292,1.04,-3.43,4.470000000000001,-1.06,1.1948172798760877,-0.11922269689293837,0.0036697400000000042,0.8698128551764066,2.94,-1.61,4.55,0.0329,0.7565744030301326,0.6371646054990189,9.86186,1.2105988354529338,15.2,7.52,7.68,9.73,1.4655495403999996,2.1110266219069396,walking,Data_Walking_SweaterPocket_Sachin.csv
9.740020000000001,0.17189473406710287,10.3,9.19,1.1100000000000012,9.75,0.029547799600000018,0.15421145712087636,-0.6258760000000001,0.1645467976716654,-0.325,-1.17,0.845,-0.597,0.027075648624,-1.2128172758827214,0.593896,0.1700767391032648,0.94,0.185,0.7549999999999999,0.62,0.028926097184,-0.48869037708056684,9.78108,0.17074435159032353,10.4,9.23,1.17,9.79,0.029153633600000013,0.10689119992752505,walking,Data_Walking_SweaterPocket_Sachin.csv
9.72484,0.3269192169328686,11.1,8.42,2.6799999999999997,9.76,0.1068761744,-0.850633129768023,-0.5879736,0.20371478793411146,0.671,-1.32,1.991,-0.575,0.041499714823040004,1.012796249058482,0.73605738,0.47600700008270425,2.52,-0.979,3.499,0.706,0.2265826641277356,0.5828398256822714,9.78274,0.33824117490335204,11.4,8.44,2.960000000000001,9.81,0.1144070924,-0.5306852827027337,walking,Data_Walking_SweaterPocket_Sachin.csv
9.74098,0.8610368398622674,12.4,7.97,4.430000000000001,9.745000000000001,0.7413844396,0.2135536266235663,0.047902240000000006,1.1337466774302725,1.94,-2.36,4.3,0.2725,1.2853815285841825,-0.3597779530690693,-0.08658655999999999,0.8329584427930161,1.83,-2.06,3.89,0.0126,0.6938197674201664,-0.36808943343464273,9.841940000000003,0.8483475917334828,12.7,8.0,4.699999999999999,9.84,0.7196936364000001,0.29581182587545546,walking,Data_Walking_SweaterPocket_Sachin.csv
9.646920000000001,1.0251232675146926,12.4,5.8,6.6000000000000005,9.645,1.0508777136,-0.6529739065146148,-0.07132160399999998,1.3491496155275275,2.34,-2.57,4.91,-0.299,1.8202046850780753,0.07162307444736891,-1.3331056,0.8393987074380327,0.219,-3.96,4.179,-1.18,0.70459019004864,-0.7103889352772293,9.86478,1.044424124386257,12.6,5.81,6.79,9.87,1.0908217516,-0.7856260171843985,walking,Data_Walking_SweaterPocket_Sachin.csv
9.75,1.479852560223484,13.0,6.37,6.63,9.955,2.1899636,-0.3542070489192241,-0.14014820000000003,1.411569271873244,2.41,-3.42,5.83,-0.2625,1.99252780929676,0.0030583146425645783,-1.14858878,1.5152605207641066,2.22,-3.96,6.18,-1.11,2.2960144457863114,0.25582438325607637,10.02032,1.5699050600593656,13.4,6.48,6.92,10.4,2.4646018976,-0.39024875373896295,walking,Data_Walking_SweaterPocket_Sachin.csv
9.696420000000002,0.367755059244601,11.1,8.65,2.4499999999999993,9.65,0.13524378359999997,0.6242412041888791,0.5785801799999999,0.4140973454425512,1.98,-0.455,2.435,0.6535,0.1714766115025676,-0.022994481596073646,-0.60056922,0.6589879568890402,0.721,-3.52,4.241,-0.556,0.43426512732479156,-2.240185900007842,9.76074,0.39766676049174643,11.8,8.91,2.8900000000000006,9.7,0.15813885240000003,1.4141568257374841,walking,Data_Walking_SweaterPocket_Sachin.csv
9.75288,0.2723103112259982,11.0,8.97,2.0299999999999994,9.73,0.0741529056,1.0290828413460589,0.3216376,0.3961039842332314,1.09,-0.632,1.722,0.2995,0.15689836632544002,-0.03411909524970251,0.9361199400000001,0.7498046107674962,2.63,-0.145,2.775,0.729,0.5622069543281963,0.9262084655651941,9.83962,0.25142405533281814,11.0,9.0,2.0,9.84,0.06321405559999999,0.6952149176001259,walking,Data_Walking_SweaterPocket_Sachin.csv
9.616959999999999,0.3536783261665888,10.7,8.99,1.709999999999999,9.56,0.12508835839999996,0.7148227313298815,0.15349699999999997,1.1573700961278548,1.79,-2.51,4.3,0.315,1.339505539411,-0.31956575520137825,1.268557648,1.0257431418295342,2.85,-0.823,3.673,1.56,1.052148993010324,-0.31513043156540005,9.82366,0.3311851512371894,10.8,9.08,1.7200000000000006,9.8,0.1096836044,0.41214622141505625,walking,Data_Walking_SweaterPocket_Sachin.csv
9.67016,0.3087477520565938,10.4,8.82,1.58,9.66,0.09532517439999995,-0.01540339823162977,-1.40072,0.6515665626779815,-0.452,-2.9,2.448,-1.145,0.42453898560000003,-0.8738249140822825,0.307807608,0.6064523680099982,2.01,-0.732,2.742,0.248,0.3677844746649343,0.8018735950229066,9.81734,0.2764205571226569,10.5,9.09,1.4100000000000001,9.78,0.07640832440000003,0.2578483344352867,walking,Data_Walking_SweaterPocket_Sachin.csv
9.601419999999997,0.25668304112270446,10.4,9.15,1.25,9.59,0.0658861836,0.8541283390270367,-1.843066,0.4324876664646057,-0.938,-3.06,2.122,-1.86,0.187045581644,-0.30169081554185406,0.418823088,0.4029719775093055,1.93,-0.407,2.3369999999999997,0.3435,0.16238641465776024,0.7172954679490171,9.802900000000001,0.28907748096314934,10.8,9.32,1.4800000000000004,9.78,0.08356578999999997,1.4730326122605777,walking,Data_Walking_SweaterPocket_Sachin.csv
9.568400000000002,1.2107750575561094,12.1,6.92,5.18,9.66,1.46597624,-0.07705234746208323,-0.005063800000000015,1.149652759362391,1.97,-2.74,4.71,0.355,1.3217014671095602,-0.493367240533848,1.628356164,1.4827790328551365,4.41,-1.36,5.7700000000000005,1.48,2.1986336602748136,0.10219499044473673,9.898779999999999,1.0876430993666992,12.1,7.53,4.569999999999999,9.9,1.1829675115999998,0.1203479703503895,walking,Data_Walking_SweaterPocket_Sachin.csv
9.58464,1.4871181763397285,13.1,6.71,6.39,9.19,2.2115204704,0.3822267169031449,-1.2003764000000001,1.5681696473031992,6.39,-4.49,10.879999999999999,-1.48,2.4591560427230403,0.7331775630730706,-0.29612359999999993,2.186490243107213,4.67,-10.2,14.87,-0.3795,4.78073958320304,-0.0673803788436216,10.026060000000001,1.5094871567522528,15.3,7.05,8.25,9.6,2.2785514764,0.4209489166829637,walking,Data_Walking_SweaterPocket_Sachin.csv
9.56902,2.116663232448658,14.2,4.76,9.44,9.32,4.480263239600001,0.1198483585325467,-0.56791936,1.4517035999508956,1.83,-5.65,7.48,-0.402,2.10744334211039,-0.9727419663553208,1.05208424,2.5572990291783286,6.19,-6.81,13.0,1.11,6.539778324636423,-0.5193989503477555,10.09094,2.0679260422945496,14.5,5.88,8.620000000000001,9.645,4.2763181164,0.3156418923836447,walking,Data_Walking_SweaterPocket_Sachin.csv
9.61252,2.4494534185405525,15.5,4.32,11.18,9.245000000000001,5.9998220496,0.16724714845818706,-0.39897374,1.3674887209235083,3.17,-4.05,7.22,-0.3155,1.8700254018530125,-0.13598379841288827,1.04679838,2.4042222130871296,7.45,-3.38,10.83,0.6725000000000001,5.7802844499015755,0.5204703909789113,10.09454,2.3291355453043088,15.6,5.37,10.23,9.895,5.4248723884,0.22109118286585341,walking,Data_Walking_SweaterPocket_Sachin.csv
9.578479999999999,2.4346178528877997,14.9,4.25,10.65,9.2,5.927364089599999,0.48358763959942513,-0.61063474,1.6965182001814576,2.25,-5.1,7.35,-0.2695,2.878174003546932,-0.8342744293235179,1.3612907960000002,2.5565805225576006,9.41,-2.54,11.95,1.145,6.536103968320894,0.7768776640209425,10.20164,2.2983589167925884,15.0,6.71,8.29,9.96,5.2824537104,0.4427278762873464,walking,Data_Walking_SweaterPocket_Sachin.csv
9.660459999999999,2.467464202050356,15.4,3.61,11.790000000000001,9.504999999999999,6.0883795884000005,0.120455562837316,-0.47522682,1.7760004808245091,3.24,-4.82,8.06,-0.1845,3.1541777078888877,-0.29723932009300746,1.0840568000000002,2.6411915853746315,9.69,-3.47,13.16,0.6094999999999999,6.97589299065376,0.8769167952363254,10.23584,2.4834826946044943,15.6,4.54,11.059999999999999,9.79,6.1676862944,0.2733343759198883,walking,Data_Walking_SweaterPocket_Sachin.csv
9.69192,2.5396044403804305,15.2,4.33,10.87,9.17,6.4495907136,0.24945152665800752,-0.39141616,1.4848915183463252,2.06,-4.37,6.43,-0.1965,2.2049028212568547,-0.4255121662167921,0.8986705960000001,2.759086073891174,9.38,-4.09,13.47,0.3065,7.612555963140212,0.7729132967612063,10.26426,2.412345259783516,15.9,5.32,10.58,9.81,5.8194096524,0.3285040572688241,walking,Data_Walking_SweaterPocket_Sachin.csv
9.69068,2.2601564409571298,14.1,4.92,9.18,9.225000000000001,5.1083071376,0.18325054892627998,-0.54351556,1.3826497882945943,1.81,-4.25,6.0600000000000005,-0.362,1.9117204370710865,-0.4814762986590148,1.0402573999999998,2.7772149256629817,9.9,-3.64,13.540000000000001,0.728,7.71292274332524,0.8817147304690012,10.267779999999998,2.1410406982586765,14.6,5.52,9.08,9.83,4.5840552716000005,0.1735321557071481,walking,Data_Walking_SweaterPocket_Sachin.csv
9.55064,2.5409417920133475,15.7,4.79,10.91,9.094999999999999,6.456385190400001,0.5543239620790393,-0.55378598,1.5881906749217611,2.57,-5.47,8.04,-0.365,2.5223496199084394,-0.6525689251548578,1.0806014,2.7933173589010685,9.9,-4.21,14.11,0.67,7.802621867538041,0.8082816684606677,10.15788,2.503584371576081,16.0,5.48,10.52,9.765,6.267934705600001,0.5064806629308438,walking,Data_Walking_SweaterPocket_Sachin.csv
9.77094,2.421077222312415,14.0,3.59,10.41,9.415,5.8616149164,-0.19278636513519493,-0.6356710600000001,1.42259877088808,1.75,-3.72,5.470000000000001,-0.555,2.0237872629322764,-0.294806792686835,0.79156916,2.8613226265504723,8.77,-3.64,12.41,0.1325,8.187167173209694,0.7184211581657083,10.379340000000001,2.1890854173375693,14.0,5.66,8.34,10.4,4.7920949643999995,-0.010568068279794094,walking,Data_Walking_SweaterPocket_Sachin.csv
9.6399,2.6842413807256604,16.3,3.81,12.49,9.155000000000001,7.2051517899999995,0.3375801978442489,-0.650110552,1.3833061087832552,1.68,-3.63,5.31,-0.5965,1.913535790597071,-0.2825422778995605,0.9684497999999999,2.7153822969394863,8.83,-3.42,12.25,0.4795,7.37330101853236,0.9231977409850494,10.18882,2.633928778004447,16.4,4.31,12.09,9.665,6.937580807600001,0.32860000443874454,walking,Data_Walking_SweaterPocket_Sachin.csv
9.676540000000001,2.4008624759448427,16.4,4.81,11.59,9.7,5.764140628400001,0.1867027929873885,-0.8172862,1.2577702808182263,2.42,-3.17,5.59,-0.807,1.58198607930956,0.2164482761673281,0.23849371999999994,2.638910826314251,7.15,-3.94,11.09,0.0619,6.9638503492385615,0.7589716918599876,10.129599999999998,2.460171668806874,16.6,5.12,11.48,10.1,6.05244464,0.23046018900870266,walking,Data_Walking_SweaterPocket_Sachin.csv
9.718459999999999,2.097042638669991,15.1,5.5,9.6,9.145,4.3975878284,0.2829141579292807,-0.55475248,1.5736809669232992,2.47,-5.21,7.68,-0.3005,2.4764717856566496,-0.697340534391806,0.9335726,2.7998646459193774,9.18,-4.17,13.35,0.2925,7.8392420354692405,0.7721328343452615,10.27152,2.2058023686631585,17.1,6.7,10.400000000000002,9.875,4.8655640896,0.49790407028708317,walking,Data_Walking_SweaterPocket_Sachin.csv
9.1462,2.0920733161149014,14.0,3.06,10.94,9.205,4.376770759999999,-0.2438662729557337,-1.0918627,1.6022758327501883,2.2,-4.12,6.32,-1.28,2.5672878442153095,0.11311930700012159,2.1168516,1.9221909029171478,6.6,-2.72,9.32,2.12,3.6948178672574397,0.06173663716212249,9.81012,1.9259939734069784,15.1,5.34,9.76,9.82,3.7094527856000004,0.4853626017155027,walking,Data_Walking_SweaterPocket_Sachin.csv
9.67522,2.3520457800816716,16.4,3.23,13.169999999999998,9.895,5.5321193516,-0.0965697638109602,-0.39070439999999995,1.3890168296534928,1.98,-4.65,6.630000000000001,-0.1335,1.9293677530606401,-0.7920134901017647,1.73988436,1.3087903507759333,4.06,-1.06,5.119999999999999,1.5350000000000001,1.7129321822841903,-0.05440475638710725,10.05156,2.2198579158135323,17.3,4.38,12.920000000000002,10.0,4.9277691664,0.35071475922297707,walking,Data_Walking_SweaterPocket_Sachin.csv
9.602240000000002,0.5243389956888578,12.4,8.38,4.02,9.57,0.2749313824,1.2848220147349778,0.693966464,0.6409934961076786,1.79,-0.41,2.2,0.829,0.4108726620523447,-0.10477881326562426,1.430778,0.654158767636726,2.88,0.0939,2.7861,1.395,0.427923693276,0.04520087569614144,9.77634,0.5209053699089691,12.7,8.55,4.149999999999999,9.75,0.27134240439999996,1.3686871177443705,walking,Data_Walking_SweaterPocket_Sachin.csv
9.688360000000001,0.6520445616673757,12.0,8.55,3.4499999999999993,9.61,0.4251621104,1.355297059456766,-0.802718444,1.531116139671523,2.13,-3.27,5.4,-1.23,2.344316633162627,0.52756319373268,1.3484444800000002,0.8168938018755739,3.41,-0.126,3.536,1.255,0.6673154835427294,0.4167990261458539,9.9649,0.6550635007386689,12.4,8.97,3.4299999999999997,9.9,0.42910819000000006,1.4624067782037786,walking,Data_Walking_SweaterPocket_Sachin.csv
9.7322,0.9537777309205745,11.8,7.93,3.870000000000001,9.74,0.9096919599999999,-0.032148788816206454,-0.09961825999999997,0.968602581883598,1.73,-2.51,4.24,-0.217,0.9381909616315722,-0.18466369935654955,0.5846350199999999,1.2018043495596942,3.4,-1.6,5.0,0.2955,1.4443336946205996,0.39598113196635704,9.872620000000001,0.9522523486975499,11.9,8.0,3.9000000000000004,9.875,0.9067845356000003,-0.03308234536431828,walking,Data_Walking_SweaterPocket_Sachin.csv
9.90748,1.5932440019030356,14.5,5.15,9.35,9.835,2.5384264496,0.0066028187696583925,-0.1892472,1.1148374505401943,2.17,-2.42,4.59,-0.0897,1.24286254112696,-0.07286369176024152,1.095682,1.6510105013584861,5.2,-2.04,7.24,0.757,2.725835675596,0.4936746861634933,10.195319999999999,1.4055740811497628,15.1,7.26,7.84,9.94,1.9756384975999999,0.953074397743786,walking,Data_Walking_SweaterPocket_Sachin.csv
9.404539999999999,2.2007090649152152,14.2,2.95,11.25,9.6,4.843120388400001,-0.44743867342844396,-0.33168626,1.5852485959105,2.63,-4.84,7.47,0.0269,2.513013110836212,-0.5895318838923149,1.8478414840000001,1.9534976118443261,7.6,-1.83,9.43,1.56,3.816152919481486,0.5038963119670263,9.9696,1.9310944668762322,14.7,4.71,9.989999999999998,9.895,3.7291258399999996,-0.0203351241203803,walking,Data_Walking_SweaterPocket_Sachin.csv
9.67568,2.1872025369407377,14.4,4.92,9.48,9.254999999999999,4.7838549376,0.1368699154673782,-0.07028230000000002,1.3584930790020646,2.53,-3.79,6.32,0.047850000000000004,1.84550344569651,-0.43493608077964474,1.5851252000000002,2.4387272555669197,8.88,-1.54,10.420000000000002,0.6910000000000001,5.94739062704496,0.8014199960610833,10.238599999999998,1.9728507394123864,15.1,5.85,9.25,10.149999999999999,3.8921400399999997,0.2938260472324503,walking,Data_Walking_SweaterPocket_Sachin.csv
9.67722,2.3908165282179223,14.4,4.51,9.89,9.16,5.7160036716,0.211595596431559,-0.60422866,1.4789873756268523,2.17,-4.75,6.92,-0.364,2.187403657263604,-0.42899972038295275,1.42727268,2.454377984003201,9.76,-2.91,12.67,0.8895,6.0239712883596175,0.8984934208007639,10.23872,2.2745938454150445,14.8,5.49,9.31,9.940000000000001,5.1737771615999995,0.21747040398731268,walking,Data_Walking_SweaterPocket_Sachin.csv
9.63012,2.613393729540193,15.0,4.06,10.940000000000001,8.95,6.8298267856,0.25654122164885673,-0.33529632000000004,1.3421295399430182,1.7,-3.94,5.64,-0.06520000000000001,1.8013117019876577,-0.7021772229671892,1.2333996200000001,2.5337833226735182,10.1,-2.92,13.02,0.8105,6.420057926258455,0.9808649534604337,10.178,2.416148339816908,15.2,5.38,9.82,9.265,5.837772800000001,0.3188869058149648,walking,Data_Walking_SweaterPocket_Sachin.csv
9.656139999999999,2.3539459850217463,15.4,4.84,10.56,9.165,5.541061700399999,0.3801353025519074,-0.5469237800000001,1.7237078349177135,2.76,-4.03,6.79,-0.187,2.9711687001567118,-0.26884332536894273,0.90708654,2.443003390253036,8.55,-3.09,11.64,0.28200000000000003,5.968265564787829,1.0872619232884204,10.212240000000001,2.143688546034615,15.8,6.11,9.690000000000001,9.625,4.595400582400001,0.547193464896736,walking,Data_Walking_SweaterPocket_Sachin.csv
9.87608,2.4507664583962296,15.4,5.41,9.99,9.165,6.006256233599999,0.3665538036175516,-0.39036519599999997,1.103069283254633,1.23,-3.17,4.4,-0.07569999999999999,1.2167618436598895,-0.7277715475591479,1.23737518,2.2146814796643257,9.45,-2.43,11.879999999999999,0.918,4.904814056368168,1.1303839157636217,10.304619999999998,2.2687646981562453,15.5,5.71,9.79,9.63,5.147293255599999,0.411643774223476,walking,Data_Walking_SweaterPocket_Sachin.csv
9.41732,2.436505534079494,14.4,3.76,10.64,8.795,5.9365592176,0.25926121613019254,-0.40995099999999995,1.5037450783944064,2.62,-4.34,6.96,0.057999999999999996,2.2612492607954,-0.6496873998245519,1.41497768,2.4660200481698884,9.88,-2.16,12.040000000000001,0.844,6.081254877975818,1.0583907359677232,10.02092,2.163495956455662,14.5,5.77,8.73,9.42,4.680714753599999,0.4285127270674841,walking,Data_Walking_SweaterPocket_Sachin.csv
9.67052,2.144907767154569,16.4,6.22,10.18,9.265,4.600629329599999,0.9349036614271989,-0.49703503999999993,1.7339277842681333,4.66,-5.14,9.8,-0.476,3.0065055610569984,0.1738655025455449,1.266146896,2.539954431922544,7.93,-4.24,12.17,0.977,6.451368516242973,0.451212493419171,10.253719999999998,2.0622753845207,16.5,7.36,9.14,9.934999999999999,4.2529797616,0.8075322291312114,walking,Data_Walking_SweaterPocket_Sachin.csv
9.41244,2.164106107934636,13.7,4.77,8.93,9.1,4.6833552464,0.06429338995142225,-0.4553122,1.2627752808600428,1.76,-3.17,4.93,-0.3195,1.59460140995116,-0.17897661855009137,1.49675866,2.746123909857092,8.72,-5.41,14.13,0.973,7.541196528288803,0.29535180752788986,10.015760000000002,2.141429060790948,14.5,5.89,8.61,9.504999999999999,4.5857184224,0.2120318443641468,walking,Data_Walking_SweaterPocket_Sachin.csv
9.580099999999998,2.6436736920429493,15.1,4.21,10.89,9.39,6.9890105899999995,0.17957610925575315,-0.395541,1.3120472618541603,2.66,-3.71,6.37,-0.3625,1.7214680173389998,-0.13758673879460162,1.4002569759999999,2.7260961075183583,9.54,-2.62,12.16,1.02,7.431599987426743,0.7690336456919995,10.198619999999998,2.4562108817444805,15.2,5.77,9.43,10.1,6.032971895599999,0.19487998236445628,walking,Data_Walking_SweaterPocket_Sachin.csv
9.62152,2.5158803806222583,14.7,3.55,11.149999999999999,9.21,6.3296540896,-0.030017889869507004,-0.352269,1.508805229823452,3.91,-4.24,8.15,-0.142,2.2764932215425997,-0.15443621615422307,1.1828079200000001,2.758254165009975,10.1,-4.48,14.58,0.6315,7.607966038794874,0.9686554064965267,10.21076,2.4518567295827056,15.3,4.91,10.39,10.149999999999999,6.0116014224,0.03649879787022456,walking,Data_Walking_SweaterPocket_Sachin.csv
9.61954,2.9288663316034076,16.1,3.73,12.370000000000001,8.795,8.5782579884,0.1923982151560169,-0.39231154,1.3111544067517862,1.92,-4.21,6.13,-0.223,1.7191258783446284,-0.48421674746048443,1.3968044,2.494047269171264,9.55,-3.23,12.780000000000001,0.985,6.2202717808606405,0.8463529903528997,10.179099999999998,2.7342594225859402,16.1,4.42,11.680000000000001,9.33,7.47617459,0.2747743561459915,walking,Data_Walking_SweaterPocket_Sachin.csv
9.64456,2.568800110246027,15.1,3.63,11.469999999999999,9.22,6.5987340064,0.06229573138903393,-0.2885432,1.247929538600381,1.9,-3.45,5.35,0.0338,1.55732813331136,-0.6189063365298458,1.4085332160000001,2.6077743867620344,9.51,-2.96,12.469999999999999,0.9444999999999999,6.800487252252106,0.8379528032721568,10.21624,2.3771457385696824,15.2,5.16,10.04,10.1,5.6508218624,0.16198743317457148,walking,Data_Walking_SweaterPocket_Sachin.csv
9.60848,2.5720293329587047,15.7,4.62,11.079999999999998,8.870000000000001,6.615334889600001,0.4887035156815357,0.015629599999999983,1.7143812655659347,3.11,-4.65,7.76,0.572,2.939103123723456,-0.801801776312087,1.722243,2.506415396451873,9.64,-2.25,11.89,1.3650000000000002,6.282118139571001,0.8171260195966303,10.28208,2.326845777785885,15.9,6.1,9.8,9.765,5.4142112736,0.6040580488065311,walking,Data_Walking_SweaterPocket_Sachin.csv
9.659419999999999,2.333800904875992,13.9,4.71,9.190000000000001,9.29,5.4466266636,0.006110847080303531,-0.19414234000000002,1.2768746330052627,2.15,-3.64,5.79,0.004205,1.6304088284123246,-0.5802527485395191,1.4281727759999998,2.688620171411325,9.23,-2.67,11.9,0.8145,7.2286784261198616,0.7566784696296656,10.24574,2.162960113455632,14.2,5.75,8.45,10.2,4.6783964524,-0.0009075942480365395,walking,Data_Walking_SweaterPocket_Sachin.csv
9.76804,2.487176824916154,14.2,4.24,9.959999999999999,9.245000000000001,6.1860485584,-0.031357011866559266,-0.3599128,1.1528474509475048,1.53,-3.13,4.66,-0.10565,1.3290572451561598,-0.5748503872174046,1.2200644360000001,2.527586817616362,8.69,-3.03,11.719999999999999,0.7075,6.388695120588009,0.7495370756425918,10.28392,2.280283630077627,14.6,5.88,8.719999999999999,9.98,5.199693433599999,0.13666222435583422,walking,Data_Walking_SweaterPocket_Sachin.csv
9.49772,2.621959954232711,15.2,3.77,11.43,8.835,6.8746740016,0.06498219343522155,-0.56386166,1.1318073715505852,2.34,-3.64,5.98,-0.3785,1.2809879262962443,-0.28577003509174503,1.4279135200000002,2.5835058675327236,9.01,-3.31,12.32,0.832,6.67450256757601,0.6845719239685601,10.09482,2.3362139815522034,15.7,5.61,10.09,9.37,5.457895767599999,0.3947754033603953,walking,Data_Walking_SweaterPocket_Sachin.csv
9.858880000000001,2.383057520413639,14.4,3.67,10.73,9.515,5.6789631456,-0.08424006720573646,-0.1894782,1.2176645753510118,2.37,-2.37,4.74,-0.1475,1.48270701806476,0.004774483810091851,1.12284132,1.983843241035606,6.16,-3.26,9.42,0.82,3.9356340050026577,0.4146087498182208,10.21254,2.2988212084457547,15.1,5.7,9.399999999999999,9.68,5.2845789484,0.3238197622043356,walking,Data_Walking_SweaterPocket_Sachin.csv
9.31862,2.151365495586466,14.3,3.86,10.440000000000001,9.125,4.6283734956,0.03912799909866833,-0.617037364,1.2422964677869528,1.72,-4.24,5.96,-0.576,1.5433005138759395,-0.3641366663295182,1.9210429800000002,2.0080398135447712,8.75,-1.56,10.31,1.63,4.0322238927809195,0.9751721417875858,9.89094,1.8038986990404977,14.7,5.69,9.009999999999998,9.465,3.2540505164,0.4787835984030155,walking,Data_Walking_SweaterPocket_Sachin.csv
9.88002,2.5376042637889777,15.5,3.35,12.15,10.2,6.439435399600001,-0.37509859736110884,-0.59593926,1.489145111113236,2.02,-4.21,6.23,-0.314,2.2175531619524524,-0.3757850808833848,1.6557645599999997,2.188769125472307,7.81,-2.38,10.19,1.475,4.790710284620807,0.492052224940314,10.47518,2.112970271347896,15.8,5.71,10.09,10.5,4.464643367600001,0.06840166101564095,walking,Data_Walking_SweaterPocket_Sachin.csv
9.6172,1.4509666295266752,12.4,6.37,6.03,9.42,2.1053041599999998,-0.03600268442468878,-0.09406569999999999,1.1879355818385566,2.65,-3.31,5.96,-0.1155,1.4111909465981103,-0.4144742593996539,1.17856964,1.7794796888620759,7.22,-3.0,10.219999999999999,0.943,3.16654796307267,0.7786254411125435,9.93494,1.3807379897721364,12.8,7.2,5.6000000000000005,9.9,1.9064373964,0.14318464840527767,walking,Data_Walking_SweaterPocket_Sachin.csv
9.509619999999998,2.6250206962231744,15.2,2.6,12.6,9.295,6.8907336556,-0.3601701794815626,-0.49633162,1.3871231747545623,2.08,-3.52,5.6,-0.405,1.9241107019411756,-0.15070551784566202,1.30798406,2.524774679141827,7.01,-3.12,10.129999999999999,1.43,6.374487180435716,0.3412787223241544,10.1264,2.2390807578111156,15.3,4.99,10.31,9.719999999999999,5.01348264,0.1384012699502467,walking,Data_Walking_SweaterPocket_Sachin.csv
9.684779999999998,2.478863399140824,14.8,3.26,11.540000000000001,9.7,6.144763751599999,-0.2863969214089932,-0.14494156000000002,1.7025251836811008,3.55,-4.49,8.04,-0.0625,2.898592001068366,-0.2334982156762448,1.4170798199999999,1.8413965853191343,7.17,-2.15,9.32,1.1549999999999998,3.3907413844249676,0.2787427844752236,10.14718,2.3092270238328667,14.9,4.58,10.32,10.1,5.3325294476,0.0044665568687899,walking,Data_Walking_SweaterPocket_Sachin.csv
9.578520000000001,1.703979873590061,12.6,4.35,8.25,9.415,2.9035474096000002,-0.5361290891560386,-0.18873602000000003,1.3071912226398859,2.47,-3.26,5.73,-0.2995,1.7087488925467595,0.07223372682267008,1.4943438599999999,1.9682244894904901,7.18,-2.64,9.82,0.998,3.8739076410301005,0.4133763207817729,10.01922,1.4775234656681429,12.7,7.3,5.3999999999999995,9.74,2.1830755915999998,0.15576106700940043,walking,Data_Walking_SweaterPocket_Sachin.csv
9.62164,2.0227282838779903,13.2,5.0,8.2,9.53,4.0914297104,-0.36100281846176097,-0.615190376,1.5320801385098584,2.85,-4.21,7.0600000000000005,-0.511,2.347269550816387,-0.178825249916229,1.8038186999999999,1.9865697068324861,6.69,-1.22,7.91,1.59,3.94645920010451,0.4424986002105029,10.17676,1.7354844575506863,13.6,6.2,7.3999999999999995,9.995000000000001,3.0119063024,0.08247917433090629,walking,Data_Walking_SweaterPocket_Sachin.csv
9.635319999999998,2.4186582432414876,15.5,2.92,12.58,9.524999999999999,5.8499076976,-0.24499834998425754,-0.25831020000000005,1.73186428199093,3.33,-4.17,7.5,0.012,2.99935389123596,-0.3328424257939536,2.08800072,2.268048762560603,8.98,-1.98,10.96,1.685,5.144045189352681,0.7417763190272844,10.327860000000001,2.143067152564287,15.7,5.8,9.899999999999999,9.91,4.5927368204,0.1747774168475318,walking,Data_Walking_SweaterPocket_Sachin.csv
9.53198,2.217079042253568,14.7,4.43,10.27,9.23,4.9154394796,0.12454809349380172,-0.1786508,1.2213849155689454,2.11,-3.39,5.5,-0.237,1.4917811119793598,-0.372816058003797,1.606905584,2.076876751508242,8.71,-1.09,9.8,1.14,4.313417040955427,1.268512363829179,10.008679999999998,2.0160927204868333,14.9,6.11,8.79,9.52,4.0646298576,0.35905587472211703,walking,Data_Walking_SweaterPocket_Sachin.csv
9.52772,1.972984338914022,14.0,4.76,9.24,9.09,3.8926672016,0.27515759147419544,-0.14898502400000002,1.2190170445830228,2.29,-3.21,5.5,-0.04935,1.4860025549839275,-0.2983466387848833,1.6067339600000001,2.0654979117432966,8.29,-1.62,9.91,0.97,4.266281623415918,0.9655551179089621,9.98844,1.8000737669328999,14.4,6.07,8.33,9.4,3.2402655663999997,0.41584343151938263,walking,Data_Walking_SweaterPocket_Sachin.csv
9.442260000000001,2.181303072110797,13.7,3.95,9.75,9.600000000000001,4.758083092400001,-0.3280707684790899,-0.43936356,1.5011634091177837,2.9,-4.82,7.720000000000001,-0.2555,2.253491580874126,-0.4002970033912913,1.6242351999999998,2.4909086550897364,8.61,-4.94,13.55,1.54,6.20462592800096,0.14957434831768562,10.05034,2.0526765172330492,15.0,4.72,10.280000000000001,10.0,4.2134808844,-0.0020221736536179804,walking,Data_Walking_SweaterPocket_Sachin.csv
9.62032,2.3721520814652672,15.1,3.58,11.52,9.2,5.6271054976,0.030571501804802084,-0.25556898,1.6254436391170133,2.91,-5.5,8.41,-0.0236,2.6420670239459594,-0.6298799227822224,1.5295902000000001,2.18689572312078,8.08,-2.02,10.1,1.26,4.782512903803959,0.5455780468186313,10.15318,2.2151049834262935,15.7,5.59,10.11,9.9,4.9066900876,0.25393902082164105,walking,Data_Walking_SweaterPocket_Sachin.csv
9.693480000000001,2.544490104048353,15.4,3.83,11.57,9.32,6.4744298896,0.15585827904530702,-0.20205898000000003,1.3223567620904577,2.53,-3.59,6.119999999999999,-0.09945,1.7486274062463596,-0.4178583472450611,1.5560730400000002,2.39686590212927,8.88,-2.71,11.59,0.892,5.744966152789959,0.7638050393601044,10.25674,2.2895646687525555,15.6,5.7,9.899999999999999,9.945,5.242106372399999,0.3063667086982685,walking,Data_Walking_SweaterPocket_Sachin.csv
9.694759999999999,2.8373590788618914,17.8,2.48,15.32,9.24,8.0506065424,0.17268241182204663,-0.31758552,1.698434725580094,4.75,-4.34,9.09,-0.1935,2.884680517056329,-0.055035376807811835,1.4730340000000002,2.7964675874351914,10.3,-5.35,15.65,0.719,7.820230967575599,0.6673792073420697,10.407119999999999,2.5950464553837955,18.1,5.25,12.850000000000001,10.1,6.734266105600001,0.4731152953623757,walking,Data_Walking_SweaterPocket_Sachin.csv
9.655560000000001,2.4405912165702803,14.7,3.89,10.809999999999999,9.65,5.9564854864,-0.061827466438282803,-0.29598834,1.2338954451272781,2.18,-3.6,5.78,-0.11349999999999999,1.522497969505844,-0.3347553064849942,1.5745700839999999,2.387945269812489,6.9,-2.22,9.120000000000001,1.22,5.702282611619841,0.43161742590803087,10.20544,2.195147468030337,14.8,5.94,8.86,10.1,4.818672406399999,0.16106414701498362,walking,Data_Walking_SweaterPocket_Sachin.csv
9.606959999999999,2.195363103998972,14.7,4.76,9.94,9.21,4.819619158400001,0.566861055105988,-0.2786282199999999,1.8363548429171939,4.06,-4.93,8.989999999999998,-0.127,3.3721991091054315,-0.2405570949414234,1.1585267400000003,2.434827116439024,7.34,-4.27,11.61,0.6925,5.928383086946773,0.466475431585331,10.16094,2.1364613070214964,15.5,5.48,10.02,9.71,4.564466916400001,0.5933734918789725,walking,Data_Walking_SweaterPocket_Sachin.csv
9.724639999999999,2.095240814417283,14.8,5.66,9.14,9.225000000000001,4.3900340704,0.2208032449443247,-0.17976054,1.3473005306565824,2.54,-3.5,6.04,-0.0601,1.8152187199075085,-0.2521154550071425,0.5761952000000001,2.3813535832330652,6.83,-4.37,11.2,0.3295,5.670844888376959,0.23673530209285193,10.14266,1.9942993567666818,15.1,7.16,7.9399999999999995,9.705,3.9772299244000004,0.36621941702482835,walking,Data_Walking_SweaterPocket_Sachin.csv
9.93892,2.08814550106069,14.1,5.1,9.0,9.295,4.3603516336000006,0.2495864055998336,0.19029723999999998,1.40661892787378,2.52,-3.28,5.8,0.3675,1.9785768082527821,-0.6313977415279312,0.6527856199999998,2.3404989683521364,6.48,-4.54,11.02,0.14550000000000002,5.477935420857416,0.5457792969262435,10.33212,2.0704217699782816,14.7,6.67,8.03,9.725000000000001,4.286646305600001,0.36621533814068147,walking,Data_Walking_SweaterPocket_Sachin.csv
9.59924,2.029604449738914,14.0,4.81,9.190000000000001,9.25,4.1192942224,0.07208105837909887,-0.4616889599999999,1.4642132378499104,3.48,-3.44,6.92,-0.2725,2.143920405894918,0.201042133970884,0.40370396000000014,2.8770148621001455,7.27,-5.21,12.48,-0.1765,8.277214516745119,0.6376260974157641,10.14866,2.0128587641461584,14.6,5.85,8.75,9.754999999999999,4.0516004044,0.23997472148672364,walking,Data_Walking_SweaterPocket_Sachin.csv
9.64452,3.1276870638860275,18.5,2.51,15.99,9.11,9.7824263696,0.48810387815141687,-0.3622871200000001,2.1318348941087595,3.6,-7.29,10.89,-0.20950000000000002,4.544720015739705,-0.6381747889736753,1.0007316,2.507731895725984,8.69,-3.9,12.59,0.7444999999999999,6.2887192608414395,0.5255785980158351,10.271960000000002,3.0519545472369014,18.6,3.76,14.840000000000002,9.364999999999998,9.3144265584,0.7250494006751268,walking,Data_Walking_SweaterPocket_Sachin.csv
9.44804,2.4897427494421986,14.8,3.43,11.370000000000001,8.715,6.1988189583999995,0.07431818609392835,-0.36988432,1.1929779322402143,2.01,-3.3,5.31,-0.389,1.4231963468121376,-0.09266259116823701,0.8415894999999999,2.755520217131413,7.63,-4.84,12.469999999999999,0.158,7.59289166701995,0.40595271076629913,9.98952,2.354104281802316,15.0,4.37,10.629999999999999,9.14,5.5418069696,0.21317489826080266,walking,Data_Walking_SweaterPocket_Sachin.csv
9.62926,2.4494411714511535,15.0,4.54,10.46,9.06,5.9997620523999995,0.2493592781556076,-0.38164592,1.6658713585714093,2.49,-4.21,6.7,-0.187,2.7751273833085532,-0.3732794101355288,0.99462754,2.9585751608130133,7.98,-4.7,12.68,0.2175,8.753166982179748,0.6703579997770176,10.268740000000001,2.44325148365861,15.6,5.59,10.01,9.445,5.969477812399999,0.4058196668253281,walking,Data_Walking_SweaterPocket_Sachin.csv
9.57634,2.785561488174332,16.4,3.23,13.169999999999998,9.44,7.7593528044,0.1533366629989137,-0.3024505599999999,1.9124921331792417,3.3,-4.82,8.120000000000001,-0.10325,3.6576261594724864,-0.11209039673936115,1.68734214,2.6903013074511226,9.37,-2.54,11.91,1.005,7.23772112487322,0.9909810797337177,10.2981,2.687252312307127,16.9,4.37,12.529999999999998,9.815000000000001,7.22132499,0.2801757384114492,walking,Data_Walking_SweaterPocket_Sachin.csv
9.546040000000001,3.31513322785073,19.9,1.16,18.74,9.45,10.9901083184,0.41976119481837526,-0.24601023999999996,1.981403329012027,3.34,-4.84,8.18,0.17049999999999998,3.9259591522199426,-0.391007245644085,1.1369828160000002,2.9526924048542744,10.2,-3.81,14.01,0.23,8.718392437684118,0.813723235023557,10.2642,3.2836204348249507,20.9,3.69,17.209999999999997,10.0,10.78216316,0.7078443340829702,walking,Data_Walking_SweaterPocket_Sachin.csv
9.59134,4.195466696852687,21.6,3.56,18.040000000000003,8.89,17.6019408044,0.5410168268728724,-0.284925736,2.674162616184189,5.25,-6.84,12.09,0.163,7.151145697797066,-0.39141598451241966,0.83795444,3.7430878345148524,9.86,-6.1,15.959999999999999,-0.15100000000000002,14.010706536893085,0.7497745931452798,10.565299999999999,4.45958855837621,22.7,3.63,19.07,10.2,19.887930110000003,0.3204258854987028,walking,Data_Walking_SweaterPocket_Sachin.csv
9.69124,3.506370953336227,18.6,4.32,14.280000000000001,9.39,12.2946372624,0.3624580497147551,-0.32366459999999997,2.611552854346785,4.1,-8.28,12.379999999999999,0.038000000000000006,6.820208311046841,-0.8692580379384844,0.6877627999999999,3.7732141659248764,11.4,-8.55,19.950000000000003,-0.1205,14.237145141936159,0.5230281996322823,10.633220000000001,3.8398924244827484,19.3,4.34,14.96,10.4,14.7447738316,0.2316864175983604,walking,Data_Walking_SweaterPocket_Sachin.csv
9.810619999999998,3.482883606381356,17.7,3.72,13.979999999999999,9.945,12.1304782156,0.021976215569539992,-0.45625375999999995,2.1273836315913175,3.59,-6.35,9.94,-0.0565,4.525761115962662,-0.7410324106751252,0.82368876,3.8855126983174384,11.7,-6.6,18.299999999999997,-0.45999999999999996,15.097208928786062,0.7267950849607118,10.684100000000003,3.8434705397596063,19.7,3.91,15.79,11.3,14.772265789999999,-0.041375474082207674,walking,Data_Walking_SweaterPocket_Sachin.csv
9.72944,3.710453407118866,16.6,3.52,13.080000000000002,9.65,13.7674644864,-0.025553874030653314,-0.6315544999999999,2.4860104728957095,3.56,-8.47,12.030000000000001,-0.151,6.18024807134715,-0.6759644307241658,0.977407064,3.7703743649441375,11.4,-7.48,18.880000000000003,0.0622,14.215722851827907,0.7143179358915291,10.634319999999999,4.129759912827863,18.4,3.92,14.479999999999999,11.4,17.054916937599998,-0.14951276823538331,walking,Data_Walking_SweaterPocket_Sachin.csv
9.492940000000003,3.126786522358058,15.4,3.4,12.0,9.344999999999999,9.7767939564,0.11735009440631737,-0.38405996,1.9995463898648607,2.73,-5.9,8.63,0.3765,3.9981857652215975,-0.871125998754317,0.77597022,3.2714112859396556,11.5,-6.2,17.7,-0.1725,10.702131801773351,0.8848466914067746,10.21268,3.3252137401376167,17.2,5.07,12.129999999999999,9.82,11.057046417599999,0.22204216238248195,walking,Data_Walking_SweaterPocket_Sachin.csv
9.5968,3.144462268814813,16.3,4.22,12.080000000000002,9.315000000000001,9.88764296,0.21608086574247715,-0.44594274000000006,1.7044414844362046,3.62,-5.01,8.629999999999999,-0.182,2.9051207738670923,-0.2291201122330795,0.7277043800000002,3.3328760717747987,11.3,-6.37,17.67,-0.387,11.108062909809014,0.8570304960259533,10.31828,3.204359880163275,16.8,5.61,11.190000000000001,9.875,10.267922241599997,0.21944713885911907,walking,Data_Walking_SweaterPocket_Sachin.csv
9.8642,3.1846010048356135,17.1,3.66,13.440000000000001,9.955,10.141683559999999,-0.03736907836894291,-0.4188363999999999,1.7220770908983836,2.83,-5.45,8.280000000000001,-0.437,2.9655495069970397,-0.5508819298717471,0.8578664199999998,3.805174403853335,11.5,-8.22,19.72,-0.4615,14.479352243740584,0.5833100624554874,10.6718,3.4528029715001116,17.1,3.83,13.270000000000001,11.4,11.92184836,-0.25910916081381324,walking,Data_Walking_SweaterPocket_Sachin.csv
9.614019999999998,3.4478518587085496,19.2,4.44,14.759999999999998,9.285,11.887682439599999,0.5889341569664895,-0.36304872,1.973022563239448,4.43,-4.89,9.32,-0.4575,3.8928180350519614,0.19556805995836926,0.6335550360000001,3.477610596201801,9.97,-6.03,16.0,-0.5555000000000001,12.093775458815045,0.8791040145084786,10.35122,3.7014805566961986,20.3,4.67,15.63,10.1,13.700958311599999,0.4638666039297302,walking,Data_Walking_SweaterPocket_Sachin.csv
9.4572,3.0790007729781426,15.8,4.35,11.450000000000001,8.864999999999998,9.48024576,0.2917319335011591,-0.25060744399999996,2.0219574228246735,4.16,-6.49,10.65,-0.163,4.088311819715795,-0.6272549275159138,0.5054175999999999,2.9585779110867167,8.36,-4.94,13.3,-0.537,8.75318325597024,0.8524185059388959,10.05552,3.3108812013722266,16.5,4.59,11.91,9.86,10.9619343296,0.06675162542455931,walking,Data_Walking_SweaterPocket_Sachin.csv
9.53138,3.5593169984703525,19.2,3.77,15.43,8.65,12.6687374956,0.8696784164616238,-0.55923398,2.2081539738173968,3.94,-5.68,9.62,-0.09720000000000001,4.87594397208556,-0.4853710194318295,0.8540482399999998,3.3639683186199747,12.2,-6.25,18.45,-0.012835,11.3162828486789,0.914718586940223,10.32406,3.767150238097759,20.4,5.44,14.959999999999997,9.260000000000002,14.1914209164,0.6656924628923229,walking,Data_Walking_SweaterPocket_Sachin.csv
9.707360000000001,2.040132209049208,14.1,4.06,10.04,9.83,4.162139430400001,-0.2954177734345245,0.03184885600000001,1.674259507914021,2.64,-4.22,6.859999999999999,0.261,2.8031448998404995,-0.7013328450751775,1.81197396,2.5759167339109235,8.18,-3.98,12.16,1.72,6.635347020042319,0.4253825345072154,10.342459999999999,2.046415145663264,15.9,6.55,9.350000000000001,10.1,4.1878149484,0.43654112668462475,walking,Data_Walking_SweaterPocket_Sachin.csv
9.93254,2.3337824552429907,18.1,4.25,13.850000000000001,9.61,5.446540548400001,0.9884750803966202,0.09986095999999992,1.295308076350286,2.58,-2.44,5.02,0.0592,1.6778230126582785,-0.013803251094690128,1.48843944,1.7255730279120864,4.97,-1.84,6.81,1.2,2.9776022746576865,0.325158787286283,10.31408,2.1325199538574076,18.4,6.57,11.829999999999998,10.0,4.5476413536,1.4998648078927745,walking,Data_Walking_SweaterPocket_Sachin.csv
9.411400000000002,2.1929333870412027,16.3,4.01,12.290000000000001,9.15,4.8089568400000005,0.6222968835619649,-0.07555664000000002,1.4627713342463033,3.71,-3.04,6.75,-0.0428,2.1396999762927105,0.26865842634907305,1.51902776,2.240389603886472,7.8,-1.95,9.75,1.025,5.019345577202583,0.6610175026141635,9.954419999999999,1.9400698604947195,16.3,6.45,9.850000000000001,9.504999999999999,3.7638710636000003,1.0323905454232316,walking,Data_Walking_SweaterPocket_Sachin.csv
9.088460000000001,1.901700246726597,16.4,4.32,12.079999999999998,8.99,3.6164638284,0.7066735061184908,-0.46724699999999997,1.5993271422880937,2.48,-4.01,6.49,-0.616,2.5578473080594,0.004414198215391278,3.669388,2.238312788118765,8.43,-2.72,11.15,3.4299999999999997,5.010044137455999,0.09654985822195027,10.23024,1.6694182047647619,16.6,5.79,10.810000000000002,9.74,2.7869571424000004,0.9790972115575005,walking,Data_Walking_SweaterPocket_Sachin.csv
9.691040000000001,2.225756257634694,17.2,4.18,13.02,9.31,4.9539909184,0.8700767230856001,-0.417177,1.839385852791904,4.34,-4.26,8.6,-0.504,3.383340315451,0.09043910027733702,1.9637809040000003,1.4356088989994282,5.13,-0.995,6.125,2.0,2.060972910886351,0.08266080174975421,10.21682,1.9955156946513852,17.2,7.13,10.07,9.79,3.9820828876000003,1.3893043691579916,walking,Data_Walking_SweaterPocket_Sachin.csv
9.261299999999999,2.6819094895242084,15.7,3.0,12.7,9.434999999999999,7.19263851,0.06937279905752829,-0.8983831800000001,1.8814170390142873,2.04,-5.64,7.68,-0.5954999999999999,3.539730074693288,-0.7847824432613987,1.41008378,2.6432734262518345,7.12,-4.98,12.100000000000001,1.2850000000000001,6.986894405929112,0.015492037112394288,9.961559999999999,2.6470564720836616,16.3,4.28,12.02,9.975000000000001,7.0069079664,0.23501652350541252,walking,Data_Walking_SweaterPocket_Sachin.csv
9.60444,1.9171448266628164,14.9,5.4,9.5,9.53,3.6754442864,0.7099525464188989,0.33033063999999995,1.3877111554592299,2.55,-4.24,6.79,0.414,1.9257422509859905,-1.0658331915205845,1.092003784,2.155657736682957,6.4,-2.04,8.440000000000001,0.8425,4.646860277721089,0.5179824854457798,10.00238,1.9442759412182211,15.3,6.16,9.14,9.675,3.7802089355999997,0.6412753251352142,walking,Data_Walking_SweaterPocket_Sachin.csv
9.473040000000001,2.778299112478712,15.8,5.07,10.73,9.620000000000001,7.718945958400001,0.28129029412718587,-0.04938297999999997,1.8966942162115958,4.89,-4.04,8.93,-0.0685,3.5974489498105195,0.1600139150287308,0.7803017999999999,3.320776405208029,9.93,-5.6,15.53,-0.047850000000000004,11.02755593338636,0.7029536226047072,10.227080000000003,2.835225048139918,16.5,5.46,11.04,10.2,8.0385010736,0.23245443056477777,walking,Data_Walking_SweaterPocket_Sachin.csv
9.87898,3.840295452123443,18.8,3.09,15.71,9.695,14.747869159599999,0.3314423504833738,-0.16692874,2.4114476626049783,5.88,-5.38,11.26,-0.182,5.815079829483013,0.01276758636791535,0.7423800199999998,3.327775416841858,10.5,-8.94,19.439999999999998,-0.027200000000000002,11.074089224937,0.6263614383476228,10.65472,4.03590962753132,20.5,3.36,17.14,10.6,16.2885665216,0.24416786927288725,walking,Data_Walking_SweaterPocket_Sachin.csv
9.85858,3.535159202016226,17.5,3.9,13.6,9.945,12.497350583600001,0.014956033342034249,0.04342384000000004,2.1234406626088833,4.51,-5.75,10.26,0.223,4.509000247620854,-0.13256811376113867,0.7854993960000002,3.3682809224556736,11.0,-5.01,16.009999999999998,-0.07894999999999999,11.345316372578843,0.7791531848828526,10.634280000000002,3.6159985732298074,17.9,4.08,13.819999999999999,11.649999999999999,13.075445681600002,-0.2546306280233276,walking,Data_Walking_SweaterPocket_Sachin.csv
9.536299999999999,3.35708220185327,16.8,4.4,12.4,9.485,11.27000091,0.10808644532419522,-0.15833029599999998,1.9004432930098072,4.34,-4.9,9.24,-0.1495,3.61168470994596,0.0035630261615594047,0.5186535999999999,3.4745044463530395,10.5,-5.72,16.22,-0.3685,12.07218114772704,0.6926298819931407,10.268220000000001,3.5682619623004137,17.3,4.46,12.84,10.5,12.7324934316,-0.07312883248144615,walking,Data_Walking_SweaterPocket_Sachin.csv
9.73628,3.4665931058605652,18.1,4.72,13.380000000000003,9.455,12.0172677616,0.3195087681681265,-0.040492639999999996,1.7865691410696174,4.33,-4.45,8.780000000000001,0.1455,3.19182929582223,-0.25257503743538123,0.33111300000000005,3.5869442465715293,8.95,-6.51,15.459999999999999,-0.23099999999999998,12.866169028012598,0.6279496391245446,10.45022,3.711464044228369,18.3,4.74,13.56,10.6,13.7749653516,0.10536454664614459,walking,Data_Walking_SweaterPocket_Sachin.csv
9.46968,2.8135920631107845,15.3,3.92,11.38,9.864999999999998,7.9163002976,-0.12918091288811262,-0.447573,2.0212305698190396,3.23,-5.54,8.77,-0.296,4.085373016370999,-0.3190803106497499,0.5551384,2.866451716649949,9.93,-6.09,16.02,0.287,8.216545443885439,0.6788105951732073,10.125639999999999,2.810465831566006,16.1,4.36,11.740000000000002,10.2,7.898718190400001,-0.127074686238452,walking,Data_Walking_SweaterPocket_Sachin.csv
9.861559999999999,2.6995844803228515,15.9,3.96,11.940000000000001,9.12,7.287756366400001,0.3140391410531611,-0.41484242000000005,1.4487023012094455,1.73,-4.93,6.66,-0.1625,2.0987383575295433,-0.8655390300850709,0.9472825799999999,2.565186823577718,9.44,-3.68,13.12,0.3735,6.580183439856744,1.0970507846093733,10.3754,2.5814524671200125,16.9,4.61,12.29,9.73,6.66389684,0.3700353800557862,walking,Data_Walking_SweaterPocket_Sachin.csv
9.544540000000001,2.3649201230485564,16.1,3.92,12.180000000000001,9.41,5.5928471883999995,0.08562617524173569,-0.18678980000000003,1.3306174783896234,1.88,-3.35,5.23,0.07600000000000001,1.7705428737959599,-0.4350125603073793,1.3355263400000001,1.9661108684972992,7.22,-1.92,9.14,0.7235,3.865591947223204,0.8354567998911713,9.970080000000001,2.182583147007234,16.1,4.81,11.290000000000003,9.835,4.763669193600001,0.26437589746049245,walking,Data_Walking_SweaterPocket_Sachin.csv
9.50694,2.4534616435558965,16.0,4.63,11.370000000000001,8.715,6.0194740364,0.4178660776531271,0.13279078000000005,1.0028135081016767,2.53,-1.98,4.51,0.2685,1.0056349320311915,-0.0009980693289917588,1.2594390599999998,2.1963434319523247,7.62,-3.01,10.629999999999999,0.8795,4.823924471080116,0.5978609264233207,9.903760000000002,2.386352920755855,16.1,5.73,10.370000000000001,8.9,5.694680262400001,0.4506295725545769,walking,Data_Walking_SweaterPocket_Sachin.csv
9.62824,2.746562888848533,17.8,3.29,14.510000000000002,8.895,7.543607702399999,0.6861086323646128,-0.17311746,1.2504881500694633,3.62,-3.16,6.78,0.164,1.5637206134641486,-0.0803316287454118,1.44152806,2.43596534530244,8.37,-1.83,10.2,1.14,5.933927163514436,0.7151794474260758,10.177400000000002,2.5004961987573586,17.8,5.95,11.850000000000001,9.6,6.25248124,0.8888073431845254,walking,Data_Walking_SweaterPocket_Sachin.csv
9.65794,2.7322234089473723,15.6,3.58,12.02,9.16,7.4650447564,0.227979121373186,-0.22741203200000001,1.2296897511400438,1.97,-3.75,5.72,-0.000598,1.512136884058863,-0.6642669762028655,1.3761978,2.568698874250456,9.07,-2.9,11.97,0.9995,6.59821390657556,0.7725686171263784,10.229,2.4761427664817712,15.8,5.32,10.48,9.815000000000001,6.131283,0.3996572600994384,walking,Data_Walking_SweaterPocket_Sachin.csv
9.63134,2.5947172494127373,16.2,3.05,13.149999999999999,8.99,6.7325576044,0.3368830000131599,-0.18820530000000002,1.642700623992001,2.98,-4.54,7.52,0.0763,2.6984653400637097,-0.39295802566461413,1.6384137559999998,2.5958987153088198,9.03,-2.13,11.16,0.8835,6.73869014014198,0.8910661229982538,10.327860000000001,2.244988556852796,16.3,7.07,9.23,9.83,5.0399736204,0.6991158130801584,walking,Data_Walking_SweaterPocket_Sachin.csv
9.711780000000001,2.466225665181514,15.8,4.7,11.100000000000001,8.82,6.0822690316,0.504783071163375,-0.29228094,1.3573650673999669,2.34,-3.27,5.609999999999999,-0.2065,1.8424399261977165,-0.1269222239732302,1.22582056,2.4604388164925552,9.11,-3.02,12.129999999999999,0.5805,6.053759169703286,1.004653999931819,10.223759999999999,2.3173711533545935,16.0,5.08,10.92,9.385000000000002,5.3702090624,0.5270627977915429,walking,Data_Walking_SweaterPocket_Sachin.csv
9.71744,2.624501218593735,15.0,4.49,10.51,9.3,6.8880066464,0.17736817261868654,-0.25990547999999997,1.1531740049411319,1.94,-2.85,4.79,-0.118,1.3298102856719698,-0.2592554634610788,1.3751106,2.173621516705436,7.84,-2.07,9.91,0.9365000000000001,4.72463049788484,1.0303038251857106,10.1905,2.3412907444399127,15.1,5.89,9.21,9.635000000000002,5.48164235,0.39725059005740176,walking,Data_Walking_SweaterPocket_Sachin.csv
9.630040000000001,2.62671680970751,15.7,4.36,11.34,8.754999999999999,6.8996411984,0.4426188367778454,-0.35368071999999995,1.3728338414633732,2.19,-3.37,5.5600000000000005,-0.14700000000000002,1.8846727562670818,-0.41772689604414553,1.4707294000000002,2.4081549246300664,8.81,-2.9,11.71,0.916,5.7992101410200405,0.851266692210771,10.1752,2.452787263502483,16.0,5.75,10.25,9.515,6.01616536,0.555790489149569,walking,Data_Walking_SweaterPocket_Sachin.csv
9.653220000000001,2.617860391923145,15.4,3.71,11.690000000000001,8.54,6.853193031600001,0.2604640137709476,-0.3689167,1.4154709623767312,2.28,-3.96,6.24,0.0592,2.00355804533171,-0.5650039168013344,1.4140408480000002,2.4816814830207488,9.82,-2.49,12.31,0.885,6.158742983168064,0.9556439967051911,10.23304,2.366592985369474,15.5,5.96,9.54,9.75,5.600762358399999,0.3909622588428043,walking,Data_Walking_SweaterPocket_Sachin.csv
9.642479999999999,2.5114509450913034,15.2,3.8,11.399999999999999,8.76,6.307385849600001,0.29181450387379737,-0.25033358000000006,1.4593753073738722,2.43,-3.92,6.35,0.0891,2.129776287772584,-0.41451968230815817,1.4295144,2.6144491394006195,10.3,-2.42,12.72,0.994,6.83534430251264,1.061144425879219,10.24606,2.3026676434952567,15.3,5.96,9.34,9.395,5.302278276399999,0.4341905791078229,walking,Data_Walking_SweaterPocket_Sachin.csv
9.5115,2.5206129314117227,14.2,3.19,11.01,9.13,6.353489549999999,-0.08811104327844933,-0.39658354,1.1840289816025908,1.69,-2.96,4.65,-0.4065,1.4019246292748684,-0.14471407571499081,0.9016846200000002,2.406483468111355,8.0,-4.58,12.58,0.285,5.791162682293256,0.45491719582515905,9.98376,2.313775326690126,14.7,4.89,9.809999999999999,9.3,5.3535562624,0.2457419602221086,walking,Data_Walking_SweaterPocket_Sachin.csv
9.811419999999998,2.4335153551190096,15.5,2.83,12.67,9.8,5.9219969836,-0.13437390933546567,-0.25846718399999996,1.3274180706044791,2.23,-4.68,6.91,-0.1785,1.762038734167318,-0.5910576884641209,0.8331964399999999,2.0436836554274556,8.05,-2.88,10.93,0.435,4.1766428834613265,0.5862932124530588,10.17866,2.2952548451969337,15.6,4.75,10.85,9.895,5.2681948044,0.15348253982655843,walking,Data_Walking_SweaterPocket_Sachin.csv
9.636779999999998,1.7256555367743587,13.7,5.9,7.799999999999999,9.645,2.9778870316000003,0.10951273581471281,-0.11913417999999996,1.5820549643930604,2.87,-3.56,6.43,0.12,2.5028979103607276,-0.2750456411790947,1.5651365000000002,1.5267909195628424,5.94,-1.51,7.45,1.645,2.33109051205955,0.38894115955136116,10.02604,1.6199224420940652,13.8,6.61,7.19,9.955,2.6241487184,0.17945917481595114,walking,Data_Walking_SweaterPocket_Sachin.csv
9.6941,1.2913322539145375,12.7,6.47,6.2299999999999995,9.82,1.66753899,-0.20040035723719965,-0.14494755999999992,1.296686894654853,3.65,-2.31,5.96,-0.3495,1.6813969027696463,0.8753466196172554,1.2007112,1.5045829049691346,4.56,-2.9,7.459999999999999,1.25,2.26376971792536,-0.16079793385716817,9.96872,1.304084491741237,13.7,6.8,6.8999999999999995,10.0,1.7006363616000004,0.2060394538230384,walking,Data_Walking_SweaterPocket_Sachin.csv
9.82304,2.741369504171227,16.2,2.68,13.52,9.69,7.5151067584,-0.1760153214573863,-0.35729976,1.4135152994670919,2.09,-5.09,7.18,0.0153,1.9980255018275426,-1.0908489761680464,1.414184584,1.8195566463798138,6.33,-1.88,8.21,1.4249999999999998,3.310786389384955,0.2298990837390462,10.26678,2.456849167450049,16.4,4.4,11.999999999999998,10.0,6.036107831599999,0.21092529541034485,walking,Data_Walking_SweaterPocket_Sachin.csv
9.46856,0.7256783904733556,10.6,6.97,3.63,9.67,0.5266091263999999,-1.993094280331961,-1.39635644,0.9187062063137085,1.96,-2.52,4.48,-1.66,0.8440210935193263,1.5646742947430308,1.4687359999999998,0.7080362351631447,3.75,0.18,3.57,1.375,0.501315310304,1.2793344194178622,9.75034,0.7453305873235045,10.9,7.22,3.6800000000000006,9.89,0.5555176844000002,-1.800696559507467,walking,Data_Walking_SweaterPocket_Sachin.csv
9.5825,0.7735473805785913,11.4,7.8,3.6000000000000005,9.69,0.59837555,-0.10342493577034832,-0.5393913199999999,1.253916906623504,1.57,-2.87,4.44,-0.6245,1.5723076087162573,-0.12392180642789634,1.089746,0.3057643103503089,1.91,0.543,1.367,1.08,0.093491813484,0.45734862750378763,9.7475,0.7452491865141484,11.5,8.0,3.5,9.82,0.55539635,-0.07022328183190231,walking,Data_Walking_SweaterPocket_Sachin.csv
9.91884,1.493415231742331,14.0,5.37,8.629999999999999,9.665,2.2302890544,0.2061047538364924,-0.12803751999999996,0.90860278082573,1.89,-2.02,3.91,-0.1685,0.8255590133242495,0.3048567237655353,0.9131627880000001,1.49536352704494,4.43,-2.0,6.43,0.5315000000000001,2.2361120780162826,0.4034043455034756,10.12312,1.4386432030215135,14.1,6.05,8.05,9.82,2.0696942656,0.3968443805467932,walking,Data_Walking_SweaterPocket_Sachin.csv
9.46254,1.7166659979157273,13.5,5.26,8.24,9.114999999999998,2.9469421484,0.09862690647521583,0.30386222,1.125305960627096,2.37,-2.84,5.21,0.5405,1.2663135050228715,-0.845511705562923,1.21558546,1.8858158600355412,6.6,-1.74,8.34,1.085,3.556301457961588,0.5424101579328402,9.808639999999999,1.6244989844256599,14.1,6.02,8.08,9.37,2.6389969504,0.3722547011415662,walking,Data_Walking_SweaterPocket_Sachin.csv
9.737260000000001,2.3983901876884004,15.1,4.1,11.0,9.645,5.7522754924,-0.003675663504901858,-0.011037639999999982,1.4350836433853014,2.81,-3.88,6.6899999999999995,0.0733,2.0594650635120306,-0.5150397133070415,1.0850166199999998,2.3121326305192738,7.97,-3.07,11.04,0.5025,5.345957301111976,0.9528901798235995,10.199399999999999,2.2577160228868465,15.1,5.19,9.91,10.0,5.09728164,0.1914290370782059,walking,Data_Walking_SweaterPocket_Sachin.csv
9.844959999999999,2.038787237158404,14.2,4.97,9.23,9.605,4.1566533984,-0.132995548328148,-0.09220147999999997,1.2537608537564928,2.04,-3.48,5.52,0.0942,1.5719162784122096,-0.7417821342410408,1.036659744,2.4794278032858434,8.44,-2.71,11.149999999999999,0.241,6.147562231706863,0.9822370993456293,10.30386,1.9192074667424572,14.3,6.08,8.22,10.1,3.6833573004,0.06301207736593406,walking,Data_Walking_SweaterPocket_Sachin.csv
9.64306,2.5046457706430263,17.0,3.8,13.2,9.395,6.2732504364,0.41763298681811234,-0.3949315399999999,1.5055399558280174,3.03,-3.85,6.88,-0.11649999999999999,2.266650558594628,-0.4158569315500069,1.2267342600000002,2.6414007720790975,8.71,-2.52,11.23,0.6315,6.976998038740053,0.7891993017579809,10.20786,2.441683931306425,17.8,5.35,12.450000000000001,9.91,5.9618204204,0.6190239290605315,walking,Data_Walking_SweaterPocket_Sachin.csv
9.4445,2.953108658684946,16.4,1.49,14.909999999999998,8.84,8.72085075,-0.04574297782648566,-0.28782859999999993,1.1769139179080346,2.72,-2.58,5.300000000000001,-0.1875,1.3851263701656398,0.1959976880854445,1.43283852,2.3076911479332347,7.33,-3.14,10.47,0.9355,5.325438434249411,0.5704355953269161,10.01468,2.5503824218340276,16.5,4.32,12.18,9.344999999999999,6.5044504976,0.3868414843695317,walking,Data_Walking_SweaterPocket_Sachin.csv
9.814680000000001,2.377288391760663,15.4,3.06,12.34,9.425,5.6515000976000005,0.0006147302688635141,-0.37233114,1.1739211467783093,1.82,-4.55,6.37,-0.164,1.3780908588533007,-0.8542088381981741,1.7352365,2.1432363315571035,8.08,-1.88,9.96,1.36,4.593461972906351,0.8218158321702955,10.31058,2.185957333435399,15.5,6.15,9.35,9.78,4.7784094636,0.4571638308636255,walking,Data_Walking_SweaterPocket_Sachin.csv
9.45384,2.252404682644751,14.8,3.97,10.83,9.04,5.0733268544,0.23669913065454007,-0.68739428,1.4865607579136757,2.46,-4.81,7.27,-0.3525,2.2098628869688817,-0.5015677913687872,1.14569234,2.582921265617503,8.8,-3.78,12.58,0.4655,6.671482264379124,0.7367396625785352,10.057920000000001,1.9988777035126486,14.9,6.44,8.46,9.62,3.9955120736,0.49167492322138084,walking,Data_Walking_SweaterPocket_Sachin.csv
9.46202,2.586181996611994,16.4,3.04,13.36,9.21,6.688337319600001,0.28399941433762127,-0.31272582,1.4342833484237094,2.03,-3.92,5.949999999999999,-0.0649,2.057168723565528,-0.4218028373323853,1.29901872,2.4032111918571704,8.76,-3.32,12.08,0.5015000000000001,5.775424032667561,0.9186447089197165,10.022860000000001,2.3106108327453154,16.6,5.06,11.540000000000003,9.52,5.3389224204,0.5663801013556782,walking,Data_Walking_SweaterPocket_Sachin.csv
9.569180000000001,2.91102077072631,16.6,2.17,14.430000000000001,9.024999999999999,8.4740419276,0.11350457718507846,-0.4355358,1.376018457281137,2.43,-4.81,7.24,-0.23349999999999999,1.8934267947783598,-0.7065416390534848,0.7475716,2.6552833511761866,8.36,-4.3,12.66,0.6285000000000001,7.05052967503344,0.47952167839677967,10.108460000000001,2.7603140090214375,16.7,4.61,12.09,9.645,7.6193334284,0.2712690125189338,walking,Data_Walking_SweaterPocket_Sachin.csv
9.748220000000002,2.3183685279954953,13.8,4.61,9.190000000000001,9.77,5.3748326316,-0.02813575062897526,-0.5090625200000001,1.1859411932677142,2.31,-3.32,5.63,-0.581,1.4064565138892497,0.07492669537104449,1.05123414,2.5760379604812234,6.56,-4.37,10.93,0.8035000000000001,6.63597157384026,0.15788275265009863,10.248280000000001,2.1882728901122,14.2,6.48,7.719999999999999,10.2,4.7885382416,0.11683412806078555,walking,Data_Walking_SweaterPocket_Sachin.csv
9.7219,2.721231226853021,16.4,2.81,13.589999999999998,9.18,7.405099389999999,0.315162085540977,-0.360796796,1.3283959257357507,2.24,-2.89,5.130000000000001,-0.33,1.7646357355113422,-0.0207204683968415,1.2441557199999997,2.6315935720716603,8.52,-3.72,12.24,0.9675,6.92528472856888,0.599822298342548,10.31852,2.4069733296403597,16.6,5.95,10.650000000000002,9.565000000000001,5.7935206096,0.7302133510689844,walking,Data_Walking_SweaterPocket_Sachin.csv
9.750919999999999,2.643751492406198,15.7,3.06,12.639999999999999,9.135000000000002,6.9894219536,-0.08030277013026238,-0.28068806,1.2209057658669797,2.01,-3.14,5.15,-0.04995,1.4906108891272363,-0.40168901221126946,1.16931916,2.569102506218328,8.75,-2.71,11.46,0.5469999999999999,6.600287687457294,0.8166845326859132,10.31008,2.296442900139257,15.8,5.21,10.59,10.1,5.2736499936,0.22999912278001056,walking,Data_Walking_SweaterPocket_Sachin.csv
9.602459999999999,2.5861543937669302,15.7,3.07,12.629999999999999,8.895,6.688194548399999,0.24307374907742704,-0.48243393999999995,1.5506983081570305,2.92,-4.69,7.61,-0.17099999999999999,2.4046652429210766,-0.6913439201213522,1.4793763799999997,2.335388300190419,8.37,-2.09,10.459999999999999,1.0750000000000002,5.454038512666295,0.827238555829904,10.213359999999998,2.1933036977126537,15.8,6.57,9.23,9.545,4.8105811104,0.65678171812544,walking,Data_Walking_SweaterPocket_Sachin.csv
9.57676,2.2304213732835327,14.4,4.05,10.350000000000001,9.015,4.9747795024000006,0.19245893329739064,-0.32689567999999997,1.3801048320582527,2.41,-3.97,6.380000000000001,-0.0712,1.9046893474705378,-0.7488747577912884,1.067159824,2.2065187160882402,7.97,-2.17,10.14,0.833,4.868724844447697,1.0151299632819082,10.03858,1.9906452681479943,14.4,6.58,7.82,9.545,3.9626685836,0.4622535314787622,walking,Data_Walking_SweaterPocket_Sachin.csv
9.74676,2.428375568646662,15.4,4.1,11.3,9.145,5.8970079023999995,0.392657043599535,-0.49717698,1.4006669330126558,2.97,-3.96,6.93,-0.284,1.9618678572350796,-0.27570015276953397,1.2937418600000001,2.4300792524453065,9.74,-2.31,12.05,0.762,5.90528517316514,1.274678131459586,10.287540000000002,2.1968579718315886,15.6,6.82,8.78,9.86,4.826184948400001,0.6407224274954282,walking,Data_Walking_SweaterPocket_Sachin.csv
9.62388,2.2199110220006566,14.2,4.05,10.149999999999999,9.065000000000001,4.9280049456,0.08459740971063683,-0.4444867800000001,1.1964832526598237,2.08,-3.84,5.92,-0.2425,1.4315721738954317,-0.3717550750129746,0.9914418199999998,2.55148794920597,9.92,-3.36,13.28,0.532,6.510090754943287,1.1235221765077805,10.1153,2.0829739580705273,14.8,6.0,8.8,9.870000000000001,4.338780509999999,0.27848742380973823,walking,Data_Walking_SweaterPocket_Sachin.csv
9.45248,2.534719284181189,15.7,2.49,13.209999999999999,8.72,6.424801849600001,0.1398984384204555,-0.27243554,1.2841789919489839,2.18,-3.36,5.54,-0.193,1.6491156833631082,-0.524888895346968,1.2611512400000002,2.3422511191123085,7.89,-2.22,10.11,0.7755000000000001,5.486140304982862,0.7862532993310026,9.959959999999999,2.3145185240995585,15.9,5.64,10.260000000000002,9.26,5.3569959983999995,0.5443654971894349,walking,Data_Walking_SweaterPocket_Sachin.csv
9.740639999999999,2.579831775600882,15.3,3.87,11.43,9.745000000000001,6.6555319904,0.11500834013508182,-0.567435864,1.3407885737038414,2.52,-3.96,6.48,-0.54,1.7977139993747815,-0.22795144384606164,0.7715090399999999,2.8580828497471304,9.63,-4.12,13.75,0.323,8.168637576018678,0.8564031929558024,10.31386,2.462066144602943,15.7,4.52,11.18,10.5,6.061769700399999,0.09505454137588747,walking,Data_Walking_SweaterPocket_Sachin.csv
9.806539999999998,2.7072856200260804,17.1,3.46,13.64,9.524999999999999,7.329395428399999,0.21051469788568594,-0.23679718399999997,1.4685710574452564,3.08,-3.84,6.92,-0.0739,2.1567009507658783,-0.39239374757816275,1.03952818,2.679398260408349,8.64,-5.52,14.16,0.2655,7.179175037879288,0.5779437272522929,10.380040000000001,2.491811308747113,17.3,5.34,11.96,10.2,6.2091235984,0.42060651646855257,walking,Data_Walking_SweaterPocket_Sachin.csv
9.63128,2.728591937538481,16.0,2.87,13.129999999999999,9.114999999999998,7.4452139616,0.07582056960404397,-0.27059936,1.185958478904211,2.38,-3.51,5.89,-0.299,1.4064975136847901,-0.32460603422581985,1.0595986160000002,2.6819045161025947,8.63,-3.5,12.13,0.48250000000000004,7.192611833491493,0.5936755002393849,10.177599999999998,2.5412283329130423,16.2,4.29,11.91,9.864999999999998,6.45784144,0.22401970583843547,walking,Data_Walking_SweaterPocket_Sachin.csv
9.725719999999999,2.759632671498147,16.0,2.63,13.370000000000001,8.975000000000001,7.6155724816,0.0739758286393442,-0.34326094,1.1204136039399542,1.58,-3.85,5.43,-0.0634,1.2553266438937165,-0.6527057188235855,0.6741221399999999,2.249061432316961,5.52,-3.09,8.61,0.09305,5.05827732633562,0.6561433800182589,10.130460000000001,2.5501343471276177,16.2,5.26,10.94,9.274999999999999,6.503185188400001,0.4228924489868354,walking,Data_Walking_SweaterPocket_Sachin.csv
9.77274,2.4284667369350563,15.3,4.34,10.96,9.07,5.8974506924,0.2570329252108466,-0.37295867600000004,1.1503409928456585,1.54,-3.92,5.46,-0.2925,1.3232843998211352,-0.3425972889094762,1.0468669800000001,2.752283304312599,9.55,-3.94,13.49,0.6245,7.575063387197879,0.8637026815299046,10.32682,2.210941176874681,15.5,6.59,8.91,9.97,4.8882608875999995,0.44340133361055284,walking,Data_Walking_SweaterPocket_Sachin.csv
9.452399999999999,2.2094348236596617,14.7,4.4,10.299999999999999,8.985,4.88160224,0.3709958027177915,-0.398017604,1.5690354553359547,2.52,-4.61,7.130000000000001,-0.115,2.4618722601013068,-0.5756435071449789,1.1069048000000004,2.625711231924973,9.61,-4.78,14.39,0.713,6.8943594734569595,0.8393128936924944,10.03694,2.053103123664274,14.9,6.2,8.7,9.55,4.2152324364,0.5894620768468845,walking,Data_Walking_SweaterPocket_Sachin.csv
9.44146,2.5511557514977405,15.1,3.45,11.649999999999999,8.725000000000001,6.5083956684,0.14808519088475763,-0.30096097999999993,1.4143082062696375,3.3,-3.98,7.279999999999999,-0.08524999999999999,2.0002677023216395,-0.326567431445307,1.3661848,2.411061875251019,8.81,-2.78,11.59,0.852,5.81321936628896,0.911867645960231,9.97838,2.4166913695381127,16.2,4.81,11.39,9.24,5.840397175599999,0.3475517548799526,walking,Data_Walking_SweaterPocket_Sachin.csv
9.78934,2.4502489188651833,14.0,3.6,10.4,9.43,6.0037197644,-0.2550335550917747,-0.3962978,1.0716340864643865,2.27,-3.06,5.33,-0.217,1.1483996152723601,-0.2908432809734804,1.1898543599999998,2.4149020553865514,7.88,-2.9,10.78,0.9524999999999999,5.83175193711019,0.5292244744575612,10.283700000000001,2.1483417116464505,14.2,5.99,8.209999999999999,10.25,4.61537211,-0.046229821957528866,walking,Data_Walking_SweaterPocket_Sachin.csv
9.785,2.750139087391763,15.9,2.23,13.67,9.385000000000002,7.5632649999999995,-0.3286047618392228,-0.47831653999999996,1.2164532538159567,1.95,-3.1,5.05,-0.367,1.4797585187194287,-0.1968618385030769,1.21059902,2.33612535325381,7.76,-2.78,10.54,0.964,5.457481666115239,0.6644009312253651,10.29222,2.460991765853758,16.1,3.95,12.150000000000002,10.25,6.0564804716,-0.13735567990564518,walking,Data_Walking_SweaterPocket_Sachin.csv
9.781279999999999,2.0651239095027685,14.4,6.2,8.2,9.09,4.264736761599999,0.2876450352269619,-0.40046094,1.3335563570858626,2.42,-3.51,5.93,-0.236,1.7783725575241165,-0.25215217935037254,0.6252827919999999,2.174567916189858,8.87,-2.99,11.86,0.461,4.7287456221223,1.4030420349221941,10.164639999999999,1.9150126031961252,14.6,6.83,7.77,9.745000000000001,3.6672732704,0.36740404578716906,walking,Data_Walking_SweaterPocket_Sachin.csv
9.38494,2.5630189613812844,16.2,3.67,12.53,9.004999999999999,6.569066196399999,0.43218492841653694,-0.41721216,0.8573999850390333,1.73,-2.76,4.49,-0.4875,0.7351347343449344,0.15619979272519824,1.416283,1.9783171112667959,6.38,-1.49,7.87,1.24,3.9137385927309998,0.5874734587590857,9.80584,2.3056205876943414,16.2,5.42,10.78,9.12,5.3158862944,0.7729597434545268,walking,Data_Walking_SweaterPocket_Sachin.csv
9.750020000000001,2.67516081752107,18.1,3.8,14.3,10.1,7.1564853996,0.23128492246358137,-0.38617124,0.8163576152368902,0.788,-2.11,2.8979999999999997,-0.1675,0.6664397559552624,-0.48823352861993935,1.03546064,1.7695370681317728,5.27,-1.57,6.84,0.483,3.13126143549239,0.8208597955536212,10.0745,2.405209751768024,18.2,5.32,12.879999999999999,10.1,5.78503395,0.6623834144940018,walking,Data_Walking_SweaterPocket_Sachin.csv
9.743259999999998,1.4448044754914071,13.4,6.95,6.45,9.55,2.0874599724,0.5669897287995065,-0.45042583999999997,1.2488327935354253,2.7,-2.84,5.54,-0.4415,1.5595833462094943,0.3313140868504159,1.2191553999999998,0.6603436813893504,2.52,-0.243,2.763,1.26,0.43605377755083996,-0.1603433636905811,9.93624,1.4102979339132564,13.6,7.29,6.31,9.78,1.9889402623999999,0.6068625058989101,walking,Data_Walking_SweaterPocket_Sachin.csv
9.609260000000003,0.5823683133550451,11.5,8.46,3.039999999999999,9.56,0.3391528524,0.8538209161373983,0.5263144,0.9875044868316498,1.84,-1.4,3.24,0.881,0.9751651115126401,-0.6513412108422877,1.488226,0.5576790214128554,2.98,0.127,2.8529999999999998,1.375,0.311005890924,0.3678976952095718,9.80704,0.5341355992629587,11.5,8.93,2.5700000000000003,9.72,0.28530083840000003,0.9630518176619713,walking,Data_Walking_SweaterPocket_Sachin.csv
9.519440000000001,0.7065434780676982,11.7,8.07,3.629999999999999,9.57,0.49920368639999996,0.6012498601417913,-0.2768922200000001,0.954579137414846,2.12,-1.77,3.89,-0.28700000000000003,0.9112213295876715,0.7222245881301737,2.1674744,1.0365141547632815,4.33,0.0622,4.2678,2.0149999999999997,1.07436159302464,0.43713130272674233,9.87036,0.6962329139016626,12.2,8.38,3.8199999999999985,9.84,0.4847402704,1.1558881902453813,walking,Data_Walking_SweaterPocket_Sachin.csv
9.733919999999998,2.0252076025928796,15.9,3.68,12.22,9.655000000000001,4.101465833599999,0.09861930993143843,-0.29927404,1.6180697198546417,3.4,-4.13,7.529999999999999,-0.6645000000000001,2.618149618310478,0.37401967072022785,1.53360418,2.121011948561612,6.62,-3.16,9.780000000000001,1.815,4.498691685941127,0.18700884230852904,10.26336,1.7508449132918655,15.9,6.18,9.72,9.885000000000002,3.0654579104,0.7731494166664591,walking,Data_Walking_SweaterPocket_Sachin.csv
9.92162,2.2979717960845383,15.1,5.47,9.629999999999999,9.395,5.280674375599999,0.34696781184128844,-0.45639296,1.2433824670830993,2.41,-3.15,5.5600000000000005,-0.2485,1.5459999594496543,-0.19221157460660293,0.9258440800000001,2.1749019831966114,9.11,-2.78,11.889999999999999,0.708,4.7301986365125535,1.5195943626921584,10.3248,2.0937663097872217,15.3,6.16,9.14,9.765,4.38385736,0.5689750076962833,walking,Data_Walking_SweaterPocket_Sachin.csv
9.30254,2.486786470206077,14.4,2.3,12.100000000000001,9.0,6.1841069484,-0.22889401527373868,-0.25254006,1.3615386860801997,3.29,-4.1,7.39,-0.0275,1.8537875936929966,-0.5859507485093917,1.3261689799999998,2.3398220099834006,7.09,-3.33,10.42,1.01,5.474767038402761,0.3502481253442116,9.84898,2.209367049541565,14.7,5.07,9.629999999999999,9.565000000000001,4.8813027596000005,0.20133028914622564,walking,Data_Walking_SweaterPocket_Sachin.csv
9.841,2.0864328889278947,14.0,4.13,9.870000000000001,10.4,4.3532022,-0.4745467960335172,-0.14413953999999998,1.2725435276566333,2.21,-4.19,6.4,-0.0257,1.6193670297807885,-0.9678639276834807,1.33200596,2.2022258911867505,7.23,-3.4,10.63,0.952,4.849798875813278,0.40584228356144236,10.29506,1.870313929905886,14.0,6.08,7.92,10.8,3.4980741963999993,-0.28471088318039467,walking,Data_Walking_SweaterPocket_Sachin.csv
9.61716,1.9043059455875255,13.3,5.19,8.11,9.44,3.6263811344,-0.07006978499382525,-0.58652522,1.1103367897106498,1.49,-3.76,5.25,-0.524,1.2328477865849516,-0.4941428217468748,1.1415906,2.404572471723745,8.1,-2.32,10.42,0.6755,5.7819687717716395,0.7910221316893431,10.09808,1.6830101347288435,13.4,6.55,6.8500000000000005,10.2,2.8325231135999998,0.06958005874858639,walking,Data_Walking_SweaterPocket_Sachin.csv
9.868439999999998,2.458478140313637,15.3,2.85,12.450000000000001,9.575,6.0441147664,-0.2404149106450695,-0.03355708000000001,1.3763336721518782,2.64,-3.88,6.52,0.00329,1.8942943770990737,-0.26274139501062305,1.12452414,1.9895192073229802,5.17,-2.99,8.16,0.8145,3.9581866763070597,0.2968297619115505,10.269060000000001,2.2599523261343366,15.5,5.66,9.84,9.745000000000001,5.1073845164,0.20942259379385741,walking,Data_Walking_SweaterPocket_Sachin.csv
9.35734,2.5019736857928785,15.4,3.26,12.14,9.024999999999999,6.259872324400001,0.11740062618197653,-0.34980064000000005,1.2085481886316285,2.32,-3.39,5.71,-0.08049999999999999,1.4605887242447904,-0.48314725969594563,1.4406948200000003,2.3733024030079624,8.19,-3.82,12.01,0.9584999999999999,5.632564296123368,0.5361292305033557,9.90408,2.246904393515665,15.5,4.71,10.79,9.465,5.0485793536,0.3305256416128437,walking,Data_Walking_SweaterPocket_Sachin.csv
9.449200000000001,2.738870964466928,17.3,3.48,13.82,8.97,7.5014141599999995,0.5432477343736571,-0.359938424,1.4569755295528488,2.41,-3.89,6.300000000000001,-0.17049999999999998,2.122777693715804,-0.31643404007155723,1.50305474,2.154604982915739,8.84,-1.55,10.39,0.886,4.642322632405333,1.2163073958279236,9.977319999999999,2.5283531433721835,17.3,4.49,12.81,9.36,6.3925696176,0.7091757321135992,walking,Data_Walking_SweaterPocket_Sachin.csv
9.84522,2.594520408784637,15.0,2.65,12.35,9.55,6.731536151599999,-0.30464779893527927,-0.377627176,1.6389819652352715,2.9,-4.24,7.140000000000001,-0.285,2.686261882366473,-0.1278135737886833,1.1631442200000002,2.7745981662238575,9.09,-3.95,13.04,0.7404999999999999,7.698394984012792,0.5416205029309721,10.49738,2.3117982904224146,15.6,5.22,10.379999999999999,10.7,5.344411335599999,0.01016052957736416,walking,Data_Walking_SweaterPocket_Sachin.csv
9.732119999999998,2.64320039073847,16.1,3.06,13.040000000000001,9.495000000000001,6.9865083056,-0.008693231477639783,-0.35506999999999994,1.2985036337646498,2.35,-3.58,5.93,-0.2395,1.6861116869,-0.3122933888063367,1.150689136,2.5227654671603106,9.22,-3.07,12.290000000000001,0.565,6.364345602296581,0.9118702334394807,10.281759999999998,2.340185399151101,16.1,5.17,10.930000000000001,9.870000000000001,5.476467702399999,0.296717609342672,walking,Data_Walking_SweaterPocket_Sachin.csv
9.58548,2.838700401521795,16.3,2.09,14.21,8.985,8.058219969600001,0.07506034286763241,-0.24015158,1.5693823870401067,3.46,-3.8,7.26,-0.1835,2.462961076751703,-0.06863287940318605,1.174626084,2.5724161566308887,9.49,-4.08,13.57,0.5255000000000001,6.617324882895633,0.8917854869470079,10.19224,2.5576063384344354,16.4,5.05,11.349999999999998,9.285,6.5413501823999995,0.3312237542862298,walking,Data_Walking_SweaterPocket_Sachin.csv
9.793479999999999,2.4858460711797905,15.2,3.19,12.01,9.08,6.1794306896,0.2985843942171286,-0.27400364,1.3876492706834642,2.9,-3.61,6.51,0.11299999999999999,1.9255704984283502,-0.4305967052826837,1.0439368599999999,2.2642029485216075,8.4,-2.28,10.68,0.5535000000000001,5.12661499209394,1.1859222464398957,10.26966,2.2025489062447625,15.4,6.02,9.38,9.684999999999999,4.8512216844,0.6041666940856114,walking,Data_Walking_SweaterPocket_Sachin.csv
9.6156,2.3309360866398716,14.8,2.94,11.860000000000001,8.975000000000001,5.43326304,0.2225189676666469,-0.29607788,1.317660029226016,2.0,-3.96,5.96,0.01224,1.7362279526199056,-0.8974703507142667,1.239916396,2.209551449567441,8.77,-2.54,11.309999999999999,0.9175,4.882117608285579,1.0287957965616743,10.07742,2.1381288884442866,15.0,5.36,9.64,9.57,4.5715951436,0.444581376374034,walking,Data_Walking_SweaterPocket_Sachin.csv
9.428099999999999,2.47072835212615,16.1,1.87,14.23,8.84,6.1044985899999995,-0.15274655748799373,-0.20494738,1.0493784427761683,2.13,-3.22,5.35,-0.33999999999999997,1.1011951161633358,-0.3547271893244094,1.33164862,2.2312676284508535,7.55,-2.65,10.2,0.8345,4.978555229772695,0.5819978807507363,9.91292,2.140355922177431,16.1,5.07,11.030000000000001,9.435,4.581123473600001,0.39643108664182125,walking,Data_Walking_SweaterPocket_Sachin.csv
9.82016,2.833400002541117,15.1,3.3,11.8,9.78,8.0281555744,-0.1739257096129218,-0.28900845999999997,1.255394022691453,2.35,-3.59,5.9399999999999995,-0.278,1.5760141522094284,-0.16274929106099045,0.8353666200000002,2.58617495016288,6.67,-4.74,11.41,0.297,6.688300872849975,0.559342717196258,10.34782,2.5337799130153353,15.4,5.63,9.77,10.2,6.4200406476000005,0.11127866065119262,walking,Data_Walking_SweaterPocket_Sachin.csv
9.62268,2.2782643432227085,13.4,3.66,9.74,9.395,5.190488417599999,-0.2676042539475074,-0.41386822,1.2871048189230865,1.96,-3.83,5.79,-0.548,1.6566388148950315,-0.1149501357685023,0.6891882600000001,2.6534132651517313,7.51,-3.88,11.39,0.21150000000000002,7.040601955683172,0.502529119387553,10.125879999999999,2.137053631896027,13.9,5.43,8.47,10.0,4.5669982256,-0.05031890801428446,walking,Data_Walking_SweaterPocket_Sachin.csv
10.05254,2.597012774015561,16.4,2.83,13.569999999999999,9.75,6.744475348399999,0.012809737492837732,-0.19550133999999997,1.0812667189334944,2.08,-3.25,5.33,0.0682,1.1691377174732045,-0.6661567331368102,0.7252002,2.139001034085762,5.9,-2.71,8.61,0.447,4.57532542381996,0.5392359483685235,10.408299999999999,2.396739307893122,16.5,5.36,11.14,10.0,5.74435931,0.4075008251498256,walking,Data_Walking_SweaterPocket_Sachin.csv
9.43614,2.648235204886454,16.5,3.11,13.39,8.665,7.0131497004,0.27494511453034814,-0.2146864,1.2278708507243912,1.67,-3.03,4.699999999999999,0.0691,1.5076668260586399,-0.6135436042494976,1.16930834,2.508780623767779,8.58,-3.33,11.91,0.6565000000000001,6.293980218192646,0.8467791190094788,10.0108,2.2509174485084964,16.5,6.34,10.16,9.24,5.06662936,0.6729776849514688,walking,Data_Walking_SweaterPocket_Sachin.csv
9.47414,2.345662094249724,15.1,3.28,11.82,9.0,5.5021306604,0.21632084400683219,-0.28947166,1.3592502884292668,2.36,-4.0,6.359999999999999,-0.08555,1.8475613465950447,-0.507434405830538,1.2973250600000001,2.5106740316906526,8.77,-2.47,11.24,0.7035,6.303484093405797,0.8620140793528884,10.052119999999999,2.035713217916512,15.2,6.26,8.94,9.53,4.1441283056,0.5950819838985926,walking,Data_Walking_SweaterPocket_Sachin.csv
9.54386,2.5978554425525684,15.4,3.53,11.870000000000001,8.975000000000001,6.748852900400001,0.30025375007490007,-0.45651181999999996,1.6168475180240365,2.25,-5.59,7.84,-0.2095,2.6141958965404872,-0.6760215913168054,1.5528688000000002,2.346530360422929,9.56,-2.17,11.73,1.2149999999999999,5.50620473238656,1.0831866914623807,10.157779999999999,2.321292500224821,15.4,5.92,9.48,9.43,5.388398871600001,0.5694951328717731,walking,Data_Walking_SweaterPocket_Sachin.csv
9.73022,2.496836668987381,15.1,3.49,11.61,9.22,6.2341933516,-0.0625637960076952,-0.30442939999999996,1.2966052989520134,1.98,-3.74,5.720000000000001,0.125,1.68118530127044,-0.712889846623824,1.5252122,2.1990207772531756,8.66,-2.33,10.99,1.09,4.83569237879116,0.797406400611031,10.26542,2.1125163250493477,15.1,6.17,8.93,9.76,4.462725223600001,0.24859193284192088,walking,Data_Walking_SweaterPocket_Sachin.csv
9.769560000000002,2.594315440805146,15.1,3.09,12.01,9.575,6.730472606399999,-0.07918023080757629,-0.2946720399999999,1.3172468498214898,1.95,-3.7,5.65,0.1195,1.7351392633646383,-0.6842245314333361,1.2182110599999998,2.5235456045578166,9.36,-2.81,12.17,0.658,6.368282418283076,0.9163501348113424,10.338700000000001,2.228618071810421,15.1,5.96,9.14,10.1,4.96673851,0.26504056134454373,walking,Data_Walking_SweaterPocket_Sachin.csv
9.63892,2.55634270660254,15.0,2.92,12.08,9.235,6.534888033600001,-0.06175813379073597,-0.2993166,1.414543705157405,2.45,-4.33,6.78,-0.01645,2.0009338938004397,-0.621709183845104,1.2338723,2.61423004178196,8.79,-2.87,11.66,0.8165,6.8341987113553095,0.8678900341873156,10.259360000000001,2.1451848382831726,15.0,6.22,8.780000000000001,10.0,4.601817990400001,0.3580810869193338,walking,Data_Walking_SweaterPocket_Sachin.csv
9.840179999999998,2.2856224026728476,15.9,5.5,10.4,9.375,5.2240697676,0.554656114275955,-0.41779718,1.3862345148615538,3.28,-3.4,6.68,-0.2205,1.9216461301934473,-0.1387947484925678,0.9142905759999999,2.3821661120444553,8.53,-2.9,11.43,0.553,5.674715385372996,0.9542055170067836,10.30034,2.1363637528286237,15.9,5.91,9.99,9.96,4.5640500844,0.5881504560141246,walking,Data_Walking_SweaterPocket_Sachin.csv
9.57454,2.566527379242232,15.9,2.63,13.27,9.085,6.587062788400001,0.008614730208111931,-0.196000224,1.5921970792384208,2.79,-4.57,7.36,0.0206,2.535091539135358,-0.5661364444944894,1.01754722,2.6020098731894294,9.03,-3.43,12.459999999999999,0.5925,6.770455380175272,0.8123591859455741,10.14958,2.3709784527911677,16.0,5.11,10.89,9.575,5.6215388236,0.15936711823828498,walking,Data_Walking_SweaterPocket_Sachin.csv
9.433159999999999,2.6924001958104222,16.1,2.7,13.400000000000002,8.84,7.2490188144,0.23214596728522544,-0.22684509999999997,1.294026142032915,2.06,-3.45,5.51,-0.0245,1.67450365626459,-0.4170532637158116,1.32576984,2.5006723182055612,8.93,-2.45,11.379999999999999,0.881,6.253362043039575,0.8364315504020577,10.006279999999999,2.416446680893249,16.2,5.47,10.73,9.309999999999999,5.8392145615999995,0.5476310729507903,walking,Data_Walking_SweaterPocket_Sachin.csv
9.626,2.5533176065660146,14.6,3.6,11.0,8.925,6.5194308,0.014976287883648335,-0.129441216,1.29897745252358,2.47,-3.25,5.720000000000001,0.0185,1.6873424221646496,-0.41807021141590556,1.3880156200000002,2.4297844634296712,8.75,-2.8,11.55,0.8965000000000001,5.903852538724216,0.8309062857705302,10.18596,2.2258040521124043,14.8,6.15,8.65,9.47,4.954203678399999,0.28297072231124054,walking,Data_Walking_SweaterPocket_Sachin.csv
9.88026,2.628606119676358,15.2,2.95,12.25,10.4,6.9095701324,-0.4873910597603127,0.08936447999999991,1.4852595465365404,2.76,-3.99,6.75,0.223,2.2059959205779296,-0.5945128023532193,1.3919668399999998,2.6023424782356406,9.66,-2.79,12.45,0.6675,6.772186374029615,0.893600964024132,10.50264,2.2698759944983777,15.9,4.75,11.15,10.7,5.1523370304,-0.19561469620219654,walking,Data_Walking_SweaterPocket_Sachin.csv
9.7369,2.2487339971637375,16.4,2.73,13.669999999999998,9.515,5.05680459,-0.20966192770164854,0.10242444,0.7437008742648393,1.56,-1.66,3.2199999999999998,0.1935,0.5530909903822864,-0.3779909705488621,1.0225438,1.6914429959716526,5.66,-1.92,7.58,0.5714999999999999,2.8609794086215596,0.8665760854344863,10.019599999999999,1.9790404341498433,16.5,5.19,11.309999999999999,9.629999999999999,3.91660104,0.5324520760082637,walking,Data_Walking_SweaterPocket_Sachin.csv
9.4958,1.8063800153898957,14.0,5.26,8.74,9.635000000000002,3.2630087599999995,-0.014238623404307208,-0.23866669999999998,1.0877675429013822,1.9,-2.77,4.67,-0.2015,1.1832382273897102,-0.16964774634554905,1.78438206,2.0909753269608795,7.73,-1.89,9.620000000000001,1.5950000000000002,4.372177817959156,0.4218758901918955,9.98068,1.618136686933462,14.1,5.88,8.219999999999999,10.1,2.6183663376000004,0.19476056958997467,walking,Data_Walking_SweaterPocket_Sachin.csv
9.7553,1.98751747413702,14.5,4.68,9.82,9.754999999999999,3.9502257100000002,-0.19345826360995724,-0.50508868,1.300195992663359,1.84,-3.21,5.05,-0.2675,1.6905096193378575,-0.21871923513931885,0.66811736,2.209144781127627,7.05,-3.44,10.49,0.455,4.880320663983429,0.610532753529308,10.160699999999999,1.7750190167995383,14.5,6.03,8.469999999999999,10.1,3.15069251,0.13396370827832277,walking,Data_Walking_SweaterPocket_Sachin.csv
9.600700000000002,2.0190651574429195,14.3,4.78,9.52,9.385,4.076624110000001,-0.05492186138735956,-0.18736835999999998,1.0518552930828986,2.07,-2.55,4.619999999999999,-0.4105,1.1063995575865104,0.3240470340742934,0.8611274199999999,1.7757028329389868,6.35,-2.36,8.709999999999999,0.7275,3.1531205509075435,0.792742466621427,9.894200000000001,1.848957425145317,14.6,6.08,8.52,9.59,3.4186435600000005,0.3576502797335099,walking,Data_Walking_SweaterPocket_Sachin.csv
9.89844,2.366489629472312,15.5,4.97,10.530000000000001,10.5,5.6002731664,-0.27337799781445016,-0.2483295,1.1080060700656607,1.9,-2.71,4.609999999999999,-0.24,1.2276774513023498,-0.11114254207885091,0.9920461200000001,2.3706220895669023,7.67,-3.12,10.79,0.723,5.619849091542545,0.5826705643861341,10.361139999999999,2.03606829463061,15.8,6.33,9.47,10.7,4.1455741004,0.11490753418382484,walking,Data_Walking_SweaterPocket_Sachin.csv
9.54548,2.6230257279714206,17.3,4.26,13.040000000000001,9.125,6.8802639696000005,0.42527214250640794,-0.623807,1.3347224686279167,2.4,-3.69,6.09,-0.3035,1.7814840682601998,-0.25228606237594586,1.1835674040000002,2.6469261209720054,9.47,-3.4,12.870000000000001,0.498,7.006217889883908,0.7780691927779628,10.143,2.3910637381717788,17.4,5.22,12.18,9.76,5.717185800000001,0.6561632175925033,walking,Data_Walking_SweaterPocket_Sachin.csv
9.8803,2.6164719203538187,15.9,2.52,13.38,8.98,6.84592531,0.011167010708517996,-0.26593234,1.2826675618043533,2.82,-3.15,5.97,-0.0793,1.6452360741051244,-0.08270535573109833,0.8916662,1.9085870116705603,5.64,-2.48,8.12,0.5395000000000001,3.64270438111756,0.7034516915846408,10.24492,2.3840377080910446,16.0,5.62,10.379999999999999,9.355,5.683635793600001,0.46986313216992254,walking,Data_Walking_SweaterPocket_Sachin.csv
9.39668,2.5107996689501135,15.6,2.31,13.29,8.85,6.3041149776,-0.07678058610446975,-0.34159873999999996,1.3806079817853483,2.32,-3.26,5.58,-0.2465,1.9060783993694126,-0.19574470637607908,1.58438158,2.127125876079012,7.47,-1.98,9.45,1.045,4.524664492684904,0.7368075531729452,9.94812,2.172833188627236,15.9,4.48,11.42,9.28,4.721204065600001,0.4281948621014242,walking,Data_Walking_SweaterPocket_Sachin.csv
9.651720000000001,2.462983037213208,15.7,2.54,13.16,9.705,6.066285441599999,-0.43435993170553683,-0.31664642000000004,1.3933929952591921,2.53,-3.9,6.43,-0.0948,1.9415440392373833,-0.337060264967943,2.004767996,1.920028327418466,7.1,-1.24,8.34,1.78,3.686508778089352,0.44984283682947585,10.221,2.116539770474441,15.9,4.92,10.98,10.0,4.4797406,-0.04705341206915973,walking,Data_Walking_SweaterPocket_Sachin.csv
9.524,2.37004540040903,14.5,3.03,11.47,8.745000000000001,5.6171152,-0.03981859232769049,-0.13439611999999998,1.5480788933291953,3.78,-3.85,7.63,0.082,2.396548259971346,-0.2349968585604815,2.14148782,1.9892972176574941,8.39,-1.46,9.850000000000001,1.645,3.9573034201798474,0.7638839040359882,10.12096,2.1992675777176367,15.2,4.91,10.29,10.05,4.8367778784,0.18186144345566727,walking,Data_Walking_SweaterPocket_Sachin.csv
9.629140000000001,2.5093815693114507,15.8,3.21,12.59,9.24,6.296995860399999,0.3878037656793784,-0.74652882,1.6329129230836552,2.21,-4.68,6.89,-0.639,2.6664046143736075,-0.260328952651515,1.51962644,2.7074212180120267,9.98,-3.44,13.42,0.8665,7.330129651741727,0.8407623055715553,10.304,2.382838055764596,16.2,4.78,11.419999999999998,9.89,5.6779171999999996,0.4249289022852527,walking,Data_Walking_SweaterPocket_Sachin.csv
9.724240000000002,2.585015748965565,16.1,4.23,11.870000000000001,9.25,6.6823064224,0.3691787088597343,-0.28497966399999997,1.5580130869846553,2.61,-4.77,7.379999999999999,-0.1625,2.427404779215455,-0.44432212468771104,1.222780044,2.5256102273485044,9.37,-3.24,12.61,0.5675,6.378707020487365,0.9692057920021201,10.30756,2.31095037731233,16.2,5.34,10.86,9.715,5.3404916464,0.6163619170283368,walking,Data_Walking_SweaterPocket_Sachin.csv
9.661520000000001,2.7722414197901304,16.8,2.95,13.850000000000001,8.875,7.685322489599999,0.33983919198543844,-0.29297600000000007,1.437914842004352,1.91,-3.72,5.63,-0.017945000000000003,2.0675990928564003,-0.47333819909777797,1.12308402,2.63575584923195,9.21,-4.22,13.43,0.7315,6.94720889676044,0.6913117299482134,10.25008,2.508515256800325,17.0,6.08,10.92,9.77,6.2926487936,0.6434803658043772,walking,Data_Walking_SweaterPocket_Sachin.csv
9.31998,2.5813394584207634,14.9,3.82,11.08,8.9,6.6633133996,-0.054369798175874055,-0.30232942,1.180951370883096,2.07,-2.84,4.91,-0.3025,1.3946461403906638,-0.19007259309189195,1.117645376,2.4429933819307057,8.87,-4.27,13.139999999999999,0.694,5.968216664157226,0.5228985685210873,9.831240000000001,2.3542552245667845,15.5,4.86,10.64,9.184999999999999,5.542517662400001,0.3295099176804409,walking,Data_Walking_SweaterPocket_Sachin.csv
9.582540000000002,2.5224312375959825,15.4,3.13,12.27,8.915,6.3626593484,-0.0008163646333075243,-0.23663720000000005,1.2636823919862774,2.0,-3.17,5.17,-0.1105,1.5968931878161599,-0.2927693193947009,1.3586634000000002,2.4060304413425944,9.0,-2.79,11.79,1.0150000000000001,5.78898248466724,0.8140903982529514,10.112,2.28584365169624,15.7,5.64,10.059999999999999,9.45,5.225081200000001,0.2098475824592988,walking,Data_Walking_SweaterPocket_Sachin.csv
9.64348,2.575550638135465,15.4,3.59,11.81,9.2,6.633461089600001,0.05747568442461507,-0.27044838000000004,1.2840622692391424,1.66,-3.62,5.28,0.09675,1.6488159112835756,-0.3658803464006573,1.65089786,2.210998704607676,8.65,-2.46,11.11,1.3250000000000002,4.8885152717768205,0.7452971688533799,10.192219999999999,2.256093896893478,15.4,5.79,9.61,9.895,5.0899596716,0.2815325750382124,walking,Data_Walking_SweaterPocket_Sachin.csv
9.750240000000002,2.43321243264948,15.9,3.52,12.38,9.475000000000001,5.9205227424,0.12219662174714498,-0.0029339399999999643,1.5570203692197084,3.09,-4.34,7.43,0.336,2.424312430165077,-0.7969969117095522,1.62689206,2.210552438138204,8.79,-2.72,11.51,1.0750000000000002,4.886542081758757,0.8862247527083861,10.323540000000001,2.0891585072463985,16.4,5.71,10.689999999999998,9.97,4.3645832684,0.5725404573138427,walking,Data_Walking_SweaterPocket_Sachin.csv
9.52262,2.242513084822472,14.0,4.5,9.5,9.38,5.0288649356,-0.1418624983040874,-0.6142641200000001,1.239316728534488,2.79,-2.84,5.63,-0.497,1.5359059536254258,0.2964860296523472,1.74576398,1.6255250512011064,6.34,-0.653,6.993,1.5,2.6423316920823594,0.7204327600221615,9.96116,2.020673020159373,14.5,5.04,9.46,9.52,4.0831194544,0.11381868533760617,walking,Data_Walking_SweaterPocket_Sachin.csv
9.5758,2.0252914753190465,13.3,4.45,8.850000000000001,9.26,4.101805560000001,-0.2942205541154158,-0.5873392,0.9660251109380957,1.58,-2.34,3.92,-0.7195,0.9332045149629601,0.12964570500360612,1.88406802,1.8094992688844833,5.87,-1.14,7.01,1.71,3.27428760409348,0.5122732154057196,10.05482,1.6782614121763035,13.3,6.54,6.760000000000001,9.6,2.8165613676000003,-0.008332533490818044,walking,Data_Walking_SweaterPocket_Sachin.csv
9.238299999999999,2.1512066637122524,12.9,4.43,8.47,8.97,4.62769011,-0.15584794236978955,-0.43428182000000004,1.1604775792267972,1.95,-2.42,4.37,-0.644,1.3467082118880875,0.4178235244752176,2.6208287799999996,1.5774993430578383,7.26,-0.236,7.4959999999999996,2.4299999999999997,2.4885041773479117,0.584125133812452,9.86034,1.9078675227593764,13.4,4.64,8.760000000000002,9.44,3.6399584844,0.01980998717046825,walking,Data_Walking_SweaterPocket_Sachin.csv
9.660939999999998,2.230072850020824,13.6,3.33,10.27,9.9,4.9732249163999995,-0.7192605247223347,-0.482030804,1.2942836722537767,2.6,-3.58,6.18,-0.5255000000000001,1.6751702242627216,0.0321409675626154,2.3130586,1.7932300558257548,7.26,-0.397,7.657,2.065,3.21567403311684,0.7225323593241787,10.258239999999997,1.8836922525720594,14.3,5.62,8.68,10.4,3.5482965023999995,-0.302591890235186,walking,Data_Walking_SweaterPocket_Sachin.csv
9.544799999999999,1.9793893401753986,15.8,5.22,10.580000000000002,9.21,3.9179821599999998,0.5866968003496031,-0.25527742000000003,1.0265667671546472,2.29,-1.84,4.13,-0.2875,1.0538393274263436,0.25628007982897116,2.1602211800000006,1.5103799430155338,6.68,-0.848,7.528,2.225,2.281247572263607,0.6521072067937199,9.98646,1.8270734162589088,16.2,5.77,10.43,9.6,3.3381972684,0.8637515089325655,walking,Data_Walking_SweaterPocket_Sachin.csv
9.379520000000001,1.6413097725901715,12.5,4.41,8.09,9.485,2.6938977696000004,-0.5780689405163261,-0.03152462000000001,1.1953787806862124,1.91,-3.28,5.1899999999999995,-0.054099999999999995,1.4289304293148557,-0.516918104695216,2.1157078,1.485253505365047,5.57,-0.814,6.384,1.795,2.20597797519916,0.18200515969594394,9.84438,1.3525829422257254,12.9,6.41,6.49,9.79,1.8294806155999999,0.18272884993373892,walking,Data_Walking_SweaterPocket_Sachin.csv
9.80746,1.7365541017774253,13.9,5.09,8.81,9.71,3.0156201484000005,-0.10536842674385667,-0.39038699999999993,1.2095564026322212,2.17,-2.57,4.74,-0.37,1.4630266911485998,0.16722647971762108,0.9247816599999998,1.9586138332120102,4.98,-3.28,8.26,0.6595,3.8361681476494445,-0.02226081765317938,10.14566,1.5999169242182545,14.0,6.8,7.2,9.975,2.5597341644,0.31654661615895613,walking,Data_Walking_SweaterPocket_Sachin.csv
9.40652,2.0797260131084574,16.7,4.66,12.04,9.055,4.3252602896,0.6560329176516221,-0.47718852000000006,1.2612331914409047,1.7,-4.09,5.79,-0.24,1.5907091631922097,-0.6926858708718086,1.3317082199999999,1.8174709833470883,7.07,-1.64,8.71,0.927,3.303200775308632,0.8958048425108831,9.799900000000001,1.9199460903889982,16.7,6.06,10.64,9.48,3.6861929899999994,0.8640329532532504,walking,Data_Walking_SweaterPocket_Sachin.csv
9.890400000000001,1.7752466420190745,14.9,5.72,9.18,9.77,3.15150064,0.15446235622574794,-0.7360522399999999,1.2056877357744757,3.08,-2.75,5.83,-1.005,1.4536829161969822,1.2199047941249574,0.92574892,1.297234486565491,4.06,-2.19,6.25,0.976,1.6828173131348332,0.035728130893203064,10.135860000000001,1.6699881018737828,15.1,6.63,8.469999999999999,9.864999999999998,2.7888602604,0.41347847917981334,walking,Data_Walking_SweaterPocket_Sachin.csv
9.594280000000001,2.013291156688471,15.5,6.2,9.3,9.285,4.0533412816,0.7977372936438284,-0.26944465599999995,1.3232854576399038,2.17,-3.43,5.6,-0.0553,1.7510844024012495,-0.6133178045830298,1.2992778000000003,1.3935309678106045,5.12,-1.4,6.52,1.295,1.9419285582471597,0.1315684828140422,9.90442,1.8601209271442543,15.8,6.9,8.9,9.524999999999999,3.4600498636,1.0617854372480502,walking,Data_Walking_SweaterPocket_Sachin.csv
9.66304,2.723537838620936,15.6,2.27,13.33,9.629999999999999,7.4176583584,-0.43787911365351107,0.04536656000000002,1.17557974315355,2.14,-2.51,4.65,0.08195,1.3819877325129664,-0.14619281211492957,1.012474,1.888059457125649,5.02,-3.49,8.51,0.477,3.5647685136416003,0.12381968206261583,10.033220000000002,2.473421563664391,15.7,4.22,11.48,9.73,6.117814231600001,0.042305924295105865,walking,Data_Walking_SweaterPocket_Sachin.csv
9.5581,2.138791759381918,17.4,4.21,13.189999999999998,9.245000000000001,4.57443019,0.9185038926402148,0.20820059999999999,1.5591964492997155,3.66,-2.19,5.85,-0.166,2.43109356750884,0.5423276668035811,2.3330675999999997,1.2380528026341364,5.59,-1.29,6.88,2.2649999999999997,1.53277474211024,0.2288380358009955,10.08102,1.9405817580303077,17.4,6.62,10.779999999999998,9.62,3.7658575596,1.1631723656733788,walking,Data_Walking_SweaterPocket_Sachin.csv
9.501059999999999,0.46865240466682767,11.0,8.67,2.33,9.48,0.2196350764,0.727320140772328,0.426330416,1.2447582042648584,2.88,-1.82,4.7,0.6505000000000001,1.5494229870846747,-0.03706423485462045,2.093504,0.6238361691854681,3.47,0.921,2.5490000000000004,2.135,0.389171565984,-0.013781279257479451,9.8381,0.4294831661427488,11.2,8.88,2.3199999999999985,9.83,0.18445578999999995,0.5913524680550212,walking,Data_Walking_SweaterPocket_Sachin.csv
9.540479999999999,0.3317266489144337,10.4,8.77,1.6300000000000008,9.5,0.11004256959999997,0.3431477222596695,-1.14012702,0.5940293313695205,0.0508,-2.3,2.3508,-1.25,0.3528708465273196,0.35113699095241446,2.0346599999999997,0.43892514669360194,2.97,1.19,1.7800000000000002,2.02,0.1926552844,0.03425228417022699,9.84866,0.31275422363255145,10.7,9.02,1.6799999999999997,9.83,0.09781520440000002,0.011575580487269999,walking,Data_Walking_SweaterPocket_Sachin.csv
9.492240000000002,0.9235558361030478,12.3,7.05,5.250000000000001,9.425,0.8529553823999998,0.575317208764877,-0.20766620000000005,1.2617943653375379,2.05,-2.12,4.17,0.1635,1.59212502039756,-0.0064524980529645165,1.8109654,0.7822149380463403,3.28,-0.72,4.0,1.92,0.6118602093028401,-0.5656169400411446,9.777599999999998,0.9420296385995507,12.4,7.13,5.2700000000000005,9.78,0.8874198400000001,0.10435423321388562,walking,Data_Walking_SweaterPocket_Sachin.csv
9.570979999999999,1.269815120243888,13.3,6.98,6.32,9.32,1.6124304396,1.0229636658834331,-0.6093950599999999,1.235040820287409,1.82,-4.15,5.970000000000001,-0.421,1.5253258277761963,-0.6923513821613188,2.49341902,1.4946940629073362,5.22,-0.736,5.9559999999999995,2.3449999999999998,2.2341103416904398,-0.13405172189320286,10.11038,1.1528899581486516,13.5,8.06,5.4399999999999995,10.0,1.3291552555999997,1.0148064120923794,walking,Data_Walking_SweaterPocket_Sachin.csv
9.56208,1.9612531895703829,15.1,4.98,10.12,9.254999999999999,3.8465140736000003,0.2877168882631926,0.17756100000000002,1.3278915325202583,2.94,-3.36,6.3,0.1295,1.763295922139,-0.33744748858383344,1.3631387599999998,1.8518536903165062,6.91,-2.8,9.71,1.355,3.429362090338862,0.673376966223938,9.97202,1.7035019576155468,15.2,6.8,8.399999999999999,9.395,2.9019189196,0.9227738789957339,walking,Data_Walking_SweaterPocket_Sachin.csv
9.52014,2.322500846157004,14.2,4.81,9.39,8.89,5.394010180399999,0.22404419900014247,-0.6059608000000001,1.1768359270345887,1.84,-2.73,4.57,-0.597,1.3849427991593597,0.14097557730601307,1.5543496,1.9251763869374254,6.4,-2.73,9.13,1.495,3.70630412082144,0.4946839065406111,9.97946,2.0699175607738582,14.3,6.47,7.830000000000001,9.21,4.2845587084,0.5657824422730731,walking,Data_Walking_SweaterPocket_Sachin.csv
9.697940000000001,2.4174199379503762,15.1,3.46,11.64,9.67,5.8439191564,-0.10256666170718694,-0.68192062,1.6624548107635935,2.91,-4.73,7.640000000000001,-0.551,2.7637559978310153,-0.29242870709518753,1.5391198799999999,2.283929517141277,7.35,-2.46,9.809999999999999,1.145,5.216334039269186,0.46460309200643546,10.31668,2.067413983119975,15.2,5.89,9.309999999999999,10.1,4.2742005776,0.2816477992023274,walking,Data_Walking_SweaterPocket_Sachin.csv
9.78382,1.5516729061242256,15.1,5.91,9.19,9.74,2.4076888076,0.3947268226509288,-0.290437344,0.9316784137059492,1.45,-3.02,4.47,-0.1385,0.8680246665656337,-1.0045792204410184,0.7606798,0.8713357628445879,2.46,-1.24,3.7,0.8545,0.75922601161196,-0.45130443672449067,9.895,1.5892999087648625,15.3,6.01,9.290000000000001,9.785,2.5258742,0.44439806473678545,walking,Data_Walking_SweaterPocket_Sachin.csv
9.63218,1.4773414796857225,13.9,4.95,8.95,9.57,2.1825378476,-0.354104950792481,-0.8315672,0.7570456519754671,0.605,-2.75,3.355,-0.835,0.5731181191749601,-0.1969660386257498,1.27353774,1.301580155921829,5.26,-1.41,6.67,1.16,1.6941109022894925,0.2737506802573345,9.88016,1.3761504185226265,14.3,5.82,8.48,9.774999999999999,1.8937899744000002,0.1382117443219822,walking,Data_Walking_SweaterPocket_Sachin.csv
9.49466,1.7875332960255592,13.1,5.53,7.569999999999999,8.934999999999999,3.1952752843999996,0.3899561748505363,-0.1611826000000001,1.4631819899100862,2.7,-3.1,5.800000000000001,-0.239,2.14090153559724,0.17564101888433867,2.55613636,1.379297448946655,6.26,-0.386,6.646,2.565,1.9024614526707504,0.11444379174070195,10.04712,1.7221887543472116,13.6,6.73,6.869999999999999,9.66,2.9659341056,0.41115808369557244,walking,Data_Walking_SweaterPocket_Sachin.csv
9.38142,2.13534544830573,15.9,4.21,11.690000000000001,8.97,4.5597001835999995,0.5658043866590073,-0.35813224400000004,1.367810720815688,3.99,-3.23,7.220000000000001,-0.29,1.870906167978332,0.3646026495284394,1.6347837799999998,2.4414096195970703,7.32,-2.37,9.690000000000001,1.34,5.960480930661111,0.4812606197979473,9.96846,1.9624055208850182,16.0,6.59,9.41,9.54,3.8510354284,0.8102232784647955,walking,Data_Walking_SweaterPocket_Sachin.csv
9.5631,2.172223512901009,14.2,5.42,8.78,9.045,4.71855499,0.3604334858439865,-0.40428624,1.132475923741374,1.63,-2.96,4.59,-0.1985,1.2825017178538782,-0.22072762397286855,1.42635704,2.1229357837166054,7.93,-1.62,9.55,1.23,4.506856341784438,0.717209490000929,10.01372,1.9727294192564777,14.3,6.42,7.880000000000001,9.38,3.8916613616,0.5034587438916784,walking,Data_Walking_SweaterPocket_Sachin.csv
9.7085,2.2942229076530465,14.1,4.24,9.86,9.36,5.26345875,-0.14834878417040018,-0.2840623,1.1998430497379688,2.59,-3.51,6.1,-0.2215,1.43962334400451,-0.4364754893102466,1.49602972,2.035603492129624,7.67,-1.7,9.37,1.4849999999999999,4.14368157717032,0.6647416298500806,10.162580000000002,2.0360820080733486,14.3,5.75,8.55,10.1,4.1456299436,0.09453177941111074,walking,Data_Walking_SweaterPocket_Sachin.csv
9.757,2.3230716304066044,13.6,3.33,10.27,9.695,5.3966617999999995,-0.4854054884429713,-0.08688240000000004,1.3381883048548289,1.94,-4.02,5.959999999999999,0.133,1.7907479392502401,-0.7377098499445738,1.38769596,2.1899149551908352,7.66,-1.76,9.42,0.7865,4.7957275109684785,0.9381848590539518,10.242899999999999,2.0511770742673585,13.8,5.04,8.760000000000002,10.3,4.2073273900000006,-0.26593859625686933,walking,Data_Walking_SweaterPocket_Sachin.csv
9.52234,2.163803023475104,13.6,3.76,9.84,9.4,4.6820435244,-0.3920075852354747,-0.42288238399999994,1.1433109313130372,1.79,-2.74,4.53,-0.253,1.3071598856598845,-0.09965809800242935,1.21837532,1.786122645920178,5.64,-1.56,7.199999999999999,0.6755,3.190234106268898,0.6311748351803432,9.89214,1.9232127340468603,13.8,5.63,8.170000000000002,9.485,3.6987472203999996,0.032168900072340786,walking,Data_Walking_SweaterPocket_Sachin.csv
9.637399999999998,1.9698969617723663,14.4,5.88,8.52,9.635000000000002,3.88049404,0.30403351670928225,-0.40242079999999997,1.171042023348163,2.39,-2.75,5.140000000000001,-0.4915,1.3713394204473597,0.23287527926195278,1.3180069799999998,1.5121705240383043,6.28,-1.09,7.37,0.951,2.2866596937702797,0.9501836811810269,9.96672,1.7457419172374822,14.5,6.77,7.73,9.81,3.0476148416,0.5005595544679314,walking,Data_Walking_SweaterPocket_Sachin.csv
9.84724,1.2030968300182658,13.0,7.51,5.49,9.754999999999999,1.4474419824,0.45091335109405933,-0.8160968000000001,1.4208601063122859,3.08,-2.65,5.73,-1.29,2.0188434417097603,0.7781258330201389,1.2511965999999999,1.2535155418136785,3.62,-1.42,5.04,1.04,1.5713012135684399,-0.004528460956787074,10.14118,1.1615920142631835,13.2,7.64,5.56,10.0,1.3492960076,0.5468156253913132,walking,Data_Walking_SweaterPocket_Sachin.csv
9.24596,1.6608819579970155,14.8,5.21,9.59,9.22,2.7585288784,0.4104259720400183,-1.0642682799999998,1.4558829776167594,1.64,-3.66,5.3,-1.06,2.1195952445142416,0.04352452247785634,2.4497732,1.5001294832652814,5.77,-1.3,7.069999999999999,2.645,2.25038846656176,-0.24752382056969582,9.877300000000002,1.4815804095627074,14.9,6.21,8.690000000000001,9.905000000000001,2.19508051,0.4838514679464208,walking,Data_Walking_SweaterPocket_Sachin.csv
9.559119999999998,1.0151679790064303,12.2,7.77,4.43,9.35,1.0305660256000002,0.8200356479945639,-0.6971540999999999,1.3926525100311957,1.33,-2.94,4.27,-0.246,1.9394810136961897,-0.2363711659421799,1.3052351999999998,0.6574637253270784,2.4,-1.21,3.61,1.46,0.43225855012096,-1.6066806491285606,9.799700000000001,0.971567655904621,12.3,8.07,4.23,9.63,0.94394371,0.6728022373182173,walking,Data_Walking_SweaterPocket_Sachin.csv
9.573160000000001,2.18938768024304,14.9,3.96,10.940000000000001,9.18,4.7934184144000005,-0.08614590603680915,-0.39875238,1.115566749169827,2.36,-3.23,5.59,-0.332,1.2444891718533353,-0.27742506756400837,1.8990967800000003,1.5516836139167776,6.21,-0.878,7.088,1.775,2.407722037697831,0.42428086280235255,9.998959999999999,1.976761826422192,15.0,5.43,9.57,9.59,3.9075873184,0.20212210314269807,walking,Data_Walking_SweaterPocket_Sachin.csv
9.729299999999999,2.1402512259078375,14.7,4.55,10.149999999999999,9.555,4.58067531,-0.18781813874201145,-0.23957614,1.2461304070237997,1.98,-4.0,5.98,0.0368,1.5528409913093006,-0.7862687761285977,1.52177328,2.141994091783552,7.74,-1.62,9.36,0.848,4.588138689235643,0.6697523311934245,10.196639999999999,1.9630727725685568,15.0,5.83,9.17,10.4,3.8536547104000007,0.013217191821222303,walking,Data_Walking_SweaterPocket_Sachin.csv
9.617540000000002,2.349670050964603,14.0,4.38,9.620000000000001,9.85,5.520949348399999,-0.14065330853705935,-0.15304334,1.3611828766357017,3.38,-3.56,6.9399999999999995,-0.01109,1.8528188236462442,-0.2764024051324605,1.58052954,2.4292656754939728,8.16,-2.73,10.89,1.26,5.901331722133188,0.5169377749320794,10.14814,2.3001452868025534,15.2,5.94,9.259999999999998,10.25,5.2906683404,0.06397310179799595,walking,Data_Walking_SweaterPocket_Sachin.csv
9.61512,2.855476104890391,16.7,3.03,13.67,8.844999999999999,8.1537437856,0.22664007253743293,-0.31718073999999996,1.7579614219245123,3.49,-5.47,8.96,-0.137,3.090428360974853,-0.45175098733132446,1.2558453200000002,2.7178775481807302,10.8,-2.73,13.530000000000001,0.745,7.386858366904897,1.0324533610775148,10.263779999999999,2.731280269690388,16.9,5.68,11.219999999999999,9.67,7.459891911600001,0.3332062124198246,walking,Data_Walking_SweaterPocket_Sachin.csv
9.6714,2.5182324038896806,14.2,4.1,10.1,9.46,6.341494439999999,-0.07670582150939141,-0.10013343999999996,1.4018009159658036,3.45,-3.86,7.3100000000000005,-0.015,1.9650458080025661,-0.29301150700772566,0.9760116400000002,2.727782951312899,8.92,-4.06,12.98,0.28,7.44079982947331,0.9000860462171213,10.205219999999999,2.4690371709636127,14.7,5.11,9.59,10.1,6.096144551599999,-0.09979087988890117,walking,Data_Walking_SweaterPocket_Sachin.csv
9.60736,2.406734432877878,14.8,4.8,10.0,9.405000000000001,5.792370630400001,0.1624250285819635,-0.35196148,1.3349577057835988,1.98,-3.52,5.5,-0.1555,1.7821120762310096,-0.4132862371313808,0.818915,2.6358025675067167,7.3,-3.55,10.85,0.967,6.947455174875,0.26558065030712413,10.10754,2.3358406085176275,15.0,5.76,9.24,10.0,5.456151348400001,0.17166173714877705,walking,Data_Walking_SweaterPocket_Sachin.csv
9.621799999999999,2.577590960567638,14.5,4.19,10.309999999999999,9.5,6.64397516,0.11867968123239026,-0.17319604000000002,1.353634500222685,2.61,-3.55,6.16,-0.01675,1.8323263601931186,-0.333375481119348,1.39294744,2.60187240135604,9.23,-3.38,12.61,1.375,6.769739992938246,0.7115838355132957,10.19162,2.4343035915020956,14.5,4.82,9.68,9.91,5.925833975600001,0.07922630004013133,walking,Data_Walking_SweaterPocket_Sachin.csv
9.572119999999998,2.4341963572399,15.2,3.35,11.85,9.165,5.925311905599999,0.18695941892673576,-0.20456838,1.3809216616160294,1.91,-3.93,5.84,0.1835,1.9069446355203756,-0.7144928282609218,1.437278636,2.320421095874192,8.17,-2.51,10.68,1.1749999999999998,5.384354062177986,0.7501109244594868,10.11668,2.149928970361579,15.3,6.53,8.77,9.485,4.6221945776,0.48951475189928406,walking,Data_Walking_SweaterPocket_Sachin.csv
9.70364,1.9691202986105243,15.6,4.49,11.11,9.66,3.8774347504,0.10835230876556867,-0.23398434000000004,1.2364353593093997,2.68,-2.84,5.52,-0.14700000000000002,1.5287723977505643,-0.07773245626007838,0.8889860039999999,1.9339106734095348,7.62,-2.95,10.57,0.888,3.74001049272732,0.8782490423325451,10.034279999999999,1.874408728532814,15.7,5.5,10.2,10.1,3.5134080816,0.34556411890138894,walking,Data_Walking_SweaterPocket_Sachin.csv
9.67718,1.6680017528767768,14.1,5.76,8.34,9.78,2.7822298476,0.1392954591836917,0.46320676,1.1844748516683257,3.13,-2.48,5.609999999999999,0.6875,1.4029806742347022,-0.6939734454223156,1.1572572399999999,0.7451760284686985,3.66,-0.66,4.32,1.05,0.5552873134043824,0.7766104088850974,9.86872,1.6052876258166322,14.2,6.15,8.049999999999999,9.885000000000002,2.5769483616,0.31139970382876647,walking,Data_Walking_SweaterPocket_Sachin.csv
9.7111,1.0236631232978946,13.4,7.6,5.800000000000001,9.684999999999999,1.0478861900000003,1.1288354499608964,-0.5103995200000001,0.8879609817737318,1.15,-2.65,3.8,-0.6984999999999999,0.7884747051525697,0.12584622954930227,1.14131352,0.6219047303849758,2.55,-0.0969,2.6469,1.2,0.3867654936752095,-0.012214067303392124,9.85124,1.0244844861685316,13.5,7.76,5.74,9.85,1.0495684624000001,1.1087214164026369,walking,Data_Walking_SweaterPocket_Sachin.csv
9.608739999999997,0.9531330507332121,11.5,6.13,5.37,9.7,0.9084626123999999,-1.3867275994332644,0.10267432,1.2609362832572222,2.32,-2.58,4.9,-0.049949999999999994,1.5899603104345377,-0.12683937279008112,1.56574802,1.6796360993437478,6.04,-0.675,6.715,1.1150000000000002,2.82117742621868,1.151070839310873,9.973880000000001,0.801756412883614,12.5,8.17,4.33,9.89,0.6428133456,0.6665549215474206,walking,Data_Walking_SweaterPocket_Sachin.csv
9.852599999999999,2.760079933625111,16.8,2.56,14.24,9.7,7.618041239999999,0.014079170846781786,-1.00711524,1.9019835230454922,2.99,-4.5,7.49,-1.03,3.617541321936543,0.13054868203193756,1.152931596,1.4874717296070203,4.27,-2.57,6.84,1.165,2.2125721463801007,-0.006422761397476214,10.28266,2.6684523462861387,17.1,3.27,13.830000000000002,9.934999999999999,7.1206379243999995,0.0950528968682267,walking,Data_Walking_SweaterPocket_Sachin.csv
9.319580000000002,2.2058925684629336,14.6,3.31,11.29,9.395,4.865962023599999,-0.348282921098795,0.14736863999999997,1.8485397138707491,5.41,-6.1,11.51,-0.08585,3.417099073757351,0.0395545306868538,1.8009251599999998,3.961630498169128,34.0,-12.4,46.4,1.58,15.694516204023774,2.390867802013074,10.29874,2.8337908554443465,35.1,5.0,30.1,9.95,8.0303706124,3.4516320923745667,walking,Data_Walking_SweaterPocket_Sachin.csv
9.659812,3.2037816462199795,23.3,-12.0,35.3,9.6,10.264216836656,-1.4176712769254136,-0.22715257999999997,3.136223827144731,8.96,-22.2,31.16,0.0227,9.835899893950344,-2.6706573408211214,1.01442554,2.2083490882332684,8.29,-3.94,12.229999999999999,1.05,4.876805695500708,0.2513202124906382,10.60884,2.611902879970846,25.3,6.12,19.18,10.1,6.822036654400001,2.198359038849052,walking,Data_Walking_SweaterPocket_Sachin.csv
9.80082,1.7320533270081497,14.3,4.7,9.600000000000001,9.75,3.0000087276000005,-0.012525273070601098,-0.10436054000000002,1.3419188954333672,3.37,-3.22,6.59,-0.1455,1.8007463219211082,-0.05274874567258622,0.9329350800000001,1.6532494750735576,6.54,-1.56,8.1,0.778,2.7332338268309937,1.0372939188208439,10.08652,1.6649433292457734,15.0,5.82,9.18,9.92,2.7720362896,0.46130928424771195,walking,Data_Walking_SweaterPocket_Sachin.csv
9.64034,2.352162257243322,14.8,4.12,10.68,9.815000000000001,5.5326672844,-0.10150283432103233,0.34244308,1.1113247319546675,2.79,-1.95,4.74,0.6,1.2350426598541135,-0.09217646859519878,1.37560166,1.5879638350712664,5.37,-1.77,7.140000000000001,1.0350000000000001,2.521629141494244,0.38943908117304665,9.968459999999999,2.2080459751554087,15.0,5.59,9.41,10.0,4.8754670284,0.15363959940510666,walking,Data_Walking_SweaterPocket_Sachin.csv
9.74202,0.9468770351001232,12.0,6.92,5.08,9.76,0.8965761195999999,-0.2796282819182096,0.12786075600000002,0.8037015965493141,1.83,-2.13,3.96,0.201,0.6459362562959164,-0.34999349151236997,1.1455273000000001,0.8518310536868857,3.08,-0.904,3.984,1.2149999999999999,0.72561614402531,-0.31011485263755884,9.87836,0.947447576597249,12.0,6.95,5.05,9.93,0.8976569104000001,-0.5023707560577911,walking,Data_Walking_SweaterPocket_Sachin.csv
9.68092,0.8958423709559623,13.0,7.06,5.94,9.715,0.8025335536,0.2179506083926543,-0.8663305400000001,0.8892303613198935,1.9,-2.85,4.75,-0.8005,0.7907306354931084,0.2658884461372263,0.340151028,0.9544923680752817,3.34,-1.05,4.39,0.0269,0.9110556807139591,1.1496721442676936,9.81482,0.8641107380422951,13.1,7.24,5.859999999999999,9.81,0.7466873676,0.2704241652763228,walking,Data_Walking_SweaterPocket_Sachin.csv
9.809379999999999,1.7528547616959027,14.9,6.59,8.31,9.92,3.0724998156,0.6075034113186062,-0.028466740000000074,2.1704810670235233,3.75,-7.27,11.02,0.228,4.710988062307573,-1.1434374545355512,1.16548278,1.0439101353072837,4.27,-1.65,5.92,1.16,1.0897483705972715,0.0479475949978869,10.14808,1.8624408483492838,16.1,6.99,9.110000000000001,10.2,3.4686859136000003,0.8732279084062914,walking,Data_Walking_SweaterPocket_Sachin.csv
9.2808,2.385190927368289,14.1,3.88,10.219999999999999,8.774999999999999,5.689135759999999,-0.037002627576652077,-0.3451436,1.743477870458653,3.53,-4.89,8.42,-0.6375,3.03971508477904,-0.010580545768531074,1.4251507399999999,2.4572487909106093,7.29,-3.19,10.48,0.628,6.038071620431651,0.7665710571854466,9.94138,2.0560860623038133,14.4,5.13,9.27,9.254999999999999,4.2274898956,0.3521739786174977,walking,Data_Walking_SweaterPocket_Sachin.csv
9.694439999999998,2.735466009001026,16.9,3.52,13.379999999999999,9.14,7.482774286400001,0.2381051778957125,-0.7370365999999999,1.4346066800662962,2.34,-4.66,7.0,-0.6525000000000001,2.05809632649084,-0.33041185229202474,1.1107400600000001,2.418178456801027,7.91,-3.77,11.68,0.5885,5.847587048936596,0.7052145142854414,10.244119999999999,2.4914161084812787,17.2,5.5,11.7,9.57,6.207154225599999,0.5553679810800297,walking,Data_Walking_SweaterPocket_Sachin.csv
9.616380000000001,2.4782902767028725,16.4,4.13,12.27,8.915,6.1419226956,0.41161827935229484,-0.54828422,1.4406391168555683,2.38,-4.17,6.55,-0.34550000000000003,2.0754410650143917,-0.543100680357739,1.1596131799999998,2.636406686338526,7.58,-3.49,11.07,0.864,6.950640215770487,0.5126269823131336,10.1938,2.319426041071368,16.7,5.85,10.85,9.91,5.37973716,0.49246496738644374,walking,Data_Walking_SweaterPocket_Sachin.csv
9.64788,2.54143406477524,16.4,3.34,13.059999999999999,8.97,6.4588871056,0.3193657415711761,-0.55322624,1.3114144467243993,2.05,-3.86,5.91,-0.339,1.7198078510774626,-0.5951002633608398,1.17993982,2.5885356012977234,7.53,-2.84,10.370000000000001,0.7075,6.700516559185767,0.550806194110945,10.2222,2.26972517279075,16.6,6.04,10.560000000000002,9.69,5.15165236,0.6314938541976967,walking,Data_Walking_SweaterPocket_Sachin.csv
9.64808,2.43340615467291,14.5,3.64,10.86,9.155000000000001,5.9214655136,0.15312954902532694,-0.46416013999999994,1.6962167034271831,2.56,-5.88,8.44,-0.2225,2.8771511049853804,-1.0029549761266936,1.1536965759999998,2.679352943339732,7.72,-4.64,12.36,0.39949999999999997,7.178932194983284,0.5540835653370972,10.28258,2.1974263909400924,14.8,6.67,8.13,9.885000000000002,4.8286827436,0.37682294559346263,walking,Data_Walking_SweaterPocket_Sachin.csv
9.609539999999999,2.8169839169579936,17.0,3.65,13.35,9.32,7.9353983884,0.49711429274416363,-0.5988163799999999,1.6357904280915376,3.47,-4.67,8.14,-0.34650000000000003,2.675810324635896,-0.04165812068802211,0.91378944,3.0139225856131886,10.3,-5.87,16.17,0.4515,9.083729352069287,0.7674152774125056,10.25876,2.835439871060573,17.8,4.34,13.46,9.7,8.0397192624,0.45635734677625217,walking,Data_Walking_SweaterPocket_Sachin.csv
9.59424,2.920765793828735,16.2,4.34,11.86,9.2,8.530872822400001,0.36978648886081195,-0.4426804,1.8096404348063888,3.01,-5.22,8.23,-0.4095,3.2747985032862563,-0.4306663532667228,1.0315392,3.138688345271534,11.5,-6.77,18.27,0.834,9.85136452874336,0.851089660340153,10.286700000000002,3.0356818196247115,17.5,5.58,11.92,9.57,9.21536411,0.4714079996581813,walking,Data_Walking_SweaterPocket_Sachin.csv
9.585919999999998,2.721779519652538,15.2,4.68,10.52,8.835,7.4080837536,0.4329798923370082,-0.28906003999999996,1.5757007543401123,3.29,-4.61,7.9,-0.0625,2.4828328672279985,-0.30561693932960127,1.40093612,2.6206317746920007,10.6,-2.3,12.899999999999999,0.929,6.867710898525345,1.1617057468832757,10.19084,2.6188046308191835,15.3,5.43,9.870000000000001,9.575,6.858137694400001,0.287430963999767,walking,Data_Walking_SweaterPocket_Sachin.csv
9.655619999999999,2.4652163831193397,14.7,3.2,11.5,9.07,6.0772918156,0.07687979036938729,-0.34360285999999995,1.4851530899842011,2.07,-4.49,6.5600000000000005,-0.0649,2.2056797006896205,-0.744914178724717,1.1605889360000001,2.7572458379483313,9.91,-3.17,13.08,0.279,7.602404610883396,0.9457168007101129,10.250279999999998,2.3646389833545416,15.0,5.52,9.48,10.05,5.5915175216,0.18187770863073066,walking,Data_Walking_SweaterPocket_Sachin.csv
9.7118,2.437216847143479,13.9,3.77,10.13,9.36,5.940025960000001,-0.0772716093799993,-0.4443348999999999,1.460665866370879,2.44,-4.57,7.01,-0.10445,2.13354477318099,-0.7063845458478749,1.38311134,2.5058138896720172,9.33,-2.31,11.64,0.745,6.279103249673204,1.0297201423698372,10.29496,2.1961712588958084,14.1,5.67,8.43,10.1,4.8231681984,-0.006105407053630952,walking,Data_Walking_SweaterPocket_Sachin.csv
9.590060000000001,2.543506201368497,16.1,2.85,13.250000000000002,9.1,6.4694237964,0.21307481209837725,-0.57736906,1.5582454606564773,2.17,-4.86,7.03,-0.335,2.428128915656517,-0.6374444949486202,1.44929344,2.597186475256131,9.22,-2.68,11.9,0.576,6.745377587253366,0.9335719157742216,10.25504,2.216618821177877,16.2,5.87,10.329999999999998,9.84,4.9133989984,0.5696948114044355,walking,Data_Walking_SweaterPocket_Sachin.csv
9.65832,2.513913518321583,15.2,3.79,11.41,9.305,6.319761177599999,0.057298115285593296,-0.451932,1.5248068899686937,2.42,-5.03,7.45,-0.23349999999999999,2.325036051696,-0.5799002107084993,1.5029596,2.6426536400156264,9.4,-3.83,13.23,1.105,6.98361826108784,0.6879594371214764,10.27312,2.424843472391569,15.2,4.37,10.829999999999998,10.149999999999999,5.879865865600001,0.10657579801612074,walking,Data_Walking_SweaterPocket_Sachin.csv
9.578100000000001,2.5360138386846396,15.4,4.64,10.760000000000002,8.795,6.43136619,0.5413173000416031,-0.39416488000000005,1.2888116694475518,1.73,-3.78,5.51,-0.181,1.6610355193041855,-0.43485576952903504,1.39707562,2.596384067081335,8.79,-3.16,11.95,0.8925000000000001,6.741210223793816,0.8259488341649016,10.16156,2.3296940499559162,15.6,6.55,9.05,9.59,5.427474366399999,0.5600793909284477,walking,Data_Walking_SweaterPocket_Sachin.csv
9.57052,2.5026214515183876,15.2,3.48,11.719999999999999,9.09,6.263114129600001,0.3437029120891017,-0.419769,1.1498108574812642,1.25,-3.8,5.05,-0.2245,1.3220650079818,-0.6433955474069181,1.3445878,2.5796176784868643,7.9,-2.86,10.76,1.025,6.65442736716196,0.5531550436955028,10.13776,2.2492398232291726,15.3,6.27,9.030000000000001,9.66,5.0590797824000004,0.5304367850965482,walking,Data_Walking_SweaterPocket_Sachin.csv
9.60876,2.431054927886246,15.4,3.71,11.690000000000001,9.495000000000001,5.9100280624,0.2027435316604427,-0.47720695999999996,1.7322704119820203,2.21,-5.41,7.62,0.104,3.0007607802283585,-0.9229774825412177,1.3504496400000001,2.3959766581819344,9.28,-2.14,11.42,1.06,5.7407041465526705,0.9827642208598375,10.192020000000001,2.2768371306705273,15.5,6.08,9.42,9.9,5.1839873196,0.3303821660326343,walking,Data_Walking_SweaterPocket_Sachin.csv
9.584340000000001,2.2619528209934,14.9,4.22,10.68,9.325,5.1164305644,0.22358739020281598,-0.50524618,1.6841145680748704,2.47,-5.19,7.66,-0.33299999999999996,2.8362418784020074,-0.48692465005836333,1.2990561999999999,2.7645581417690535,8.89,-3.55,12.440000000000001,0.9215,7.642781719221561,0.7003361755195753,10.227619999999998,2.1934638669465243,15.1,5.58,9.52,10.1,4.8112837356,0.2265749682859845,walking,Data_Walking_SweaterPocket_Sachin.csv
9.584539999999999,2.72849452783032,14.6,2.47,12.129999999999999,9.295,7.4446823884,-0.18016255923711952,-0.51118178,1.523181084255786,2.47,-4.96,7.43,-0.405,2.3200806154346316,-0.6901041278514358,0.94782042,2.598985631579987,10.1,-2.84,12.94,0.38,6.754726313159223,1.03248840492896,10.14316,2.589893282434626,14.9,4.62,10.280000000000001,9.89,6.7075472144,0.044906401153035964,walking,Data_Walking_SweaterPocket_Sachin.csv
8.78522,1.8716061956512113,14.2,5.63,8.57,8.675,3.5029097516000003,0.7490991156988054,-0.6762158599999999,2.8458009646541096,4.46,-6.74,11.2,-0.5045,8.09858313042626,0.011139264386799339,2.47173918,2.5200728991180252,10.0,-1.18,11.18,2.225,6.350767416869128,0.9856449755619158,9.88748,1.9935643580281024,15.0,6.55,8.45,9.684999999999999,3.9742988496,0.522496683830074,walking,Data_Walking_SweaterPocket_Sachin.csv
9.175720000000002,2.8660931739216013,18.7,4.84,13.86,8.74,8.2144900816,1.148507138504483,-0.7141772000000001,3.038659255461224,6.53,-6.15,12.68,-0.789,9.233450070800162,0.4484766768428695,3.4087679999999994,1.7338348230140033,7.02,-0.983,8.003,3.57,3.006183193496,-0.4801463546116937,10.422600000000001,2.8710553530017493,20.2,7.04,13.16,9.6,8.24295884,1.3405421076399793,walking,Data_Walking_SweaterPocket_Sachin.csv
9.15428,3.5320593542011722,22.0,3.14,18.86,8.495000000000001,12.4754432816,1.6144341510597562,-0.32477859999999986,3.1081832527703446,4.76,-6.78,11.54,-0.5545,9.660803132802041,0.026092389352271973,2.5432048000000003,1.7929150587400842,6.35,-1.68,8.03,2.7350000000000003,3.21454440785696,-0.28143537056250045,10.207240000000002,3.3913757654379735,22.4,4.3,18.099999999999998,9.72,11.5014295824,1.5501323413206225,walking,Data_Walking_SweaterPocket_Sachin.csv
8.8979,1.5687626302280404,12.3,4.77,7.530000000000001,8.82,2.4610161899999996,0.049376007728911486,-0.060879960000000025,1.3079930502995796,2.52,-3.25,5.77,0.177,1.7108458196319984,-0.6253783417026909,2.19705054,1.8883994556231762,8.6,-0.944,9.544,2.04,3.5660525039979083,1.0660349135917162,9.489720000000002,1.29744499752398,12.4,6.85,5.550000000000001,9.39,1.6833635216,0.265872506499858,walking,Data_Walking_SweaterPocket_Sachin.csv
9.79416,2.2432621546310636,14.6,2.57,12.03,9.895,5.032225094400001,-0.5295530347479684,-0.22785448000000003,0.9535084694083894,2.15,-2.23,4.38,-0.328,0.9091784012335294,0.33662566189612175,1.11002904,1.8749202511854948,4.91,-3.05,7.96,1.08,3.515325948305479,-0.05002616484358396,10.12926,2.0269804272365337,14.8,4.71,10.09,10.1,4.1086496524000005,-0.00957554512335505,walking,Data_Walking_SweaterPocket_Sachin.csv
9.60354,2.491129155302872,15.6,3.46,12.14,9.39,6.205724468400001,0.029408529119469926,-0.2855102,1.400469622203909,2.75,-3.15,5.9,-0.11299999999999999,1.96131516271596,-0.1769504346424014,1.3778928999999998,2.365852725073856,8.87,-2.98,11.85,0.9564999999999999,5.597259116739389,0.762392095448243,10.11374,2.3927108083510635,15.9,4.44,11.46,9.56,5.725065012399999,0.324642896229086,walking,Data_Walking_SweaterPocket_Sachin.csv
9.529399999999999,2.4336934153668577,14.4,3.27,11.13,9.26,5.92286364,0.08428370135614555,-0.45974864000000004,1.424674014135497,2.6,-4.72,7.32,-0.1285,2.0296960465529503,-0.7855524033219436,1.3052695199999997,2.314840687699646,8.3,-2.2,10.5,0.8725,5.35848740942977,0.8399071152797439,10.05122,2.246253394343568,14.7,5.44,9.259999999999998,9.844999999999999,5.0456543116,0.3117651494587893,walking,Data_Walking_SweaterPocket_Sachin.csv
9.537460000000001,2.4546982194151687,15.1,2.99,12.11,9.03,6.0255433484,0.03534888434881902,-0.528988384,1.2388418319758485,1.44,-3.34,4.779999999999999,-0.3265,1.5347290846532764,-0.36856295162785113,1.4121344999999998,2.392701508391707,8.82,-2.13,10.95,0.9775,5.72502050825995,0.8676926994048355,10.089360000000001,2.1832005840966606,15.3,5.73,9.57,9.434999999999999,4.7663647904,0.3488914685232612,walking,Data_Walking_SweaterPocket_Sachin.csv
9.65644,2.3161618523756067,14.4,3.53,10.870000000000001,9.415,5.364605726400001,0.042634225461479915,-0.48349316,1.1947025722265832,2.08,-2.97,5.050000000000001,-0.4625,1.4273142360848143,0.04178218250420301,1.2836132599999999,2.1974001744682674,7.6,-2.37,9.969999999999999,0.998,4.828567526753172,0.6598944918566875,10.12594,2.0500877338299452,14.5,6.11,8.39,9.785,4.2028597164,0.327605843738897,walking,Data_Walking_SweaterPocket_Sachin.csv
9.7605,2.4757658108149085,15.8,3.85,11.950000000000001,9.44,6.1294163500000005,0.054662322239463386,-0.39249764000000004,1.382655154639663,2.26,-3.99,6.25,-0.272,1.9117352766516305,-0.2896789915309635,1.1767132,2.3301843493907857,6.88,-3.44,10.32,0.929,5.42975910214576,0.3037657589892856,10.247600000000002,2.2889103608485852,16.0,5.94,10.059999999999999,9.61,5.23911064,0.30600796299015987,walking,Data_Walking_SweaterPocket_Sachin.csv
9.703700000000001,2.373353515597708,14.3,3.86,10.440000000000001,9.43,5.63280691,-0.008602053420540563,-0.4589727800000001,1.2487845128107857,2.24,-3.13,5.37,-0.544,1.5594627594360717,0.07644846354657263,1.1355642600000002,2.4835331297489174,7.34,-3.68,11.02,0.7215,6.167936806560452,0.4736815267482399,10.20908,2.1727001527132086,14.6,6.06,8.54,9.85,4.7206259536,0.27131772953731226,walking,Data_Walking_SweaterPocket_Sachin.csv
9.80156,2.4092647771467544,14.3,3.33,10.97,9.605,5.8045567664,-0.23036739425836422,-0.375241864,1.2602968824966654,2.1,-3.44,5.54,-0.4245,1.5883482320308133,-0.1438052825172691,1.14974822,2.461319930825213,7.8,-3.52,11.32,0.8155,6.058095801877431,0.44175611649029595,10.31432,2.1348981562594505,14.4,5.55,8.850000000000001,10.5,4.5577901376000005,0.01083240101092886,walking,Data_Walking_SweaterPocket_Sachin.csv
9.53438,2.271902069984532,13.3,4.34,8.96,9.24,5.1615390156,-0.18478581843892875,-0.46848882000000003,1.4069986539095223,2.38,-4.51,6.89,-0.3,1.9796452121032075,-0.5739917523505721,1.10027604,2.336514611092924,7.24,-4.86,12.100000000000001,0.832,5.4593005278507185,0.223632246404753,10.0336,2.0682932674067285,14.2,6.17,8.03,9.675,4.2778370400000005,0.17493625801090937,walking,Data_Walking_SweaterPocket_Sachin.csv
9.700700000000001,2.016599739660798,13.3,4.1,9.200000000000001,9.81,4.0666745099999995,-0.25977210835206643,-0.5026128000000001,1.4643784979055654,3.19,-4.23,7.42,-0.3845,2.1444043851281602,-0.08373547376592823,1.29359044,1.9983450844512833,7.26,-3.05,10.309999999999999,1.165,3.9933830765506064,0.4155954935316958,10.12144,1.9439300209626889,13.9,4.86,9.04,10.0,3.7788639263999997,-0.15118928645819735,walking,Data_Walking_SweaterPocket_Sachin.csv
9.47668,2.2545106292940824,15.6,3.77,11.83,9.15,5.0828181776,0.393081731194795,-0.17693285600000003,1.4587635888806285,2.95,-3.64,6.59,0.10145,2.127991208243891,-0.3374486604746498,1.5264371639999998,2.1610423030040034,8.33,-2.64,10.97,1.43,4.670103835372846,0.5995453204136236,10.000399999999999,2.0035308432864216,15.8,6.06,9.740000000000002,9.504999999999999,4.01413584,0.7869977959193172,walking,Data_Walking_SweaterPocket_Sachin.csv
9.67198,2.6237745862783255,15.4,3.26,12.14,9.395,6.884193079599999,-0.03949276670565091,-0.24102384,1.154783360647379,1.62,-3.22,4.84,0.0395,1.3335246100280547,-0.5292077684784808,1.52508936,2.3614234009747577,7.94,-3.18,11.120000000000001,1.125,5.576320478671191,0.5286177400142157,10.20918,2.3467237433494383,15.7,5.34,10.36,10.149999999999999,5.5071123276,0.26488337492824443,walking,Data_Walking_SweaterPocket_Sachin.csv
9.7923,2.4636693994933654,16.0,3.26,12.74,9.6,6.0696669100000005,-0.1175824502013295,-0.33399096,1.1737765771472348,1.78,-3.19,4.97,-0.2505,1.3777514530594783,-0.3620709004780144,1.2528493760000001,2.2677068333491035,7.8,-2.71,10.51,0.5295000000000001,5.142494282018218,0.8239617736296481,10.27348,2.16010099060206,16.2,5.81,10.39,9.99,4.6660362896,0.36870499580712446,walking,Data_Walking_SweaterPocket_Sachin.csv
9.643720000000002,2.3841292250211605,14.9,3.14,11.76,8.92,5.684072161599999,0.0694645801321082,-0.40876512000000004,1.3111415043415358,2.34,-3.2,5.54,-0.09570000000000001,1.7190920444069857,-0.25111861013032033,1.322889796,2.5086352682313717,8.49,-2.15,10.64,0.86,6.2932509090142865,0.7199362220740919,10.20302,2.111391834691041,15.2,5.7,9.5,9.504999999999999,4.4579754796,0.3953811330046056,walking,Data_Walking_SweaterPocket_Sachin.csv
9.79138,2.5066797752405474,15.6,3.41,12.19,9.19,6.2834434956,0.0719552876671248,-0.27322316,1.3078739343108012,2.49,-3.15,5.640000000000001,-0.2615,1.7105342280496143,-0.02674260739294181,0.8295167800000001,1.794410661676594,5.06,-2.97,8.03,0.526,3.2199096227386317,0.30690375811235465,10.11204,2.3577502493690887,15.8,5.69,10.11,9.295,5.5589862384,0.4313741450152019,walking,Data_Walking_SweaterPocket_Sachin.csv
9.66436,2.366157177873017,15.4,3.34,12.06,9.27,5.5986997903999995,0.03760435624206351,-0.40625680000000003,1.2866553001693033,2.1,-3.94,6.04,-0.28049999999999997,1.65548186145376,-0.5442173755147238,0.9537616000000001,2.4421085841471997,8.38,-2.93,11.31,0.489,5.96389433676544,0.8585543150374074,10.161779999999998,2.1170895662678046,15.6,5.96,9.64,9.83,4.4820682316000005,0.3891350632866181,walking,Data_Walking_SweaterPocket_Sachin.csv
9.400139999999999,2.21254554312448,14.6,3.96,10.64,9.225000000000001,4.8953577804,0.060606804061488655,-0.2596193400000001,1.185967615490307,1.88,-3.32,5.199999999999999,-0.035,1.4065191849917646,-0.4827081800510305,1.31245002,2.3544081527233547,8.33,-2.73,11.06,0.874,5.5432377496102,0.8102180942421479,9.907540000000001,1.9535193237846407,14.6,6.25,8.35,9.5,3.8162377484,0.39321173716496166,walking,Data_Walking_SweaterPocket_Sachin.csv
9.61196,2.715624892800919,15.6,3.57,12.03,9.175,7.374618558400002,0.11115189099692664,-0.394244636,1.2829837591187332,2.35,-3.23,5.58,-0.483,1.6460473261624353,-0.17275095982988686,1.1881706359999997,2.4898317549913616,8.66,-3.63,12.29,0.88,6.199262168163364,0.6697566135265651,10.14642,2.5026511110420486,15.8,5.0,10.8,9.72,6.2632625835999995,0.2999785959705242,walking,Data_Walking_SweaterPocket_Sachin.csv
9.78128,2.501160363031527,14.2,3.56,10.639999999999999,9.4,6.2558031616,-0.16432734542324048,-0.42513262,1.4623643439854979,2.86,-3.81,6.67,-0.3075,2.1385094745601356,-0.3278704880346378,1.30117496,2.389329087914304,8.31,-3.11,11.42,1.1099999999999999,5.708893490353399,0.6001602895577076,10.319400000000002,2.2788633219216985,14.6,5.64,8.96,10.1,5.19321804,0.037220872605028925,walking,Data_Walking_SweaterPocket_Sachin.csv
9.68918,2.8821782608992113,16.4,1.73,14.669999999999998,9.72,8.3069515276,-0.29450974173006833,-0.5483773599999999,1.231100812305731,2.26,-3.28,5.539999999999999,-0.3475,1.5156092100598304,-0.11649171690062633,1.10008198,2.5041785959135345,7.85,-3.94,11.79,0.8345,6.27091044023148,0.42349420116203607,10.242659999999999,2.562480502247773,17.0,4.02,12.98,9.99,6.5663063244,0.06617236597853665,walking,Data_Walking_SweaterPocket_Sachin.csv
9.750639999999999,2.1664667988224515,16.6,5.49,11.110000000000001,9.524999999999999,4.6935783904,0.32212669438839503,-0.09234972000000005,1.2193285556601723,2.43,-3.44,5.87,-0.028999999999999998,1.4867621266483217,-0.36044093494502377,0.6602431400000001,2.078119683447693,7.47,-2.99,10.46,0.3725,4.31858141873274,0.9912865149797719,10.097880000000002,2.01921843929774,17.0,6.05,10.95,9.985,4.077243105600001,0.5025437581891761,walking,Data_Walking_SweaterPocket_Sachin.csv
9.54208,2.491027112176823,15.2,3.96,11.239999999999998,9.114999999999998,6.205216073600001,0.00960690858720962,-0.20545787999999998,0.873391523462133,1.51,-1.95,3.46,-0.177,0.7628127532555057,-0.13316974758314884,1.6277396,2.085693049667625,6.77,-2.87,9.64,1.36,4.3501154974318395,0.18840902523211686,9.996619999999998,2.280939625592927,15.2,5.1,10.1,9.504999999999999,5.2026855756,0.1794245951864248,walking,Data_Walking_SweaterPocket_Sachin.csv
9.76654,1.2366909995629467,12.5,7.25,5.25,9.835,1.5294046284,-0.041914724115981,0.46993664,0.8922367293304565,2.71,-1.12,3.83,0.5555000000000001,0.7960863811663104,0.1322666862333104,1.47857554,1.0896212238514393,4.18,-1.65,5.83,1.32,1.1872744114675085,-0.09524628420783972,10.00408,1.0963385214430805,12.6,7.81,4.79,9.97,1.2019581536000001,0.35320752179549936,walking,Data_Walking_SweaterPocket_Sachin.csv
9.493259999999998,2.342746160470656,16.7,3.04,13.66,9.375,5.4884595724,0.19886197539489261,-0.8106793999999999,1.3041107650768167,2.25,-3.61,5.859999999999999,-0.7905,1.7007048875892399,0.285928253774913,2.1480106,1.0773846062514723,4.59,-0.385,4.975,2.175,1.1607575897876399,0.17024971699824085,9.927,2.276063487690974,17.3,4.3,13.0,9.55,5.180465,0.6057182673285842,walking,Data_Walking_SweaterPocket_Sachin.csv
9.62758,2.158571366343953,16.3,3.18,13.120000000000001,9.925,4.6594303436,-0.2530383651804474,-0.38022798,1.6611968216478503,2.99,-5.9,8.89,-0.203,2.7595748802529196,-0.86040988053085,1.33316936,2.560754169702744,8.57,-3.23,11.8,1.04,6.55746191764999,0.7166995876406513,10.23992,1.9294512156569288,17.1,5.11,11.990000000000002,10.4,3.7227819936000004,0.30508618096427037,walking,Data_Walking_SweaterPocket_Sachin.csv
9.75016,2.054782026006652,14.8,3.95,10.850000000000001,9.594999999999999,4.222129174400001,-0.13985726360592313,-0.5275105999999999,1.4782985261805681,3.09,-3.73,6.82,-0.481,2.18536653250764,-0.004199906891095934,1.2314857399999999,1.7218594478639806,5.18,-3.0,8.18,1.225,2.9647999581984523,-0.17854420431705248,10.10782,2.014752750984597,15.3,4.63,10.670000000000002,9.93,4.0592286476,0.13579071066285714,walking,Data_Walking_SweaterPocket_Sachin.csv
9.722299999999999,2.4489017354724547,16.2,4.9,11.299999999999999,9.725000000000001,5.99711971,0.4381853334153598,0.3642202,1.2631621004401454,2.51,-2.27,4.779999999999999,0.4205,1.59557849198836,-0.1925719805439607,1.54971038,1.5037488030414041,4.73,-2.17,6.9,1.525,2.2612604626484556,-0.23417609365552514,10.0685,2.3543837304058997,16.3,5.32,10.98,9.864999999999998,5.54312275,0.5964138984523003,walking,Data_Walking_SweaterPocket_Sachin.csv
9.4129,1.095459990141128,13.5,7.13,6.37,9.475000000000001,1.20003259,0.8695601514149089,0.60241958,1.0620732598238334,1.98,-1.59,3.5700000000000003,0.949,1.1279996092328237,-0.5270459911808112,1.9496019999999998,0.8343250419326991,3.54,0.315,3.225,2.1550000000000002,0.696098275596,-0.48600198325531824,9.737059999999998,0.9920580408423691,13.7,7.74,5.959999999999999,9.71,0.9841791563999999,1.209860625822037,walking,Data_Walking_SweaterPocket_Sachin.csv
9.47,0.8774595147355803,12.9,6.58,6.32,9.5,0.7699352,0.45750767127187053,-0.66945116,1.191490477696173,2.37,-2.42,4.79,-1.005,1.4196495584406543,1.0482371368065433,2.494094,0.8448679619703897,5.81,0.676,5.1339999999999995,2.455,0.7138018731639999,1.3812542741247005,9.91256,1.0014137238923781,14.1,6.7,7.3999999999999995,9.89,1.0028294464,0.9853802712047186,walking,Data_Walking_SweaterPocket_Sachin.csv
9.475200000000001,0.5455952345832944,11.3,8.65,2.6500000000000004,9.37,0.29767416,1.4876230580160632,-1.1379442,1.1835263714452502,1.06,-2.79,3.85,-1.54,1.4007346719063603,0.37186437872048816,1.5627576600000002,0.7714477592373474,2.58,-0.132,2.712,1.78,0.5951316452323244,-0.529567421295452,9.77502,0.5211965076628968,11.4,8.81,2.59,9.73,0.2716457996,0.5874443783096134,walking,Data_Walking_SweaterPocket_Sachin.csv
9.720419999999999,1.1437062663114161,13.9,7.63,6.2700000000000005,9.6,1.3080640235999998,0.9654793427699984,-0.37808046,0.9084138734123276,2.13,-2.47,4.6,-0.386,0.8252157654079884,0.1946995854212292,0.7075060000000001,1.181319312120309,3.62,-1.66,5.28,0.7575000000000001,1.3955153171884,0.2901860729553582,9.868099999999998,1.1286823246600435,14.2,7.87,6.329999999999999,9.74,1.27392379,1.171520408050385,walking,Data_Walking_SweaterPocket_Sachin.csv
9.70958,2.1460685971329063,14.4,4.92,9.48,9.61,4.6056104236,0.21134066402061807,-0.8764095999999999,1.177611695164344,1.84,-4.7,6.54,-0.769,1.3867693045878402,-0.5068172708003177,0.53214198,1.9179479833148447,5.22,-2.85,8.07,0.526,3.6785244667014796,0.15218982072034787,10.060220000000001,1.948842669791484,14.8,6.23,8.57,9.89,3.7979877515999996,0.49930305817766985,walking,Data_Walking_SweaterPocket_Sachin.csv
9.67116,2.593449797933247,15.6,1.84,13.76,9.41,6.7259818544,-0.41026510781148223,-3.18018858,2.28480595293031,1.92,-7.63,9.55,-3.0949999999999998,5.220338242545783,0.14214570620688974,0.7439928,2.035711694181708,6.38,-4.48,10.86,0.6094999999999999,4.14412210182816,0.2679962137386057,10.68438,2.4713107889539105,15.7,2.95,12.75,10.55,6.107377015599999,-0.33656348859830737,walking,Data_Walking_SweaterPocket_Sachin.csv
0.14840599999999995,2.7794734854148184,9.53,-5.43,14.959999999999999,-0.6665000000000001,7.725472856124,0.8648048113456599,4.88145,3.0792405186181866,9.26,-3.83,13.09,4.51,9.4817221715,-0.6685842915155382,6.71344,2.899968787142372,12.1,1.79,10.309999999999999,6.43,8.4098189664,0.2091924210464101,9.63466,1.311330349073032,12.9,7.04,5.86,9.55,1.7195872844,0.4161534621887719,walking,Data_Walking_SweaterPocket_Sachin.csv
-1.6044418,0.6805566423397541,-0.012,-2.9,2.888,-1.5950000000000002,0.46315734343276,0.19921144666734872,4.66892,2.1848319920762784,8.94,1.77,7.17,5.0649999999999995,4.773490833599999,0.2814432069784854,7.77,2.5285847424992505,12.6,2.01,10.59,8.05,6.3937408,-0.5854711160083912,9.75862,1.055883088035792,12.7,7.94,4.759999999999999,9.66,1.1148890956,1.017968850180529,walking,Data_Walking_SweaterPocket_Sachin.csv
-0.28143825999999994,0.9266835280493403,2.59,-1.87,4.46,-0.4285,0.8587423611579725,1.0121251592813323,1.0694964,0.8068199459774406,2.27,-0.769,3.039,1.31,0.6509584252270401,-0.8033166704469821,9.86882,0.9424075591802095,11.7,7.59,4.109999999999999,9.94,0.8881320076000001,-0.3044928521400544,10.007819999999999,0.9229967755089938,11.8,7.71,4.090000000000001,10.1,0.8519230476,-0.37812949082275965,walking,Data_Walking_SweaterPocket_Sachin.csv
-0.3908578599999999,1.0563246137670088,2.0,-2.28,4.279999999999999,-0.4775,1.1158216896500204,0.21644517755985299,1.736826,0.582002590822412,2.76,0.556,2.2039999999999997,1.74,0.338727015724,-0.27566171437804765,9.44434,0.8788400106959173,11.6,8.08,3.5199999999999996,9.375,0.7723597644000001,0.326450984834625,9.69156,0.8214883848235469,11.8,8.32,3.4800000000000004,9.625,0.6748431664,0.422094226644766,walking,Data_Walking_SweaterPocket_Sachin.csv
-1.32719512,0.7746971674832596,0.126,-2.61,2.7359999999999998,-1.1749999999999998,0.6001557013065856,-0.062372049069501584,2.137,0.48117502013300734,3.06,1.03,2.0300000000000002,2.27,0.2315294,-0.32366880969920697,9.48518,1.0418158031053282,12.3,6.91,5.390000000000001,9.41,1.0853801676,-0.0015481898727889255,9.864120000000002,0.9763178916725843,12.4,7.44,4.96,9.864999999999998,0.9531966256000001,-0.17220031100446181,walking,Data_Walking_SweaterPocket_Sachin.csv
-0.39658326,0.8826261213048097,1.24,-2.56,3.8,-0.3535,0.7790288700095725,-0.4251464763305928,1.9774580000000002,0.8150049768167064,3.45,0.368,3.0820000000000003,2.13,0.664233112236,-0.2683786349824181,9.647359999999999,0.9156860981799384,12.7,8.2,4.5,9.57,0.8384810303999998,0.9616293327835628,9.9376,0.826463453517456,12.8,8.56,4.24,9.84,0.6830418400000001,1.0795853453159112,walking,Data_Walking_SweaterPocket_Sachin.csv
0.70292154,3.080505087585123,7.03,-7.17,14.2,-0.1215,9.489511594637827,0.3767443110697089,2.0802502,1.3957904243760808,5.74,-1.89,7.63,1.68,1.9482309087799599,0.42786401586043205,9.059496,2.5474685046108028,13.4,-5.35,18.75,9.434999999999999,6.489595781984,-2.6140271592558584,10.066040000000001,1.8736777520160717,15.8,3.37,12.43,10.3,3.5106683184,-0.7077781283758915,walking,Data_Walking_SweaterPocket_Sachin.csv
7.9802,4.182970136159234,17.8,2.67,15.13,6.605,17.49723916,0.7712693358252057,-1.0078946000000002,3.179230482552475,6.68,-9.2,15.879999999999999,-0.8354999999999999,10.107506461190841,-0.02753327388206561,4.5137968,4.10362148956623,10.4,-13.2,23.6,5.465,16.83970932962976,-0.9783657090346742,10.92324,3.193597204157093,19.0,6.45,12.55,9.815000000000001,10.1990631024,0.8688690820027057,walking,Data_Walking_SweaterPocket_Sachin.csv
9.4214998,4.148509632701841,20.9,-0.712,21.612,9.155000000000001,17.21013217261996,0.09072095721101968,-1.4883064000000001,2.272577911312314,4.25,-8.25,12.5,-1.18,5.16461036298464,-0.35372363758474634,0.48156054000000004,2.834961259899103,5.86,-8.02,13.879999999999999,0.7115,8.03700534512871,-0.5492051483950953,10.237779999999999,4.100287023075335,21.4,2.64,18.759999999999998,10.0,16.812353671599997,0.22740829302912607,walking,Data_Walking_SweaterPocket_Sachin.csv
9.5488,1.798254531483238,14.9,4.98,9.92,9.51,3.2337193600000003,0.31286346244436386,-0.69413176,1.288679569155072,1.26,-4.15,5.41,-0.301,1.6606950319577025,-0.6866035087347817,1.7976456,1.7328640364092736,5.66,-2.1,7.76,2.27,3.00281776868064,-0.40039800978165213,10.0127,1.61021442981983,15.1,6.52,8.58,9.86,2.5927905100000004,0.8518975204182063,walking,Data_Walking_SweaterPocket_Sachin.csv
9.393880000000001,1.1044248030536077,13.6,7.14,6.46,9.335,1.2197541456,1.025749879711625,-1.26622248,0.8689167679039516,0.581,-3.42,4.0009999999999994,-1.27,0.7550163495446497,-0.06862493986485974,2.7062700000000004,1.0457260296559516,5.45,0.139,5.311,2.65,1.0935429291,0.24516266513726545,9.95268,1.0806429649056157,14.0,7.61,6.39,9.79,1.1677892175999998,0.9327312469311518,walking,Data_Walking_SweaterPocket_Sachin.csv
9.46178,1.0538570261662632,12.5,6.88,5.62,9.52,1.1106146315999998,0.16313560315445888,0.04684317999999998,0.9580168821400213,2.39,-2.66,5.050000000000001,0.0398,0.9177963464652875,-0.12121451290739954,2.7077139999999997,0.9365722931007515,5.0,0.856,4.144,2.68,0.8771676602039999,0.23586462550957332,9.93732,0.9896120540898842,12.7,8.01,4.6899999999999995,9.84,0.9793320175999999,0.6200014440719538,walking,Data_Walking_SweaterPocket_Sachin.csv
9.46382,1.828542809889886,13.1,3.12,9.98,9.42,3.3435688075999996,-0.6935576320299772,-0.282941596,1.2132337601602508,2.92,-2.71,5.63,-0.411,1.4719361567925808,0.5414147727850687,2.0286302000000003,1.2445467877536625,4.77,-0.713,5.483,2.03,1.54889670690796,-0.0185562156125922,9.869419999999998,1.6601139309095625,13.8,5.26,8.540000000000001,9.605,2.7559782636,0.22370171536449512,walking,Data_Walking_SweaterPocket_Sachin.csv
9.46024,2.0764692972447243,14.2,3.64,10.559999999999999,9.754999999999999,4.3117247424,-0.4379691177091289,-0.47320676,1.3007775934244494,2.76,-2.97,5.73,-0.695,1.6920223475551024,0.6146590528039971,2.3035537999999995,1.1714077794711626,4.85,-0.471,5.321,2.355,1.37219618580556,-0.029949002126983416,9.952759999999998,1.8300951839726807,14.7,5.49,9.209999999999999,9.97,3.3492483824,0.07944137041349193,walking,Data_Walking_SweaterPocket_Sachin.csv
9.504520000000001,2.024019557613019,14.8,4.71,10.09,9.675,4.096655169600001,0.06393662197377703,-0.024160020000000004,0.9613605825384145,2.02,-1.69,3.71,-0.1095,0.9242141696585996,0.3269169684356685,2.6421910000000004,1.3216325068864643,4.99,-0.526,5.516,3.08,1.746712483259,-0.36693584287749337,10.041439999999998,1.8012324465209923,15.3,6.5,8.8,10.0,3.2444383263999996,0.5209721067256147,walking,Data_Walking_SweaterPocket_Sachin.csv
9.062779999999998,0.9706979301512907,12.4,7.17,5.23,9.035,0.9422544716,0.8016182266135041,0.43092264,1.6206925373124386,3.51,-3.45,6.96,0.7585,2.6266443005002302,-0.46147871848167893,3.5165999999999995,0.7523302732178202,5.61,2.32,3.2900000000000005,3.425,0.5660008400000001,0.5901030849265786,9.901279999999998,0.875842886367184,13.1,8.27,4.83,9.785,0.7671007616,1.1494091326725802,walking,Data_Walking_SweaterPocket_Sachin.csv
9.559880000000001,1.0495092117747227,11.7,7.12,4.579999999999999,9.69,1.1014695855999999,-0.25947853661670817,-0.6774368040000001,1.1737281680409113,1.67,-3.73,5.4,-0.7775000000000001,1.3776378124526736,-0.12432404694502971,1.93114474,0.9254183361983555,3.88,0.00897,3.8710299999999997,1.975,0.8563990969721323,-0.16107486490868841,9.8955,0.9832443999332007,12.1,7.78,4.319999999999999,9.91,0.96676955,-0.017053642790011488,walking,Data_Walking_SweaterPocket_Sachin.csv
9.57464,1.3288273290386527,13.1,6.66,6.4399999999999995,9.434999999999999,1.7657820704,0.3896074987805689,0.43186562000000006,1.3698971565105957,3.53,-3.54,7.07,0.6625000000000001,1.8766182194158156,-0.7020059770723535,2.4691488200000005,1.2068127016656758,5.15,-0.968,6.118,2.475,1.4563968969016072,-0.3209730243489221,10.059980000000001,1.3493313157264233,13.4,6.93,6.470000000000001,9.785,1.8206949996000004,0.5009090874491552,walking,Data_Walking_SweaterPocket_Sachin.csv
9.57208,1.6823935549091955,14.8,4.27,10.530000000000001,9.61,2.8304480736000004,-0.21125075184075848,-0.8274606600000001,1.0773696933096661,2.23,-2.64,4.87,-1.045,1.1607254560621643,1.1324103522535924,2.061062804,1.272078318281884,5.79,-0.0156,5.8056,2.08,1.618183247842866,0.7484220201937266,9.998619999999999,1.466057534887359,15.3,6.18,9.120000000000001,9.89,2.1493246956,0.6304155487112104,walking,Data_Walking_SweaterPocket_Sachin.csv
9.4605,2.243863442814647,13.5,3.25,10.25,9.645,5.034923150000001,-0.6069497152242151,-1.1896777200000002,1.7707366484617642,2.85,-6.15,9.0,-1.02,3.1355082782056014,0.14658930681289412,2.106412736,1.887510791718554,5.17,-1.55,6.72,2.51,3.5626969888540025,-0.23058766607579026,10.1685,1.9176171541785916,13.8,5.69,8.11,9.95,3.6772555500000004,-0.08510025928480715,walking,Data_Walking_SweaterPocket_Sachin.csv
9.490860000000001,1.4467842480480635,13.0,6.2,6.8,9.4,2.0931846604000004,0.4224462514412959,-0.28115905999999996,1.135632158823321,1.81,-3.1,4.91,-0.189,1.2896604001537164,-0.43785299475650796,2.43837292,1.2616642978861983,5.08,-0.625,5.705,2.65,1.5917968005606735,-0.3618704941004289,9.961459999999999,1.3760418846822942,14.1,6.87,7.2299999999999995,9.79,1.8934912684,0.9100300476905125,walking,Data_Walking_SweaterPocket_Sachin.csv
9.59586,1.1115224965784543,12.9,7.14,5.760000000000001,9.65,1.2354822604,0.507139736235713,-0.5806998000000001,1.2499843929543921,2.14,-2.46,4.6,-1.0045,1.5624609826295601,0.6352511939898375,1.862598,0.7167819643350409,3.29,0.625,2.665,1.76,0.5137763843959999,0.28306679487628733,9.89918,1.083690512831039,13.1,7.48,5.619999999999999,9.96,1.1743851276000001,0.4797410921916579,walking,Data_Walking_SweaterPocket_Sachin.csv
9.633939999999999,0.8002301396473391,11.8,7.94,3.8600000000000003,9.61,0.6403682763999998,0.5625322562990402,-0.16645174000000004,0.8082688035305905,1.21,-2.11,3.32,-0.1115,0.6532984587607723,-0.6655259948368618,1.7313758000000004,0.9087469766631193,3.85,-1.03,4.88,1.69,0.8258210675943599,-0.2154286842357946,9.86392,0.8007338094523048,12.2,8.02,4.18,9.754999999999999,0.6411746335999999,0.7895839869074216,walking,Data_Walking_SweaterPocket_Sachin.csv
9.548680000000001,0.7325155681622064,11.5,8.12,3.380000000000001,9.36,0.5365790576,0.6976583589464673,-1.32241284,1.3471531173574645,2.74,-3.82,6.5600000000000005,-1.8450000000000002,1.8148215216059345,1.015861349182487,1.7019292,0.49897134080762595,2.71,-0.0383,2.7483,1.72,0.24897239894736,-0.5678798186775067,9.89526,0.6942527871027958,11.6,8.41,3.1899999999999995,9.8,0.48198693239999996,0.2699517497387699,walking,Data_Walking_SweaterPocket_Sachin.csv
9.46326,1.1911886384616,12.4,6.32,6.08,9.49,1.4189303724000002,0.17179601237404057,-0.17919180000000007,0.9786464722220992,1.57,-1.93,3.5,-0.175,0.95774891759276,0.009254804779911991,2.2658988,1.1648045925727457,5.79,0.0203,5.7697,2.205,1.35676973887856,0.762804500773899,9.855199999999998,1.1565134499866399,13.2,6.72,6.4799999999999995,9.765,1.33752336,0.48491403351037843,walking,Data_Walking_SweaterPocket_Sachin.csv
9.84748,2.263593172281627,16.9,4.26,12.639999999999999,9.64,5.123854049599999,0.2793694601797075,-0.40284655999999996,1.0152041391015731,1.24,-2.87,4.11,-0.305,1.0306394440489663,-0.245697498016803,1.71689338,1.0846495031393208,3.93,-0.438,4.368,1.45,1.1764645446603756,0.3454594285064659,10.14796,2.1076051429050935,16.9,5.47,11.43,9.82,4.4419994384,0.6538756474555016,walking,Data_Walking_SweaterPocket_Sachin.csv
9.40584,1.4022721185276417,13.1,6.54,6.56,9.47,1.9663670944,0.14901881799303068,-0.8935284,0.9112791399529784,1.19,-2.38,3.57,-0.903,0.8304296709134399,0.5242871474627305,2.1368841599999997,1.1007450625943749,4.06,-1.18,5.239999999999999,2.35,1.2116396928258943,-0.8986767712707217,9.809599999999998,1.267156122977749,13.6,7.43,6.17,9.76,1.60568464,0.4821303850135348,walking,Data_Walking_SweaterPocket_Sachin.csv
9.5137,1.362092107751895,12.8,5.7,7.1000000000000005,9.46,1.85529491,-0.0999622484464714,-0.28291382400000004,0.9913754012628642,1.13,-3.39,4.52,0.1075,0.982825186229105,-1.399904637316178,1.8797005999999998,1.2723020237898075,5.43,-0.469,5.899,1.665,1.61875243973964,0.7904100382519641,9.8593,1.1508943087877357,13.1,7.47,5.63,9.72,1.32455771,0.8358824003016562,walking,Data_Walking_SweaterPocket_Sachin.csv
9.7795,1.7269663430420408,13.3,4.61,8.690000000000001,9.77,2.98241275,-0.5674202162865537,-0.01280492000000001,0.9692487501677748,1.52,-2.1,3.62,0.176,0.9394431397017936,-0.29947201380034916,1.43581,1.386720934398843,4.34,-1.17,5.51,1.16,1.9229949498999999,0.3867096977599958,10.05612,1.5516819730859799,13.6,5.97,7.63,9.875,2.4077169456,-0.01762966990219409,walking,Data_Walking_SweaterPocket_Sachin.csv
9.45156,2.5693977439080933,17.4,3.73,13.669999999999998,9.44,6.6018047664,0.08984098023142044,-0.6282946399999999,1.2306233742722712,2.13,-2.91,5.04,-0.8305,1.5144338893052705,0.47843685537886904,2.2721844,1.709456415951176,5.0,-1.56,6.5600000000000005,2.45,2.92224123803664,-0.45761556525655767,10.05616,2.195091992240872,17.5,5.89,11.61,9.72,4.8184288544000005,0.6999043467439022,walking,Data_Walking_SweaterPocket_Sachin.csv
9.67762,1.7966124055009751,13.8,5.71,8.09,10.05,3.2278161356,-0.21756094650376046,-0.44544385599999997,1.0918463435418277,2.2,-2.43,4.630000000000001,-0.3805,1.1921284379056591,0.13672592692720278,1.5636606000000002,1.4489761537953756,4.58,-1.41,5.99,1.47,2.0995318942676398,0.1307279018771377,10.01508,1.597124100876322,14.2,6.85,7.35,10.1,2.5508053935999997,0.23797752631365057,walking,Data_Walking_SweaterPocket_Sachin.csv
9.51692,2.1928436591786475,14.3,2.64,11.66,9.32,4.8085633136,-0.05767988841613667,-0.48590482000000007,1.8099342203685103,6.33,-10.6,16.93,-0.418,3.2758618820609673,-0.4770520171818564,1.1881302,5.998373441574637,40.0,-34.0,74.0,1.3050000000000002,35.98048394458796,0.27776966100626566,10.783959999999999,4.473195671821209,42.3,4.52,37.78,9.78,20.0094795184,4.053530199609642,walking,Data_Walking_SweaterPocket_Sachin.csv
9.698799999999999,2.0500310631792877,14.4,4.34,10.06,9.87,4.20262736,-0.40289974877278045,-0.46657060000000006,1.5897311764180886,2.95,-4.2,7.15,-0.151,2.52724521327564,-0.27485711514045535,1.1232778079999999,1.606335482850681,4.9,-2.91,7.8100000000000005,0.7264999999999999,2.580313683465131,0.2987268314748901,10.081040000000002,1.7964396228095172,14.5,5.58,8.92,10.0,3.2271953184,0.08766615628746434,walking,Data_Walking_SweaterPocket_Sachin.csv
9.74624,0.8780208781116768,13.8,7.94,5.86,9.61,0.7709206624000001,1.9640055667550476,-1.0660286799999998,1.0794018877281333,1.88,-3.32,5.199999999999999,-1.25,1.1651084352310577,0.4996727503095136,1.21297728,1.0254399053195664,4.41,-0.708,5.118,1.13,1.0515269994218015,0.7282289194702821,9.99286,0.8849793333180159,14.0,8.36,5.640000000000001,9.815000000000001,0.7831884204,1.9055728744174023,walking,Data_Walking_SweaterPocket_Sachin.csv
9.7957,1.0089359295812594,13.0,6.48,6.52,9.68,1.01795171,0.06558722374414046,0.4696220000000001,1.2530605915522204,2.59,-3.23,5.82,0.578,1.5701608461012002,-0.9044872281630473,1.3181907,1.0834145300250084,4.39,-0.522,4.912,1.28,1.17378704386931,0.46237959908073534,10.02988,1.0461391807976603,13.2,6.76,6.4399999999999995,9.87,1.0944071856,0.17583602874767548,walking,Data_Walking_SweaterPocket_Sachin.csv
9.76872,2.0064667357322423,14.3,5.03,9.27,9.5,4.025908761599999,0.12723597093771105,-0.05041857999999996,1.1441502002224113,2.67,-3.06,5.73,0.0144,1.3090796806689837,-0.4721659272667236,0.89015924,1.627241809800689,5.27,-2.24,7.51,0.904,2.6479159075634224,0.32862890737607,10.029380000000002,1.8998552091146315,14.5,6.57,7.93,9.594999999999999,3.6094498156,0.4713235127630094,walking,Data_Walking_SweaterPocket_Sachin.csv
9.48366,2.558734297343122,17.0,4.14,12.86,9.22,6.547121204400001,0.41525509044069436,-0.5696383599999999,1.5888948185809249,3.26,-3.54,6.8,-0.9955,2.5245867445133103,0.574491794863838,1.24725772,1.8967410941007214,5.47,-2.25,7.72,0.988,3.597626778050402,0.2927700063953818,9.95982,2.3036075550318893,17.0,5.48,11.52,9.504999999999999,5.306607767599999,0.7780277293101532,walking,Data_Walking_SweaterPocket_Sachin.csv
9.89046,2.4421786970653887,24.1,1.76,22.34,9.87,5.9642367884,0.26573705869770886,-0.8211792,1.9624911891387844,2.66,-9.38,12.040000000000001,-0.799,3.85137166744736,-1.5715450956627846,1.0933348,1.6325001993963002,7.49,-2.05,9.54,1.2,2.66505690102896,0.5627633108161623,10.293460000000001,2.492608879948878,25.9,2.18,23.72,10.2,6.2130990284,1.0597304902766522,walking,Data_Walking_SweaterPocket_Sachin.csv
9.53194,2.0572732527304196,14.6,4.44,10.16,9.184999999999999,4.232373236400001,0.20200845316829477,-0.5262487600000001,1.2957784451123049,1.75,-3.46,5.21,-0.4685,1.6790417788176624,-0.3710352530328232,1.53762784,1.4439213817735834,4.51,-1.42,5.93,1.56,2.0849089567429346,-0.0015195745504707787,9.90466,1.8502685438605933,14.7,6.24,8.459999999999999,9.415,3.4234936844000003,0.6474089340549258,walking,Data_Walking_SweaterPocket_Sachin.csv
9.500219999999999,1.1320853994288593,13.4,7.05,6.3500000000000005,9.31,1.2816173516,1.3650277460657467,-0.16126528000000007,1.2108383971730172,1.8,-2.67,4.47,-0.09595000000000001,1.4661296240685215,-0.3910617151337472,1.955302,1.0214847051209333,4.39,0.272,4.117999999999999,1.975,1.043431002796,0.24694162082450716,9.8295,1.124046596009258,13.7,7.53,6.169999999999999,9.53,1.26348075,1.4614708871484434,walking,Data_Walking_SweaterPocket_Sachin.csv
9.626620000000003,1.8496913190043358,13.3,3.95,9.350000000000001,9.76,3.4213579756,-0.8803023682863372,-0.09202841999999996,1.30411540881952,3.06,-3.6,6.66,-0.0826,1.7007169995205036,-0.11986015625204438,1.19886202,1.5526404503879576,4.45,-3.04,7.49,0.7625,2.4106923681809196,-0.02052608811862469,9.93468,1.7100560510111942,13.3,4.63,8.670000000000002,9.87,2.9242916976,-0.612927979568869,walking,Data_Walking_SweaterPocket_Sachin.csv
9.7448,1.7209765134945916,13.2,6.03,7.169999999999999,9.795,2.96176016,-0.20720693812445504,-0.202134,1.044560090001528,1.9,-2.3,4.199999999999999,-0.19,1.091105781624,-0.03978686629403813,1.2582916,1.5309160042306176,5.16,-1.98,7.140000000000001,1.1150000000000002,2.3437038120094402,0.3819700461627588,10.009139999999999,1.6728295371615125,13.5,6.65,6.85,10.05,2.7983586604,0.004670522792436673,walking,Data_Walking_SweaterPocket_Sachin.csv
9.70148,2.1993635010156916,17.4,4.28,13.119999999999997,9.4,4.8371998096,0.7697672789249524,0.21328420000000003,1.2715037763413684,2.89,-2.42,5.3100000000000005,0.2785,1.6167218532503602,-0.23078407966599648,0.9370404199999999,1.2681771922380656,3.59,-1.62,5.21,0.5825,1.6082733909128237,0.3555120795244932,9.93484,2.087786716693063,17.4,5.41,11.989999999999998,9.55,4.358853374400001,1.096412776341752,walking,Data_Walking_SweaterPocket_Sachin.csv
9.73312,1.1312717912155328,14.0,7.04,6.96,9.66,1.2797758655999998,0.8888494426773931,-0.5312620400000001,0.9920826262927088,2.44,-2.05,4.49,-0.7395,0.9842279373918386,0.8763359986769684,1.27259382,0.6922907853770751,2.59,-1.21,3.8,1.37,0.4792665315180075,-1.3339032976197522,9.90668,1.1181850372813973,14.1,7.25,6.85,9.82,1.2503377776,0.8063485131176747,walking,Data_Walking_SweaterPocket_Sachin.csv
9.55628,1.5391355241173534,14.1,5.9,8.2,9.575,2.3689381616,-0.06760237118572016,-0.014994580000000013,1.2486475653451712,2.48,-2.7,5.18,0.27,1.5591207424424236,-0.2691499015397025,1.83091676,1.214249507579024,4.78,-1.16,5.94,2.125,1.4744018666559024,-0.18997000294298927,9.904860000000001,1.4009059141855316,14.7,6.49,8.209999999999999,9.805,1.9625373804,0.6362989129351037,walking,Data_Walking_SweaterPocket_Sachin.csv
9.66678,2.1571577206129366,15.8,3.83,11.97,9.64,4.6533294316000005,0.25825128559474825,-0.35777437999999995,1.2807437174922294,2.55,-3.03,5.58,-0.5295000000000001,1.6403044698958156,0.22734164812503968,1.7967706399999999,1.4992764211788265,5.34,-1.59,6.93,1.725,2.2478297871027904,0.05201662749779917,10.08918,1.8898811411303091,15.8,6.06,9.740000000000002,9.78,3.5716507275999994,0.9818890113155859,walking,Data_Walking_SweaterPocket_Sachin.csv
9.73882,1.3737972221547108,13.9,6.97,6.930000000000001,9.65,1.8873188076,0.5778219713395181,-0.45075076000000003,1.2645718037603961,2.02,-3.57,5.59,-0.513,1.599141846865822,-0.17598402426908427,1.04013464,1.3181407995737293,4.24,-1.86,6.1000000000000005,0.808,1.7374951675008705,0.5426063021963016,9.98364,1.292977784186565,14.3,7.75,6.550000000000001,9.77,1.6717915503999998,1.1232967526877171,walking,Data_Walking_SweaterPocket_Sachin.csv
9.70626,1.6262143193318646,12.7,6.59,6.109999999999999,9.705,2.6445730123999995,-0.04701046609359274,0.08596258000000002,1.0204493373834604,1.86,-2.12,3.9800000000000004,0.1255,1.0413168501663435,-0.3014723893097724,1.43120174,1.1511523231032341,3.9,-0.738,4.638,1.335,1.3251516709859725,-0.02055607853443097,9.95512,1.4795567530851934,13.0,7.38,5.62,9.870000000000001,2.1890881856,0.16990991450520046,walking,Data_Walking_SweaterPocket_Sachin.csv
9.62256,1.3665661514906622,13.6,5.86,7.739999999999999,9.57,1.8675030463999998,0.15899279882187442,0.28850753999999995,1.0401663279667097,3.04,-2.18,5.220000000000001,0.2855,1.0819459898357486,0.16449643875414632,0.93806078,0.9538022049810913,3.5,-1.16,4.66,0.888,0.9097386462267916,0.39007521327182393,9.777539999999998,1.3372668201970763,13.6,6.18,7.42,9.66,1.7882825483999998,0.2633495086885702,walking,Data_Walking_SweaterPocket_Sachin.csv
9.75662,1.6009279732705028,13.3,5.4,7.9,9.74,2.5629703756,-0.21036267335999112,-0.49578342,1.1559721860119747,1.8,-2.55,4.35,-0.5115000000000001,1.3362716948333035,0.0823838824848185,1.4747384200000002,1.2554918881203907,3.76,-1.18,4.9399999999999995,1.6949999999999998,1.5762598811361035,-0.25288831556172353,10.04268,1.4862515324130032,13.6,6.33,7.27,9.93,2.2089436176,0.05887808811759082,walking,Data_Walking_SweaterPocket_Sachin.csv
9.66402,1.5696955244887463,14.3,5.75,8.55,9.34,2.4639440396000003,0.4052419990412981,0.00742798000000002,1.3055406543104353,2.48,-3.31,5.79,0.333,1.7044364000573196,-0.5850817623545747,1.3728798399999997,1.5818192788679668,4.69,-1.38,6.07,1.3250000000000002,2.502152230998375,0.25915223161582973,10.00128,1.385243647016654,14.4,6.91,7.49,9.645,1.9188999616000002,0.8407498231729754,walking,Data_Walking_SweaterPocket_Sachin.csv
9.754599999999998,1.227472052635008,12.8,6.83,5.970000000000001,9.745000000000001,1.5066876399999998,0.08149545703570318,0.24372793999999995,1.0439661642857763,2.66,-2.33,4.99,0.267,1.0898653521735564,-0.271030239949946,1.1610572000000001,0.9061773899065018,3.1,-1.11,4.21,1.045,0.8211574619777601,-0.019824910691117126,9.93408,1.147412460103166,13.0,7.19,5.81,9.864999999999998,1.3165553535999999,0.3575818547647883,walking,Data_Walking_SweaterPocket_Sachin.csv
9.699560000000002,0.966980768371326,12.3,7.24,5.0600000000000005,9.66,0.9350518064,0.588576715889245,-0.050950620000000016,0.9721223606058116,1.99,-1.61,3.6,-0.0619,0.9450218839898157,0.25037774733448154,0.9384257,1.3189166351707413,3.7,-2.69,6.390000000000001,0.783,1.73954109053011,0.01409710769315864,9.88198,0.9417697593361128,12.5,7.82,4.68,9.8,0.8869302795999999,0.8529589713939901,walking,Data_Walking_SweaterPocket_Sachin.csv
9.71144,1.615375351551459,13.6,6.19,7.409999999999999,9.915,2.6094375264,-0.09046504834052685,0.00010767999999998779,0.9089619335080087,1.9,-1.9,3.8,0.09004999999999999,0.8262117965666176,-0.304112777664626,0.9360791799999999,1.5836156140107762,4.71,-1.27,5.98,0.4095,2.5078384129387277,0.5346025466145152,9.94092,1.5332447794139068,14.0,6.67,7.33,9.97,2.3508395535999997,0.16753948406597866,walking,Data_Walking_SweaterPocket_Sachin.csv
9.673099999999998,1.7103517152913315,14.0,4.99,9.01,9.45,2.92530299,0.041584651671761515,-0.252253444,1.0261037040608258,1.92,-2.24,4.16,-0.194,1.052888811487347,0.0006264044253537342,1.3223162,1.3984538913234001,4.0,-1.59,5.59,1.2149999999999999,1.95567328615756,-0.025594581366191593,9.942900000000002,1.5695552841489846,14.2,5.93,8.27,9.620000000000001,2.46350379,0.31671290518856865,walking,Data_Walking_SweaterPocket_Sachin.csv
9.88656,1.9666980872518283,15.5,5.31,10.190000000000001,9.77,3.8679013664,0.18371114300605626,-0.64068398,1.3986380205258113,1.98,-3.42,5.4,-0.4545,1.9561883124603596,-0.15881613999916636,1.2098005,1.538893922514593,5.57,-1.26,6.83,0.632,2.36819450475235,0.9300484951056931,10.23116,1.7686471254605878,15.8,6.3,9.5,10.0,3.1281126543999997,0.7178745358596534,walking,Data_Walking_SweaterPocket_Sachin.csv
9.52426,2.02205362253329,15.3,4.19,11.11,9.59,4.088700852400001,-0.1318259377021706,-0.39728536,1.2241371677056743,1.87,-3.2,5.07,-0.267,1.4985118053584703,-0.3353920505963983,1.52062696,1.526462982229821,4.32,-1.91,6.23,1.4449999999999998,2.3300892361179586,-0.0004276149619675927,9.88964,1.8183513055512677,15.7,5.7,10.0,9.73,3.3064014704,0.22391165849099992,walking,Data_Walking_SweaterPocket_Sachin.csv
9.74576,1.337209939538291,13.4,6.02,7.380000000000001,9.605,1.7881304224,0.1956230762684937,-0.10744008400000002,1.0186617427719964,1.89,-2.54,4.43,-0.1875,1.0376717461872809,-0.05773936079246778,0.8945041839999999,1.1688919273153966,3.36,-0.795,4.155,0.533,1.3663083377431025,0.5745904844642302,9.923359999999999,1.2365829977805776,13.4,6.78,6.62,9.745000000000001,1.5291375103999998,0.6387314130990411,walking,Data_Walking_SweaterPocket_Sachin.csv
9.69346,1.5694506772753325,14.3,6.4,7.9,9.53,2.4631754284,0.5188040144996302,-0.79567304,1.2332541403198118,1.92,-3.97,5.890000000000001,-0.843,1.5209157746159583,0.017615939880041134,1.0333984,1.1891733393738022,2.98,-1.37,4.35,0.7315,1.4141332310774402,0.13470726932618104,9.94428,1.4913952130806911,14.5,7.02,7.48,9.68,2.2242596816,0.7529177955354763,walking,Data_Walking_SweaterPocket_Sachin.csv
9.878639999999999,1.3069109190759711,12.9,7.4,5.5,9.684999999999999,1.7080161503999998,0.48775282662970887,0.15639298000000004,1.174931591783845,2.11,-3.71,5.82,0.1955,1.3804642453717197,-0.8723773206581735,1.10881714,1.306993630865591,3.82,-1.56,5.38,1.0350000000000001,1.7082323511232205,0.09636154641721742,10.105739999999999,1.249086246982169,13.5,8.16,5.34,9.81,1.5602164524000002,0.8834764706406641,walking,Data_Walking_SweaterPocket_Sachin.csv
9.550919999999998,1.5821154046402557,14.4,5.54,8.86,9.504999999999999,2.5030891536,0.3545984333501646,-0.16009417999999997,1.040669663800155,1.95,-2.82,4.77,-0.0365,1.0829933491539276,-0.44075811930218306,1.1779711959999999,1.3146305613629776,3.88,-2.59,6.47,1.21,1.7282535128695375,-0.14312261700625015,9.786340000000001,1.4766827704012802,14.6,6.59,8.01,9.6,2.1805920044,0.8481676706597127,walking,Data_Walking_SweaterPocket_Sachin.csv
9.895560000000001,1.2802411829026592,13.0,7.17,5.83,9.75,1.6390174864000002,0.23954752750229508,-0.25300548000000006,1.1016430447799186,2.29,-2.93,5.220000000000001,-0.2415,1.2136173981119696,-0.18611985800761527,0.9830343800000001,1.1983111380180922,3.84,-0.954,4.794,0.802,1.4359495834982154,0.40232832641568256,10.08746,1.2236393865841357,13.4,7.77,5.630000000000001,9.844999999999999,1.4972933484,0.6217268672182428,walking,Data_Walking_SweaterPocket_Sachin.csv
9.32818,2.1119963275536255,15.1,5.7,9.399999999999999,9.195,4.4605284876,0.4025768155622127,0.34716516,0.9646377989916083,2.64,-1.83,4.470000000000001,0.3225,0.9305260832433744,0.2115684530585859,2.3484244,1.4342632210597328,5.49,-0.907,6.397,2.19,2.05711098728464,0.22318865593971576,9.81286,1.9423800916401506,15.4,5.74,9.66,9.495000000000001,3.7728404203999997,0.49812192411427814,walking,Data_Walking_SweaterPocket_Sachin.csv
9.65052,1.8373594448555788,15.1,6.26,8.84,9.625,3.3758897296000003,0.5948005789669526,0.23300050000000008,1.063961683556297,2.55,-2.3,4.85,0.326,1.13201446407595,-0.09005493444475687,1.6229767400000001,1.5063671514063137,4.67,-0.954,5.624,1.275,2.269141994835972,0.5606589847246721,10.0037,1.5864586064565316,15.1,7.14,7.96,9.75,2.51685091,1.2379675916920467,walking,Data_Walking_SweaterPocket_Sachin.csv
9.648679999999999,1.8144084043015232,15.5,4.54,10.96,9.56,3.2920778576,0.0222733931031387,-0.332083804,0.9682736520740908,2.76,-1.89,4.6499999999999995,-0.6435,0.9375538653008975,1.549497574477384,2.1607604,0.8936293351227006,5.12,-0.17,5.29,2.07,0.7985733885918399,0.8251977383434824,10.00504,1.6837975526766868,15.8,5.59,10.21,9.885000000000002,2.8351741984,0.4958441837772201,walking,Data_Walking_SweaterPocket_Sachin.csv
9.32704,0.8275090563854874,11.2,7.92,3.2799999999999994,9.145,0.6847712383999999,0.43997213459722534,1.25151136,0.8858131962007285,2.66,-0.802,3.462,1.39,0.7846650185633504,-0.32441250985129233,2.648502,0.7061290236182054,4.08,0.855,3.225,2.53,0.49861819799600005,-0.1658194125742945,9.844560000000001,0.7973912505163321,11.8,8.27,3.530000000000001,9.71,0.6358328064,0.46596508463445535,walking,Data_Walking_SweaterPocket_Sachin.csv
9.518880000000001,0.8063825057626188,11.3,6.71,4.590000000000001,9.68,0.6502527456,-1.2356971188628232,-0.29684561600000003,0.9368731880352796,2.03,-2.61,4.64,-0.328,0.8777313704593885,0.12718740518424182,1.8712286000000002,1.2244306669803888,5.64,0.0802,5.5598,1.5350000000000001,1.4992304582420397,1.0763342815530086,9.82752,0.812109259644292,11.7,6.73,4.969999999999999,9.95,0.6595214496000001,-1.2485737732020816,walking,Data_Walking_SweaterPocket_Sachin.csv
9.55346,1.3557354566433675,13.7,7.34,6.359999999999999,9.65,1.8380186284000002,0.5939312686705918,0.12952982000000002,0.8056050373497968,1.71,-2.21,3.92,0.0948,0.6489994762033675,-0.6553254553962073,1.8210079999999997,0.977802204914675,4.14,-0.815,4.955,1.8250000000000002,0.956097151936,0.020505098812990716,9.8173,1.2971990248223286,14.2,7.68,6.52,9.84,1.6827253100000004,0.9811419737509817,walking,Data_Walking_SweaterPocket_Sachin.csv
9.57986,1.8692651444886035,15.6,6.27,9.33,9.13,3.4941521804,0.8551126591995217,-0.17196121999999997,0.8135175900187479,1.61,-1.44,3.05,-0.194,0.6618108692699116,0.36396535587196166,1.87733806,1.1973431483694374,3.91,-0.12,4.03,1.7850000000000001,1.4336306149472366,0.09832998685814183,9.89606,1.724042655040762,15.6,6.94,8.66,9.27,2.9723230764,1.1273861342860267,walking,Data_Walking_SweaterPocket_Sachin.csv
9.693040000000002,2.1537476078686657,15.2,2.91,12.29,9.774999999999999,4.6386287584,-0.5745936510371893,-0.4141429200000001,1.2316452830154765,2.29,-2.62,4.91,-0.3645,1.5169501031742734,0.0009849592070733687,1.6568711640000002,1.771889754665141,6.02,-0.866,6.885999999999999,1.47,3.1395933026872935,0.6795297992321708,10.1426,1.81478220180825,15.8,4.57,11.23,9.995000000000001,3.29343444,0.0002837195503413543,walking,Data_Walking_SweaterPocket_Sachin.csv
9.538200000000002,2.160602591871074,15.0,3.13,11.870000000000001,9.635000000000002,4.668203560000001,-0.3894705088119628,-0.26363538,1.2876168336194023,2.04,-4.02,6.06,-0.14,1.6579571102200554,-0.7791549575225301,1.7022234,1.8555813153813658,8.47,-1.91,10.38,1.46,3.4431820179924397,1.2683914816082331,10.024539999999998,1.7972964108348963,15.3,6.14,9.16,9.88,3.2302743884000003,0.5279052439930826,walking,Data_Walking_SweaterPocket_Sachin.csv
9.74302,3.2129988919388066,20.5,1.59,18.91,9.965,10.3233618796,-0.2434271271160288,-0.5167392,2.085438200633948,5.79,-5.03,10.82,-0.9415,4.349052488663359,0.7583454742498873,1.23988828,2.67253533644602,8.4,-11.8,20.200000000000003,1.245,7.1424451245526415,-2.0199591298260207,10.511040000000001,2.848474630113458,21.5,4.29,17.21,10.5,8.1138077184,0.34255369245803535,walking,Data_Walking_SweaterPocket_Sachin.csv
9.64914,0.9428239816635977,12.5,8.06,4.4399999999999995,9.52,0.8889170604000001,0.7425199684176633,-0.644040816,1.581242837292698,2.89,-3.89,6.78,-0.738,2.500328910489462,0.06479686723629778,0.9957900399999999,0.6803126940156258,3.11,-0.407,3.517,1.08,0.46282536163879845,0.2465794443217667,9.87142,0.9547540958801904,12.8,8.22,4.58,9.675,0.9115553835999999,0.9934752182029495,walking,Data_Walking_SweaterPocket_Sachin.csv
9.65946,2.0571110588395563,14.7,3.68,11.02,9.684999999999999,4.2317059083999995,-0.5987614032598954,-0.52243296,1.207188972493718,2.43,-2.83,5.26,-0.712,1.4573052153104387,0.5118126462399573,0.9648388200000001,1.7496202214324135,4.6,-2.05,6.6499999999999995,0.7395,3.0611709192452072,0.4002422119005412,9.994699999999998,1.8142957063279403,15.3,5.45,9.850000000000001,9.92,3.2916689100000003,-0.11161280621841302,walking,Data_Walking_SweaterPocket_Sachin.csv
9.7458,1.8637880673510065,17.2,6.42,10.78,9.37,3.47370596,1.2379509612253865,-0.45251506,1.0044657851251064,1.61,-2.69,4.3,-0.579,1.0089515134869964,0.2194056895888186,0.9797174,1.2392636888728887,4.11,-1.65,5.76,0.936,1.53577449055884,0.09386013872310725,9.943779999999999,1.8268301266401317,17.3,6.54,10.760000000000002,9.594999999999999,3.3373083115999997,1.3579945900796546,walking,Data_Walking_SweaterPocket_Sachin.csv
9.74388,2.364263890854826,16.6,5.3,11.3,9.7,5.589743745600001,0.5946025464153218,-0.47042862,1.334299862056313,1.81,-3.49,5.300000000000001,-0.308,1.7803561218834958,-0.31314688563886334,1.1243705,1.3894616570032978,4.88,-0.884,5.764,0.7204999999999999,1.93060369628235,0.5612361057843344,10.04932,2.1801957567154377,16.8,6.02,10.780000000000001,9.855,4.7532535376,0.8658266123885299,walking,Data_Walking_SweaterPocket_Sachin.csv
9.593639999999999,1.8187877144955646,14.0,4.7,9.3,9.42,3.3079887504,-0.03003851629467333,-0.51529816,1.0144157520883705,2.04,-2.54,4.58,-0.476,1.0290393180850144,0.24872625802378154,1.74859302,1.520665616526881,4.91,-0.657,5.567,1.48,2.3124239172870795,0.40636618157061904,9.974120000000001,1.590452459396382,14.1,6.11,7.989999999999999,9.68,2.5295390256,0.38508247631415315,walking,Data_Walking_SweaterPocket_Sachin.csv
9.9115,2.044796603576992,14.4,2.8,11.600000000000001,9.765,4.18119315,-0.9598430343721327,-0.1747618,1.144673590457105,2.51,-2.6,5.109999999999999,-0.335,1.3102776286899602,0.4196862912481574,1.2866382600000001,1.4096781380319312,4.56,-1.29,5.85,1.145,1.9871924528451723,0.28942852834422034,10.20768,1.8031280092106605,15.1,5.58,9.52,9.905000000000001,3.2512706176,-0.029261166199868162,walking,Data_Walking_SweaterPocket_Sachin.csv
9.4182,2.0549965352768846,14.7,5.36,9.34,9.33,4.223010759999999,0.21728246586289443,0.29016982,0.9682393262071974,2.68,-1.77,4.45,0.265,0.9374873928141677,0.2116281791331522,1.8708404,1.4564567967392097,4.74,-0.93,5.67,1.995,2.1212664007678397,-0.043705185489731804,9.79504,1.9059389807651241,14.8,6.05,8.75,9.46,3.6326033984,0.3606584450676971,walking,Data_Walking_SweaterPocket_Sachin.csv
9.4905,1.9296068900167205,15.4,4.47,10.93,9.545,3.72338275,0.23444570536565465,0.0033934000000000425,1.4363952521341887,2.89,-3.52,6.41,-0.335,2.0632313203536397,0.14517383057271618,2.51749764,1.3429062003443242,6.53,-0.354,6.884,2.54,1.8033970629232303,0.6084028800438767,10.04336,1.7778477748108805,15.8,5.75,10.05,9.825,3.1607427103999997,0.87461708697568,walking,Data_Walking_SweaterPocket_Sachin.csv
9.51678,0.8907434151314283,12.7,7.45,5.249999999999999,9.47,0.7934238316000001,0.589097559825126,-0.03165933999999999,1.4235846265859167,3.21,-3.7,6.91,-0.3215,2.026593189051764,0.39377931662663784,2.0487480000000002,0.6545192621275556,4.27,0.972,3.2979999999999996,1.96,0.4283954644959999,0.8165533816156303,9.863339999999999,0.8472439108072716,13.2,8.01,5.1899999999999995,9.81,0.7178222443999999,1.140581249240514,walking,Data_Walking_SweaterPocket_Sachin.csv
9.61602,1.0482358320530738,12.3,7.35,4.950000000000001,9.57,1.0987983596,0.3628443596170143,0.12132996000000008,0.9596816203885529,2.37,-2.16,4.53,0.13,0.9209888125115985,0.03722751738713304,1.48990642,0.6654942154301445,2.82,-0.511,3.331,1.49,0.4428825507709836,-0.45421062698187675,9.805959999999999,0.9987152138622901,12.3,7.59,4.710000000000001,9.72,0.9974320783999999,0.5026746267141212,walking,Data_Walking_SweaterPocket_Sachin.csv
9.56236,1.2116823141401378,13.7,6.66,7.039999999999999,9.5,1.4681740303999997,0.727509971039211,-0.9883985399999999,1.0171039463003122,1.77,-2.74,4.51,-1.11,1.0345004375796685,0.9327309063650566,2.10483018,0.8296949880710186,4.59,-0.00239,4.59239,2.02,0.6883937732301677,0.4390581118676785,9.92294,1.25316270148772,14.3,6.79,7.510000000000001,9.79,1.5704167564000002,0.8807441431012605,walking,Data_Walking_SweaterPocket_Sachin.csv
9.64438,0.624102728402945,11.4,8.28,3.120000000000001,9.68,0.3895042156000001,0.2888145076930506,-0.10936876400000002,1.0950856902302761,2.01,-2.77,4.779999999999999,0.126,1.1992126689471205,-0.565538933820962,1.4484892,0.7036099237811815,3.45,0.0849,3.3651,1.28,0.49506692484336,0.8283952152099429,9.844899999999999,0.5428839562926869,11.5,8.89,2.6099999999999994,9.83,0.29472299,0.5435869518823049,walking,Data_Walking_SweaterPocket_Sachin.csv
9.77036,2.0989888685745814,16.1,4.78,11.32,9.66,4.405754270400001,0.20004798668763502,-0.51231278,1.170699937026765,2.03,-2.72,4.75,-0.7,1.3705383425544715,0.5441313366809963,1.568862,1.3221852359469153,4.55,-1.22,5.77,1.685,1.748173798156,-0.07867966264929001,10.10818,1.8860898408082263,16.1,5.96,10.14,9.77,3.5573348876,0.49878869541521986,walking,Data_Walking_SweaterPocket_Sachin.csv
9.51882,1.672158248372444,14.2,5.94,8.259999999999998,9.62,2.7961132076,0.4039129256263799,-0.19875710000000002,0.8027585200590462,1.75,-2.99,4.74,-0.151,0.6444212415273901,-0.1469346756154296,1.2426166,1.4951815256163516,4.96,-2.25,7.21,1.1150000000000002,2.2355677945444405,0.3787766927028748,9.78276,1.4678189201669258,14.3,7.15,7.15,9.68,2.1544923824,0.9149190103012655,walking,Data_Walking_SweaterPocket_Sachin.csv
9.74862,2.526666162277874,16.2,5.51,10.69,9.56,6.3840418956,0.35064976818226107,0.37598872,1.1403344410003415,3.15,-2.97,6.12,0.4305,1.3003626373315615,-0.3246640233098992,1.8769854599999998,1.6191790964840143,5.2,-1.47,6.67,1.855,2.621740946490789,0.0998691960606438,10.18248,2.3058453221324275,16.9,6.11,10.79,9.715,5.3169226495999995,0.6682217837838853,walking,Data_Walking_SweaterPocket_Sachin.csv
9.570740000000002,1.7863739956683204,15.2,5.83,9.37,9.55,3.1911320524000004,0.6610402657479667,0.50805818,1.0462990634066762,2.83,-1.51,4.34,0.4175,1.0947417300856879,0.14002073887959027,1.4436798,1.5270292422910439,5.09,-0.847,5.936999999999999,1.045,2.3318183068119596,0.8189362612888675,9.90534,1.562923313665773,15.2,7.43,7.77,9.6,2.4427292844,1.2904039050817606,walking,Data_Walking_SweaterPocket_Sachin.csv
9.751299999999999,1.6157455585580298,13.9,6.76,7.140000000000001,9.76,2.61063371,0.3068724509903247,-0.50858138,0.8259258458502771,2.47,-2.36,4.83,-0.6535,0.6821535028434956,0.9072853211245241,1.3080790000000002,1.61858424607995,5.06,-2.14,7.199999999999999,1.505,2.6198149616582,-0.057450229958377466,10.034799999999999,1.521420967385424,14.2,7.39,6.81,9.82,2.3147217599999994,0.5305664000209891,walking,Data_Walking_SweaterPocket_Sachin.csv
9.618079999999999,0.9767173150917311,12.5,7.14,5.36,9.64,0.9539767136,0.48721607391046534,0.2059955,1.0630302334074746,2.06,-1.59,3.6500000000000004,0.2695,1.1300332771383501,-0.005485124419545147,1.37960488,0.7740515122030223,3.04,-0.398,3.438,1.4,0.5991557435437855,-0.06786479819163423,9.809919999999998,0.9490384573872652,12.8,7.55,5.250000000000001,9.75,0.9006739936000001,0.7636387549525856,walking,Data_Walking_SweaterPocket_Sachin.csv
9.63474,1.5382104317680336,13.5,5.45,8.05,9.53,2.3660913324000004,-0.1182547184421634,-0.06282924000000001,1.008974246062516,2.13,-1.98,4.109999999999999,-0.0939,1.0180290292174223,0.14439847293687316,1.42195274,1.2508644492703007,4.74,-0.629,5.369,1.045,1.5646618704482926,0.8708412951175226,9.88998,1.40015449133301,13.8,6.7,7.1000000000000005,9.72,1.9604325995999998,0.44450996302006046,walking,Data_Walking_SweaterPocket_Sachin.csv
9.6573,0.7462533819018846,12.4,8.43,3.9700000000000006,9.63,0.5568941100000001,1.12172309154537,-0.30998082,1.2028798920428954,2.4,-2.43,4.83,-0.526,1.4469200346811275,0.49933315306424736,1.5438289999999997,0.7622891102586997,3.74,-0.297,4.037,1.59,0.5810846876190001,0.38179703405205,9.88836,0.7367021856897128,12.4,8.72,3.6799999999999997,9.84,0.5427301104000001,1.0190232380244135,walking,Data_Walking_SweaterPocket_Sachin.csv
9.75074,1.9852759134185858,14.6,5.5,9.1,9.94,3.9413204524,-0.19185539494600493,-0.04133116000000004,1.0963045493756989,2.88,-2.02,4.9,-0.20400000000000001,1.2018836649818543,0.6027880288662757,1.8427651999999999,1.4975260529369632,5.27,-0.541,5.811,1.79,2.24258427922496,0.20233672983050088,10.138279999999998,1.7551446212776884,15.1,6.57,8.53,10.0,3.0805326416,0.18230232401778573,walking,Data_Walking_SweaterPocket_Sachin.csv
9.5202,1.130676417017707,13.2,7.35,5.85,9.415,1.27842916,0.8975794325377431,-0.42867722,0.9814205917465109,1.91,-2.48,4.39,-0.5285,0.9631863779040716,0.2570763125723028,1.15065456,1.0002443304789117,3.33,-0.934,4.264,1.11,1.0004887206552064,0.1504470323518906,9.70882,1.05725493973781,13.2,7.36,5.839999999999999,9.524999999999999,1.1177880076,1.047369441076887,walking,Data_Walking_SweaterPocket_Sachin.csv
9.777539999999998,1.6541586829563841,13.4,5.91,7.49,9.9,2.7362409483999994,-0.17206876100919746,-0.70647216,1.0706038962481568,1.75,-3.65,5.4,-0.8554999999999999,1.1461927026617342,0.1172803983634459,1.252960204,1.1988018580931072,4.24,-1.39,5.63,1.52,1.4371258949674863,-0.17572865751743352,10.02936,1.5405532741193988,13.8,6.67,7.130000000000001,10.0,2.3733043903999995,0.24927868928048996,walking,Data_Walking_SweaterPocket_Sachin.csv
9.574119999999999,0.7636880420695351,11.2,7.75,3.4499999999999993,9.68,0.5832194256000001,-0.07958060388903831,0.18084836,0.8182802354243383,2.51,-1.73,4.24,0.132,0.6695825436861104,0.5329065648786525,1.6511714,0.8535446064043988,3.81,0.0604,3.7496,1.4449999999999998,0.72853839512204,0.6356174701072841,9.796239999999997,0.676674118316934,11.5,8.4,3.0999999999999996,9.795,0.4578878624,0.24392114998896602,walking,Data_Walking_SweaterPocket_Sachin.csv
9.74684,1.0954157267448739,12.9,7.19,5.71,9.62,1.1999356144000002,0.6773066191518052,-2.507394,1.3874379716888248,0.887,-6.7,7.587,-2.175,1.924984125284,-0.622480255530217,1.629690316,1.3766474676004123,4.63,-1.22,5.85,1.72,1.8951582500506283,0.13087903648719384,10.37118,1.1883541591629996,14.6,7.74,6.859999999999999,10.1,1.4121856076,1.117962926101091,walking,Data_Walking_SweaterPocket_Sachin.csv
3.37131074,6.635164338209149,18.0,-5.08,23.08,0.596,44.02540579504245,0.8249765377989039,2.2336817599999996,3.3620220878631515,7.15,-8.37,15.52,2.175,11.303192519279703,-0.46152042066220833,4.7095036,4.742736031455582,13.4,-6.34,19.740000000000002,5.47,22.49354506406704,-0.21431287368926083,10.26804,3.310132045462839,18.7,3.18,15.52,9.434999999999999,10.9569741584,0.557417278388723,walking,Data_Walking_SweaterPocket_Sachin.csv
-2.849712,0.8814899370134636,-0.376,-4.99,4.614,-2.875,0.777024509056,0.2974683390600985,7.21838,0.7533785075246042,8.89,5.8,3.0900000000000007,7.34,0.5675791756000002,-0.25076202388570473,5.655492000000001,1.8712204152734118,9.4,-0.0281,9.4281,5.9399999999999995,3.5014658425359997,-0.980909031096197,9.824219999999999,0.7332723856794282,12.1,8.0,4.1,9.79,0.5376883916,0.13515976051754716,walking,Data_Walking_SweaterPocket_Sachin.csv
-5.954814898644,4.9986326883198915,9.423204346,-33.06264587,42.485850215999996,-4.7989455415,24.986328752740143,-1.8144702056882016,-5.564893145182,5.107214949097145,12.80721725,-19.11824341,31.925460660000002,-6.9480265045,26.083644536281355,0.7392249945426201,-0.30327054567200007,6.056740956502813,17.31673965,-56.87677414,74.19351379,-0.8692424009999999,36.68411101417862,-1.775339341126861,11.292752903098,5.171812583001379,64.91684345,2.582371858,62.334471592,10.105645475,26.747645393691393,3.7101838018021613,walking,ELEC292_Walking_LeftPocket_Data_Christian.csv
-2.533112764868,4.019670104306481,9.641001434,-11.98827026,21.629271694,-2.516042862,16.157747747455275,0.17617376029104365,-7.67704350592,3.5831222113555907,-0.055235138,-23.25159805,23.196362911999998,-7.784112854,12.838764781509779,-0.47063039299943593,2.3925718212700002,4.0154525173438955,11.26332779,-7.54820343,18.81153122,1.5546670530000002,16.123858919043425,0.3992008967702335,10.483006056808001,2.51097842544067,26.01342703,4.780751718,21.232675311999998,10.263328305,6.3050126530285056,1.7020733753271748,walking,ELEC292_Walking_LeftPocket_Data_Christian.csv
0.372015090648,2.0455589837156958,5.815257111,-7.2884935,13.103750611,0.2771486665,4.184311555859991,0.0024181981588389644,3.61848262661,3.4875648796888807,8.603808289,-5.964347076,14.568155364999999,4.5981381225,12.163108790039319,-1.1377169569738883,8.330108749644001,2.229255516017099,22.26844254,2.411784668,19.856657872,8.0862595365,4.969580155692662,1.7292690777624964,10.015862065078,1.9031634523070202,23.39609638,3.015733571,20.380362808999998,9.738552831,3.622031126197176,1.944020003931519,walking,ELEC292_Walking_LeftPocket_Data_Christian.csv
1.3747947994979999,4.349347209162318,12.93550049,-8.850046234,21.785546724,0.7151378635,18.91682114584805,0.25409424945077885,-0.509737994403999,8.11471279071652,11.12756012,-19.21359512,30.34115524,0.902622986,65.8485636758183,-0.11679629451647475,3.6256425375239996,3.442161246323204,14.89058487,-6.652166748,21.542751618,3.6221676635,11.848474045689313,0.180814335393284,10.312555354239999,2.3580157564435575,23.51516888,5.197595188,18.317573692,9.893383562499999,5.560238307636082,0.9478617650003638,walking,ELEC292_Walking_LeftPocket_Data_Christian.csv
-5.028805145872,2.8510498643694633,7.860903168,-13.4303714,21.291274568,-4.8043343355,8.128485329121135,0.6450254744495173,-8.370506741738001,3.4637034168451346,3.466641083,-19.99272491,23.459365993,-8.243806915,11.99724135986466,-0.08594508791551596,0.612215790718,3.7917911938538733,22.0353772,-6.66010025,28.69547745,-0.0960253145,14.37768045778778,1.9919894285138833,10.857542585828,3.513722901140503,30.00697252,3.743082642,26.263889878,10.383862575,12.346248625999234,1.5458808479891588,walking,ELEC292_Walking_LeftPocket_Data_Christian.csv
3.493692528942,5.952323688973903,29.17403229,-16.51889877,45.69293106,2.8419900515,35.430157298319884,0.66513905196681,-3.8249629486420007,6.120661486460377,6.098617859,-20.00934036,26.107958219,-4.204905853,37.462497031839355,-0.1454048418507626,4.092733915978,4.8319508013479116,20.66422852,-11.02472397,31.688952490000002,4.410054245,23.347748546646727,-0.1451482793421165,11.071386425194,4.153493162788537,31.88534675,2.833789642,29.051557108,10.415024424999999,17.25150545333113,1.3503492697878379,walking,ELEC292_Walking_LeftPocket_Data_Christian.csv
-0.785781658632,2.7159855192896725,7.146289215,-11.01963455,18.165923765,-0.7877368925,7.376577340991193,-0.20901090910520653,-9.776275430723999,2.958170044871952,-2.621947632,-22.99667816,20.374730527999997,-9.754989394999999,8.750770014377725,-0.5329975414825534,0.15642411438400003,3.514268847688691,20.26815216,-9.529932404,29.798084564,-0.3153192905,12.350085533835202,1.8403220155628168,10.646508293642,3.368497684518534,30.68211572,3.43318563,27.248930089999998,10.348057525,11.346776650606724,1.6278402629880822,walking,ELEC292_Walking_LeftPocket_Data_Christian.csv
-0.7238599255479999,1.9139988327778032,4.860991516,-5.707032166,10.568023682,-0.735720062,3.663391531874793,-0.20724420961236767,-9.825640974435998,1.6426833183670788,-5.429060211,-18.06488388,12.635823669,-9.66547554,2.6984084844414773,-0.7040453160705993,0.08430828005800003,2.225482841561891,11.7317038,-7.094646606,18.826350406,-0.108150101,4.952773878086388,1.6086089984880982,10.254139236494,1.80041774237247,21.84674303,6.489980401,15.356762628999999,9.8774723085,3.241504047049582,1.6073233348900795,walking,ELEC292_Walking_LeftPocket_Data_Christian.csv
-0.7187046459700001,2.493355207687661,7.545808411,-10.67669769,18.222506101,-0.328566742,6.216820191703179,-1.1150526162373973,-9.863359837668,3.115838159197225,-2.776875458,-22.54791138,19.771035922,-9.786947937,9.70844743430955,-0.37181631268762955,-0.0049804430960000015,3.4980185288220684,18.69028336,-6.931934967,25.622218327,-0.493673401,12.236133627982507,2.407006863291976,10.604438974924,3.675554888743376,29.34076781,3.186353456,26.154414354,10.118659365,13.509703740165332,1.5210548548456233,walking,ELEC292_Walking_LeftPocket_Data_Christian.csv
-0.64464225953,2.4092042275251133,7.522157593,-7.508984985,15.031142578,-0.6863227845,5.804265009924879,0.14441465978818746,-9.882533166636,3.0541242138923206,-3.128344574,-26.75566132,23.627316746,-10.02158501,9.327674713883384,-0.5043764099367063,0.28436246519999997,3.8023594371298644,23.62701736,-8.220006409,31.847023769,-0.5746549985,14.45793728913054,1.789969310271887,10.758166386073999,3.4659227429068094,36.15576808,4.180781611,31.974986469,10.662086389999999,12.012620459798661,1.9414138791512339,walking,ELEC292_Walking_LeftPocket_Data_Christian.csv
-0.6113745400820001,2.745276064708023,6.055507507,-9.328601074,15.384108581,-0.3753444675,7.53654067145877,-0.17370768852515187,-9.98218304369,3.3450809519520566,-1.312470703,-22.79609528,21.483624577,-10.036928105000001,11.189566575112476,-0.23520865957225484,0.638740632062,3.680451999890612,18.43895599,-8.599317627,27.038273617,-0.1656305695,13.545726923498803,1.7415919136085993,10.908607386442,3.7013329757403084,28.09191655,3.246431364,24.845485186,10.62482325,13.699865797302605,1.2357465876956564,walking,ELEC292_Walking_LeftPocket_Data_Christian.csv
-0.384556311056,2.6844433761586823,8.665180664,-7.232210541,15.897391204999998,-0.526679764,7.206236239802224,0.5577646736050528,-9.800769894214,3.3596887715663026,-1.311123505,-19.61925156,18.308128054999997,-10.04531067,11.287508641788692,0.1903337485411558,0.19199165132600002,3.4659250202536676,18.34749619,-8.191116486,26.538612676,-0.5697901155,12.012636246020385,2.054590102675971,10.663981352666,3.6091159175601795,26.54555828,3.283075224,23.262483056,10.51061284,13.025717706386256,0.7909572077205569,walking,ELEC292_Walking_LeftPocket_Data_Christian.csv
-0.358448203166,3.1043326524994646,9.576635284,-10.0661174,19.642752684,-0.582962723,9.636881217374361,0.1602312978751113,-9.981133426116,2.6579032625504864,-1.006656647,-19.89303223,18.886375583,-9.6565690615,7.06444975307652,-0.5562261506938332,0.62327688901,3.2008182903285856,18.15260147,-9.034163361,27.186764830999998,0.079559555,10.245237727702008,1.7095903823051273,10.843112171294,3.0843914807733612,26.86568691,4.168643042,22.697043868,10.135534225,9.51347080666729,1.6641366517163998,walking,ELEC292_Walking_LeftPocket_Data_Christian.csv
-0.549045354304,2.248074487370263,6.501879272,-7.04854248,13.550421752,-0.565074921,5.053838900765071,-0.0394804253814977,-9.808975829744,2.4812807470279994,-2.475552063,-19.96922379,17.493671727000002,-9.8974930575,6.156754145571826,0.15678695916080196,0.217517170728,3.2142528441801734,20.05888733,-7.75761795,27.81650528,-0.30244606,10.331421346320333,1.627287798815302,10.528836897146,2.692652843130521,28.32047861,4.283605942,24.036872667999997,10.296323220000001,7.250379333618876,0.9212607322466277,walking,ELEC292_Walking_LeftPocket_Data_Christian.csv
-0.374359814748,2.5991766947710166,7.384144592,-8.208330688,15.59247528,-0.37511993450000003,6.755719490640786,0.12260862741029395,-9.904082055472001,3.1738725985061316,-2.445913696,-20.04317001,17.597256314,-10.00863693,10.073467271548063,0.02931847676685518,0.413773453648,4.008348431612827,17.25446915,-8.997489624,26.251958774,-0.271235962,16.06685714921301,1.4995216545210717,10.862210568260002,3.6483723197238294,25.95395035,3.569132097,22.384818253,10.594514475,13.310620583327037,0.8731715778527637,walking,ELEC292_Walking_LeftPocket_Data_Christian.csv
-0.4391882034280001,2.4858328105333563,6.62148056,-7.306905212,13.928385772,-0.3310366055,6.179364761924165,-0.08847977605452279,-9.87810447602,3.63762149140362,0.546214142,-20.88157654,21.427790682,-9.998083879,13.232290114721495,0.0867640179323748,0.35687437590399995,3.7063070005272327,16.86467972,-11.53740784,28.402087560000002,-0.2568658445,13.736711582157172,1.32581563994501,10.812919049488,3.758502590676916,25.97926631,3.552667059,22.426599251,10.583732535,14.126341724125087,0.7934435959564236,walking,ELEC292_Walking_LeftPocket_Data_Christian.csv
-0.19495488923399998,2.6235434523739536,6.542594604,-7.102729797,13.645324401,-0.1781295775,6.882980246494243,-0.0573320613150095,-9.89617250343,3.011207803757696,-2.912194061,-22.45345779,19.541263729,-9.992395707,9.067372437411247,-0.14931294959499378,0.31736224186399997,3.65366856330021,19.5987442,-8.2771875,27.8759317,-0.287477188,13.349293970448223,1.4729366408430558,10.770173068698002,3.372828952008374,29.14643373,4.02801792,25.11841581,10.479442265,11.375975139505906,1.2110045698751346,walking,ELEC292_Walking_LeftPocket_Data_Christian.csv
-0.11584589719200003,2.734401140286571,8.528065796,-6.69168457,15.219750366,-0.041089554,7.476949596000499,0.15422336574383594,-10.027574351822,3.4208510060866937,-1.241218872,-25.15743484,23.916215968,-9.9328195955,11.702221605844345,-0.6522172097090774,0.463805711042,3.914702149515719,18.39569595,-10.52521271,28.920908660000002,-0.0047151944999999995,15.32489291942299,1.4282074783305818,10.989711700970002,3.8093417070092235,31.60815289,3.135000296,28.473152594,10.385938045,14.511084240759944,1.566261875166693,walking,ELEC292_Walking_LeftPocket_Data_Christian.csv
-0.609936330874,3.1642983597568146,8.753197632,-11.61300064,20.366198272,-0.5199437715,10.012784109559666,-0.3035581416765081,-9.978015110882001,4.110138092825053,-0.33230896,-25.80289261,25.470583650000002,-9.4258238985,16.89323514209156,-0.5762637038445002,0.464746055588,4.634979923404484,30.05524979,-10.89329727,40.94854706,-0.0928818515,21.483038890362636,1.8873442802274332,11.242266426328,4.7063043370235045,37.2950909,3.011157765,34.283933135,10.05416658,22.14930051268625,1.5790578909315638,walking,ELEC292_Walking_LeftPocket_Data_Christian.csv
-0.5751842980940001,2.826123920272381,7.096143494,-10.10548553,17.201629024,-0.47271698,7.98697641273573,-0.6803426721235188,-9.962436107628001,3.6667118900937377,-1.717229004,-22.21620117,20.498972166,-9.679770813000001,13.44477608495479,-0.364219385375782,0.35519097651200016,4.201642876187747,23.96980453,-10.48195267,34.4517572,-0.5521268465,17.65380285901924,1.8222379381755778,11.000528357472001,4.216759657732494,31.05944046,3.353055965,27.706384495000002,10.34124942,17.78106201108026,1.2032823345470183,walking,ELEC292_Walking_LeftPocket_Data_Christian.csv
-0.8102617519840001,2.7720027034315526,5.087171173,-11.32365234,16.410823513,-0.61432251,7.683998987831836,-0.6762910074311992,-9.941825467455999,3.171926748933756,-2.066752167,-22.9656926,20.898940433,-10.08153534,10.061119300601465,0.04483569928864085,0.24724085999999995,3.712208526773627,19.5218042,-10.4987178,30.020522,-0.214503937,13.78049214625082,1.6799352876801372,10.897730379608001,3.51036020711941,28.83369053,4.18695303,24.6467375,10.641982745,12.322628783727426,0.9038497383912311,walking,ELEC292_Walking_LeftPocket_Data_Christian.csv
-0.48837711457,2.428909139359728,9.241631927,-9.193432159,18.435064086,-0.9805359650000001,5.899599607265216,0.5055372108632785,-9.928047818336,3.0574081742577026,-0.111967163,-21.50428162,21.392314457,-9.8904576875,9.347744744017819,0.10133301933718868,0.72652378604,3.031491266104866,15.17768784,-8.070317688,23.248005528,0.121098175,9.189939296470085,1.1082125892540244,10.674375343466002,3.1348807268882206,26.47576722,2.744709155,23.731058065000003,10.396870335,9.827477171815218,0.611404288313637,walking,ELEC292_Walking_LeftPocket_Data_Christian.csv
-0.5352386654539999,3.1004010849129755,7.145241394,-8.915759583,16.061000977,-0.546588364,9.612486887329554,-0.0713980665272548,-10.019186394616002,3.5157324351290065,-0.769699402,-21.86293579,21.093236388,-9.612485733,12.360374555418133,-0.37806374965298184,0.19441960231200003,4.144372840412499,23.14337311,-10.47850983,33.62188294,-0.571810913,17.17582624034877,1.6531158374310266,11.173235433104,3.8750320074303954,28.79225891,3.858507957,24.933750953,10.535681365,15.015873058610039,1.2995879463985087,walking,ELEC292_Walking_LeftPocket_Data_Christian.csv
-0.6727139840659999,2.947721426230569,6.644083557,-11.44639709,18.090480647,-0.541648636,8.68906160665878,-0.3722770520341893,-9.880827613217999,3.4615638478257083,-2.02543808,-23.47553238,21.4500943,-9.7796880345,11.982424272573924,-0.5077926495305692,0.28802774326800007,3.9403546251655075,27.47192184,-8.558602295,36.030524135,-0.4323758695,15.526394572063207,2.687108732241476,10.844073527548,4.095144464660386,35.00170835,3.83509189,31.16661646,10.19536063,16.770208186438598,1.6559995472918543,walking,ELEC292_Walking_LeftPocket_Data_Christian.csv
-0.74533337128,2.3408538796585967,5.392087097,-8.842262421,14.234349517999998,-0.5538482665,5.479596885912703,-0.30986913426377577,-9.812823129178,2.9673670387837974,-3.166664886,-17.12289276,13.956227874,-9.959089965499999,8.805267142860522,0.351775747220595,0.417983898036,3.531751065659341,15.92044327,-7.122189331,23.042632601,-0.364566879,12.473265589785889,1.6326292575710066,10.602563524713998,3.3712766814805164,23.36719064,3.29696749,20.07022315,10.59524815,11.365506463094283,0.33235070813264583,walking,ELEC292_Walking_LeftPocket_Data_Christian.csv
-0.486856875922,2.2079393917712493,5.048701172,-7.080725555,12.129426727,-0.5589376829999999,4.874996357735194,-0.008863835119038193,-9.828242564407999,2.6327697744826453,-3.08313858,-18.55256973,15.469431149999998,-9.786124649,6.931476685429399,-0.013757466001421954,0.16985448579800003,3.156866662684862,18.45407455,-8.044421539,26.498496089,-0.443153458,9.96580712597106,1.8778207474073045,10.486465644554,2.9439005626841954,25.74869176,4.443769102,21.304922658,10.206054954999999,8.666550522972322,0.8282254335559317,walking,ELEC292_Walking_LeftPocket_Data_Christian.csv
-0.903165457764,2.0994458553787334,4.309238892,-6.618337097,10.927575989000001,-0.9069639585,4.407672899666942,-0.018497124506826557,-9.769641825308002,2.3602558363284465,-3.80508728,-19.02633453,15.22124725,-9.728943558000001,5.570807612922494,-0.2558455460379455,0.11899025846199998,2.8674194219558604,13.9691011,-5.600902863,19.570003962999998,-0.286204834,8.22209414140968,1.1053390147727498,10.424731416906,2.408592423220508,20.4512102,5.072845087,15.378365112999997,10.125425804999999,5.8013174611952385,0.7540294290600853,walking,ELEC292_Walking_LeftPocket_Data_Christian.csv
-0.6672823791620001,2.188299785479758,6.700516205,-6.506369934,13.206886139,-0.4720433805,4.788655951130754,0.17502121422815609,-9.759349528323998,2.529142822563779,-1.513951721,-21.21598114,19.702029419,-9.6773757935,6.39656341692588,-0.35836757168469896,0.210491680292,2.863963047907533,12.20741455,-7.176376648,19.383791197999997,-0.368458786,8.202284339779807,1.0254908186938436,10.425217808688,2.5370875195963065,21.8003325,4.32903112,17.47130138,10.13296096,6.436813082091339,1.1334688835397588,walking,ELEC292_Walking_LeftPocket_Data_Christian.csv
-0.45657454834000005,2.371951879349976,8.721763,-7.773784332,16.495547332,-0.4574487305,5.626155717951884,-0.03353731329636684,-9.86993237004,3.1636098703771682,-0.898132324,-20.69012466,19.791992336,-9.981318740999999,10.008427411947844,-0.008949532761294135,0.241098233642,3.4728565028264473,16.40289001,-9.061556396,25.464446406,-0.40490798949999995,12.06073228922394,1.4302096260959076,10.680117055577998,3.3634162344470924,24.82667114,3.761960121,21.064711018999997,10.49733204,11.312568766142258,0.7552137757872596,walking,ELEC292_Walking_LeftPocket_Data_Christian.csv
-0.45521627288600003,2.454612480652117,5.038672028,-8.115972748,13.154644776000001,-0.362845459,6.0251224301731385,-0.29616989876401273,-9.837166107876001,3.040656080679457,-2.13890213,-20.24300446,18.104102330000003,-9.721758499,9.245589400972959,0.022248292009769247,0.34130704835200004,3.549619022670484,16.04094269,-7.825726318,23.866669008000002,-0.32235466,12.599795206104162,1.5797546265880156,10.65472983162,3.3824234859972147,25.84827978,3.904616519,21.943663260999998,10.39414717,11.440788638625548,0.7009833391958825,walking,ELEC292_Walking_LeftPocket_Data_Christian.csv
-0.5954790948540001,2.655517928814899,8.982071686,-7.433691559,16.415763245,-0.6282435609999999,7.051775470257371,0.2494273309528936,-9.853750121165998,3.9102657076828704,2.570903778,-24.19493637,26.765840148000002,-10.072329485,15.29017790468062,0.02532341190972132,0.5125452566740001,3.859436581629107,16.43207932,-9.11379776,25.54587708,-0.2783461765,14.895250727616968,1.3398222111496823,10.911974920273998,3.98493373626617,26.67883585,3.181880487,23.496955362999998,10.754597725,15.879696882432258,0.775011500097425,walking,ELEC292_Walking_LeftPocket_Data_Christian.csv
-0.439468420718,2.3977901304382616,7.341932373,-7.368876343,14.710808715999999,-0.2732567595,5.749397509627136,-0.1699680799798794,-9.848890027796001,3.019239280850768,-0.688717804,-24.61241821,23.923700406000002,-9.868228912500001,9.115805835032264,-0.251266544191523,0.28494355682,3.1310410221010927,21.01285355,-8.420738983,29.433592533,-0.210836563,9.803417882079856,2.167496697679009,10.536225267117999,3.3062877147139886,30.2638308,3.175474732,27.088356068,10.247132310000001,10.931538452468649,1.2365567664163344,walking,ELEC292_Walking_LeftPocket_Data_Christian.csv
-0.344126585068,2.3193072057018287,5.484744415,-7.383396149,12.868140564,-0.3491489415,5.379185914420424,-0.13122388463138016,-9.850247704446002,3.2080539609584764,-0.82253952,-24.36902435,23.54648483,-9.8648609165,10.29161021642137,-0.47015929796503636,0.262918657806,3.4788745276244093,15.89574463,-10.36594391,26.26168854,-0.2202669525,12.102567978953957,1.2997894217554153,10.643210959934,3.422039412556975,26.59368903,3.892407674,22.701281356,10.436219675,11.710353741093288,1.1438356877997178,walking,ELEC292_Walking_LeftPocket_Data_Christian.csv
-0.5999011990159999,2.6751600498444783,4.922663269,-10.35351974,15.276183009,-0.38672081,7.156481292283911,-0.6250697816329494,-9.854678490656001,3.1226443376637456,-0.08068222,-21.41371994,21.33303772,-9.810374222,9.750907659543453,0.013940517863362869,0.3181636751959999,3.303161400722283,17.13277222,-8.516988831,25.649761051,-0.2306703185,10.910875239221596,1.2465828296820387,10.691707029682,3.3288831027015053,27.47593024,3.55013615,23.92579409,10.433584454999998,11.0814627114516,0.665515855201743,walking,ELEC292_Walking_LeftPocket_Data_Christian.csv
-0.07067882261999997,2.36364350679023,8.060138855,-7.054979095,15.11511795,-0.0345780945,5.586810627191616,0.08250945559726228,-9.777888476288,2.2934177627052525,-2.598596191,-19.6478421,17.049245909,-9.7022989655,5.259765034291966,-0.0828061554943134,0.24434498197999996,2.803219607843614,9.357041931,-6.955436096,16.312478026999997,-0.1403331755,7.858040169798905,0.715580414427488,10.45208584694,2.265021037296728,20.29337567,5.008921311,15.284454359,10.180192415,5.130320299396746,0.530413398475718,walking,ELEC292_Walking_LeftPocket_Data_Christian.csv
-0.274166567698,2.170444549444292,6.214476929,-7.495812378,13.710289307,-0.0705782315,4.710829542212435,-0.2392389880527366,-9.832343137150001,2.6485552938093693,-3.190914459,-17.91354858,14.722634121,-9.88723938,7.0148451443656334,0.18436452355712282,0.19459084627200002,3.2319408849377953,15.61867081,-6.736291809,22.354962619,-0.2405497745,10.4454418837325,1.519602324080738,10.512656240614,2.9057150254317494,22.08054127,3.893784435,18.186756835,10.282127500000001,8.443179809019833,0.5983061192808204,walking,ELEC292_Walking_LeftPocket_Data_Christian.csv
-0.11830618104799999,2.320665672850441,5.513933716,-7.278464355,12.792398071000001,-0.179327087,5.38548916514639,-0.1561690492573084,-9.828436860484,2.8484375228710386,-1.474733276,-18.83877457,17.364041294000003,-10.065818024999999,8.1135963216997,0.27051360308937317,0.536708608716,3.273604170073991,13.94320496,-7.128925323,21.072130283,-0.1246907045,10.716484262325823,1.2235060461147482,10.584324395596,3.014609500235601,21.84600013,4.025179107,17.820821023,10.58026742,9.087870438910741,0.32529906978792156,walking,ELEC292_Walking_LeftPocket_Data_Christian.csv
-0.057605309172000005,2.1772730497600663,7.051985321,-6.628366241,13.680351562,-0.198187866,4.740517933211501,0.10992076716697782,-9.866485937056,2.8347489825344008,-2.756368103,-20.24794418,17.491576077,-9.962008896,8.035801793979822,0.16507514866857198,0.238048176304,3.2315866795746304,16.02821915,-7.315287781,23.343506931,-0.222587128,10.443152467604186,1.548320528871042,10.528301563320001,3.1275978701457867,25.88110148,3.437488927,22.443612553,10.377842305000001,9.78186843734046,0.610262407223163,walking,ELEC292_Walking_LeftPocket_Data_Christian.csv
-0.3288101357979999,2.14342051573005,6.381230164,-7.087012482,13.468242646,-0.5106630705,4.5942515072524746,0.026913688794289594,-9.818901090076,2.8718039922135827,-0.585731964,-20.73368408,20.147952116,-9.986333313,8.247258169693872,0.17122131163313392,0.5188034426859999,3.261421798161569,14.56067093,-7.897576904,22.458247834,-0.0490979005,10.636872145523444,1.0811888196161,10.547061045493999,3.004326357408341,22.827806,3.987818981,18.839987019,10.600711895,9.02597686181847,0.5376140368366317,walking,ELEC292_Walking_LeftPocket_Data_Christian.csv
-0.21875898831799998,2.201026406603759,6.690187683,-6.580316162,13.270503845,-0.2817890165,4.844517242567054,0.021786683485621565,-9.896273393756,2.440482255558723,-1.231788483,-18.32953354,17.097745057,-10.0396225,5.9559536396969905,0.5975874787650286,0.44385998840400004,2.7838346711060065,12.6898613,-7.0018396,19.6917009,0.02402504,7.749735476051888,1.4547750062167661,10.511780841167997,2.4967507220072225,19.1821442,4.350794988,14.831349212,10.459591230000001,6.233764167843587,0.15986455571736477,walking,ELEC292_Walking_LeftPocket_Data_Christian.csv
-0.40019968049200005,2.280898324068876,5.958958282,-7.903564453,13.862522735,-0.48109954850000003,5.202497164740206,-0.076910681800172,-9.815847739534,3.212889534000303,0.282163239,-18.9206543,19.202817538999998,-9.920769653499999,10.322659157688685,0.5152017267778093,0.519932993744,3.4304255904129475,14.18570068,-9.089697876,23.275398556,-0.022228775,11.76781973136002,1.2688603840999075,10.680622773448,3.1620610639264917,19.95083253,4.122221614,15.828610915999999,10.454945169999998,9.998630171999936,0.4373345579908855,walking,ELEC292_Walking_LeftPocket_Data_Christian.csv
-0.5797764486640001,2.4174197030665416,6.418802032,-8.301287384,14.720089416,-0.4241429905,5.843918020774326,-0.19012259180326002,-9.799462512718002,2.8385680263675206,-1.874701538,-16.99251389,15.117812352000001,-9.976453857500001,8.057468440316,0.4008863812668622,0.23055835146999995,3.126135816431723,14.59884155,-8.371341705,22.970183255000002,-0.097222824,9.772725142777233,1.6207454146118512,10.553782805750002,2.9513629939407333,20.76202031,4.414761055,16.347259255,10.421635955,8.710543522002808,0.32522626854083186,walking,ELEC292_Walking_LeftPocket_Data_Christian.csv
-0.392192531418,2.3819453282055423,6.606811066,-7.974666595,14.581477661000001,-0.36539016700000004,5.673663546560208,-0.2857536402844589,-9.881447923227999,2.7392671670062305,-1.376836853,-19.31927536,17.942438507,-9.905576248,7.503584612238339,0.19511763756484263,0.46452032501400004,3.6246522509436048,14.7959816,-7.986192627,22.782174227,-0.1345701595,13.13810394027054,1.5257014000094533,10.704729522220001,3.120372595225572,23.18237167,4.207963681,18.974407989,10.282253945,9.736725133034772,0.8463416335348918,walking,ELEC292_Walking_LeftPocket_Data_Christian.csv
-0.30976613799400005,1.9735170226362386,5.215903473,-5.436993713,10.652897186,-0.450712738,3.8947694386350036,0.10141700038994729,-9.863043395627999,2.8571237957358053,0.074694672,-20.15872971,20.233424382,-10.025177535000001,8.163156384159775,0.18947906401194436,0.4979814422819999,3.139288530896259,10.44917084,-9.282946014,19.732116854,-0.02866539,9.855132480216792,0.5989476430096601,10.582741103410001,2.7463092769031148,21.90028683,4.393868716,17.506418114,10.455145805,7.54221464440411,0.6640404716980515,walking,ELEC292_Walking_LeftPocket_Data_Christian.csv
-0.47027226379399995,2.2460063310580245,5.628295898,-6.398743744,12.027039642,-0.6771169285,5.044544439152728,0.1825674460591127,-9.866643709028,2.7171873393770025,-2.991828461,-21.39710449,18.405276029,-9.919347610500001,7.383107037270674,-0.021331113811375018,0.316694330762,3.4606275201096977,17.95860489,-7.313940582,25.272545472,-0.206121368,11.975942832940596,1.283987352266218,10.654873264088,2.9239321832799194,27.99608209,3.740735309,24.255346781,10.4061501,8.549379412420077,0.8392260042732833,walking,ELEC292_Walking_LeftPocket_Data_Christian.csv
-0.5461267236359999,2.0211617158071595,4.89452179,-5.789660339,10.684182129,-0.5232369235000001,4.085094681444541,-0.13656443539830818,-9.75983062763,2.561865619771124,-1.012195129,-21.1143425,20.102147371,-9.698706436,6.563155453765285,-0.03292016961671832,0.284155296032,2.8863531191534304,11.9971019,-7.303911438,19.301013338,-0.2142794035,8.331034328446737,0.9734448758489345,10.386860679444,2.593395882269063,22.43516981,4.525206293,17.909963517,10.187144255,6.7257022021701305,0.5691646513378646,walking,ELEC292_Walking_LeftPocket_Data_Christian.csv
-0.5752642318800001,2.135883475181887,7.382797394,-6.456224213,13.839021607,-0.3610491945,4.561998219555054,-0.07334204578117362,-9.795214646324,2.5117191248533963,-0.451311493,-20.9829158,20.531604307000002,-9.7921870425,6.308732962154311,-0.08030085803837064,0.34019665738000004,2.888226967145664,11.26512405,-5.796096954,17.061221004,-0.05029541,8.341855013747441,0.9478440106262128,10.459674805799999,2.490116830067144,21.62533387,3.961195635,17.664138235,10.133745085,6.200681827383642,0.8753122256454874,walking,ELEC292_Walking_LeftPocket_Data_Christian.csv
-0.612517862554,2.1221059207487607,7.032825165,-8.0396315,15.072456665,-0.3307372285,4.503333538876945,-0.41685058528302427,-9.808208525417998,1.9508057883709464,-3.521576843,-18.38521774,14.863640897000002,-9.700353012,3.80564322394159,-0.11268383992862908,0.133821117534,2.610241879332054,12.01850739,-7.578141174,19.596648564,-0.1516346745,6.813362668618934,1.3712182933627997,10.357166918526,2.1084291666489223,18.93723672,3.762654112,15.174582608000001,10.042006180000001,4.445473550775869,0.5018024456228831,walking,ELEC292_Walking_LeftPocket_Data_Christian.csv
-0.507363931268,1.8924041349317253,3.447630615,-8.257129211,11.704759826,-0.215177536,3.581193409906692,-0.6560535067461007,-9.709079265628,1.9420390191121335,-2.772833862,-19.65802094,16.885187078,-9.6249847415,3.771515551754018,-0.4636471485317485,0.08898305876999998,2.4263162755281886,7.665709076,-5.710175629,13.375884705,-0.20028350849999998,5.887010668892982,0.48972680759351755,10.207448699112,1.8918950858690684,19.69263259,4.705401305,14.987231285,9.900911332,3.57926701593553,0.7353978783324308,walking,ELEC292_Walking_LeftPocket_Data_Christian.csv
-1.046780109564,2.3622680666509477,6.317462769,-8.859177246,15.176640015,-1.0338251495000002,5.580310418718807,-0.2751122865986523,-9.783501204527997,2.6084156156741356,0.194146271,-21.64349213,21.837638401,-9.7772930145,6.803832024092681,0.06125053776717878,0.32533825561600005,3.0509205767583865,13.0826445,-7.153025208,20.235669708,-0.2026036835,9.308116365687725,1.3658649175855504,10.539683541852,2.743322628568898,22.35372034,4.329394103,18.024326236999997,10.080183174999998,7.525819044418166,0.9652583898753955,walking,ELEC292_Walking_LeftPocket_Data_Christian.csv
-0.499778006314,2.138442437514553,4.737049255,-7.611072693,12.348121948,-0.43192680400000005,4.572936058563183,-0.3799633968334851,-9.948923407361999,2.631165625476478,-0.687071228,-21.40518768,20.718116452,-9.883272628499999,6.923032548689025,0.12208766809167318,0.44866499634,2.8365992680305143,16.97050964,-5.473517761,22.444027401,-0.0435594175,8.04629540739125,1.758639121400952,10.529545316246,2.846593534347405,26.45481771,3.25133907,23.20347864,10.276248695,8.10309474978845,0.8181294851059899,walking,ELEC292_Walking_LeftPocket_Data_Christian.csv
-0.57777870302,1.8829685568640864,4.258045349,-6.127807159,10.385852508,-0.581091614,3.5455705861388203,-0.11064407787407902,-9.744309104931999,2.33460114225245,-3.106789398,-17.36808289,14.261293492,-9.79952179,5.450362493406445,0.3311893037071407,0.45464895266,2.9291298054967214,13.32528992,-7.01695816,20.342248079999997,-0.011076965,8.57980141744926,1.416843809689838,10.332598711062001,2.5110221440542637,19.93943659,4.738635744,15.200800846,10.17372795,6.305232207930871,0.5534076774952625,walking,ELEC292_Walking_LeftPocket_Data_Christian.csv
-0.49129484709800003,2.0758684589354943,6.580016785,-6.333329773,12.913346558,-0.5016817474999999,4.309229858803223,0.2496334062669204,-9.790671294364001,2.399616649497657,-0.314046936,-20.63324295,20.319196014,-9.722956009,5.758160064546361,-0.23957297377593859,-0.07038902528799999,2.704320608513065,13.1464119,-7.712861023,20.859272923,-0.193173294,7.3133499536284745,1.2133962057856778,10.370236848209998,2.4377237792159643,22.20186144,3.904115425,18.297746014999998,9.9120019675,5.942497223754964,1.2978517108809149,walking,ELEC292_Walking_LeftPocket_Data_Christian.csv
-0.388511087032,2.7862408749921275,8.24680069,-9.403894501,17.650695191,-0.3180885315,7.763138213476895,0.09188697831895747,-9.982115384138,3.744945270313781,1.006806335,-25.4924382,26.499244535,-10.17771034,14.024615077645558,-0.10036027431403398,0.34972673948399996,3.8305277184614996,16.85180649,-8.880283356,25.732089846,-0.08053253199999999,14.67294260190186,1.2845219125133303,11.04241667163,3.800211460062203,29.81640562,3.35471312,26.4616925,10.70914514,14.441607141188102,1.0722661996268492,walking,ELEC292_Walking_LeftPocket_Data_Christian.csv
-0.77701678527,1.7988343174040546,5.975873108,-6.563551025,12.539424133,-0.8449179840000001,3.235804901470511,0.1995017097136833,-9.753015899048002,1.5847805874811738,-4.324207764,-15.69725739,11.373049626,-9.6948893735,2.5115295104571747,-0.3499079905957326,0.726529174794,2.158126647914289,8.622818756,-4.843178558,13.465997313999999,0.6493496705,4.657510628437765,0.19947520473562713,10.192403717413999,1.6651337355042395,16.81645972,5.930894274,10.885565446000001,9.880930646,2.7726703571143023,0.9433929224791658,walking,ELEC292_Walking_LeftPocket_Data_Christian.csv
-0.11305869323199996,2.399075896362551,8.032895508,-6.8133815,14.846277008,-0.046104125999999995,5.755565156507777,0.09072821923754917,-9.948886583942,2.800254227973037,-0.413889313,-18.97588943,18.562000117,-9.7563365935,7.84142374128087,0.12897193993748304,0.330542333658,2.9096685161854405,15.80638046,-7.606282654,23.412663114,-0.2371069335,8.466170874080783,1.7741871721237936,10.624133117548,2.879815971678171,23.63357462,4.38155677,19.25201785,10.046324145,8.293340030732688,1.0856765630506464,walking,ELEC292_Walking_LeftPocket_Data_Christian.csv
-0.985889133,2.243416887597341,5.600154419,-9.204958191,14.805112609999998,-0.8582402805,5.03291933155694,-0.34442086643787223,-9.652458608874,2.114603970538049,-2.139051819,-20.46349594,18.324444121000003,-9.663828964,4.471549952215282,-0.4794562913837607,0.18371296691200006,2.8059331175525783,19.55398727,-10.10488678,29.65887405,0.047077102999999995,7.873260660178333,0.8588228530425263,10.295843696481999,2.3556352764543997,27.71350865,3.946019267,23.767489383,9.948450306000002,5.5490175556763965,1.6758398240346737,walking,ELEC292_Walking_LeftPocket_Data_Christian.csv
-0.45320924651,2.7265120537512617,9.635762329,-9.063053284,18.698815613,-0.4299808505,7.433867979250923,0.21712286786184226,-9.935223596074,3.5516288409519814,-1.031504974,-22.2251825,21.193677526,-10.19739441,12.614067423881915,-0.1721363402913465,0.5222696347779999,3.867132279282538,16.07746674,-8.611592102,24.689058841999998,-0.2802172855,14.95471206546896,1.4533074567558169,10.933906536552,3.8261164925722593,24.46811659,4.661256619,19.806859971,10.735262295,14.639167414733448,0.9691516826198362,walking,ELEC292_Walking_LeftPocket_Data_Christian.csv
-0.461978610538,2.607004753430569,9.205706635,-7.597600708,16.803307343,-0.604966965,6.796473784409582,0.13403368461150691,-9.888755127832,3.3524726208869384,-2.105072479,-21.15460876,19.049536280999998,-10.046133959999999,11.239072673796539,-0.060134575313528685,0.19070432824599998,3.8967624993127843,18.21562042,-10.05923172,28.27485214,-0.7150630185,15.184757976050417,1.6838031428888218,10.822964149418002,3.7577948070333225,27.51866309,2.788093047,24.730570043,10.46089695,14.121021811766607,0.9890310259600271,walking,ELEC292_Walking_LeftPocket_Data_Christian.csv
-0.249016168222,2.576002363239272,9.031468964,-6.885082397,15.916551361,-0.525856476,6.635788175414313,0.45933606264099514,-9.965878948146,3.450392715373717,-1.219813385,-20.11921188,18.899398495000003,-9.933942261,11.905209890304011,0.05122127373274941,0.43315814302,3.685005077029124,17.80637146,-8.127199402,25.933570862000003,-0.1824705505,13.579262417730417,1.8704994101171741,10.847934432684,3.7431213261056198,26.738582,3.260505633,23.478076367,10.3655563,14.010957261946693,1.1050999512406272,walking,ELEC292_Walking_LeftPocket_Data_Christian.csv
-0.5561636517140001,2.3723622585489212,6.267167358,-9.167685699,15.434853057,-0.5643264775000001,5.628102685787338,-0.07803569089891296,-9.737098599373999,4.065095570908499,0.032332764,-22.45016464,22.482497404,-9.851388931,16.52500200061989,-0.020754377573061276,1.097821568312,4.177761626712831,25.50022202,-8.139922943,33.640144963,0.2814896395,17.453692209634244,1.401260027509685,10.879191353271999,4.19232772206721,26.82442816,2.44526393,24.37916423,10.451107505,17.575611729213247,0.7446132298511926,walking,ELEC292_Walking_LeftPocket_Data_Christian.csv
-1.121590939666,2.5324646573342253,4.275109863,-10.97293167,15.248041532999999,-1.005833359,6.4133772406469545,-0.7309204868375493,-9.586336310892,3.6202615424050615,-1.156794434,-27.70753189,26.550737456,-9.7144985965,13.106293635417074,-0.6627026274655349,1.265159786684,3.411390199544189,19.42121338,-9.449100494,28.870313874,0.793574753,11.637583093546143,1.083280467644929,10.63463550511,3.5802543253717083,30.09339569,3.769778844,26.323616846,10.15372568,12.818221034342827,1.5714567253146854,walking,ELEC292_Walking_LeftPocket_Data_Christian.csv
-0.38470869414200004,2.4350582702003765,8.235424347,-6.081852722,14.317277069,-0.5780978395,5.929508779271249,0.41420758978084254,-9.82418869454,3.2190589916726755,-0.004939728,-21.1754155,21.170475772,-9.894199905499999,10.362340791868704,0.07394894181364138,0.52953642331,3.629586074312316,15.9863063,-9.957144012,25.943450312000003,-0.2964585115,13.173895070841889,1.4019671519169867,10.702134969507998,3.445743003265612,25.92492727,3.504213323,22.420713947000003,10.301540605,11.873144844553918,0.9022483933095788,walking,ELEC292_Walking_LeftPocket_Data_Christian.csv
-0.372635400688,2.6482335932432997,7.194039917,-6.930138702,14.124178618999998,-0.5862558744999999,7.0131411643823185,0.33632403800969585,-9.870836190488001,3.0394753486132116,-1.936972046,-18.73114838,16.794176334,-10.0640966,9.238410394827403,0.11792150555183573,0.56097823977,2.965829503923842,14.66814743,-5.088368683,19.756516113,-0.219668198,8.796144646345143,1.8296541337566665,10.596595910336,3.2629453182463606,23.25812783,3.905773918,19.352353911999998,10.658002190000001,10.646812149865845,0.5471864994971883,walking,ELEC292_Walking_LeftPocket_Data_Christian.csv
-0.434567013244,2.4813546492266245,9.237440643,-7.497608643,16.735049286,-0.375344467,6.1571208952385845,0.10023575324511709,-9.909740887798002,2.4251121949156134,-1.723815308,-17.18246887,15.458653562,-9.9230898285,5.881169157928425,0.35920967570381157,0.36646553105600005,2.943476086820796,13.84964951,-8.11687088,21.96652039,0.005014572,8.664051473685866,1.5491799593058926,10.61419632201,2.5626720235166878,20.57652945,4.503509041,16.073020408999998,10.40742084,6.567287900115116,0.41870946588631897,walking,ELEC292_Walking_LeftPocket_Data_Christian.csv
-0.25782385255600004,2.4629388216988795,9.433532867,-6.621779938,16.055312805,-0.6623725890000001,6.066067639431464,0.48770715632779715,-9.778844088846,3.018510390105456,-3.408561859,-20.23432251,16.825760651,-9.820328522,9.111404975174592,-0.053771124450856,0.374303531812,3.76060744139606,16.36187531,-7.972870331,24.334745640999998,-0.44352767950000005,14.14216832828342,1.3836209884138808,10.642549213541999,3.447920412981686,26.1671199,3.74791151,22.41920839,10.48616866,11.8881551742558,0.6746496375688285,walking,ELEC292_Walking_LeftPocket_Data_Christian.csv
-0.58339292817,2.0702386853001125,4.427492981,-6.252797241,10.680290222,-0.5909710695,4.285888214113138,-0.14376271380200006,-9.92625394882,2.4271678477491454,-2.970123596,-20.66018692,17.690063324,-9.9058007815,5.891143761147218,-0.28664358354235225,0.03267375459600004,3.3752492919749177,19.20566162,-7.363188171,26.568849791,-0.5596112824999999,11.392307782977182,2.2163830092545482,10.597772172456,2.8510519244373453,28.05559498,4.429778224,23.625816756,10.30409723,8.12849707583789,1.596989015113318,walking,ELEC292_Walking_LeftPocket_Data_Christian.csv
-0.477994704908,2.195679807123501,5.551505585,-6.220464478,11.771970063000001,-0.3012485505,4.821009815409894,-0.13513994402865087,-9.760561108808,2.0887576302796265,-4.692292328,-17.30641113,12.614118802,-9.8564783475,4.362908438051361,-0.03165140226877373,0.607881703486,2.9898660876933265,10.89254883,-6.800807648,17.693356478000002,0.0995429995,8.939299222338597,0.810649536123163,10.414371431554,2.351730728950286,20.65206905,5.418479499,15.233589551000001,10.26060201,5.530637421489043,0.5033624816170145,walking,ELEC292_Walking_LeftPocket_Data_Christian.csv
-0.21447489713600004,2.83694834160535,6.520440674,-7.499554596,14.019995269999999,-0.2049238585,8.048275892937346,-0.11374908953502019,-9.957285917442,2.4076456310085175,-1.978735199,-19.58617035,17.607435151,-9.698032837,5.796757484514401,-0.25962710531720584,0.0038966967940000357,2.9181406698941554,14.17612061,-6.508465576,20.684586186,-0.5962101744999999,8.51554496929031,1.131307391553352,10.725558591094002,2.5527492564729095,22.85374446,5.00225475,17.851489710000003,10.3363848,6.516528766422992,1.0913898950084209,walking,ELEC292_Walking_LeftPocket_Data_Christian.csv
-0.156697445976,2.497305818292833,7.641160126,-7.050787811,14.691947937,-0.26637107849999997,6.236536350079235,0.07543275018205213,-9.921966564276001,2.4849596896712467,-4.233646088,-20.332668,16.099021912,-10.041643295,6.175024659291019,-0.04265187026158813,0.37953754759599995,2.7570182079534895,9.44610672,-6.705904999,16.152011719,-0.026569747999999997,7.60114939898707,0.7021689688989619,10.586286175926,2.5607184064842445,20.52586004,4.902297607,15.623562433,10.546109640000001,6.557278757307209,0.2454215267491919,walking,ELEC292_Walking_LeftPocket_Data_Christian.csv
-0.7564040496559998,3.340391751256394,11.83468964,-11.35059631,23.18528595,-1.3520633695,11.158217051861758,0.45638056875716776,-7.459435324384,6.269910127400379,10.02390518,-20.11008087,30.13398605,-9.2310040285,39.311773005677836,1.0137402793800185,2.1421710324319996,5.070103901801286,21.63630707,-7.58338028,29.21968735,1.242117004,25.70595357506062,0.7883161331782755,11.217513443546,3.338795434343008,24.81351082,4.429707618,20.383803202000003,10.393619595,11.147554952389715,1.2102171686099559,walking,ELEC292_Walking_LeftPocket_Data_Christian.csv
-2.6238501754919996,1.8739537350879725,4.978197784,-16.14856888,21.126766663999998,-2.868709488,3.5117026012501626,-0.2794465774108298,7.544562102338,1.0172500704485545,13.41914474,4.661905518,8.757239221999999,7.7235637665,1.0347977058275892,-0.1809100367027797,5.277136039129999,1.602804870715676,11.37215149,0.262254639,11.109896851,5.065466309,2.5689834535898943,0.7298668371018134,9.892645417018,0.9509060143696851,20.99805943,8.287796616,12.710262814000002,9.756356677,0.9042222481644399,4.547891961943592,walking,ELEC292_Walking_LeftPocket_Data_Christian.csv
-0.007030280475999973,1.618817272372165,11.76164154,-4.396956482,16.158598022,0.058378601,2.6205693613304564,0.4520978827588804,5.595777221368,1.7398604760583973,10.19395157,1.13613739,9.05781418,5.8189244845,3.0271144761501527,-0.27655252959573545,7.62892007899,1.8212096877447297,14.26294006,2.084265747,12.178674313,7.6838962555000005,3.316804726735256,-0.16522872037954076,9.868684713338002,1.0424702885030952,20.49353666,6.090413609,14.403123051000001,9.725154606,1.0867443024117265,2.385564319691414,walking,ELEC292_Walking_LeftPocket_Data_Christian.csv
-0.8186868319799998,1.6031705253705149,2.572550354,-9.220974884,11.793525238,-0.5216651914999999,2.570155733416773,-1.0320157617275574,3.694754119268,1.2632721122475012,7.581284637,-1.656455383,9.23774002,3.774775314,1.5958564295822633,-0.07041508632245441,8.943288535755999,2.1827094776986793,17.56612106,-0.607885895,18.174006955,8.848100281,4.7642206640356415,-0.42639565001931845,9.965788622914,1.9791806163838168,19.56955031,3.012830683,16.556719627,9.908225677,3.917155912269425,0.306203679476037,walking,ELEC292_Walking_LeftPocket_Data_Christian.csv
0.873776173104,2.310408534053895,5.922583923,-3.612737274,9.535321197,0.4159101105,5.337987594229068,0.18750096615876088,1.6587522070360001,1.680441955765005,4.358785858,-2.605481873,6.964267731,1.9071091464999999,2.823885166695315,-0.6461196764879391,9.399800813668,2.108528806071324,15.4555101,5.140759735,10.314750365,9.220001907,4.445893726032563,0.5205073074707799,10.021892715696,2.010132309536609,15.98548818,6.006204625,9.979283555000002,9.8057733875,4.04063190184298,0.49750251002391255,walking,ELEC292_Walking_LeftPocket_Data_Christian.csv
0.8864503170580001,2.872679228778659,8.674161987,-8.871152344,17.545314331,0.6595285035,8.25228595145635,-0.2536928418074372,0.40697279575,2.1454585020144106,10.32807266,-6.352938995,16.681011655,0.49674201949999996,4.602992183865919,0.34790514006767254,9.593382458501999,2.137975187267196,15.19400391,4.15026947,11.04373444,9.334139557,4.570937901370201,0.16742543144461358,10.298199975302,2.0875107952461907,17.04930899,5.221886463,11.827422527,10.094770835,4.357701320269383,0.4991550893021321,walking,ELEC292_Walking_LeftPocket_Data_Christian.csv
-0.041041952837999926,2.742586498017958,13.07650726,-5.98620163,19.06270889,-0.446521454,7.521780699110408,0.9043675270692401,0.03657673829800001,2.513146506234867,9.735455017,-5.362748108,15.098203125,0.292267227,6.3159053618005165,0.35779744794936796,9.671887905552001,3.3528428706385642,27.47281998,-0.821042633,28.293862613,9.7124777985,11.241555315191848,0.7189597098833299,10.362088257118002,3.3548183682841364,27.8694851,1.772701566,26.096783534,10.41062005,11.254806284176636,0.8723689657198638,walking,ELEC292_Walking_LeftPocket_Data_Christian.csv
-1.4173830367979998,2.8259725809239513,18.62277374,-7.984396362,26.607170101999998,-1.145867157,7.986121028133979,0.5889156578145857,0.40542531371599994,2.3289127446085187,14.615457,-6.23303833,20.84849533,0.15739769,5.423834571999984,0.9260561106303111,9.32794334199,2.8063224555683717,16.15665207,2.265389099,13.891262971,9.3533745575,7.875445724627294,-0.12595248646751103,10.136469731588,2.7787144611843084,23.48073997,3.843236688,19.637503281999997,10.05262918,7.721254056794803,0.3048391936261175,walking,ELEC292_Walking_LeftPocket_Data_Christian.csv
4.446804322786,4.444808770973077,21.93957642,-4.557123413,26.496699833,3.7453614809999998,19.756325010519188,1.180658690005029,-7.520134100592,4.396479191405941,7.773335266,-23.90798309,31.681318356,-8.482784958,19.329029280465434,0.526150966484532,1.4934871774439997,4.1523866484368135,15.6903717,-8.010142822,23.700514522,0.31569351199999995,17.242314878116314,1.1248491214611376,10.973411770698,3.803799784768757,30.44227473,2.649786356,27.792488374,10.330367495,14.468892802606842,1.769238851033124,walking,ELEC292_Walking_LeftPocket_Data_Christian.csv
1.793096336976,3.0305537721309825,11.41376495,-4.946763153,16.360528103,1.8259030155,9.184256165777327,0.3410752002699646,-9.799902298402,2.9537869645229624,-0.26090744,-23.60546219,23.34455475,-9.747879181,8.724857431785775,-0.6676187242479865,0.311187582082,3.1573393093809132,12.15217941,-7.994575195,20.146754605,-0.09033714300000001,9.968791514561943,0.37034004602427206,10.880904569642,2.9721941554425984,24.70253272,2.423174335,22.279358385000002,10.389074059999999,8.83393809764714,1.136593119401601,walking,ELEC292_Walking_LeftPocket_Data_Christian.csv
0.667575170282,2.5505846897602864,8.247249756,-5.886958008,14.134207764,0.6885681155,6.505482259639575,0.2210708768082324,-9.901130193792,2.6575937080798555,-3.467239838,-22.16620514,18.698965301999998,-9.725201340000002,7.062804317225636,-0.6933043345851176,0.11113669003599998,3.105706941058496,21.1302095,-7.665559387,28.795768887,-0.33934432999999997,9.645415603738922,1.4611177159358446,10.647005522777999,2.8888341366158263,27.69885997,4.586762781,23.112097189,10.399131024999999,8.345362668876907,1.3910297818182784,walking,ELEC292_Walking_LeftPocket_Data_Christian.csv
-0.170489764724,2.300696577703542,6.832541656,-10.40695862,17.239500276,0.100141754,5.293204742656791,-0.7536162247744858,-9.810396375728,2.60745904083035,-1.671424255,-20.89340195,19.221977695,-9.6447436525,6.79884264960793,-0.44908953970311577,0.394233986232,2.824232008695994,12.5823848,-6.499184875,19.081569675,0.0800834655,7.976286438943009,0.8508908989056965,10.45562084448,2.6789346448548796,23.44431811,4.462340827,18.981977283,9.9947446775,7.176690831403739,1.041898555194209,walking,ELEC292_Walking_LeftPocket_Data_Christian.csv
0.21158201293599996,2.479968021586129,6.485712891,-10.77893509,17.264647981,0.3971990205,6.150241388089818,-0.5229472755342205,-9.912179316964,2.1987969362327777,-2.078577576,-20.36485107,18.286273494,-9.904528426999999,4.834707966786651,-0.27868443426090844,0.11618090055999997,2.758685928165717,12.08362198,-5.990991669,18.074613649,-0.26981391899999996,7.610348050259543,1.1526759471996433,10.56928283082,2.279280941566358,21.41045477,5.159662206,16.250792564,10.24824265,5.195121610587624,1.187533847150309,walking,ELEC292_Walking_LeftPocket_Data_Christian.csv
-0.08145641051800001,2.329691524743399,7.29193634,-6.081852722,13.373789062,0.172591095,5.427462600461223,-0.047041354342035206,-9.910013321152,1.9427407365567484,-3.483555908,-17.71506134,14.231505431999999,-9.9760047915,3.7742415694770575,-0.2438513430425045,0.309588906542,2.767035093219966,14.35948929,-7.641010437,22.000499727,-0.1166075135,7.656483207110825,0.7313817268506945,10.528794094268,2.0769031666768294,23.46572149,5.093042903,18.372678587,10.24638658,4.313526763752242,1.2067923464170667,walking,ELEC292_Walking_LeftPocket_Data_Christian.csv
-0.14420921539799997,2.154125356488888,5.198090515,-5.48190033,10.679990844999999,-0.2891986085,4.640256051468379,-0.0358259386639662,-9.789130997216,1.8806316148623925,-5.220094757,-16.11458954,10.894494783,-9.6800701905,3.5367752708199305,-0.5107526956958035,0.241680223362,2.2604261209524465,7.618706818,-4.725672913,12.344379731,-0.016390915,5.109526248284125,0.6639667628042791,10.273247905122,1.9113415081532497,16.85881036,5.584905479,11.273904881,10.04023313,3.6532263607895388,0.6131952747149236,walking,ELEC292_Walking_LeftPocket_Data_Christian.csv
-0.05121988769000001,2.6559973141861084,6.458619232,-6.678961029,13.137580261,-0.0715512085,7.054321732963821,-0.21317181739334384,-9.932428608404,2.292628563699702,-2.905009003,-18.58684845,15.681839447000002,-9.888287201,5.25614573109176,-0.1566735198312022,0.484899246844,3.195482902339323,17.53393799,-6.945556641,24.479494630999998,-0.0175135805,10.211110979142944,0.8919966541475722,10.731682946043998,2.4986893376865305,25.90374331,4.330054172,21.573689138,10.274508635,6.243448406268352,1.0435689963713293,walking,ELEC292_Walking_LeftPocket_Data_Christian.csv
-0.017739011551999966,2.498246344021078,7.294780426,-8.618627472,15.913407897999999,-0.15620018000000002,6.241234795414681,-0.07483072269323238,-9.863808305120001,1.9424855809723727,-2.801723785,-15.78587311,12.984149325,-9.815538483000001,3.773250232285576,0.11662831278003977,0.2712254837,2.5454052227034465,9.466165009,-5.817951508,15.284116517,-0.091160431,6.479087747765981,0.7005721070257493,10.46876494605,2.065702179762317,17.53145064,4.161711579,13.369739060999999,10.155813420000001,4.2671254954747875,0.3801336451937267,walking,ELEC292_Walking_LeftPocket_Data_Christian.csv
-0.07195626618399999,2.3114414108314363,5.834267578,-5.407954102,11.24222168,0.0631686405,5.34276139570642,-0.12623059847817303,-9.85783931752,1.8457412392491208,-4.752467194,-20.03388931,15.281422115999998,-9.729467468500001,3.40676072226488,-0.9638499425401893,0.273550149548,2.608528961128674,11.53276749,-6.415808258,17.948575748,-0.059875488000000004,6.80442334104704,0.7086191781540185,10.433449894934,1.9884848882166237,20.5827695,5.882856409,14.699913091,10.192775345000001,3.9540721506658785,1.2436212837150051,walking,ELEC292_Walking_LeftPocket_Data_Christian.csv
-0.06124633760200002,2.4888751201493635,8.436007233,-6.747069397,15.183076629999999,-0.1378633115,6.194499363698509,0.15848460316469212,-9.943728310566,2.5273470732136736,-3.49972229,-23.13199677,19.63227448,-9.809700623,6.387483228481723,-0.6725304231722887,0.19367564943800006,2.908917721047313,10.67639832,-7.897726593,18.574124913,-0.3474275205,8.461802307823094,0.6830922182899205,10.64033695153,2.5973079412526294,23.64613363,4.675230234,18.970903396,10.18507857,6.746008541693973,1.13702708915801,walking,ELEC292_Walking_LeftPocket_Data_Christian.csv
1.6483434521740001,2.38251155851701,7.363487549,-3.976031799,11.339519348,1.4593153385,5.676361326467153,0.1666676541151373,-9.814587959479999,2.096897968992096,-3.344046021,-16.9604805,13.616434478999999,-9.875114593500001,4.396981092363178,0.15373643564898798,0.34520494264600005,2.78179767127857,9.020841064,-5.092110901,14.112951965,-0.310080185,7.738398283930876,0.9965514173137846,10.555600223886,2.3565619056339804,19.27321347,3.803808991,15.469404479000001,10.40483884,5.553384015085256,0.17191982699513583,walking,ELEC292_Walking_LeftPocket_Data_Christian.csv
0.8996468746959999,2.077279192995647,7.556136932,-8.037236481,15.593373413000002,1.148786087,4.315088845652646,-0.5910607939728638,-9.728312470062,1.7264706773756187,-5.02430191,-16.2584404,11.234138490000001,-9.6248350525,2.9807009998378273,-0.40217485760518296,0.07704658082199999,2.509243318871416,10.95407089,-5.179229736,16.133300626,-0.1154100035,6.296302033300839,1.1328525282478414,10.269045673812,1.8958262103465815,17.03022586,5.200389153,11.829836707000002,10.012886264999999,3.5941570198370805,0.6493132383869143,walking,ELEC292_Walking_LeftPocket_Data_Christian.csv
