mean_x,std_x,max_x,min_x,range_x,median_x,var_x,skew_x,mean_y,std_y,max_y,min_y,range_y,median_y,var_y,skew_y,mean_z,std_z,max_z,min_z,range_z,median_z,var_z,skew_z,mean_abs,std_abs,max_abs,min_abs,range_abs,median_abs,var_abs,skew_abs,label,source_file
-0.6140117071471918,0.33901949700490397,-0.1853755961322252,-3.8040122475531613,1.0236070034516926,-0.5206657419097077,-0.06991000814986134,-1.7215461089580668,-0.7414164827441904,1.4937351262205132,-0.1438575046252655,-4.952530013038934,3.692488810898021,-0.29344500908836985,0.9996946186780215,-4.256154094853271,0.8159737215807543,1.7353167220277879,3.164283403167263,-2.6247858087621387,3.235757066332993,0.1874024677612813,1.2370040432817968,0.42737537441423484,0.13604539774803073,0.979398381472511,2.408245138054126,-1.6794810711273966,2.413632998727885,-0.3122726216763681,0.39208703312506804,3.2521946459529514,jumping,Data_Jumping_Ben.csv
-1.1163238197174932,0.35762015082733367,-0.27554696092044495,-3.0436038018655855,0.7146521937026937,-0.8177851226643883,-0.06253477891977766,-3.966863046433723,-1.3468933023985807,2.6826841930236744,-0.03266920417105749,-3.652770235190551,2.7622758709269686,0.00801394995007084,2.8153273356648136,-1.6887070505086716,0.2959803939940875,0.7171012853211101,2.142036128072419,-0.4652793684347672,1.6257422059611077,-0.01553903118061873,0.24526420159727708,2.3174389283076806,0.3678623347371134,1.6255886642605033,1.5083938843181293,-1.7543444927724967,1.5640010539094815,-3.3546520543489384,1.0552037217838774,1.1500431371513713,jumping,Data_Jumping_Ben.csv
-0.8705974854257903,-0.3839314746588966,-0.4587669755600228,-0.21783550057097406,-0.30891371141635543,-0.7463901092420465,-0.25886402805602926,-0.12630656522090752,-1.5475361118184794,2.071263050729685,-0.10631911820185823,-1.8394937457369536,1.3434980954711355,-0.3573630878963022,1.7912685454790023,-0.5437955778970796,0.2048401451219591,0.25963024337970825,0.3158865695999009,-0.49960020210491785,0.42530615571769476,0.23700027787235814,-0.0639980990261267,0.2530405304630241,0.0944698679062663,1.0723163603505224,0.5002485594930504,-1.7609891501253585,0.6063759121397863,-3.1042571746537537,0.4752820039928213,0.15521929193970388,jumping,Data_Jumping_Ben.csv
-0.7975389733364439,-0.23357585198905345,-0.4037094461618807,-0.3867408230820985,-0.21156051771395643,-0.7186030187661822,-0.23525574235864347,0.0038001630391119832,-1.5326137539228655,1.844912466133439,-0.19674462377264307,-1.8310090082361896,1.2891935131185341,-0.40461933239206616,1.460685181581238,-0.4956267356305173,0.14996971210112645,0.461062634844163,1.275508856168229,-0.9195102935833397,1.2446767497536397,0.29134335702597747,0.06176145710993445,0.5484536512688427,0.1882007379416003,0.9196538660742212,0.6485341726241345,-1.844370784689785,0.7535037363303542,-1.5993076305125475,0.34075105528863076,0.10776022185512397,jumping,Data_Jumping_Ben.csv
-0.9307494349293223,-0.24731141346881286,-0.3887530458580728,-0.5852125756925902,-0.1379568289333815,-0.8291414795713387,-0.23775442881053768,-0.0983271929747659,-1.6440967348181805,2.370983148941706,-0.07752857601849159,-2.229318749415069,1.6553684086176337,-0.2653317425129384,2.269357143328456,-0.6943699421239448,0.16235777299552456,0.2145655568591027,0.5437858025361657,-0.32006688648370624,0.49966512693249954,-0.019569259676555397,-0.0898901699891247,0.8796224221796082,0.34816382758191516,1.2616259528718652,0.6987362693299722,-1.752513634962791,0.7943840312609306,-2.99676203786748,0.6574165593384625,0.3428273905913362,jumping,Data_Jumping_Ben.csv
-0.9453135175574034,0.5071793678583193,1.157088756190066,-2.0642612488655496,1.5868936607568083,-0.9134054044809953,0.0013492720231239213,1.411325936349448,-1.5536529677271615,3.2407469341854562,1.01835227489311,-3.5385554688432457,3.231506695064115,0.33619291815530394,3.917032457505553,-0.8864955393350312,0.13198015221386272,0.6711466042796286,0.840965046473022,-1.3907925198957922,1.158416334185904,0.26222170689712404,0.21037909545112424,0.25560136929272126,1.5647536699277926,1.6631699122345809,1.3706638313271562,-1.527434725975809,1.416231967757518,-1.2829346025043906,1.0998460665006908,0.6135959008343639,jumping,Data_Jumping_Ben.csv
-0.961554797400926,-0.04534756755702294,-0.3535734438725547,-1.0042036502618963,0.020383690975034095,-0.8310077767512324,-0.19408661182578466,-0.7881739947939387,-1.4506090036699564,2.411345067072664,-0.14753800006717843,-2.9945400665737627,2.2006157690360872,-0.04124629513757559,2.3372517703046083,-1.207025770922292,0.4969601549748978,0.49629820306321465,0.4318552841855865,-0.6850112684122022,0.5823049978818673,0.30216647028041066,0.08544379735647234,0.5350398179669068,0.2643331684804515,1.3433128501057967,1.1325276246718057,-1.6796236149950077,1.2012295952637488,-3.0678639923860342,0.7412422435970895,0.8098269139530098,jumping,Data_Jumping_Ben.csv
-0.7702563710884398,-0.2508422840394695,-0.3399159321353477,-0.18754190780494556,-0.22080592493441165,-0.6710307392104309,-0.2383856322137734,0.3953859360155261,-1.6447614216918107,2.394649896542158,-0.19907827131814027,-1.8960215709627086,1.3374297563374529,-0.2873948355450131,2.309066947611649,-0.6854283542311869,0.43578245098863544,0.8970129117205929,1.0334994689083152,-1.3991144857208282,1.2901214753758374,0.1752467789032409,0.3900439275151512,0.44673612415440506,0.4549860471919116,1.3892232345143973,0.814592900264542,-1.7072448418081632,0.901125360730435,-3.3630308285041868,0.7897399662098495,0.2999384024404425,jumping,Data_Jumping_Ben.csv
-0.7925657721143212,-0.1926735188070588,-0.193919761966321,-0.6611428918686796,0.04529280454683669,-0.7324477719129908,-0.22740778012548407,0.3604249212041519,-1.5541713608597187,2.529310503255496,-0.11250661782538801,-2.753805346465771,2.035966195070543,-0.13970952842632056,2.540466404173564,-1.0908011067455758,0.34097681060647056,0.8274952102205718,1.8362251216652312,-1.160672711409421,1.721636527411979,0.17937451288878212,0.3325515541536769,2.162947031372037,0.27899966969964585,1.4887595554186,1.1586260498327736,-1.761311343061791,1.2321074280660327,-3.610783809998238,0.898309282153343,0.8074313867393739,jumping,Data_Jumping_Ben.csv
-0.801664772985748,-0.2000662721372981,-0.24686180191438323,-0.6857500728087652,0.009479773636406523,-0.7346800096540776,-0.228871378865216,0.5743476905463214,-1.4677969242233768,2.3083212404057805,-0.220694514407067,-2.5435229513207096,1.8187055284702234,-0.0381544084736705,2.1656027233869297,-0.9492009917103554,0.43644044871955573,0.4611373527426229,0.6102324872987831,-1.1035392160681852,0.8812003764068527,0.324300224454429,0.061811145625534816,1.018746416311097,0.06816944503209026,1.298521897139481,0.8932906640662571,-1.799164394768195,0.9827533124446557,-3.813045299905673,0.6948877414433337,0.533375628140806,jumping,Data_Jumping_Ben.csv
-0.590633671747657,0.44382328907798085,1.756155889698352,-2.213838589878961,2.1244172290448704,-0.6396818268159459,-0.02670849684702426,3.7780476521869937,-1.58253564362537,4.767367311862674,1.4606651476710566,-7.3027744699313075,6.3299232241894385,0.27280923950520697,7.745248911224443,-2.4383455480140346,0.1486682514351651,2.316537005639665,4.598680853661063,-4.812735331101645,5.132283538829921,-0.21458030923556082,1.9908221615755455,1.2077595688668499,1.7790152926705458,3.038568806201722,3.8750224600464493,-1.75193108697047,3.8130135886664758,-2.010749870393777,3.193234695090227,2.5536052509489098,jumping,Data_Jumping_Ben.csv
-0.620571560921897,-0.11208599790315191,-0.22675369154586295,-0.5131507647243694,-0.027371511270986096,-0.6433534309599671,-0.21016117760818537,0.9376572229138637,-1.644706847133815,2.584540263196846,-0.22584187394662147,-2.119007889508246,1.4929485962906655,-0.09344574147582438,2.638056510278647,-0.9251398916373945,0.4004027132757379,0.4329251755752848,0.617376988523615,-0.08644079513803597,0.44805044230385366,0.17469424765072905,0.04320991623194289,1.4860803739452,0.3892398174632606,1.4867361447131484,0.6171814985988087,-1.6917216518413365,0.7123555502424053,-3.927766685003844,0.8960555869125447,0.4331735553624858,jumping,Data_Jumping_Ben.csv
-0.6069612057649453,-0.001478397497271449,-0.1143587272319464,-0.898881422746627,0.1840143634638429,-0.5693846353216515,-0.18263605149906917,0.2707097079716273,-1.432139298898836,2.266859229116143,0.2537426832584343,-3.3672935933092236,2.6965966803854027,-0.2651027138192222,2.098055489083359,-1.3412090545556643,0.6943502959594517,1.998735834423124,3.811241986477396,-3.9934872789478555,4.255560510847248,0.2725247908012899,1.5617436912951124,2.474338780603701,0.46939292401390187,1.5916212827788903,2.012708366719862,-1.650770833434068,2.0355885583378686,-2.999090119750079,1.0154289578490527,1.4878228500486852,jumping,Data_Jumping_Ben.csv
-0.41611767278545253,-0.058548140423336704,-0.04218546387822514,-0.5473274056853905,0.1345557050030401,-0.42575294512918077,-0.19739488450815798,0.4946641169212229,-1.3266738821372799,2.0195119396552315,0.17053148215280253,-3.028868480167022,2.395042544454398,-0.1854770868591881,1.713374140728195,-1.3863583269457926,1.2673730211898795,2.39257120600888,4.715863851369338,-3.885883680920327,4.811213890824181,0.6469135042520948,2.099526065949091,1.8438895030707678,0.6732893059039488,1.5327205779001414,2.337121358674824,-1.8029605440477274,2.3552206928806463,-1.2023933392361763,0.9477515511542878,1.620019870410017,jumping,Data_Jumping_Ben.csv
-0.38026434561424194,-0.11845185043875193,-0.13087160178499418,-0.4257167369435547,0.024240063860253017,-0.361066843054742,-0.21160964356566578,0.34834019475269445,-1.3277267273929716,1.8439911161367988,0.12429859201333429,-3.0047773893012204,2.3522466383652274,-0.4978530782580621,1.4593931424862485,-1.3490042538419809,1.2526574854413712,1.429359705712339,2.395896539040201,-0.8148164743260743,1.9451644436638673,1.0184745574187208,0.8949997922248183,1.5380551558782583,0.4456995796536497,1.1667941168683882,1.2593255975481026,-1.7428485524945276,1.3264371446618943,-0.45951313028966817,0.5640602568953216,1.03297619497974,jumping,Data_Jumping_Ben.csv
-0.3918642734703339,-0.02034795063560954,0.03116063569679065,-0.24001395903801556,0.0997314877976649,-0.48130273007609214,-0.187647276345443,0.9619457734249764,-1.3804847972804606,2.0727740942771966,-0.14252399179303038,-2.2958613462143243,1.671611801094708,-0.3295933641701911,1.7935635239186771,-1.3112046147934524,0.9441191042348885,1.61426074284738,2.2043410728487363,-1.2007403575433755,1.9838504016778773,0.44130685432010985,1.09716582074789,1.42317027771236,0.46126198540522245,1.3733549288300273,1.2674068777554144,-1.7320546529584198,1.3333147608166402,-2.123483244294426,0.7728646504503743,0.7790260998369429,jumping,Data_Jumping_Ben.csv
-0.4762865870830047,0.07210843794071438,0.049114892783146194,-0.6963811901267695,0.25549659782359285,-0.5474160005918013,-0.1618535797103213,0.7819433433277622,-1.4455008633307416,2.2317876443103244,0.20020214284820545,-2.6030644802295604,2.086728560351715,-0.16847170969769945,2.0416060147218347,-1.260132282927661,0.8976596762561301,2.4211114919339427,2.9125409271910794,-2.0919181263189057,2.8388125781207467,0.3236826896145572,2.140931940504707,1.4538886309071921,0.805922939942872,1.65029173859512,1.5984211207636765,-1.6658396825167976,1.6429795765845099,-2.613232710200562,1.0844729980573193,0.9542945680435544,jumping,Data_Jumping_Ben.csv
-0.4604513774426184,0.07076701451149778,0.19125824163712613,-0.9573452938788597,0.45271996513724305,-0.4882190075871752,-0.1622500869193013,0.5989202851854266,-1.4081926837504686,2.139082597798924,-0.20213201571464895,-2.3870328644925687,1.7094471926240267,-0.06327121703945444,1.8954239297238544,-1.1804810307687144,0.8132291455404767,1.7098839912930057,1.791946158074402,-1.0082003339779058,1.6265251957156628,0.16549622625158705,1.2071342747696563,1.3605784187054186,0.48896321130512266,1.4489183929186256,0.9597650626448839,-1.7919036016864105,1.0453891990309185,-2.818165592816339,0.854290090953317,0.5844783624145788,jumping,Data_Jumping_Ben.csv
-0.38326726297273445,0.2679182610239641,0.26657733651245047,-0.95469842183828,0.5136713344179294,-0.5416463369369109,-0.09693961756467617,1.1229775715751866,-1.4885979944561982,2.4580661325884186,-0.03704312624653502,-2.8396541979493315,2.1412236603181953,-0.15373753320701086,2.4168845884518744,-1.2903168637658415,0.4874216303977021,1.6826997572112565,1.8571409078414396,-3.295446037535249,2.654665915290416,0.5641638155162277,1.1754962507115372,0.4115357163134969,0.9705003098734707,1.5328944967787135,1.19319856368794,-1.7180343519747983,1.261746226049147,-1.8182553529859433,0.9479489701315997,0.8030759763859311,jumping,Data_Jumping_Ben.csv
-0.48774487857763904,0.17679440471780447,0.18159056488529207,-0.7217737065564219,0.37198782921160894,-0.5978792109150851,-0.12888701341288833,1.5939670104652501,-1.6863158420599422,2.696988936825357,-0.12565505435835325,-3.7282612165922657,2.7705175229611823,-0.543906922271194,2.841576675287358,-1.6208624870419752,0.3552256838124277,1.0595577925089825,2.0963357944854537,-1.1839509367118046,1.904749644134544,0.40861000145822735,0.5320880077469845,1.990100697329567,0.738444951831301,1.6712442689113243,1.818041127014369,-1.7802744045001169,1.8602112156031314,-2.197594446631568,1.1095246785670307,1.3789778110332047,jumping,Data_Jumping_Ben.csv
-0.5276059422378649,-0.0023369651710534174,0.075372171605746,-0.817410128404944,0.31443438294899706,-0.5881695867372275,-0.18286688109171623,0.7452190385260746,-1.5232107387579472,2.2650893213379484,-0.11918751713983004,-3.1189179721370333,2.310262196331931,-0.23712304715574684,2.095191650477603,-1.163459871605749,0.4726185284290031,1.7240012734904213,3.4172213353862793,-1.913024962513123,3.0976314086535512,0.3327832050898356,1.2236822266638905,2.4409965280767176,0.5291679792816665,1.5110588545949095,1.9225667890945275,-1.519195018656112,1.9401357385094535,-3.1205833534195504,0.9232747253767062,1.1880195747331308,jumping,Data_Jumping_Ben.csv
-0.5674729731525909,-0.07112931090366777,-0.005739856349229351,-0.6226469046463174,0.18772241463260156,-0.5847907350584588,-0.20048881361757262,0.735086007037225,-1.5155659908184682,2.199455052624273,-0.29085062478534085,-3.1556758949573056,2.247398432902913,-0.21696852606129696,1.9901227947538038,-1.1844542558047693,0.5527201894605227,1.441930675365711,2.511243992376405,-1.1026662829230778,2.1458541144669883,0.17505176770690237,0.9083071336827282,2.095656070656143,0.37566080293710996,1.4251742295231673,1.82413698582292,-1.8335456927038842,1.8699659445639687,-3.1837884974320607,0.8284129699763542,1.0616255276667788,jumping,Data_Jumping_Ben.csv
-0.5575209979851189,-0.1068124299729541,-0.1581701834183301,-0.7527653760148634,0.10292715383138912,-0.5686039620266522,-0.2089500606385424,0.45844128196323775,-1.4997172361058162,2.22168506678683,-0.2709412781074213,-2.4122552534440134,1.692230043364753,-0.10207248728160287,2.0254621985148034,-1.124264689549488,0.5697083966724127,1.8394794690025689,2.381146297216154,-1.7499173462276496,2.337949689884801,-0.15477692070992263,1.362064937288995,2.06871713703399,0.26152756228447116,1.590641896590285,1.2225381939653415,-1.7317777167875443,1.2906519522553204,-4.089881767005419,1.0142902202762487,0.958427295563756,jumping,Data_Jumping_Ben.csv
-0.5398706041846658,-0.11086719713881961,-0.1386156081739468,-0.6904766300934837,0.09971350948513158,-0.5254595639051043,-0.20988217089542566,0.4022449705353781,-1.483788839184083,2.1189943345740017,-0.36603407868011484,-2.158955702703195,1.4491648212112138,-0.19815000536143543,1.8643275589154793,-1.1435098503149923,0.519526986569112,1.9116419232550244,2.497595076798297,-2.232780489615889,2.623333796746548,0.03266119973949118,1.451274582193409,1.6083595174062293,0.2769652658687178,1.5341278008271861,1.3606798262973125,-1.7361188637390288,1.4222615523997042,-3.633826224384244,0.9493493299084369,0.962620393125131,jumping,Data_Jumping_Ben.csv
-0.5291023460060293,0.25649828220839366,0.8266175272728423,-2.3337186121600695,1.3991494201377856,-0.4183609448315041,-0.10110925941687723,1.147100491846025,-1.4446165725608784,2.154641449133958,1.7276877590436739,-2.7041116760746933,2.9718805512970206,-1.1194177456101446,1.9196507619768377,-0.3623141139793498,0.914401506538987,1.6793694099661949,3.8521981450794955,-2.4966246279749575,3.638351607968002,1.033165389874997,1.171640788604027,1.7388739599706433,1.29249344023117,1.161837294817524,2.117821620552155,-1.4541690382296308,2.1208661965276527,0.8590704926286207,0.5592975289744696,1.4516515711298972,jumping,Data_Jumping_Ben.csv
-0.8561070813243224,-0.06185664516990253,-0.33687971166716696,-0.8361127502833099,-0.01787440614371951,-0.760564208983567,-0.1982140943079829,-0.3380235148422484,-1.3600515178336705,1.7387899042342698,0.9262065377580515,-1.2612797514839325,1.4498633858582886,-1.6311440900531193,1.3147230416470592,0.1782582401020338,0.9981243590651946,0.8636262403948173,1.3294550172259654,-0.6317768771090894,1.156693757060653,1.2246337386032176,0.3621889813284904,-0.21348884565995863,0.8957120775833395,0.5806833933182031,0.5962157292549459,-1.4096919871334237,0.6714578592328518,1.7394400959238503,0.0814479976737024,-0.305053926858988,jumping,Data_Jumping_Ben.csv
-0.5908630417426217,-0.1443501476308772,-0.2944931962462388,-0.9064439140135502,0.0386228073890275,-0.564676199465349,-0.21735018464335895,-0.1582764721540007,-1.4943263656141836,1.9643082203397384,-0.2521654174081702,-2.199302251885238,1.540119351465719,-0.25727756825019654,1.631793904010916,-0.7680820996981376,0.5653933469603888,0.8832007706911897,1.991267386111339,-0.7921202047777427,1.6661319496040328,0.13864970537152982,0.3784656810126554,2.2037283360124804,0.10129840503637891,1.1975291023317471,0.874590531175686,-1.7183043448837152,0.9589682024747808,-3.34098260142034,0.5938511632044132,0.4247122086524258,jumping,Data_Jumping_Ben.csv
-0.7013916164806062,-0.11752462883660195,-0.3161577807907731,-1.3933665163000837,0.1713395710057283,-0.590462814531102,-0.21139958548659335,-1.0999929255284207,-1.6150753377022764,1.9963798920104727,-0.23069586064883046,-1.9978106013032806,1.398155488305358,-0.47409135597072105,1.678999673269054,-0.7342078141369406,0.5153622887708981,0.8425814364633669,1.1717959265408882,-0.7875954989114776,1.118865955623469,0.27213476884287185,0.3448623205335566,1.3740209727387416,0.272830877618176,1.2053587634937009,0.6468508396442469,-1.7126793672649672,0.74211109970144,-2.954876839524701,0.6015117256436123,0.39873703553481915,jumping,Data_Jumping_Ben.csv
-0.6022341913869865,-0.08390008015418166,-0.21576520412658234,-1.256470890125748,0.21136404889854,-0.5557960405921251,-0.20357036632362496,-0.1925552718469768,-1.440938925646322,1.89251019881444,-0.3393504867930603,-2.434482483506142,1.6729454247218345,-0.13064381111696413,1.528024018911107,-0.9216355794969611,0.510771196951759,0.8416590672761889,0.9948965715477336,-0.9044958380446149,1.0514787249589275,0.1726141298154008,0.34410700451085086,1.3147742944337055,0.014308253141366271,1.1533020105523337,0.9394768475081876,-1.697211269321104,1.0190662146170557,-3.3131202066544123,0.5511236927584003,0.5608672149027012,jumping,Data_Jumping_Ben.csv
-0.6151386333814968,-0.10195782444138858,-0.17112618591476442,-0.8796697875748223,0.13152184501319705,-0.6297526382687767,-0.20782620140023877,0.5791205557919082,-1.5040712552060127,1.980024681094085,-0.3335630410548353,-2.6100377290708496,1.809595962840722,-0.37889178089804426,1.6548609262411043,-0.8544744693015957,0.5733200570803034,1.0255137779578123,1.575399057598633,-1.8311001578809099,1.8367172302537147,0.18190965648701773,0.5014544175767597,1.265275364000751,0.1731913900550911,1.2312537188382264,0.8740407526848186,-1.7482209650690084,0.9606703639735051,-3.3693403239074504,0.6270539353406084,0.38509208082742596,jumping,Data_Jumping_Ben.csv
-0.5814231174580672,0.1479110378560604,0.6682243703208023,-0.45368340950660035,0.6882239030082946,-0.6226899844028335,-0.13838164724132096,2.5587477329135555,-1.5302327099590796,2.061480171983339,-0.19041043781952624,-2.2317389862451913,1.5974792724279416,-0.25353676701784666,1.776438547858357,-0.8441831628759362,0.7315360426234252,1.2759699484571536,1.8574891903391701,-1.172602801937639,1.7409231310930495,0.2728173072701035,0.7377651346059351,1.4069428105447528,0.5240488202055614,1.3222067556794344,0.9794315320622348,-1.7668052770035827,1.0622134201516547,-2.4371386009454357,0.719281171443998,0.4111120973451707,jumping,Data_Jumping_Ben.csv
-0.644491631524462,-0.030193641414191837,-0.17754938163627046,-0.7306450899821013,0.08019792453394149,-0.5958299434953395,-0.19021049350431646,0.2735287058075822,-1.4678153333424409,1.7806079468417628,-0.26818090654825805,-1.7577991696579844,1.195684635112854,-0.34886994212998246,1.3715518857000504,-0.6304775637943695,0.567861285220474,0.8748951138490185,1.2319170450762442,-0.8608637142535105,1.1904186918324595,0.34386633312796716,0.3715404257622476,1.264515373529436,0.1481640545451858,1.0662546549901406,0.5314885226576751,-1.8150965699381927,0.6400892239532111,-2.9650259303661732,0.4697300968313338,0.20286962538750955,jumping,Data_Jumping_Ben.csv
-0.5961935393761355,0.15532405942022184,0.14338022298426434,-0.5655210132015951,0.29236136675814245,-0.6997814733026357,-0.1359738198184426,1.4137841711655836,-1.6809703415168389,2.4940803364134143,-0.23018912580465195,-3.5964093236400045,2.6148716709196953,-0.5716384746121037,2.4790308097593416,-1.9826573840021118,0.10763864485606839,1.20747028958263,1.6283662617836994,-2.5315274173991607,2.173528104562891,0.3070742483999175,0.6706175164039222,-0.3663083142703319,0.6181358548904492,1.5806594965043952,1.4562963129892084,-1.71819734361031,1.5118006889894622,-2.3419865621336626,1.0027095064032654,1.4505711050641832,jumping,Data_Jumping_Ben.csv
-0.5647167851150158,0.05276113666574191,0.002278176941020489,-0.3776512908661365,0.11858187068116674,-0.6236048360095398,-0.16750890339858882,1.1608966406243046,-1.6375037876147702,1.755449825071724,-0.3871702571423101,-2.384445714606719,1.6095665578491754,-0.8608062296378239,1.3372558685682003,-1.5026053998836595,-0.038785444955907314,0.8615664424226791,1.6529437223209102,-2.619926479430729,2.2279427609371383,0.42460090761586583,0.36048520711563703,-0.43318750601548933,0.34006070991927106,1.0540584477364694,0.9207918962343524,-1.5470016943042804,0.9901385653127988,-1.775019395716113,0.4586122658177166,1.0224848544152143,jumping,Data_Jumping_Ben.csv
-0.6517211016849395,0.0940887192380813,-0.034808653676139875,-0.5953783082899016,0.15545562884704897,-0.6953291959451045,-0.15526307785390725,0.9004063623669283,-1.6485811191674813,1.8204007559592448,-0.24148397950793715,-2.403705605448129,1.7013113840124212,-0.743104589774489,1.4264595871120718,-0.9983485836402575,-0.1081280153526166,0.9638431003741538,1.376576720809068,-1.6541565456082172,1.6282289813445774,0.24948098510145672,0.447153615482431,-0.21681507772560346,0.47598263183460654,1.0711052310530231,0.7712093527606466,-1.4518557850908258,0.8409033522203309,-1.635864725215143,0.4741713432110434,0.6877270927201963,jumping,Data_Jumping_Ben.csv
-0.6989361097707087,-0.006536043145090377,-0.19561872999920302,-1.2830559536512844,0.23610236740531343,-0.6384498268206593,-0.18399195090258513,-0.1554291800331127,-1.6341239506954381,1.7943366243317043,-0.2081994991369531,-1.6483785118890666,1.1441601991876098,-0.5839869360213826,1.3904036915976372,-0.5370997091162766,0.23314965394674297,0.45131335755220797,1.0832379987303877,-0.7149383373541854,1.028653007453359,0.31809237285068914,0.055297381826486136,0.16671366613768665,0.3318994256718625,0.9653303790667382,0.641165902311084,-1.4404098328880828,0.7164617595474495,-1.8929443870335705,0.3798470303370018,0.14274666017114032,jumping,Data_Jumping_Ben.csv
-0.6241584816298893,-0.08451536473040074,-0.23574726167382817,-0.5415537347708237,-0.025969193795396753,-0.573495368204296,-0.20371733190380972,0.2164501129357131,-1.5567217426433393,2.037667334390327,-0.29401105022980895,-2.3588245896681808,1.6393649275433544,-0.24279150620957646,1.7405450733230732,-1.0833479310755134,0.5371347100015689,1.2992030848818952,1.600644844383773,-1.7865369048833215,1.834330677578914,0.24688083791586124,0.7609700394922366,1.0807872319628937,0.22219074979060705,1.3567515391464042,0.9595683858475846,-1.7783512475663534,1.0441945018976313,-3.622016371229425,0.7553350949478846,0.7218485661445943,jumping,Data_Jumping_Ben.csv
-0.6678017091188035,-0.02672085022729904,-0.2163406608755969,-0.8067499253070046,0.07190537439347462,-0.5976840426320799,-0.1893104238109591,-0.11331294854056377,-1.5126472306548768,1.833485627161824,-0.366527478371027,-2.1899922233611715,1.4725208722001704,-0.40330241775382997,1.4446916733187098,-0.8482788388331473,0.5173705935730487,1.0580674502768823,1.858675234085387,-1.2343046482472866,1.7682776611481459,0.1854848590029175,0.530737166981542,1.720839851108205,0.12976996632552287,1.1825513147521427,1.0614056777751602,-1.7813794844377022,1.1412036209228327,-3.248101126493514,0.5792776348061499,0.6474991165613435,jumping,Data_Jumping_Ben.csv
-0.6443917660683818,-0.15961853195735104,-0.3259624711763204,-0.5734325419888933,-0.09010274532286114,-0.6010750923540018,-0.22061998478677974,0.0029196087231123536,-1.5306508320939292,1.7716360024343092,-0.3935311134019596,-1.8223851767288133,1.1785027668687449,-0.4031497319580191,1.359284002118472,-0.8583137844437297,0.5203711965983827,0.6536088658767859,0.6924742613786383,-1.374715995956372,1.0526813974629587,0.31337960571039136,0.1972906935388542,0.535951999229217,0.03646751398435661,1.0498855767864856,0.6542227212124869,-1.8248330411627225,0.7574571432209746,-3.329756880683281,0.4548245085268281,0.4139229507309791,jumping,Data_Jumping_Ben.csv
-0.6464247802278955,-0.09686996405406617,0.055971051396798824,-0.739312868090405,0.27438743212798566,-0.6487571540536643,-0.20663912412847088,1.2525217724874544,-1.4492142187271455,1.9350244887163817,-0.1412038141140616,-1.8331974215154643,1.320247887763369,-0.22611058626855876,1.5891514470419263,-0.9421258856294099,0.41663749343525547,1.0510081652145353,1.771463371896203,-1.6359558829235201,1.883170446515742,0.15083789591468538,0.5243508435303678,1.5948009645961605,0.04280644075579437,1.2129917104829444,0.9886763656972888,-1.6896136536346287,1.0652593861795676,-3.499612315563789,0.6090077323765684,0.59816532332546,jumping,Data_Jumping_Ben.csv
-0.217060760613148,0.32358698158661714,0.22819709780813446,-1.1608635550287272,0.5459111526295897,-0.3357315546892763,-0.07593334403873259,0.8072686545384858,-1.4161622026236635,2.1820884205635935,0.06669083742915408,-2.8290088662184085,2.1880133804069093,-0.3350518802866564,1.9626907620732286,-1.4199422851133827,0.626470022116491,2.0916681310451675,1.8853141514902907,-2.5672594938943814,2.3598984588987446,0.18324223187349545,1.6829963428577988,0.7290079332159844,0.755236502564297,1.616971292015224,1.3002967038193805,-1.7432333874252326,1.3654038044197772,-1.7462000202578487,1.0450613846599073,1.0428528095504783,jumping,Data_Jumping_Ben.csv
-0.6316757122540096,-0.1720936708145358,-0.271485879043251,-0.36400972100005335,-0.11014869360151373,-0.626361588628344,-0.22322852423684816,0.7217066820958785,-1.5427601190877036,2.1611383446937147,-0.3058393091728911,-2.333157099647784,1.6135744845753297,-0.2160142400287332,1.9298038081956865,-1.2171606440377043,0.40899230573749246,0.6927747625481624,2.033541370958381,-0.2510323986449406,1.4613018283059356,0.05489245940311393,0.22669121934052935,2.867378807125179,-0.06917595467616923,1.353783577416047,1.291616235810937,-1.7532532724981895,1.3578991760494838,-3.842367108681665,0.7522153112864737,0.8723266748834837,jumping,Data_Jumping_Ben.csv
-0.6232556978772857,-0.12799162725631008,-0.18073357691673256,-0.4967896068133632,0.005313272630529818,-0.6169447168342496,-0.21375264213306022,0.24721862506221948,-1.5238215039015626,1.9888341258786097,-0.28324960167723495,-2.3368570015865333,1.6283431294588975,-0.3127788441897147,1.667845823890923,-1.2158323522444596,0.37178702046270223,1.0968548171200698,1.6413750898614103,-0.9217362744640833,1.4891010969969067,-0.02727219617799622,0.5661860045591702,1.50083273657817,0.1279734734909612,1.2593373360343043,0.770226255672945,-1.792636399565172,0.8653101575853144,-3.0594217068601206,0.6551134677847197,0.8553794109437145,jumping,Data_Jumping_Ben.csv
-0.6624361475944286,0.0014176321240726418,0.1480989700836043,-0.3740881943144275,0.23706870806206343,-0.6697865411719911,-0.18185545999347724,1.4497808493274795,-1.5441755327088047,1.4403875705220406,-0.33800363880755885,-1.8084943171444645,1.197314619493632,-1.1925351417668921,0.9351878139791124,-0.5158907367279266,0.6294298800492655,0.8060962143668191,1.2093633889048945,-0.36025092376847123,0.9598751872291099,0.5721267665842377,0.31524704721440056,1.1371829083924976,0.30630404783580406,0.8153584185594396,0.6979797048624974,-1.6232918243236234,0.7840558199786948,-0.29910687115016815,0.25518007036715984,0.6039817616697993,jumping,Data_Jumping_Ben.csv
-0.6824920414021869,-0.0864602052284258,-0.014212775254891093,-0.18027028210990143,0.04405678740050476,-0.7123576324061873,-0.20418096504685707,1.1393687184166226,-1.4675884180709438,1.461241033408908,-0.36972790918620835,-1.691590398970184,1.0915702756898926,-0.8544697702591978,0.9602300019898194,-0.5763302741807125,0.48603272262961045,0.6186454790394057,0.7478700311800434,-0.3925640108160984,0.6666862382897484,0.45401507421353277,0.1715681920199449,0.6223041866745229,0.1369393775116141,0.7505719035941651,0.6463536480346076,-1.5475635796435898,0.729360243709956,-1.179273399250057,0.20461526405441813,0.5589729734496333,jumping,Data_Jumping_Ben.csv
-0.6387755792418783,-0.2001126318995263,-0.28962099411146275,-0.19308288665063586,-0.17784646853636255,-0.6226777864411697,-0.22888049420511772,0.6641185972663104,-1.525730177598705,1.8053351884620241,-0.3809294170838863,-1.8614242423725955,1.2148775231069164,-0.4377139721951837,1.4055761852292468,-0.8737280158431531,0.44503111346830054,0.3485080990551476,1.0050155952635649,-0.22049427689015952,0.7637205933655797,0.3185799005158413,-0.010529247000896618,1.5282083256873735,-0.011278407789059643,1.0015205880346365,0.6481783997693377,-1.8236884956985842,0.7516276417519622,-2.267558488944499,0.41152399822358554,0.5028713520749536,jumping,Data_Jumping_Ben.csv
-0.6720420211528659,-0.1392507389603762,-0.19795344126322406,-0.3420348680447005,-0.056635899496465025,-0.6368030940915665,-0.21623919310635312,0.83171937084108,-1.5422603962668076,1.9048330667146038,-0.26037985649749973,-3.012483200241059,2.1545598949395885,-0.6492601008527524,1.545646740875588,-1.3140758582629417,0.36207169554395424,0.8874229597696366,1.5612606638986104,-0.7426685234461136,1.3586925866296113,0.20449843620681407,0.38199682213979064,2.1598359584922404,0.13363614112445277,1.1494103933897009,1.295080080731264,-1.6356579056166554,1.3524465147907874,-2.2958512655977903,0.5474083119915882,1.1827719893024657,jumping,Data_Jumping_Ben.csv
-0.6525399984484526,-0.1214679863824609,0.06549623429176477,-0.5090204812790627,0.21102695341417432,-0.6127729938988176,-0.2122907687499477,0.9356381026168871,-1.5332409697657108,1.7618713844402478,-0.322228181891751,-2.898101520838027,2.034794864311159,-0.8290857616144961,1.3459790671273741,-1.137239758981252,0.47912714205827234,0.8409482803299714,2.4642070062935804,-1.0504503129746283,2.092072113784292,0.3079517982406172,0.34352518480372946,2.440745805755091,0.13606511863436405,1.053914124264401,1.6961393873329782,-1.7762326961130994,1.7440579208369638,-1.9859586701095229,0.4584811244484013,1.1962839053113845,jumping,Data_Jumping_Ben.csv
-0.5867464149232685,-0.026801538084815515,-0.05021993893632705,-0.4327847571269102,0.09256708390743366,-0.5601507339303876,-0.18933138617521972,0.7590753552775955,-1.530827220224211,1.8557785897753711,-0.3409507021561081,-2.1139819579984933,1.4282149377851627,-0.5322073755578623,1.4759558779227642,-0.9870445440128361,0.3684365099434177,0.6231387148391098,1.0262796639375036,-0.2536948460982378,0.7921650452728383,0.3213425567784011,0.17484621268998776,1.2033007319029152,0.21525384425804114,1.0465369401220763,0.7207143844265476,-1.6273547713751293,0.8059644906108472,-2.0408660708099844,0.45179087309850186,0.7437251566869294,jumping,Data_Jumping_Ben.csv
-0.5476883681893369,0.1024178528770502,-0.028029222580205293,-0.6641969745440102,0.18228393988535255,-0.5528441196903157,-0.1527196891322719,0.7973202128488207,-1.5437745793775093,1.8127734161394866,-0.19111719960635715,-2.757477429355405,1.9971641031694705,-0.8419686231816104,1.4158722971039188,-0.962118825335381,0.3200116666627048,0.9465735882819449,1.7093749271188903,-0.3990382672435104,1.3093078567667018,0.2095037198159254,0.4322231448809015,1.430572156042704,0.5215722406055164,1.0107419247836806,1.413587560793596,-1.6400119073024382,1.4653972022508603,-0.5625693602433536,0.4196943772351128,0.900992422510312,jumping,Data_Jumping_Ben.csv
-0.6172784172790556,-0.07966856472422279,-0.04528197009627178,-0.27660477977642656,0.048349137584984915,-0.6077352113663136,-0.20255589787076814,0.6911464170974605,-1.5465692410987923,1.7298581266723543,-0.3211213662196153,-1.8143640863297446,1.210714359876326,-0.6010113988117207,1.3027011549074772,-0.6132084949171808,0.5019071111620198,0.6232856084058241,0.7101707863173108,-0.11043191645782134,0.520129347565973,0.4155328938257025,0.17495351588422786,0.41069052141571555,0.3845297444214229,0.8780820211430242,0.6573771337719778,-1.7106834474187627,0.7519666387127831,-0.8733021508236692,0.3060261073047223,0.44936636684818476,jumping,Data_Jumping_Ben.csv
-0.6148171405778239,-0.09336027780817385,-0.016081640091061295,-0.16770491281948083,0.03864078573158728,-0.5813142992789321,-0.20581476055218026,1.1528569690570598,-1.536591626264951,1.6910370840063327,0.8463291184657503,-1.7918123031725326,1.8113035652380216,-0.8010488378094677,1.250923674805612,-0.602997721722099,0.5368829719830069,0.8982445672916219,0.7384475730885143,-0.6733576072316374,0.7813096749708724,0.24831091879194336,0.39108012370045636,0.6506513100309317,0.43281585025987157,0.8959483853629998,0.6043675882340062,-1.685963355065799,0.6997492919703082,-0.7321526783155724,0.32084972096828107,0.5032819562930801,jumping,Data_Jumping_Ben.csv
-0.6385958707319647,-0.12612865028413536,-0.11897882445643215,-0.5909862467043137,0.08507007902839775,-0.6041367953997225,-0.2133367525984544,0.28085273857844206,-1.4997270935489333,1.5192501270106598,-0.07656844685411432,-1.585925280618764,1.1662884699249085,-0.975835868456977,1.031061777859983,-0.46892398374856326,0.46909443421105923,0.6280419030485205,0.7167787437929396,-1.4310929483313677,1.0931275164318177,0.4683808882987504,0.17843261535267718,0.1255973888070927,0.31612857120834315,0.7052601848258674,0.5728321533373835,-1.6119447265198918,0.6642745334961933,-0.4694200594765645,0.17042992587934164,0.3373295772239968,jumping,Data_Jumping_Ben.csv
-0.6519205367021866,-0.1465392604248595,-0.22873216743545546,-0.27113651722654947,-0.10378882429412496,-0.5954640029341463,-0.2178242118301585,0.1786109997614902,-1.5369603962380047,1.58193775424943,-0.28675674039394244,-1.4916473284937064,0.9833280336743919,-0.8156685000170493,1.10954248713222,-0.5062636360650259,0.36876044546356274,0.6399219792592316,0.7023767850954653,-0.5476697376702222,0.7031923530178955,0.35995474477521,0.1871624741742853,0.28597388559506837,0.2564853317215209,0.7967290950395235,0.4278560162271921,-1.5066454936960738,0.51866212700187,-1.0846306661901906,0.2404368514096699,0.24167119638864706,jumping,Data_Jumping_Ben.csv
-0.6075901362255329,-0.0983374662807516,-0.23249730005421612,-0.3180966761711171,-0.09236353255910387,-0.5775085169046933,-0.20698248352100304,0.3260539752332428,-1.5740556305901305,1.4200784090259548,-0.28458311450947005,-1.5509477614548193,1.029602650508021,-1.1892333120381202,0.9110131895972609,-0.33368502097394287,0.43909912644877164,0.42412567828737124,0.12991303964178935,-0.3131270654530521,0.2212652885642158,0.44260692780434285,0.03747387663535611,-0.05235079111337298,0.28982334826375644,0.6633973671129169,0.395165576152525,-1.6478258240389607,0.49809229635186464,-0.2549673032377738,0.13970958855356605,0.019657154646350358,jumping,Data_Jumping_Ben.csv
-0.6310558066683388,-0.11376955008701319,-0.2806164628049294,-0.33166552974138724,-0.12763271596478284,-0.5589187337721225,-0.21054568431177664,0.1749215607769219,-1.4837633144756108,1.474951432717321,-0.23636329027491546,-1.1087399361781323,0.7186214198110334,-0.691344115067321,0.9768156064191651,-0.41455241611954313,0.3513454868861165,0.3334059998510236,0.3127143733608126,-0.871658991304312,0.5833823917908306,0.4378616589789299,-0.019839632746749842,-0.36164285646040734,0.11859082906134286,0.6828658072927611,0.12664859750166146,-1.7565668077262775,0.2509858310694823,-1.026053852673178,0.153893082718499,-0.08766940048285154,jumping,Data_Jumping_Ben.csv
-0.6423782318304081,-0.11493581196177562,-0.19387591761817796,-0.209967601522301,-0.09410744034490949,-0.604758894459687,-0.21081144132255844,0.37594716632786374,-1.5297779653937622,1.603176070408488,-0.2954379089567371,-1.458589307612183,0.9535790576748506,-0.6992074320215478,1.1365875732914525,-0.505414404725596,0.35521234039692623,0.5166592916658977,1.1409587910257788,-0.5932950600404492,1.014690734438034,0.39798189940013284,0.09935735878663586,0.3453851210884661,0.2748930758765161,0.7720967071698905,0.5933779335358995,-1.7070191484880708,0.690870715044784,-1.1590801225333192,0.22119481298618246,0.24013747350868878,jumping,Data_Jumping_Ben.csv
-0.6736743405650215,-0.1805826672716557,-0.22975154825518465,-0.33117105924075935,-0.08607108233657769,-0.6025510527234172,-0.22497113329256346,0.3127559952514689,-1.5496410842469084,1.6833911156247965,-0.25361894635254534,-1.9647711264545007,1.3608845939143184,-0.9153532195447783,1.2408168007125342,-0.6919471373564485,0.5701948360014126,0.7848036129695608,0.9703002847596071,-0.03712005465292162,0.6616688398889956,0.2748649234203165,0.29821212643697176,1.0831931629937737,0.25235241659091884,0.9333377180312131,0.6993279597316463,-1.630133996481005,0.785845969327931,-1.1766493551822086,0.3523599732737505,0.521620052819597,jumping,Data_Jumping_Ben.csv
-0.694129597570954,-0.2138605156167628,-0.2576420287715166,-0.49913107029493997,-0.05703591932992139,-0.6118703404167538,-0.23154906794303962,0.31883539205226147,-1.5838966131670242,1.7319473926361415,-0.17250136038995936,-1.6212458976715722,1.1424032030956723,-0.9805691272345949,1.305509581650838,-0.40673937909961283,0.4736465679688082,0.7818415284242536,1.8010485724157326,-1.3766364494587735,1.791209865333983,0.6229596470264467,0.29585684889171504,0.5288393601828691,0.44613350815378,0.8673879287891257,0.9840236735507466,-1.6179144988103924,1.0555058786825864,-0.6875725769031283,0.2972255099979922,0.2458171319802225,jumping,Data_Jumping_Ben.csv
-0.6671369750274356,-0.1975753103548883,-0.36150926934870586,-0.4941427350642535,-0.1437593669190465,-0.5616876844340799,-0.22838044966412255,-0.3849934145379104,-1.4836053354739882,1.9617161895776534,0.36761134453037886,-2.234854693108376,1.8951242687392325,-0.6144668320493744,1.6280017292360576,-0.5321612999415886,0.30156759639535896,0.9196527092021174,1.445546101184919,-0.8733321144616918,1.3379464901196996,0.432921379174308,0.4091887354181494,0.31526244104532203,0.688074701945461,0.8570670231367752,0.7540633796696464,-1.469399652312032,0.8259127912703259,-0.022563749635764255,0.28878331289132847,0.49813808877805743,jumping,Data_Jumping_Ben.csv
-0.6527698122930354,-0.14181004488591284,-0.2588751511088063,-0.4790613833377553,-0.06424976423269269,-0.5899261016917207,-0.21679796545269908,0.1810240797808352,-1.5924797695208903,1.8221142924654212,-0.25044518584389663,-2.0999241853584167,1.4654082139711235,-0.6755983954025152,1.4288421936255886,-0.9174547218396492,0.3548153734468983,0.7100689705416683,2.6632176037057764,-2.018388031616506,2.6412423383926464,0.2183117190395197,0.23987056386508177,2.6145660241756414,0.16536650913504997,1.0677024090102936,1.2958686984662788,-1.744863991497976,1.3613167799854546,-2.072249300375784,0.47105451302229845,0.7636210552183982,jumping,Data_Jumping_Ben.csv
-0.6541128917587447,-0.07537275985154213,-0.25449619761604286,-0.8512377318455899,0.054362922086596446,-0.6054419836539283,-0.20151934090520168,-0.4787947037045955,-1.2476628994656842,1.1929189731353416,-0.16576712055153772,-2.372214710704829,1.7174136520988625,-1.2473684173816133,0.6550039439522063,-1.1237006639634548,0.5156034235454048,0.7731765912267348,1.665924311022248,-0.7855004591688316,1.4467820664213293,0.31454967201990464,0.28898733724803255,1.2196137727655039,-0.032036269268625815,0.5463100000853113,0.9565610552917211,-1.57269632047923,1.026043494340594,-0.14177611804425608,0.058188003040726764,1.1693845012215975,jumping,Data_Jumping_Ben.csv
-0.851304095185412,3.4272432742457575,3.975802156071874,-2.441243052058634,4.015034562644234,-1.9510762523139016,2.88214034224645,3.5431003686016505,0.4188122584898587,1.0683117257381325,4.889982442088803,-0.47719948296609516,2.950630163674637,0.27756956073755235,0.5257882822149375,4.269720689995589,-0.5130158394620973,1.1581975497270134,2.005907348036158,-3.4416456034535234,2.816607806040096,-0.521674436080372,0.6234890590873395,-0.7932404781391619,1.5486164267494467,2.6528382945675473,3.277105774036822,-1.6283960982259853,3.2355803511160013,0.38030153694971297,2.515870908780986,3.3957275758676198,jumping,Data_Jumping_SweaterPocket_Sachin.csv
-0.8291547338533231,4.665999718893435,4.634834871101484,-2.3829490748367492,4.537493210864537,-2.3234820884821534,5.043083548517226,3.256421087720592,0.5334541712821731,1.262089039133733,7.740725679890819,-1.02234307352483,4.873910117815904,0.5452742954658609,0.7301622117291393,7.032042866250929,-0.6096463866149158,1.0069236409099478,2.4083657816633286,-2.1489613621698656,2.527868384315834,-0.5220218433286767,0.48492415798909455,0.6699823132525485,3.315342398479201,3.4749997617004467,3.877591625417451,-1.2173856881588774,3.7757054159567147,1.3030141040998546,4.044482303448636,3.0196616023779113,jumping,Data_Jumping_SweaterPocket_Sachin.csv
-0.7121213908124003,5.094613703778007,4.634834871101484,-2.460674377799262,4.561514298139034,-2.2134716117147266,5.921015180050714,3.0111681075740973,0.2496687570060291,0.5528411500239039,4.533639537363551,0.09891817523802222,2.3236786099962337,0.19724283999129857,0.0756875099604976,6.715946309907248,-2.003993588173936,1.1171199119632216,1.1066642854004496,-3.3638901603687916,2.1847287816870002,-1.9496702172841123,0.5849484697369594,-1.4592265188162887,3.7728864710875154,3.7398093829442316,4.044393250800959,-1.4049838006376405,3.9481801959950746,1.3739919938806344,4.604899045503053,2.854261856777862,jumping,Data_Jumping_SweaterPocket_Sachin.csv
-0.5886739449185953,5.184290803790498,4.561609013875972,-2.441243052058634,4.495456308134168,-2.07331011538882,6.11317132879456,3.057564680642448,0.41935210024997877,-0.3789412362887171,0.2735601113731657,0.11130780229617535,0.0600535267152613,0.5101345427076585,-0.392835536342661,-1.7386317588160194,-2.3750509552502868,0.6732425225318621,0.5973028303410622,-2.187839083712231,1.3394336630159736,-2.635799532686035,0.21195158693567825,-0.7929353299492492,3.422857366851248,3.830625311605466,3.8442313003407493,-0.5821102618103391,3.696760158181805,0.6642130960728335,4.804730140898173,2.892144329598235,jumping,Data_Jumping_SweaterPocket_Sachin.csv
-0.13876057045645318,5.325082868757308,4.781286585552508,-3.1407707787212495,4.891804248163364,-1.7025340640615674,6.42076767682257,3.051843389482885,0.36955475718282205,-0.3562280786411379,-0.3179691104707524,-0.02497809534350841,-0.14924458594128825,0.5033768979464657,-0.3866986929133268,-2.6442305164985265,-3.479395176448387,0.7975023194648411,1.0752222202733268,-2.916796362631587,1.9713126873690678,-3.7149332977327276,0.308349556487749,-0.4639848071404528,3.6816616494385053,4.072453042316948,3.9776726006475562,0.1554914077084336,3.7687303329404576,0.7351909858536134,5.3558697581875245,2.946094917072713,jumping,Data_Jumping_SweaterPocket_Sachin.csv
0.31272432279020584,5.297099107821446,4.744673656939752,-2.3829490748367492,4.6275722881439,-1.2527134479458673,6.359054690529401,2.8949132798200505,0.4295788146514915,-0.1357945051653344,-0.1656325187007072,-1.5365125964381818,1.081560306279998,0.6021915147374921,-0.3134240493194089,-5.92626619094351,-4.071521947418602,0.7810179637458898,-0.44783141448449565,-4.569099528182127,1.6691824518836815,-4.33809504937941,0.2952026276398013,-2.6023910942153985,3.5924957761162344,4.233042360439806,3.9776726006475562,-0.9786244540949972,3.853065427591568,0.3093236471689331,5.737144170189352,2.621796747508337,jumping,Data_Jumping_SweaterPocket_Sachin.csv
0.85589792447367,5.265587224858152,4.854512442778021,-2.1983514803007815,4.660601283146333,-0.7629631032256938,6.289902749820302,2.9367900513141865,0.4075073738659808,-0.1560857363185788,-0.13623422906087393,-0.44622541532071247,0.2674660707893196,0.5319375097673559,-0.3212083526650735,-2.646901585395752,-3.8998726820022362,1.2129351936088586,0.7419363299258266,-3.4027678819111578,1.9587587994680138,-4.010229458791782,0.6759049970816526,-1.6744172988558481,3.3691590478470275,4.445631542179595,4.111113900954362,-0.9700972671641442,3.97925102034022,-0.09170143009247396,6.260638128845967,2.60784378935513,jumping,Data_Jumping_SweaterPocket_Sachin.csv
1.0911423100272215,4.096941428613326,4.817899514165265,-1.5085394165084793,4.417387774492053,-0.31395737953049313,3.9809419408239766,2.846585174937916,0.06943876551211729,0.4953086485506696,0.943484772256639,-1.232966733513432,1.437461376225257,0.40787735217036397,0.03388728810008343,-2.0515602424247614,-3.5715218505005613,1.8846588163233418,1.2450093719597894,-5.657675731368365,3.2643631411777188,-4.055826660131784,1.4176710032274784,-0.4749184364357738,3.405977146048363,3.457730960418403,4.244555201261169,-1.6232797860674737,4.154642653276286,0.3093236471689331,4.009088235419141,2.57478348876543,jumping,Data_Jumping_SweaterPocket_Sachin.csv
0.7177207384394237,2.836742139950915,2.331881661359124,-1.498823753638165,2.375595356159835,-0.5299853602048991,2.048892793394673,1.528464935750115,0.9231248808767671,0.8117747073948591,2.475759262575222,-0.8241090405943811,1.9371370505854886,0.9801096104389146,0.28478543065183465,0.10210801224386208,-3.236493359085809,1.3583287593906197,1.6097373274344122,-2.916796362631587,2.3270061778989555,-3.86909526416797,0.8210071263362002,1.1371365560588458,2.940882018503831,1.9878862631685612,1.7858992431082583,-0.8080807154779399,1.7573700304343018,1.019102544976734,1.5133928138480899,1.5300124462931124,jumping,Data_Jumping_SweaterPocket_Sachin.csv
0.25482357461726113,2.8766047165889046,4.67144779971424,-2.4995370292805186,4.603551200869402,-0.6864935984860248,2.1011421950290363,2.2702092100644653,0.6401763552142409,0.21542098358158726,1.2552848138912343,-0.3904720935590238,0.9613553091461691,0.6265445364240547,-0.1452973824584524,-0.14585448909356638,-3.452668586895399,1.2461842450062848,1.1632600026292703,-3.1209044007290063,2.1177747128813746,-3.6888777541098694,0.7083344993163111,-0.6709865579958322,2.577680378190988,1.8416177161336829,4.044393250800959,-1.610915365017737,3.9634936737080384,1.7998593325653145,1.3209382986988518,3.616864271168736,jumping,Data_Jumping_SweaterPocket_Sachin.csv
0.32747848901087456,5.5014974189162285,4.817899514165265,-2.5092526921508327,4.726659273151199,-1.3659834943952918,6.81638848356234,2.85928841805671,0.015288606453644034,-0.2301544393847865,0.07846237103609031,-0.17365362004134519,0.17365903381037065,0.09269060028982538,-0.3478346979239759,-2.2223584245643315,-4.039043524422646,1.133604581232435,-0.45852171662771735,-4.510782945868578,1.6369608062709737,-4.025428525905117,0.6003331481331075,-3.195288701723825,3.914165036541692,4.406082323637073,4.044393250800959,-0.5394743271560748,3.8838192027087017,0.5932352062920537,6.16163112481665,2.6042801992374116,jumping,Data_Jumping_SweaterPocket_Sachin.csv
0.8768387812712877,5.419772495518074,5.037577085841802,-2.3052237718742363,4.84376207361437,-0.7607628936903453,6.631704915755662,2.8003064605857575,0.2274872161682024,-0.045964646375583396,1.3354619674544161,-0.6940179564837737,1.2347627536074275,0.3790617348867872,-0.2764312599538388,-2.0247548272458746,-4.316517913516693,1.0148541055053493,-0.6094436292379062,-4.238638895072018,1.4193600826526893,-4.107937747377499,0.4919588189718283,-3.71459314358923,3.6964450561983004,4.568133918972578,4.244555201261169,-0.6034282291374712,4.07880447793589,-0.19461937027460605,6.572003426701418,2.498762311023462,jumping,Data_Jumping_SweaterPocket_Sachin.csv
1.1864132220640062,5.343274690221196,4.781286585552508,-2.05261653724607,4.55550902632041,-0.4696018318458894,6.461039442774561,2.751829828567195,0.37371654003258536,-0.14031048022756668,0.6762275937127002,-1.1090704629319013,1.2017653034138271,0.5428517435703389,-0.31517473887382275,-3.715764671798928,-3.673145639812354,1.1189269513041322,0.8111088732054964,-3.3736095907543833,1.9922358338708261,-3.7301323648460616,0.586629573191027,-1.0747886819243284,3.6269220232345565,4.545811895626916,4.011032925724257,-1.191804127366319,3.9006228117933213,-0.15913042538421548,6.514738545084966,2.455140776431023,jumping,Data_Jumping_SweaterPocket_Sachin.csv
1.2738276056481739,5.3300253878957635,4.817899514165265,-1.8874502684507295,4.534490574955226,-0.3946317291599394,6.431697141806436,2.840957106691501,0.48247308038960457,-0.15945349833085903,0.2637606814932212,-1.0719015817574422,0.9552272112530718,0.6372547658568887,-0.3224799336254862,-3.7707154841089983,-3.589534891521196,0.9007769680296688,0.1759791576376184,-3.898458831576319,1.7955582567543005,-3.701905525921299,0.39321256612328004,-1.9718555023487156,3.3894724269326555,4.605600510535026,4.044393250800959,-1.4476197352919047,3.951350688275191,-0.13783705844998193,6.668649879716577,2.51377156623752,jumping,Data_Jumping_SweaterPocket_Sachin.csv
1.2104917133052775,4.4943167581171615,4.67144779971424,-2.450958714928948,4.588538021322842,-0.09230664115464085,4.7102062774617375,2.986392515273715,0.5010943284915684,-0.1614900289494466,0.05084579591988325,-0.09931585769242675,0.10247881982131876,0.5664907499613793,-0.3232460591011042,-1.6567033972702798,-3.775009314356851,0.4466477101955977,-0.6352261226421468,-2.654371742220619,0.720108526563934,-3.81047029101654,0.052217492123157946,-1.6569838335083436,3.2705188567454,3.7151489482763473,3.877591625417451,-0.7014908788422791,3.737342459367301,1.5869256632229738,4.551309707889686,2.9464158608631474,jumping,Data_Jumping_SweaterPocket_Sachin.csv
0.9215730518491589,4.426500560089598,4.451770228037703,-2.548115343632089,4.438406225857238,-0.5417198110600913,4.581676880238223,3.02375574503117,0.35073048730570705,-0.2882643299966692,0.4267875604050239,-0.3037447041519522,0.4569657133297092,0.308807729916651,-0.366758563009632,-0.20983370066281185,-3.7257972647781274,1.2055458937622177,2.879996758570169,-3.4805233249958887,3.4150097959903767,-3.938576713828924,0.6687584692427373,0.6320359230390707,3.0641980347626783,3.6523766231412,3.710790000033943,-0.7739719677545285,3.584207682237655,0.38030153694971297,4.416197669869311,2.9106320525446496,jumping,Data_Jumping_SweaterPocket_Sachin.csv
0.7998231411083164,3.696518408449234,4.598221942488728,-1.9360285828023,4.369345599943061,-0.25447023283403275,3.3043016299266705,3.2894279684575847,0.5269700038859654,-0.07934562217971251,0.7118618841852254,-1.2267719199843554,1.3101854969070847,0.7068712571703086,-0.29066007009899575,-3.323949297801642,-3.754287416702141,0.710020675645398,0.7733783950529493,-3.0431489576442754,1.8248506618567613,-3.7909286332993966,0.23983359174236712,-0.5203184685531473,2.343613452550026,3.015167406626855,3.8108709752640477,-0.9146705521136007,3.6897850751655477,0.27383470227854384,3.150135491834285,3.2742353438513243,jumping,Data_Jumping_SweaterPocket_Sachin.csv
0.504570229391643,4.2457616880068585,4.634834871101484,-2.518968355021147,4.579530113594907,-0.6547290919349559,4.24731631760166,3.2833195611821737,0.37403194270958756,-0.11599676269430295,0.8543990460753261,-0.4957839235533248,0.8293655083717683,0.5572595522121273,-0.30562595786090974,-2.1294724497550463,-3.8479877506153097,0.44757448411966305,-0.14472990665903301,-3.0139906664875014,1.2013408961043703,-3.8951508077908277,0.05282857496196728,-2.4011795009762325,2.595310024630041,3.393315635058677,3.9109519504941526,-1.0042060148875558,3.7915578773572993,0.4867683716208821,3.87830709606543,3.3190627385990874,jumping,Data_Jumping_SweaterPocket_Sachin.csv
0.2100868495708479,3.946989626869707,4.561609013875972,-2.703565949557115,4.576527477685595,-0.5589140411326299,3.7207067256708917,3.5288984250041997,0.2957191963399925,-0.2541046647259922,-0.05872964728313164,-0.16745880651226858,0.09635072192822164,0.3896444615882778,-0.3558436093201195,-1.8877834612432345,-3.3936865864307424,0.7298147193068855,2.219713390900593,-3.597156489622986,3.025839271057677,-3.482604700428912,0.2550658279309875,1.3859617203363375,2.114581089445937,3.0915324319909354,3.777510650187346,0.21518171622440385,3.574062106941281,0.0963899778265924,3.2917361568831494,3.7725966629601744,jumping,Data_Jumping_SweaterPocket_Sachin.csv
-0.20612364079005974,4.474484248848552,4.451770228037703,-3.0338984871477948,4.588538021322842,-1.621044822011622,4.6724450711815875,3.2440061556808977,0.3409270427559562,-0.3302755154150703,-0.14336108715537896,-0.4524202288497891,0.26840885508056533,0.4085148658270803,-0.37936338957751464,-2.1472995124402257,-2.9362151805112404,0.6385048908611545,0.13824867948507108,-2.528019147207931,1.1804177496026123,-3.04400304944414,0.1861181585541716,-1.5217095029127385,2.523183723666976,3.3924031522195794,3.7441503251106445,-0.9999424214221294,3.6327162141234433,0.2383457573881533,3.8764685968890285,3.329275145755103,jumping,Data_Jumping_SweaterPocket_Sachin.csv
-0.21175310441082346,3.608162065786707,4.195479727748411,-2.693850286686801,4.273261250845073,-1.0620286215489945,3.1628661363405315,3.684722517520602,0.49618225517200576,-0.08477745817777478,0.8454904734571949,-0.7249920241291564,0.9990666807959977,0.4944517067524375,-0.2929214665392458,-2.1136713434346412,-3.238372598031887,0.49993279856657563,0.07536454923082574,-3.1111849703434156,1.389649214620193,-3.2415909219174783,0.08791518895879122,-2.8358360822591044,1.6199365035018136,2.7432181603649908,3.510628049573733,-0.5949010422066183,3.3806620778541507,-0.3827107781936724,2.6682704780337594,3.934177773970499,jumping,Data_Jumping_SweaterPocket_Sachin.csv
-0.2895024313451963,2.606412805300909,4.268705584973923,-2.4023804005773775,4.2432348917519525,-0.32944033551998275,1.7583325743962364,3.86034109931708,0.2828500152665606,0.3092569136497717,0.12300523412674678,-2.3356435416890546,1.8423872293152936,0.2941449158121761,-0.08969110395208582,-6.1736394159845736,-2.7297094924364274,0.4506763161279379,0.12567185343422207,-3.1111849703434156,1.4231262490230059,-2.8659568346879447,0.054876339482762916,-1.9797996116624117,0.6010252972576325,1.9470811176947738,3.510628049573733,-1.1662225665737602,3.4231466744077172,-0.9753761578631867,1.458685319587355,4.457307470290003,jumping,Data_Jumping_SweaterPocket_Sachin.csv
-0.712664569642596,4.063858214780795,4.158866799135654,-2.091479188727326,4.057071465374603,-2.0610867290813286,3.9228227744421504,3.4104005344362918,0.1099954538398407,0.7270322682232379,6.823142700223295,-0.6754335158965441,4.124396606275558,-0.04373732224746272,0.2125754263878939,6.451678164849775,-0.9674893326134368,1.2934242367872755,1.6726214576886578,-3.082026679186641,2.4399911690084495,-0.7660971482157971,0.7551778466147334,-0.6920780761151776,2.3981400840994858,3.036733689582391,3.543988374650435,-0.7824991546853813,3.426317166687834,0.9481246551959541,3.189845535620812,3.3533505628646427,jumping,Data_Jumping_SweaterPocket_Sachin.csv
-0.46200261225036404,3.7287544635816596,4.268705584973923,-1.8000093026179027,4.057071465374603,-0.9878734112835438,3.3566115948468203,3.7943903648341797,0.33705814628080644,-0.2913737288720631,0.25752468066052925,-0.3037447041519522,0.36740120566136575,0.36975403549872926,-0.36772244614511973,-2.190431148990625,-2.4866493221677484,0.32865324061807005,0.3331894832732318,-1.8768173113733062,1.0297710947899539,-2.492494042760317,-0.02275063608295407,-0.7926055150864941,1.2203190882238928,2.851402809774268,3.543988374650435,-0.6716457245842942,3.4180738867595295,-0.4856287183758032,2.855772541177211,3.8868180393060228,jumping,Data_Jumping_SweaterPocket_Sachin.csv
-0.373485119999289,4.031139385230717,4.341931442199435,-2.5966936579836597,4.363340328124436,-1.6821617535490812,3.865736094764972,3.0607954185616437,0.4398618132673429,0.27108348051837955,0.07133551294158527,-2.5214879475613508,1.9564641285560258,0.6359797385434559,-0.112856071750477,-7.0549885735732305,-2.7808895719252673,0.8953796797361095,0.44638091773087324,-3.2180987045849205,1.6825732656448065,-2.6748828481203213,0.38867082846737927,-2.6237757776967854,2.2881717328553504,3.019516328773726,3.610709024803838,-1.0681599168689524,3.5109693105669546,0.38030153694971297,3.158125465148718,3.1382514024562,jumping,Data_Jumping_SweaterPocket_Sachin.csv
-0.3848975750717566,4.058259814816343,4.451770228037703,-2.4218117263180057,4.3993719590361815,-1.6120810053861276,3.913027210867498,3.2451456007078683,0.5936025067034231,-0.15757231725797047,0.6227761580039125,-1.0780963952865186,1.149912167395313,0.7015161424538917,-0.3217703633232177,-3.552701595477888,-2.5281832375995954,0.901885961818992,0.6727637866461567,-3.869300540419545,2.1135900835810233,-2.4794662709488877,0.3941472248142312,-2.4706960821165405,2.021068547433885,3.0611212530596412,3.710790000033943,-0.7611811873582492,3.5832565345536196,0.2383457573881533,3.2350154271491403,3.3468617962036005,jumping,Data_Jumping_SweaterPocket_Sachin.csv
-0.5353691314349742,2.7302295484128516,4.195479727748411,-2.110910514467954,4.093103096286348,-0.5488093751184365,1.912123906859811,4.2494137328115045,0.4621604580663828,-0.25990739227210113,0.5336904318225996,-0.24179656886118692,0.46639355624216633,0.5741536641151093,-0.3577398491540005,-2.2896323089615693,-2.192026083777257,0.18502939285723072,-0.08184577640478766,-2.1198030710130915,0.8582012934755374,-2.099489593115545,-0.10641535746301828,-2.326900637483166,-0.10615639910396002,2.0826698604893714,3.543988374650435,-1.422038174499346,3.473874550889587,-2.6681988291347913,1.6435083415915033,4.5328846720832106,jumping,Data_Jumping_SweaterPocket_Sachin.csv
-0.5952249735113089,4.450682328206203,4.451770228037703,-4.073474414271404,4.909820063619236,-2.023601677738353,4.627315353181873,3.1279322675821533,0.4378769944520824,0.04546761135843599,-0.0382399302614297,-1.7161621887814016,1.2856731053346966,0.6051240775583872,-0.23453741682709428,-5.684277047800178,-2.416338435165869,0.7762359478202464,0.07536454923082574,-4.394149781241481,1.942020282266607,-2.27319321726793,0.2914093144636588,-3.476659906563466,2.605912425209102,3.3019493731233918,3.710790000033943,-0.9914152344912766,3.6003771928662505,0.8061688756343932,3.6961737998381854,3.124096433737539,jumping,Data_Jumping_SweaterPocket_Sachin.csv
-0.3533690206397416,4.8947365517935975,4.341931442199435,-2.8201539040008843,4.432400954038614,-2.0578271593993307,5.5032742752043635,2.6791141932485547,0.41514279461363185,-0.06749522561518177,0.88112476392972,-1.4373955799729579,1.560023334087201,0.48884158657333404,-0.28567407167860753,-4.17255205192748,-2.7597166995839104,0.8412667847617865,0.3772083744512035,-2.6154940206782533,1.3770953267191384,-2.5923736266479382,0.3437858736415707,-2.0495643964650965,3.5677962848862914,3.5373196230620243,3.610709024803838,-1.0766871037998051,3.511603409022978,0.877146765415173,4.173385753044998,2.5675094540110974,jumping,Data_Jumping_SweaterPocket_Sachin.csv
-0.06599358404084212,5.120607279843637,4.451770228037703,-2.781291252519628,4.510469487680728,-1.7612063183375284,5.976411402598516,2.586780349394236,0.3510063362140136,-0.25643835914589835,0.7118618841852254,-0.4648098559079421,0.7303731577909676,0.3833968277524581,-0.35660829556949125,-1.7082349071929437,-2.930567928752339,1.5860450121532146,1.2450093719597894,-3.4124873122967485,2.2977137727964947,-3.0896002507841414,1.0654227772346991,0.08669310049611315,4.002194938373351,3.7900818432700576,3.710790000033943,-0.5394743271560748,3.5667699746970123,1.0900804347575137,4.715036428033706,2.4604301011859895,jumping,Data_Jumping_SweaterPocket_Sachin.csv
0.4347975340656282,2.7431464247680792,2.170331443700275,-0.8938058283301599,2.056126166403441,-0.7334236135724845,1.9284896717488809,1.598451291778776,0.7437646961301744,1.0054568635301633,3.32742310058229,0.11032674268668392,1.676734608805138,0.6821597781299293,0.46362413378857015,1.9156774109467343,1.3997603029340746,2.379433287324518,1.9021917408025508,-0.32838885230874215,1.407200368000896,0.39661682189428105,2.0805763097276,1.0252303907795455,2.2945059951921603,2.278145713219484,2.173623243151672,-1.3740880884225872,2.167943859788372,0.3186035661948528,1.9252678625508193,1.503418952928548,jumping,ELEC292_Jumping_RightHand_Data_Christian.csv
0.6543573920768323,2.8220684838848813,2.1880664790459154,-1.0826354053039995,2.129028696491261,-0.5089678402834027,2.029805307146385,1.365013973361319,1.0807779906143054,2.0602736693103365,3.5930721926829303,0.06349841019468083,1.8529351966011405,0.20371893054358178,1.7746129871865086,1.6638087064953215,0.8319423479873821,2.206369403578666,2.362630837908753,-0.7872172284003007,1.9111451047376529,-0.0671194538545488,1.8374608041463922,1.5828568606887907,2.8202485633594256,2.528635675195689,2.199841536964689,-1.6185138116785787,2.2110371317617448,0.05528183051577716,2.312741478251058,1.2383136668096397,jumping,ELEC292_Jumping_RightHand_Data_Christian.csv
0.8137833010347713,2.8791051657045763,2.1160466707276306,-1.1986614650728933,2.1058230389540835,-0.4518689067896459,2.104438933026808,1.2143604283250526,1.1323963920604985,1.6938376488887419,2.7107400883218773,0.13415819095252265,1.3322857800556351,0.17131137669411048,1.254633106912773,1.602527665678868,0.6979675558800299,1.8885484473898266,1.6557488098113524,-0.1377547337163014,1.1611286110823427,-0.4854831591845769,1.4224968417392763,1.3571185636748093,2.6580381250925864,2.503681475490203,1.996627076727571,-1.4705923239401304,2.006906822592137,-0.19738608238513936,2.2728098588995636,1.1270237767968576,jumping,ELEC292_Jumping_RightHand_Data_Christian.csv
0.2870857201702035,1.6756372264703483,1.8225526617402743,-0.71136073890311,1.714527023933607,-0.45225924351863483,0.781109809393902,1.512051235984359,0.8405047101459749,1.3219256726192223,2.85890669929682,0.09790100667995114,1.4382770911069442,0.1746513778080838,0.7971544480923924,1.654574600368476,2.0334590430381594,3.657764095989235,1.90125984955717,-0.8501120842487416,1.6312043423281948,0.005229645487547754,4.25097782041506,0.14998894765419654,2.5016401335080345,1.804684403678112,1.632393824981252,-1.3834546750068988,1.6542677844264393,0.5265406227747687,1.2739429174652102,0.6982879599348926,jumping,ELEC292_Jumping_RightHand_Data_Christian.csv
-0.12149316587247631,1.0529130233153612,1.2398011026691984,-0.6165387392956561,1.2073060974776435,-0.5168111674443452,0.3036080151594738,1.8073480743999701,1.3609153160479732,2.0709865216287677,3.0638942933076283,0.08343522503640931,1.5577528172507509,0.4519287286844551,1.790848678572093,1.4951708227714144,2.0404078706755864,3.456856749135634,2.9576199995285637,-0.9854313193528534,2.3924207211665194,0.5153135476368721,3.8661609579996643,0.9119703950735525,1.9624523709288992,1.7912918242864435,1.8324461460739878,-1.7462633583000438,1.871372301891286,0.2981165116374229,1.257061061711609,1.0430933675255738,jumping,ELEC292_Jumping_RightHand_Data_Christian.csv
0.3730634691285474,1.8365281371965574,1.067525731686565,-0.7742893875281172,1.1147756174973718,-0.5148594841253575,0.9274560840992414,0.8381950246238554,1.304160834161038,2.0591007263783987,2.581802732010042,-0.28555348926518254,1.5834374173146994,0.4438554689203667,1.7728389200198151,1.0988804353573203,1.9911290480777035,3.351716661563012,2.5421940841393242,-0.6733139601856049,1.9815953907328183,0.46539071893760736,3.6712735783813097,0.8743827917329334,2.710708625224553,2.111295357195569,1.4234852933539646,-1.462132274962859,1.461576309984793,0.5114851121949734,1.6836397798637037,0.7728659408550452,jumping,ELEC292_Jumping_RightHand_Data_Christian.csv
-0.06729650192404531,1.0756397155618596,0.9047207377060571,-0.5668444491247283,0.9171477354343355,-0.5773865367176289,0.31854973958255184,1.3233899768999136,1.36842865416421,1.4601992317673358,2.0547584527030707,-0.4803964441009339,1.452819937597165,0.7029632136653212,0.958973657306873,1.2025467244831873,1.8168207712114912,2.953471310639361,2.3045429368647157,-0.3404498830031149,1.6801380700020927,0.3269653754445138,2.973566367514697,0.7752769277693798,1.3701384981571645,1.525528459471168,1.0145055083158572,-1.5599882435635555,1.080167636584472,-0.9408406639346742,0.9396001540638008,0.6781763291689985,jumping,ELEC292_Jumping_RightHand_Data_Christian.csv
0.15787253998512368,1.1072540222282377,0.8656937949581633,-0.8250744223305547,0.9649478839571239,-0.1725342397862302,0.33964772603761517,0.6315139951952933,1.5865850036972937,2.114752538889101,2.986203835053066,-0.053859882064923335,1.6211175714910762,0.9147574567729584,1.8577877244652474,1.2735814521843518,1.4290332786088953,2.887049124094015,2.2250685977734728,-0.8732448203696266,1.8566427531794734,0.6664471110233882,2.863429943051426,0.9904499814199482,2.173458542164272,1.5330588985806348,0.9230771158656706,-1.4722387318747723,0.9867508665379814,1.272462338635882,0.9481355992278705,0.507144692859906,jumping,ELEC292_Jumping_RightHand_Data_Christian.csv
0.5086817485591508,1.9759472803971052,1.6972071751530782,-0.6041333456811425,1.5785921210246925,-0.34540458490065273,1.0619017673695443,1.0439378799434267,1.4201617536238076,2.163673783361099,3.4024998736072765,0.11909894121704442,1.709785890567592,0.7028486992547118,1.9337719342941078,1.2963649968271853,1.2880529494220554,2.9097805257102616,2.3671208603927845,-0.512301383642777,1.795769997741509,0.011014973230624872,2.9009209566384073,1.046983649685432,2.6787409060164493,2.1041270897490865,1.5196155240479932,-1.6351199812462622,1.5658000846319224,0.6821230357235798,1.6735538741076132,0.8999832873241346,jumping,ELEC292_Jumping_RightHand_Data_Christian.csv
0.45919646573791173,1.933023326993952,1.1711847113720906,-1.7561042940028584,1.50321755712463,-0.3060171769807308,1.0197542067110494,0.7808070562086713,1.4146482208692974,3.002812601534105,3.7129416616999324,-0.7587143786719819,2.542023371949721,0.32493234294555023,3.4278198358465386,1.1745875012576674,0.7687960121080061,2.604099706582712,1.7158793408433253,-2.301043886445014,2.1325307606963513,0.0899619465691384,2.414224656409313,0.19243694551376944,3.309206902260129,2.0442369122444943,1.5275267032937712,-1.5666649209297019,1.5682282427955405,1.900899091317011,1.5902368283111594,0.5209153244975542,jumping,ELEC292_Jumping_RightHand_Data_Christian.csv
0.667485779255614,2.166688308059942,1.4818602209470793,-1.0009168755176892,1.524611887761114,0.04848169160831678,1.2573149951873046,0.5968245405062224,1.297116536999862,2.134219941227409,2.7920577013162013,-0.24399218485015198,1.663066732603486,0.6449617082337841,1.8878776540155136,1.1268078834186872,1.3678698712197983,2.5881466036943874,1.388484222640841,-0.5554970408613278,1.163133064628034,-0.18123341984869124,2.3898606485781064,0.4947647179800343,3.2146096243257767,1.9541041048527166,1.2993804448101764,-1.6740352880784068,1.3593873046211653,2.7709862874199525,1.4680449405981852,0.6147474177925865,jumping,ELEC292_Jumping_RightHand_Data_Christian.csv
0.03188321411552419,1.237588577514039,1.2039473940231984,-2.045049613693745,1.619385176725148,-0.43631643086095706,0.43047382254528294,1.284105598479772,1.123220161650151,1.653762021566369,2.4086860955092413,-0.7816556247999161,1.869340882087375,0.6654406866762077,1.2019340144577544,0.8230464748041084,1.9122680874243048,4.0828683270654995,2.8620022886223513,-1.6339044892549632,2.607987197724651,0.6065137151059008,5.118955450587086,0.5884000114662593,2.4960259563985145,1.729419824157571,1.5516959412215467,-1.3910837462068841,1.5781415947190542,1.4101506258077883,1.1801702604350797,0.8304794419187372,jumping,ELEC292_Jumping_RightHand_Data_Christian.csv
0.3587591353240845,2.01121498475313,2.101249205975317,-1.2592195648250153,2.1124031440988307,-0.370373932623436,1.0970341091139197,1.2938091335276087,1.2147630579040416,1.8885847163604845,2.8725485364115544,-0.19926880910955969,1.6716259138684597,0.5617479659647139,1.5224265761100961,1.2836682580758294,1.8189449970137603,3.0929533773511233,1.8275180548200791,-0.9268429351124577,1.6151687118703504,0.598973287898554,3.2106445168315734,0.5695083780630595,2.9563748090501862,1.907077555066901,1.7874098389937247,-1.5893252239536306,1.8169005518197843,2.0912317325727416,1.4058169448867084,0.7777171875083785,jumping,ELEC292_Jumping_RightHand_Data_Christian.csv
0.5495440312609663,2.836213810229969,2.1659853733770866,-1.6379258321110728,2.2825330186804194,-0.5401215843948826,2.048204180357531,1.1359705650800351,0.8244898164111985,1.0802363057520845,2.3907770173669887,0.04083535207997138,1.2339927920473945,0.3694402436267296,0.5378100168798475,1.6300180258266244,0.6424876141324058,2.406309574381116,3.3743449155406715,-0.14316692115985213,2.3070998933460967,-0.097313664803311,2.1194164501060095,3.2207407521506948,2.6245954210047633,2.241951980927354,1.6231529795730608,-1.2276373690332538,1.6338986046896609,0.34277449744321303,1.87173482060265,1.06841623659936,jumping,ELEC292_Jumping_RightHand_Data_Christian.csv
0.5418574978222646,2.0126754088831964,1.4658625177593094,-1.4791862430716696,1.6593017843223903,-0.07663340346603474,1.0984987029190403,0.5094259925617429,0.587898817766531,1.3482589565261742,3.5067939122947807,-0.34554939225935744,2.118545005593483,0.3242834285046082,0.827217499073156,1.3452001224628474,2.1284872327736375,4.108496274434964,4.1979016363446755,-0.7934296044954036,3.1351021666387933,0.5582484803813017,5.173615040312315,1.442520242594876,3.134419213642853,2.119860786237799,2.3517150497217396,-1.3640903169034981,2.3364549608581715,2.047608313390608,1.6957233906144824,1.3248373778909766,jumping,ELEC292_Jumping_RightHand_Data_Christian.csv
0.46321396681540594,1.3066267229074975,0.9339265483005517,-0.5747705211906204,0.943549058524816,0.06882798969538077,0.4810927398114685,0.4915468077207255,0.6391330430072957,0.2567744745052139,0.7689720385974183,-0.07601292861556007,0.4647390296778327,0.40137065445991904,-0.12134709701870901,1.010567191887138,2.002978606495452,2.8902214823889048,2.6555177331096678,-0.5012878733056986,1.9829421333282542,1.1343436226600039,2.8686496004904214,0.7736632221913907,1.4801490555574337,1.3806464780266043,1.2837741861643863,-1.5215577981229709,1.3332169307752386,0.5204255723652279,0.7806041361391197,0.680662982080324,jumping,ELEC292_Jumping_RightHand_Data_Christian.csv
0.3039205213754654,1.8121909740456978,1.2206630485491095,-1.3711589709843846,1.4248271114872058,-0.3227528609765611,0.904713378281575,0.8006083283335219,0.3550121005395516,0.9153141004594003,1.1157387168388158,-0.09419715885007585,0.6620659068713541,0.25294100437352957,0.3780013026628842,0.6206972953638197,2.269538568150131,4.281637183375922,3.7891025046819813,-1.3341100411143971,3.095852456202366,0.39619429825074765,5.549841136994828,1.5086564171676136,2.9629190478346565,1.8930345540766074,1.5300158932902603,-1.2908556608696393,1.5500841933593863,2.2264880759159342,1.387437310532876,0.731008437728422,jumping,ELEC292_Jumping_RightHand_Data_Christian.csv
-0.7252391921457657,0.45589945745369814,0.008273890359664032,-2.7553274716298275,0.8583223151901404,-0.5866692302000164,-0.021473318329950034,-1.1537290110081078,0.33954367057933627,0.7539596053287825,1.163985212092589,-0.6694994507416455,1.1253695157469203,0.24528763022916417,0.23512212406966976,0.41414416798813847,3.693663288838749,6.194885991295017,4.3449051601935595,-2.0943332424552374,3.793020272783308,0.8173206596262061,10.513254976674178,0.391767975205373,3.2779307042091315,2.091875870817664,1.9615567480918927,-1.7807255204021168,1.9966388666425046,2.3626853447527965,1.656372407058667,0.6860758836214947,jumping,ELEC292_Jumping_RightHand_Data_Christian.csv
0.34222417705407765,1.6344048499806272,1.4093800471563567,-1.0392237998268603,1.4770095020874312,-0.10784813771179136,0.7451236401146971,0.9702012667328387,0.9507521906880311,1.7895260441687284,3.2369309192451734,-0.4334011985532034,2.0425990311539484,0.28263838579361766,1.3837869693465599,1.5711109770403395,1.62576625584893,2.249930831625396,1.8503070366125074,0.05644386340803789,1.2069867548965691,0.40548982470523526,1.8975156314614874,0.8601192136962187,1.9537910957727334,1.6336916174432088,1.3010930334607436,-1.6780729383771638,1.3613151590395716,0.563711271649996,1.0647726447213606,0.9114647906803517,jumping,ELEC292_Jumping_RightHand_Data_Christian.csv
0.07892960985671743,0.6434163129633449,0.2636507267315627,-0.33163644328135594,0.3187132490762939,0.005178719333223318,0.0666383455709854,0.10225431337076288,0.9668697708017948,0.6860816978128411,1.692443014616879,0.43006688748030575,0.5682888929995774,0.45364644356857053,0.17899817151077854,1.950946068285765,2.048865220273561,2.286907856238616,1.4553262555284778,-0.18691543639334984,1.0489230468084791,1.1273557269222982,1.9490943779401932,0.33930093001619943,0.726446730117052,0.9259474328388527,0.38365066847373785,-1.7010684788017327,0.49110800904776414,-0.7427622293447605,0.3460793061032014,0.10606442161700666,jumping,ELEC292_Jumping_RightHand_Data_Christian.csv
0.30100435136891496,0.763991502535169,0.7511997828887932,-0.43649328627024553,0.7509596313755724,0.3130201599732259,0.13006483753903195,0.5484379779324576,1.1098119215840985,0.17079505784454335,0.6947353787137553,0.5474437255248606,-0.04896002141208959,0.8112555931149741,-0.1701610452350225,1.0920531415995205,2.257277508076412,1.9458418984997845,1.2188893907476175,-0.06547584325335187,0.8393010286225981,2.004515427762275,1.4942882442944465,0.08610448489619728,0.6473097017741434,0.9368696082250344,0.581468639093246,-1.7210597620836798,0.6805964700115502,0.1402176891199882,0.3553706883000581,-0.10761960981332956,jumping,ELEC292_Jumping_RightHand_Data_Christian.csv
0.5999924116612766,2.4475069243664276,1.9259540559262254,-1.8120812682846352,2.139505625822013,-0.24940616431672086,1.5691447075977087,1.2952343772844042,1.2229478720850264,3.3189802030309568,4.1062879441548095,-0.9627560870743026,2.905425177620466,-0.16969319580918102,4.084216286315862,1.4502099957670882,0.9204974270809703,2.21580467659779,1.6841197272082924,-0.7640408452333831,1.4496509411431406,-0.18341104317362392,1.8504034808985121,1.124707281189097,3.654366762726755,2.452029756381491,1.9766138807747742,-0.9633101605954467,1.9501642159536257,1.8328245308243467,2.1910926560177533,1.0630923132724885,jumping,ELEC292_Jumping_RightHand_Data_Christian.csv
-0.04851928051741091,0.947612397244738,1.1866343607572662,-0.5669171653233847,1.1483683125023714,-0.38215722030734567,0.2368346525422433,1.8929297743771092,1.9543164682344862,3.3419991760628736,4.508968816078989,-0.2609616598516799,2.584473523920578,0.7445891706199598,4.134004079754706,1.2235264043036065,2.055341309376344,3.7522343718212423,2.99394494065129,-0.7884538840131835,2.3317859945570296,0.07653868591198024,4.437560169035329,1.2588167713613134,3.0442983751457553,2.276091958010472,1.7036886671002591,-1.5789010811499367,1.7365586226031766,1.2594812881940258,1.9222136356019601,0.734118581518755,jumping,ELEC292_Jumping_RightHand_Data_Christian.csv
0.2688695206882188,1.484531878211441,1.0518404191589512,-0.8778082519953759,1.1339046662218935,-0.2511870753575204,0.6195393499678388,0.7175778263523028,1.3544420934447612,2.8124577256880188,3.3137545938737087,-0.42802289489925216,2.079157248454136,0.23648911299872558,3.0572976781783683,0.992560380536731,2.0460972932308867,3.9427236555741065,3.96071172844445,-0.9605381669544666,3.0492113224661996,0.1973805328601298,4.824744293820363,0.8717079504906254,3.6285086459152565,2.0164288410869795,2.0528224002026705,-1.353295956899296,2.0515912386455373,2.8459485920214664,1.5521279423109064,0.7312175188891161,jumping,ELEC292_Jumping_RightHand_Data_Christian.csv
-0.32159292003276,0.4504337668712591,0.14433383709871422,-0.5983015015550432,0.3032742728777071,-0.3280955939359814,-0.023849351806861128,0.1558915845825724,2.136234586865097,2.427905707321394,2.857759878253971,0.11063274974902368,1.427982082274282,1.0306077815852164,2.3653504153295195,1.056619177767717,0.9051850113128089,1.5318229139184913,1.9503677056331445,-0.05219270576705173,1.3203448805293612,0.6917985474400035,1.0053248280514315,1.686303011596996,1.3298273425046017,1.2134612501744313,1.047121964196792,-1.7110954333390147,1.1224022313565365,-0.485750829802051,0.6094697478605557,0.5066936576406904,jumping,ELEC292_Jumping_RightHand_Data_Christian.csv
-0.10418098310303181,0.5503252956000353,0.04959718061271993,-0.32501926386000307,0.14112232636084102,0.03233151262448061,0.02129421331352143,-0.22218661540753937,2.0658075438473564,1.571983338174359,1.8950969608149328,0.40442721632317985,0.6950325141597017,1.5733293365851686,1.0969458932126217,0.8434982469934378,0.4607284632367946,0.8273347583236024,0.41898765173205926,-0.05951079789204851,0.304437592705697,0.49981016892725627,0.3324211150612923,0.2092629206385092,0.6687237118678887,0.755938130951888,0.17197360717036114,-1.6517275838077097,0.28626567655559404,-0.792784475637567,0.2087281130099206,-0.14064152894554272,jumping,ELEC292_Jumping_RightHand_Data_Christian.csv
0.14659617623300955,0.7239691165900976,0.5480415549036608,-0.25782944208803055,0.5291327836047683,-0.03237898553626461,0.10842423425680056,0.8267817156672774,1.9550673907752276,3.218414820035462,3.6400251801188386,-0.596595618606299,2.380076325499367,1.2412187099665735,3.869883641600185,0.7123546370692595,1.7881420546175488,2.7100010336757476,2.9431992145801735,-0.5714426256065365,2.2045846100302247,1.199607320557661,2.578565710367818,1.0624782581620447,3.079199483648552,1.6528553928065999,1.380511027665479,-1.3964000712093272,1.4158465319938762,3.5743935356464824,1.0875270571702127,0.41874032900620184,jumping,ELEC292_Jumping_RightHand_Data_Christian.csv
0.2800022754897179,1.413791505561707,1.2020018016693106,-0.7964678460923154,1.2319140724603848,-0.2158494102674554,0.563107343182471,1.2823114523153938,1.6029612907456654,3.9153813780862676,5.166137277576844,-0.715057390521912,3.277753086774494,0.06647351264153782,5.4616847167689135,1.2047611919579528,1.7097778982843694,3.2523353774860984,2.5823783733711423,-0.9448690105849683,2.1252520876300176,0.07319099606040477,3.491164865884592,0.9393425798421335,3.800902792325606,2.335299174401165,1.9175871210593975,-1.2119379762602038,1.9125549306855298,2.8690659878051266,2.011063418017815,0.8293777746691844,jumping,ELEC292_Jumping_RightHand_Data_Christian.csv
0.051456794723288714,1.5353281071436113,1.2499510676167351,-2.104982353146424,1.675635187146908,-0.4327912029088175,0.6611862978057479,1.4919496258863563,1.3636979661383277,3.1444824175528514,3.6071140835047983,-0.39788584939555227,2.211454106058529,0.05339979389341122,3.7156146887499553,1.1669655591268973,2.1480603714260713,4.44817315305402,3.145165508232454,-1.0900087474593085,2.5622480675295827,0.17141156160364282,5.9231373990349345,0.7807515360834311,3.9031568128542187,2.2869634026351897,1.681419108864542,-1.6663451383438734,1.7218966346060642,2.680987210401545,1.938403693198618,0.8053497886185713,jumping,ELEC292_Jumping_RightHand_Data_Christian.csv
0.5587560650363246,1.8367461604073032,1.9741444656053726,-0.9172495498974288,1.9024780164529094,0.04029681997248746,0.9276607990760516,1.3331665378393682,1.0295100153315893,3.6137478098095497,3.7403053456018,-0.6914484927905495,2.505316974414126,-0.618474833233139,4.742268571595397,1.2149271676978006,2.4268016900387206,4.859510194846552,3.6899737275355666,-1.5500010340870287,3.1228374148623206,0.3628474086467486,6.8931606529127905,0.7035743287293844,5.034628045385972,2.5676196864722955,2.034584182045986,-1.4619350692688653,2.042336654176085,4.6569937222368205,2.3757129802064587,0.7805086235603924,jumping,ELEC292_Jumping_RightHand_Data_Christian.csv
0.5598973422579404,1.8931341226786969,1.5073831070298152,-1.057897334953725,1.563153145186422,-0.18569590382028664,0.9811884996139122,1.158653891614051,1.2687642006188873,3.7873963814067886,4.411889081143952,-0.7553112107792009,2.90927786751221,-0.3506830855408527,5.150744633096923,1.3183681549480024,1.8579695155211493,4.14890896730537,3.0067655074775286,-1.6079201694532497,2.693132635553826,0.29774621982605587,5.260346613300653,0.7561295140704392,4.6180428090672,2.5711687921297335,2.0651495991039566,-1.3679630271045298,2.0643974109767504,3.406625454037592,2.3814816047261695,0.7591845129358037,jumping,ELEC292_Jumping_RightHand_Data_Christian.csv
0.3344242162035626,1.5312671772047006,1.302410819735224,-1.5379846089314666,1.5434263139895226,-0.07425478953306629,0.6578222250049861,1.5342431158609,1.9013199936527037,3.669085566727032,4.312128985658435,-1.0443115691466591,3.0764041711181296,0.7970176453969193,4.870764956331397,1.077857000896606,1.3551985007439387,2.4999816151212806,1.7698255019010616,-0.8427794427196231,1.5405842393518083,0.5950080632071066,2.2570662545754256,0.6765007667722758,3.571614224029078,2.1452354572142784,1.715202907906148,-1.4844711162566342,1.740479506425463,2.8046401947902124,1.731724161935799,0.9438444692126005,jumping,ELEC292_Jumping_RightHand_Data_Christian.csv
-0.23468555928450346,0.4778734670770559,0.28983127803644443,-0.31193033751176685,0.3340937952111659,-0.2696670761832015,-0.01181094099713896,0.3366639628438085,2.0041897237931696,2.39093903055233,3.227142935099329,0.31755834133978494,1.465979766765621,0.825512626461878,2.3028216338785388,1.1080972619379719,1.0371656760294632,1.7431713098069888,1.2152183032611572,-0.15690107423404995,0.8762205617101593,0.4014270947413128,1.2462817497947882,0.7210407830654614,1.4330448102428917,1.1992594856204581,0.6531796279153578,-1.410490779469999,0.7256545015358631,-0.4626928765815244,0.5955416792918601,0.3448468901052679,jumping,ELEC292_Jumping_RightHand_Data_Christian.csv
-0.32649638803606185,0.17227509608906363,-0.09461781341642277,-0.1960787964059039,-0.016997957860348162,-0.22386350970658592,-0.13039268115424857,0.0339965956099613,1.9563958506013435,1.5821685726369208,2.1324622461999847,0.36865222487530663,0.8478558827724736,1.5068155998859651,1.1098351727331133,0.9184794906551911,1.771782418104681,1.737855150240726,1.174713970279141,-0.14780801739937333,0.8453519732985016,1.9633680966014893,1.2399996669815503,0.1418229307882356,0.8570766100956866,0.8867723961218299,0.3985599595383901,-1.4327853113686846,0.48532740693722104,-0.6179372481031293,0.31321760138429167,0.04481695770493139,jumping,ELEC292_Jumping_RightHand_Data_Christian.csv
-0.2958169793304477,0.28650161221807874,0.2641768589092794,-0.23559281060376988,0.28946234496805084,-0.19973582533158957,-0.09005288921363203,0.35133911855091965,2.2172501404810157,1.862527301689202,2.457746032528776,0.4155547408788018,0.9842876782013709,1.5966330016125796,1.4854705950459366,0.9334783287710884,1.0383584829961454,1.050109253573614,0.5440211287860858,0.20459522050774642,0.2739323118431203,0.9972833566727624,0.5235390696172484,0.04657270830203589,0.8316822633814553,0.8886620806037758,0.3959380845201636,-1.582984851591928,0.494004768665302,-0.9563303459113693,0.31478608852534007,-0.09463196996144574,jumping,ELEC292_Jumping_RightHand_Data_Christian.csv
-0.5360991912853241,0.03679008649102318,-0.09754442283118124,-0.13885110191386735,-0.037084357589918224,-0.5130419791180768,-0.17207453495471645,0.3644749288533794,2.0776700702763713,1.22732418393016,2.045783911213845,0.5066706209968682,0.6969659151860447,1.8717918376139615,0.6920816017311048,0.7488134367937241,1.7265731022897208,1.964083076385574,1.3037009260679953,-0.1612802904328448,0.9369868306770859,1.5818289779017558,1.5174235174076687,0.22460088739421802,0.7261812065749307,0.7856976892448776,0.3581412412026071,-1.525787890829102,0.4538301970988983,-0.5672478131952783,0.23178398767148814,-0.0512639828147415,jumping,ELEC292_Jumping_RightHand_Data_Christian.csv
-0.30214100266367483,0.2059182265095831,-0.0627813422994738,-0.18312075937069988,0.0051065207903022245,-0.2669713136986741,-0.11900546530727701,-0.03575457531084839,2.1733600461373133,1.8323928049775817,2.2902968250304605,0.43140219037742183,0.8836238043996165,1.7314736186768622,1.4431656123825924,0.9193605601972796,1.0771596182434107,1.0345025002758785,0.46460326781874695,0.14997868363269767,0.2445983834173446,0.9162887674011653,0.5094972017657656,0.051039231761031076,0.700734025194786,0.8736180334221686,0.22601954525056703,-1.4761084737620331,0.3245703694522456,-0.863046050521559,0.3023459362307223,0.0793893983359173,jumping,ELEC292_Jumping_RightHand_Data_Christian.csv
-0.41670216927458165,0.15451478075247088,-0.07963949068225286,-0.17692533425131843,-0.01063359375713502,-0.43233987620853026,-0.13623765597551737,0.3184411853775421,2.138486310046197,1.6289905570389154,2.2975378001584894,0.49130536419905013,0.8418722175943659,1.469827473054687,1.1697708349240403,1.0668994126218763,1.3644564559843424,1.4827301269013924,1.5700995132424886,0.1409583711943817,0.9841353422211223,1.1979172248978804,0.9519361812729046,0.5619873892341434,0.5106532195992082,0.9769425558010384,0.6314593774563212,-1.6904522227400802,0.7258305365567973,-1.69338270015442,0.38994357436883376,0.27262580257386004,jumping,ELEC292_Jumping_RightHand_Data_Christian.csv
-0.46295486888402015,0.14599715152075868,-0.1152410944179623,-0.2431116716462847,-0.01937560492375629,-0.4008811815886448,-0.13900004460155235,0.21782622285020148,2.3112180798060624,1.942667862771359,2.4527986994864452,0.4464614402987445,0.9581514808793357,1.7184380714414396,1.600239266333941,0.9216490279167676,1.1255301346915956,1.098732931774366,0.5415172587949263,0.04276790581205085,0.3419396702978598,1.1581999743960474,0.5679178866161897,0.01780553147092272,0.8091896048646523,0.9404239870950675,0.19519263195006978,-1.572961455023393,0.3024753246653087,-1.275718560103263,0.35840652966946035,-0.0014648545508350141,jumping,ELEC292_Jumping_RightHand_Data_Christian.csv
-0.3114341617111864,0.34085709739214975,0.2251005912239585,-0.4902887734264486,0.33612985232467407,-0.23808640145774085,-0.06918700630202627,0.23810132893584665,1.9829681813606839,2.0943175778074505,2.397177879353695,-0.33647118666665704,1.5244898493030308,1.3819759005347536,1.8264109468287648,0.6937221920445712,1.0854659011889676,1.5807203783458785,1.0669722575421514,-0.2851059019700693,0.8327677622763016,0.8587605076900642,1.0594685599187028,0.596306058998858,1.1950283699511621,0.9467153639878652,0.5797536114693127,-1.5180012764396946,0.6638667153886612,0.6120124247780308,0.3637947248003106,0.20332231087161112,jumping,ELEC292_Jumping_RightHand_Data_Christian.csv
0.12751191168953208,1.2155804621417012,1.3177070137188338,-1.1155031537176379,1.4254024213316474,-0.19362461712032308,0.41470258532933685,1.5985972949950455,1.6310807060446941,4.671322105541739,5.566937896364811,-0.8036510319306784,3.557249514422783,-0.12245603706976896,7.469240618552815,1.2083559493881924,2.7527506216784023,4.257708849726462,3.0520422541919427,-0.4593143226846866,2.2287382782164293,0.548432924142288,5.497125185001656,0.7125598277087541,5.1163875675778865,2.6144991406676312,2.000292170477749,-1.1086146073389287,1.9834726697896363,4.968903780488198,2.4523899841020187,0.742399387198231,jumping,ELEC292_Jumping_RightHand_Data_Christian.csv
0.030089926378370227,0.9411786237166125,0.7682552310212805,-1.5737319204829952,1.1164116547173708,-0.2139221230347742,0.23288586624385493,0.6851797284531493,1.7525969861064445,3.9094109624739404,4.454841529726812,-0.4080026235296599,2.6677226741087603,0.23007631072219367,5.44699314580745,1.0945095473195083,2.5055084865323805,4.323429881044227,3.5107964156757148,-1.020916064531109,2.7758100903327914,0.616979308087031,5.642468259526983,0.6547852172719136,4.52310650610161,2.2034168263799567,1.9303416774010302,-0.8818177541407047,1.9001281903786615,3.8370552798685362,1.8154196263332119,0.5930640019231187,jumping,ELEC292_Jumping_RightHand_Data_Christian.csv
-0.14104139794385567,0.7756856646685248,0.5953331556289401,-3.2374362573487057,1.488767394631099,-0.3101767019544988,0.13649823104245498,0.11945108930674767,1.7135586752474263,4.208497677740284,4.420916962711728,-0.5041166167897939,2.722909282311869,0.11880655889174266,6.2053988029643685,1.0322610595077089,2.685150559862622,4.307950382181102,4.1463369759048305,-0.3676999564483999,2.9174936533330666,0.25529881474677846,5.60807807228269,1.274504499399862,4.609049985193329,2.2788898530708828,1.9724319228312595,-0.9422692995565691,1.9446251346845547,4.011739383177565,1.9263749970022455,0.5053346265616739,jumping,ELEC292_Jumping_RightHand_Data_Christian.csv
-0.003688467798942097,0.5995185451372452,0.4020618261363568,-0.4492622610723546,0.4685769395718983,-0.07107110621879197,0.04486244164290078,0.6493332504257436,1.5989385706828085,2.8559904753887566,3.244651958643591,-0.39126497207897976,2.014621163454426,0.9057489964776527,3.140397713539355,0.7409089188103659,2.0705478117082015,3.842053344474362,2.7704604258242354,-0.7533474103180476,2.167953217543935,0.6366429222501736,4.6182983506845305,1.1400549435501517,3.1116856630352006,1.7052446843604776,1.2169477844476961,-1.3443909925640014,1.2565321077470484,3.581388818356139,1.1506187654884479,0.8454281770758307,jumping,ELEC292_Jumping_RightHand_Data_Christian.csv
-0.46490340425934545,0.4307272676159518,0.20882886076876211,-0.385911857659593,0.290527566899222,-0.7123088403150637,-0.03232571940029195,0.7512097274148015,1.9435832958640111,1.7807954108388548,2.857066451887664,0.3507832750911912,1.2448734662597496,1.1751630305273,1.3718086559942775,1.182685718337627,1.2712720418610546,1.7378794962534887,0.7655100779948105,-0.7446762710405804,0.8300241661495583,1.1915143620978017,1.2400284105453445,-0.11376766840654519,0.9980294721817273,0.9250532300330816,0.536544470076902,-1.403986079688952,0.6143232979815223,-0.6174460750727259,0.3453211156271809,0.2158301208667169,jumping,ELEC292_Jumping_RightHand_Data_Christian.csv
-0.19303949301355527,0.4553602765974675,0.15799134916543758,-0.4614495057994291,0.27218058009958024,-0.04264971863980996,-0.021708193969020455,-0.05994825372701237,2.085100959027744,1.8127602950598123,2.493884230175445,0.4591839100417047,0.970210541648711,1.50317022718037,1.415854109767148,0.9409193666415188,1.5102318407990758,1.4268761563533585,0.7056242850805332,-0.3023899844636272,0.5997500098142184,1.541006664894899,0.8923783131287437,-0.17807290380929017,1.2774604612275162,0.8707769954772373,0.36477813476082244,-1.5755047951153565,0.4638348026384971,0.3625474860382923,0.3000086543813812,-0.12975560311714598,jumping,ELEC292_Jumping_RightHand_Data_Christian.csv
-0.2341166467057224,0.516494244215204,0.052830700464479775,-0.39428877058464434,0.16518195898295365,-0.13207340618754568,0.005597803537073859,0.022454534003918468,2.0327243236014376,2.2429254857939025,2.6005785928874636,0.27941875097417496,1.163458930227166,1.1383466752481846,2.0594647123481575,0.9727096259666699,1.5234815057922133,1.6231363881695888,1.196608713328019,0.13171982546978894,0.7395731891509748,1.314176312314711,1.1072175051161235,0.6864796830824624,1.514886604391396,1.1213371320088077,0.4522749198254127,-1.6122629790432437,0.549723243267949,-0.1810013227277924,0.5208185833774313,0.2181375153765869,jumping,ELEC292_Jumping_RightHand_Data_Christian.csv
-0.26430733112007326,0.3439457167636954,0.1183725075345478,-0.3769095850180382,0.2135619116956128,-0.13390310923797968,-0.06796901962302325,-0.021094043054811662,2.3489315212855777,2.76009822314749,3.4713891467414753,-0.3968750992837788,2.1388668869213197,1.6069011194045684,2.9586330467428494,0.8363006930379244,0.7072196733246668,0.6937373432386904,0.4578541147189343,0.004387931364848447,0.3027901823608703,0.732328343760917,0.22742159598102835,0.06092443694183107,1.5903402841611118,1.1400595854280153,0.6840082125681414,-1.6795454360397881,0.7749607491266105,0.41724807313795725,0.538510248254775,0.20377194950040403,jumping,ELEC292_Jumping_RightHand_Data_Christian.csv
-0.33719575137545116,0.33411611493790966,-0.10413203513282071,-1.265284100048425,0.3056384363943802,-0.17193653689406135,-0.07183321479942616,-0.2950216278958345,1.7888323445946706,2.761581686876054,3.1761494039741733,-1.0785008881138254,2.5013231600846098,0.9915774826493516,2.9614091261542566,0.69629516194358,1.8714341050143986,2.4965622254886624,2.937636105226578,-0.38229249345797245,2.1194454357541876,0.9444028602974693,2.2519791928511266,1.3057746585507548,2.0578091513830223,1.406347880983232,1.2551429166863437,-1.2613497283403878,1.2866568130942597,1.0898144238221936,0.8080849572010449,0.4658199492754446,jumping,ELEC292_Jumping_RightHand_Data_Christian.csv
0.475267555099245,0.5104327428597474,0.006004945800922207,-0.6421784911699358,0.20339061529935173,0.9080151986912801,0.002829548298139995,-1.5386355940651752,0.629690794195929,-0.21701297413387705,0.5989891573236392,0.4652113191424447,-0.03704914087812234,0.7187661903441778,-0.34331547780536736,0.3709435551068294,0.380906775892867,0.634890692367628,0.7335057249843999,-0.41223411141529986,0.6655963168560486,0.14404501093905936,0.18345836629400544,-0.04721468876147932,0.16418398279143023,-0.2783473868274038,-0.09428620821617706,-1.5216048247061758,0.023541990317646522,1.3678713575111672,-0.3323259938210927,-0.6926668124467545,walking,Data_WalkingOutside_Ben.csv
1.1414885740505036,-0.17160704220936757,-0.0020350098464637706,0.8045696201915127,-0.2503220109465965,1.2471811553949936,-0.22312783383436383,-0.379827075355561,0.6546965215105797,-0.23082958346095078,0.12619218030281326,0.45714386384736233,-0.28108811962530406,0.6783617196285233,-0.3480644861680632,0.6028841351231381,-1.0746713792935974,-0.4313743567419575,-0.599823861874707,0.08887334141208679,-0.43741701554559403,-1.12355931331385,-0.3708902523569882,-0.03999941316530371,0.36024021551809987,-0.32521972432650514,-0.3103962111999572,0.5934104488948531,-0.33912093812887806,1.4700962837730582,-0.34486210417797486,-0.6251621565204015,walking,Data_WalkingOutside_Ben.csv
0.9507798717634719,-0.25820701455429956,-0.012217857597446499,0.8216579406720232,-0.2639541547400494,1.00958811432114,-0.23968758019432318,0.08161924613225462,0.7052033252015276,-0.2893071919146631,0.1045092615366405,0.5078946486886945,-0.3311801453355125,0.760850204686249,-0.3670823914742119,0.23050006896281883,-1.4266231940339011,-0.5007336303283442,-0.7890166535105436,0.08302468729878813,-0.5607974097019217,-1.2361456927251762,-0.3910454460256597,-1.0327458954395987,-0.06603317530651956,-0.3946336479133175,-0.35983003363061505,0.5619705550596371,-0.38376382843770496,0.6243631915586336,-0.361518214722212,-0.45475019196570443,walking,Data_WalkingOutside_Ben.csv
0.38618465613539305,-0.04725074402940815,-0.14146549007098722,-0.6343105928985158,0.08001814050781698,0.4293404823949367,-0.19456749628669875,-0.414893430067622,0.5749826627508716,-0.3419280914595396,-0.06846068872365847,0.48575087484468865,-0.40585600223919643,0.6666240012749851,-0.38269954741881795,0.0864142611026231,1.573739759709019,0.1306484556493602,0.08533285855167679,-0.08815756427231071,0.09474040778123835,1.9949273846218443,-0.13591948175857574,-0.6567921920370166,-0.3832993184975625,-0.3315814043774297,-0.3766379138382992,-0.4514142898543768,-0.32438037204870157,0.02256111453342524,-0.3464834655764165,-0.4632227145177817,walking,Data_WalkingOutside_Ben.csv
-0.5339992056278803,-0.10577692741521622,-0.35739886249747177,-0.6793946720134768,-0.0831361039514458,-0.411273895042233,-0.20871105863940798,-0.9117828151181561,1.024981566567174,-0.4303702779164767,0.1808128661677308,0.7066786017826219,-0.4420684654210692,1.081700255967588,-0.4057553105322184,0.774781920608438,2.841726495265902,-0.15788487555218508,0.05987057176753201,0.9749880969740522,-0.3799330393669681,3.248198396908911,-0.2724833906018053,-0.3354581622102414,-0.5049591518420454,-0.32969162142994995,-0.41598179419241965,-0.26102254388198104,-0.3759298409592531,-0.08395746869762645,-0.346003826905447,-0.6950992580436905,walking,Data_WalkingOutside_Ben.csv
-0.8846833481226346,0.02219809659467331,-0.3683380252356157,-0.7766163082168831,-0.06206089036668886,-0.6643828181597832,-0.1761646619601055,-0.9764519915289185,0.9355588531001371,-0.40722169586060764,0.1427410745936123,0.6837466282993705,-0.44476393718576296,0.9033060242546898,-0.4001075561596192,0.7125406735995393,2.7062006489604586,-0.34279012492053795,0.06269448488004872,0.9186111443074733,-0.35378118169036443,3.2217093958678977,-0.34232331720975534,-0.629633564449373,-0.5569238291030802,-0.44902813482665394,-0.4287937362980427,-0.2776399872435059,-0.3868703244262624,-0.16896850388868875,-0.3729778218012916,-0.7162952637806933,walking,Data_WalkingOutside_Ben.csv
-2.3702962650941726,-0.04614656171655998,-0.831345212078077,-1.4896137541007322,-0.22142168610966528,-2.12225362151011,-0.1942886581771156,-0.9041026533788866,0.3753854524162225,-0.4418835592073549,-0.273688314602404,0.4898587860346959,-0.5175769549991547,0.39866048215803845,-0.40846217808085283,-0.14342916834575112,0.37281839585817333,-0.4466700779452992,-0.44629709773605203,0.3596863986381092,-0.4518490827902689,0.4680883718299368,-0.37550203089764367,-0.01858389362863032,-0.35058096917009773,-0.17998655313085002,-0.38109468780133415,-0.4075390210996911,-0.3318786440892523,-0.16483938786361657,-0.3026410694175492,-0.5886227026472465,walking,Data_WalkingOutside_Ben.csv
-2.3964260500772716,-0.0943728041184346,-0.8527741330408182,-1.3282563788006836,-0.28886326846198385,-2.1537977022690895,-0.2060530459534752,-0.7745306669844261,0.32315582886758615,-0.5031277906639914,-0.204198960551162,0.5700604191771931,-0.5418362005514246,0.29662821906160386,-0.421720894554767,0.4384236110902913,0.04787057861237836,-0.7350298453193779,-0.6355557807470199,0.468439358866815,-0.6246142069768913,0.21038126965662524,-0.4447641252277085,-0.3494425781100664,-0.4155310661665185,-0.23566473174298133,-0.41989789102847475,-0.19752757979115595,-0.38437322457381634,-0.2539127417876777,-0.32000651172511274,-0.5847117486744529,walking,Data_WalkingOutside_Ben.csv
-2.341147682907455,-0.18430659124476237,-0.8635872432872042,-1.3135240654689704,-0.3022841656794374,-2.12050930459877,-0.22572728690198954,-0.8346935836561308,0.5650156233397452,-0.3452203576884278,0.06401047661141754,0.5652848565696017,-0.3962807270492487,0.5130793779214506,-0.3836295392397662,0.9415457284224651,0.16950341611725536,-0.6620828416044499,-0.49888778023566704,0.5131917476059632,-0.5529361925494494,0.3094793846063039,-0.43041567019068955,0.26181511119686196,-0.47761920458151846,-0.32309500762968146,-0.43615858484255016,-0.06579802708094576,-0.4096227017024547,-0.21988820810568116,-0.34431632707133575,-0.6294068975178208,walking,Data_WalkingOutside_Ben.csv
-2.386120575823492,-0.23090231812762882,-0.8090120016087968,-1.1211313915547954,-0.3169860261998857,-2.2406842014858435,-0.2347613951632398,-0.43370707822118354,0.4202002462297948,-0.5121075229386561,-0.19103718886493046,0.5730648508350877,-0.5371579342071674,0.40079808291688246,-0.4235035379484341,0.30541410812047626,-0.052951994001487104,-0.6998441134780299,-0.6318752801351016,0.4034349138716069,-0.5941778290905242,0.19965566189179657,-0.4381114821189862,-1.1305879391947975,-0.45256904091670863,-0.384758639857132,-0.49138919110104917,0.32761074322078093,-0.4913673139628766,0.017414720679090105,-0.35928770712078634,-0.7771173425237458,walking,Data_WalkingOutside_Ben.csv
-2.403890808189954,-0.19128696610967802,-0.8864191831342325,-1.3917085850664466,-0.2968456909622147,-2.189928238697307,-0.2271310555271891,-0.9596304650770123,0.35537812878231473,-0.608250859063782,-0.3757687223910655,0.5842480129933545,-0.6434173813602695,0.37188321597719526,-0.44000336857712546,-0.005719928479530733,-0.16324851851710542,-0.7388297123350659,-0.6910927462983769,0.37598115654416653,-0.6217641242535721,0.04211923570520191,-0.4454526617826767,-1.1741715215724078,-0.4541578376961687,-0.3317855771229374,-0.4025268892007024,0.22829191395776965,-0.3995289829144044,-0.26249216653355256,-0.34653518478993695,-0.36916051441013586,walking,Data_WalkingOutside_Ben.csv
-2.3949556853290055,-0.10697249458912975,-0.8452438677300708,-1.3666360199886078,-0.27082640927255175,-2.1453444741728247,-0.20898696991541946,-0.7972198460946296,0.3092252135725872,-0.5305436671860249,-0.36142012420218583,0.5729443026134261,-0.6272233822949976,0.3777425322120371,-0.4270341089469583,-0.212753370871052,-0.10328411328761819,-0.731565519297775,-0.7275494696054081,0.44245503955107274,-0.6746441205582442,0.14332997039245354,-0.4441313073089754,-1.4456393974172521,-0.44002456706013965,-0.25496711746367445,-0.4097119195881878,-0.28000411784313395,-0.36855958204661116,-0.3090370399177367,-0.3256844734514711,-0.6029735662246627,walking,Data_WalkingOutside_Ben.csv
-2.4187249467447742,-0.147756837265394,-0.8521603123132668,-1.1712474369021042,-0.3368836524017616,-2.2533457466469997,-0.21808710817913632,-0.49412103333790797,0.301716771482607,-0.5805370570841428,-0.3030122619364818,0.5689105749968589,-0.5932477373507039,0.34907577959491554,-0.43573251878084684,-0.2836984789903507,-0.32787089749010107,-0.758731075644769,-0.7354187752649586,0.25100618280576414,-0.5974538582419953,-0.09419348805031871,-0.44896354876088845,-2.557854909437916,-0.42426068588304655,-0.29158197543355574,-0.4875878501136221,-0.17188411545871343,-0.45061117880730156,0.1453342190271983,-0.3359708880548773,-0.9317425756770872,walking,Data_WalkingOutside_Ben.csv
-2.379717991677813,-0.1692719323463774,-0.8556788205377955,-1.2051913854056222,-0.3292787769869456,-2.239635171730409,-0.22264346550377,-0.5487482314712459,0.14786819370739296,-0.5871757160110965,-0.4144005893333422,0.5523305633996901,-0.6395717475961354,0.18520578130783927,-0.436791376634618,-0.21464229152095757,-0.30955811697013424,-0.8335098413331076,-0.8067978955721897,0.4318343491292925,-0.7228073865881712,-0.028149745801566494,-0.46072598610863036,-2.1786057795203004,-0.4839041373531937,-0.31372851275072666,-0.4644508643781356,-0.17610870812927432,-0.42830814490764074,0.10342828733303486,-0.34188489822060186,-0.8866554671161648,walking,Data_WalkingOutside_Ben.csv
-2.402129871930244,-0.13496314421161157,-0.8367051825950979,-1.3619385494553904,-0.2652755693738564,-2.2557609547094275,-0.21529773416883086,-0.5959723899608952,0.19499130893181812,-0.6052416936469878,-0.4779158058569731,0.5496321386802391,-0.6711271130051384,0.2526165470255558,-0.4395586636687411,-0.7268578541632095,-0.21383452030186217,-0.722343413968495,-0.5591030291452228,0.5102965182398222,-0.5917599566832638,0.06812070886393358,-0.4424231094521554,-0.5990032091381785,-0.425033455245037,-0.28064137243498727,-0.42188014786679906,-0.31074609596316666,-0.37783796568954425,0.22396954070250516,-0.33296370774736567,-0.8357162250930866,walking,Data_WalkingOutside_Ben.csv
-2.4098706532386616,-0.1367983903124071,-0.8788286318173288,-1.1951710850113106,-0.3513607825892909,-2.2316942605501975,-0.21570153294063313,-0.6258710252704845,0.18557367090908788,-0.5334197306147788,-0.3933844269832869,0.5199031023039011,-0.6037756007514636,0.20135230109102153,-0.4275691970148407,-0.18252385269258362,-0.31594830771410115,-0.8430543684686381,-0.7865786748945156,0.3628726056868878,-0.6796615189171505,-0.07248225795409263,-0.46206479546549284,-2.536576580387134,-0.41421001102159,-0.28508846153943396,-0.47600042142496046,0.08330800545009644,-0.4585753301488052,0.15859742077650965,-0.3341928821604801,-0.8393319731906476,walking,Data_WalkingOutside_Ben.csv
-2.3876379390058835,-0.10218367445836558,-0.8176712586828567,-1.3298125073756335,-0.2595943856508649,-2.2452218650639577,-0.2078786770316399,-0.5308686237163819,0.07961414544456981,-0.5505899794764507,-0.4460981894945448,0.5246601190026453,-0.635288628876274,0.07189385737280173,-0.43067561808001087,0.13403280333881826,-0.03881963748941911,-0.710612150629389,-0.6444793474025245,0.43723198765469334,-0.6171162970387295,0.13439196399413947,-0.44020050962042645,-0.6693914734356796,-0.38945961129240486,-0.24438226453055614,-0.41277923667898464,-0.5627465875873301,-0.35044940478666575,0.4005744796048303,-0.3225926689198254,-0.9356168770246442,walking,Data_WalkingOutside_Ben.csv
-2.3111058843553858,-0.1547554899508674,-0.8747511082455086,-1.2795364868382009,-0.3219435779115797,-2.0525541329894734,-0.2195877617843052,-0.853264000526915,0.45935273283869854,-0.5039910723633633,-0.19931830363150602,0.5464607942144095,-0.5212955770049899,0.48132073864042413,-0.4218940650552916,-0.07625030654178185,0.5213179841844141,-0.3948776721897226,-0.41481987522361863,0.4801657650269063,-0.4827740462767831,0.7024266494980979,-0.35950453760063306,-0.2040607710851191,-0.42639778380235765,-0.316941740232204,-0.4385489872436124,0.07471266114046478,-0.422343140022708,0.027918693516787794,-0.34272368877625803,-0.6750399393767931,walking,Data_WalkingOutside_Ben.csv
-2.371734031785792,-0.14278657672087575,-0.8723780333690803,-1.1919715695500406,-0.3470594434737417,-2.2124823783576626,-0.21701054205679002,-0.6094898304764118,0.3018736407231507,-0.5600247722372611,-0.3598999195805647,0.5656557740651138,-0.6208727944743271,0.3524921237342971,-0.43231831403201176,-0.37793780386528614,-0.026087864207244533,-0.8426054573847358,-0.705278205122615,0.565713244058006,-0.712891604242749,0.23537518579993744,-0.4620026512448598,-1.5278395299894827,-0.5019496076213158,-0.2894385019801951,-0.4794300476590464,0.051669411531377094,-0.45948206354786536,0.06548366360758681,-0.33538618296152,-0.8404516372621076,walking,Data_WalkingOutside_Ben.csv
-2.441828832938271,-0.25621086907617835,-0.8807139384213513,-1.2943560604244175,-0.32225370570194745,-2.2834016689934105,-0.2393366515856293,-0.8601770679892298,0.2673702413886667,-0.5801105082870809,-0.3696078930740684,0.5683541987226167,-0.6280630711441486,0.29895667700146006,-0.43566371356701683,0.1192171188200473,-0.13653295348134292,-0.7999994851063775,-0.6693580253761344,0.430088482158718,-0.6305962487184312,0.14306995560875516,-0.45573416510551973,-1.6708653123216246,-0.33974655793551223,-0.40993601882018527,-0.43269362301853986,0.2578134068977324,-0.43039406298218,0.22028945068199404,-0.36488351503382593,-0.46617460600314026,walking,Data_WalkingOutside_Ben.csv
-2.372952094496503,-0.11429286140354934,-0.8778366536511165,-1.397467713285359,-0.2880272712692137,-2.1146786508096027,-0.21066499298949365,-1.0827657153141,0.2489114384655913,-0.5146708932883137,-0.36710088889245146,0.46533186730215814,-0.5483420249708093,0.27416432578365,-0.4240048424581141,-0.30257039240260836,-0.39033540811934586,-0.8141827779470563,-0.6898596373650603,0.384885077831672,-0.6247770688157095,-0.14154867124910306,-0.4579023093600588,-1.362826172450806,-0.5182336628163536,-0.2589641496246631,-0.4107562905857675,0.12048568476540648,-0.3993333418228491,-0.5492231164923347,-0.32683821208090547,-0.354897235545079,walking,Data_WalkingOutside_Ben.csv
-2.4067253104828508,-0.2242987699812903,-0.8622719130992027,-1.2615755712937162,-0.31726019712497583,-2.29215984767957,-0.23352920827496076,-0.48644545187983457,0.3630381523888341,-0.6511587784865017,-0.37199488105445955,0.5897004999729534,-0.6455695249823243,0.4162575166189158,-0.4458402635409315,-0.4958712749960446,-0.39579084417842647,-0.8408714581296545,-0.7997381117847523,0.463856458202699,-0.7318963316707645,-0.1649174953199946,-0.46176184378695556,-1.5454911286383703,-0.4845023038525453,-0.37380987497597995,-0.4586774197673214,-0.09623556288322029,-0.42876071429177226,0.17083733428885337,-0.35676075080959,-0.9218784143891297,walking,Data_WalkingOutside_Ben.csv
-2.4323740645004186,-0.15346335570606545,-0.8761267244030534,-1.2163606027685665,-0.3425962982842852,-2.27058154951573,-0.21931204564617368,-0.5332409161819365,0.3422492896150996,-0.6111785955868715,-0.3530990041539827,0.6053717637092151,-0.6474958699753356,0.3763683603047447,-0.44043159157602624,-0.12113509051690438,-0.4046822125502444,-0.8035118364308839,-0.7798765867931505,0.33018124764211243,-0.6611265853418681,-0.18402857823062527,-0.45627865247166427,-2.2862397890876114,-0.4088960525668276,-0.3076387605102354,-0.4749222063775904,0.0646116543800783,-0.4561603205873611,0.18618453915338523,-0.3402818140348271,-0.8704592177817759,walking,Data_WalkingOutside_Ben.csv
-2.3952449252504127,-0.238821838853234,-0.8589452238520338,-1.165415592776005,-0.3442503138168178,-2.272984559535005,-0.2362181752875045,-0.5958463712621483,0.29635893291595417,-0.6256572126360476,-0.41392052470661067,0.6052697614583487,-0.6796016197017269,0.33792971879577144,-0.4424848014791635,-0.4420828848869628,-0.4508229471410989,-0.8709526848219711,-0.8463138584931942,0.4326490869905774,-0.7494540940039067,-0.20076702661998463,-0.46576716290529246,-2.704178288989671,-0.5048143205975408,-0.3844377898323481,-0.4917276349349848,-0.14874282153337315,-0.45626637200058984,0.12682051305481992,-0.3592144618517419,-0.839910977903603,walking,Data_WalkingOutside_Ben.csv
-2.3909788207921294,-0.05721759284188997,-0.8383329036995458,-1.4706784411250557,-0.2330042889426111,-2.174680713114045,-0.19706430640520842,-0.7486975126925381,0.2406615395091533,-0.5443682131972502,-0.41013334821673836,0.527646004813641,-0.6185301331912542,0.2770462696376935,-0.4295674154884857,-0.28075666338763006,-0.23902428836438372,-0.7779177297556912,-0.7184752942002621,0.4735314706942339,-0.6819854325036487,-0.051681079166551895,-0.45219691640890314,-0.6386071634934805,-0.46434516247549934,-0.20308790175062186,-0.3867991599400524,-0.38770251649316323,-0.338775131204279,-0.09058105049029437,-0.31002410221315135,-0.7067427323191026,walking,Data_WalkingOutside_Ben.csv
-2.41935866085484,-0.11843803711376495,-0.8503572138162467,-1.3159673321921748,-0.2906790895279492,-2.3067608781980495,-0.21160651651543977,-0.5328465216195091,0.2909494574073208,-0.5721949127863978,-0.2613666559684097,0.540349928647754,-0.5494780746207507,0.2947005612401242,-0.434369976125053,0.10093498016864519,-0.1732769374344354,-0.7248318622696108,-0.6911868767354608,0.3549289112477774,-0.612762873978295,-0.014856492753387162,-0.44288742476081794,-0.9512294324234514,-0.39628891177642683,-0.26643336949324675,-0.44135172292901936,-0.1653030700676371,-0.40715875502197846,0.3505638878815256,-0.3289739409752797,-0.8410049324443953,walking,Data_WalkingOutside_Ben.csv
-2.3719974793459047,-0.15314822789951246,-0.8607757250391838,-1.2705342140023326,-0.31326449133426004,-2.175058851799881,-0.21924471124258965,-0.7523602622432288,0.35267701410297075,-0.5290465158821157,-0.2301224501274059,0.540183015777871,-0.5328183658064753,0.45017284241513833,-0.42675389028091654,-0.4871281611508859,-0.37075583605457796,-0.8568957818588528,-0.7766761514921094,0.469094058920034,-0.7188047428825405,-0.12091000175565622,-0.46394096768866466,-2.03805219480471,-0.5448068053185852,-0.3002484093733605,-0.4550164283363181,-0.1218845430265291,-0.42337407935913707,-0.24250996954367715,-0.33831279814347714,-0.6975210839913318,walking,Data_WalkingOutside_Ben.csv
-2.431951473327183,-0.0772517398173912,-0.8524562615717003,-1.401045352629879,-0.2661070717107494,-2.2702765990073246,-0.20197355726754188,-0.632975381273112,0.28192591825801905,-0.5323819172763609,-0.09703786890019203,0.5670838063825692,-0.4828674642983431,0.3353722321621989,-0.427376601324094,0.31587247951866904,-0.3421646856410317,-0.8455091654301623,-0.7852890877115255,0.37001611118286315,-0.6818789459070723,-0.12032496860089958,-0.4624031816931447,-1.9994223572839518,-0.38696714566986135,-0.23000137199514242,-0.40725731824394473,-0.12146144788714353,-0.3780163286127305,0.12906890096277226,-0.3183071508938726,-0.7470510835373132,walking,Data_WalkingOutside_Ben.csv
-2.400353894200039,-0.09353597855931352,-0.8083598170857736,-1.4950238432447633,-0.20089930941112405,-2.2467588157306286,-0.20585613632070293,-0.6685377435192705,0.4456644390807163,-0.59051405012855,-0.08155578482172972,0.5801401018033473,-0.4846103478050859,0.4767210799022652,-0.4373153134615215,0.2907508721394534,-0.580910394068525,-0.7661132185614624,-0.7980625897908531,0.036730116054386655,-0.5468852476643147,-0.38111974562495887,-0.45022519598377636,-2.7063289090299216,-0.49910975248601214,-0.2446342405109905,-0.38011383519630376,-0.3277794805806014,-0.3368775401492442,0.0002647622327043399,-0.3226668860597818,-0.6984761444795181,walking,Data_WalkingOutside_Ben.csv
-2.381583182565181,-0.15453007550008374,-0.8571804891870984,-1.2007411503170322,-0.33188564926917635,-2.21350701210828,-0.21953970657567265,-0.5945590474985888,0.41598651515834745,-0.5857298904700421,-0.2554191887473314,0.6307239738367445,-0.6151008157643209,0.44647021256798985,-0.4365626905757706,0.4318459027536861,-0.5058270527385139,-0.8016755094448423,-0.6876193326857737,0.4692249989889943,-0.6595981893694318,-0.3875226084250372,-0.4559946051276346,0.0331449644843895,-0.544868575675084,-0.2998169385018692,-0.4795406915140054,-0.07560997584787513,-0.4501224705035053,-0.1606986768904699,-0.3381970430126359,-0.7731736450796621,walking,Data_WalkingOutside_Ben.csv
-2.422729477661633,-0.08354145379296395,-0.8413746047570108,-1.2721485151087182,-0.29685468007344185,-2.345306622851674,-0.20348464193475557,-0.4292413067480071,0.3700531385615315,-0.5426060744654381,-0.15281871087213922,0.5511714462649324,-0.5002751311714959,0.41915854622931137,-0.42924994828694274,0.04034194199446039,-0.5620217017331391,-0.7666510304812693,-0.734072709769411,0.3517136063626991,-0.6399169587834376,-0.37338430743840284,-0.4503162508104316,-1.4232175608044118,-0.43065470760389035,-0.23218555141196193,-0.4568107908165227,-0.1523219193704081,-0.4228160187877628,0.46441871882872,-0.31896433783179956,-0.9760617256147835,walking,Data_WalkingOutside_Ben.csv
-2.41875098572942,-0.13663198126491818,-0.879930220853899,-1.158143967080961,-0.3637074687042934,-2.3412812751302527,-0.21566496951266506,-0.3940183571498352,0.2822128917055287,-0.5630592674028022,-0.3287223894168069,0.5172139505388736,-0.567513744110649,0.33395988886970523,-0.4328369683884539,-0.45789065913025206,-0.40666216258201815,-0.7922450235444037,-0.7098435319185827,0.37794525680101787,-0.6350874779405166,-0.1593921821434864,-0.45451442114601814,-2.218697321095283,-0.4276266272007056,-0.28036455392217857,-0.49189670472887026,0.14490692565072294,-0.47826342720695314,0.46024095668732956,-0.33288688594389715,-1.0297726907040365,walking,Data_WalkingOutside_Ben.csv
-2.3902203857969404,-0.11280036841653791,-0.8389960493279113,-1.4108911344583164,-0.2520254669211683,-2.2404280430685612,-0.21032445895654384,-0.5803422204199657,0.30755285560201256,-0.545224169799887,-0.3024388514150572,0.5218040543677348,-0.557098780024411,0.37203590164550343,-0.4297210512921267,-0.3415200958640736,-0.3119977003921909,-0.8383297316348575,-0.7329525574612097,0.42693137284904487,-0.6715560089646048,-0.09266590146750253,-0.46140666957331133,-1.1917462676985795,-0.4924190634152486,-0.25989522664986864,-0.4020271455261948,-0.32464465643077284,-0.35793658238699044,0.209900892506644,-0.3271058813162705,-0.8538677989783744,walking,Data_WalkingOutside_Ben.csv
-2.419310035024059,-0.15789861498802957,-0.8712490416423805,-1.1725708724366113,-0.3521293603969348,-2.2969536697564554,-0.2202559025995064,-0.47595659117914885,0.37401495185808864,-0.5430526890806238,-0.2644337355181848,0.5785358837235336,-0.5801584701654381,0.4042716840703146,-0.4293305608015324,0.017344792454412578,-0.4976694536854156,-0.7640825775862534,-0.7649192582842098,0.2831155851936814,-0.6309094445784071,-0.29050461131068667,-0.44988034298486296,-1.896655991457755,-0.4381674473955682,-0.3014301976122648,-0.48268863850889315,0.06988077586018748,-0.4639331899788503,0.22989728755870265,-0.33862939778948503,-0.9262127694706923,walking,Data_WalkingOutside_Ben.csv
-2.383665315711578,-0.1417979849609672,-0.8475402150155553,-1.2524424090476591,-0.3080013062376801,-2.2603962024697895,-0.21679533801187992,-0.5238473845615346,0.3798715993593808,-0.5253810279144772,-0.28051590033551865,0.5792220810499646,-0.5891904173070251,0.3900909936213161,-0.4260629859470421,0.3038491386624364,-0.4883960106067516,-0.8107258300705369,-0.7922265018741583,0.33857595776631483,-0.6729591265930505,-0.31133829178334255,-0.45738134663387625,-1.6412430124239394,-0.5220369216496797,-0.2893094577568748,-0.4574992048103112,-0.1726119969878499,-0.42196146214845154,0.07225840736701017,-0.33535091242482956,-0.8686666666227726,walking,Data_WalkingOutside_Ben.csv
-2.409520704957206,-0.1110450662744213,-0.8699939974239225,-1.2810780710658336,-0.31756583056991455,-2.23632950822907,-0.20992292227020565,-0.6036568259762476,0.20955357914057923,-0.5191534324800301,-0.31432045079303333,0.4209515902557556,-0.4866425359378695,0.27721804106235365,-0.42487338606275377,-0.579650987171707,-0.5004878951053653,-0.7837823672224397,-0.6837882233242139,0.37564653200988496,-0.6167592536704798,-0.3163435751753244,-0.4531555695342286,-1.4132387216108455,-0.42504967086098616,-0.2574659361442343,-0.45353799380584514,-0.029044152366973924,-0.4288728022905973,0.15027900728339985,-0.32640663982842094,-0.8538037162581599,walking,Data_WalkingOutside_Ben.csv
-2.39780981547146,-0.10206420479207577,-0.8473593571069249,-1.3121133696799603,-0.289411610552375,-2.292623372015564,-0.20785092089876983,-0.5172905371590938,0.1996571080422419,-0.5149713741816897,-0.2783289392977799,0.5006153930948057,-0.5282177177615753,0.23009539660604852,-0.4240633856704755,-0.05368508641199247,-0.5718728436965951,-0.8328911954638395,-0.8184135930930215,0.34142754037800616,-0.6916130745825699,-0.3295393229510288,-0.46063793918839857,-2.19356995792951,-0.4584421409042406,-0.2471892911510539,-0.4419980622136147,-0.15182394188627038,-0.40877535631612977,0.3111571941533787,-0.3234177560217809,-0.9231681552854086,walking,Data_WalkingOutside_Ben.csv
-2.423457484525638,-0.14082746016474554,-0.8799905068234425,-1.2821542721272792,-0.325431393152901,-2.2831821045426093,-0.21658372041670604,-0.591264072620239,0.3030647502377105,-0.5247673984156616,-0.30797292968665013,0.5601476494209219,-0.5892045297508024,0.3593820688996081,-0.42594665155335515,-0.11052260776957051,-0.1904490932828789,-0.6895695015739254,-0.6978230734616947,0.1681647973992455,-0.5367690199852464,0.07462107715361643,-0.43607452407283104,-1.9282204803470036,-0.37695067967633555,-0.28611462550198746,-0.4533559411742496,0.08368059448764979,-0.4370822181908573,0.29519927068291046,-0.33447518549581295,-0.8400481134036909,walking,Data_WalkingOutside_Ben.csv
-2.411619457692272,-0.06649826314722014,-0.8188714974844422,-1.4135089187758287,-0.23471223998324453,-2.3344381858780894,-0.19935666778272892,-0.40453687053621445,0.2845191894228192,-0.5774661471994351,-0.34791163915462925,0.5575326811054384,-0.6083480239559483,0.3119731386080333,-0.4352350820863769,-0.3709159829280587,-0.6687993740786886,-0.7651011249324634,-0.8066190476977115,0.29481289361466717,-0.663694791770286,-0.41566920322358636,-0.4500535256379639,-2.104409316403238,-0.4446868022141381,-0.22265844128617415,-0.40421198994421564,-0.15497882496427584,-0.3726296969139974,0.3244998308080393,-0.3160812297634896,-0.948230071350739,walking,Data_WalkingOutside_Ben.csv
-2.3661562130372507,-0.21984936470650984,-0.8806755746258793,-1.0996800959487283,-0.3823870566428715,-2.259944875769502,-0.23269001067260242,-0.35980225745770134,0.2216800349566603,-0.60808535272177,-0.3939978428754248,0.5579406903566966,-0.6330447545110849,0.27971827055437276,-0.43997902991571314,-0.6556920323138438,-0.6203277096886503,-0.803085117830455,-0.7857785660220923,0.31817841252314477,-0.6598863295522404,-0.4010758764740445,-0.45621276809933897,-2.2636678607856027,-0.5552646560269703,-0.358552621693332,-0.5132140742180692,0.12551917576813343,-0.4970812772399547,0.13957832738663237,-0.3531448525784089,-1.0716887017320984,walking,Data_WalkingOutside_Ben.csv
-2.378159942551129,-0.19613593999133117,-0.878713540430913,-1.2498682538858323,-0.33436217781719024,-2.2074445959066478,-0.2280957415555518,-0.7078046729170117,0.10558426281038064,-0.45346542508750537,-0.3369501636594028,0.46033375422203887,-0.528584640592695,0.16839126132736285,-0.4111167196339808,-0.24432158706183352,-0.4509816386204535,-0.774520033883295,-0.7353811230775482,0.3947637747885281,-0.6593225769624377,-0.22764604961941604,-0.45163516317971625,-1.337777075879923,-0.45107539337120645,-0.33017316687857173,-0.4624754373991643,0.12937047164462584,-0.44914677728040164,0.0708528606068374,-0.3461262064973387,-0.7776431046426351,walking,Data_WalkingOutside_Ben.csv
-2.382684119074212,-0.15181797724188095,-0.8594110699503683,-1.2795655735897018,-0.3093541828508611,-2.2448559245027644,-0.21896007329645728,-0.6132103793854801,0.1558852368207229,-0.524354794187979,-0.38937055333331516,0.4661571587590979,-0.5607538961746662,0.19585561358935488,-0.42586831999636904,-0.5701175688894503,-0.49488937462035115,-0.6688651485062339,-0.7374990581949142,0.11156961144638979,-0.538804793388936,-0.28803447129981086,-0.43184034134924587,-2.028393145553358,-0.4589586923359225,-0.2911713392447389,-0.45342724586667177,-0.10428392694993847,-0.4231725716837813,0.14821888822809104,-0.3358590413724467,-0.8395687245784952,walking,Data_WalkingOutside_Ben.csv
-2.395568489341871,-0.12606160074311493,-0.8567201236048221,-1.3224972515533375,-0.29387925008726046,-2.240220676742403,-0.21332176092797356,-0.6897538076587073,0.010318414920031776,-0.5447129807628274,-0.35537931108641446,0.4635607363524614,-0.5407918816917566,-0.025462404215071264,-0.4296293429815768,0.056233202789571696,-0.40107984483146114,-0.7602976998667987,-0.7111142930393097,0.30600099077515575,-0.6049580320680643,-0.19309659180365893,-0.4492331327647611,-1.561188332564629,-0.38258931486973324,-0.27571498756406426,-0.4369763725122089,0.05121898803695613,-0.41910152548428786,0.28368971610751803,-0.33159113632029413,-0.7931200310440156,walking,Data_WalkingOutside_Ben.csv
-2.4320034033533013,-0.09266658373269823,-0.8599152798441747,-1.5192674436773497,-0.23568756966114257,-2.2195328341804523,-0.20565129263310802,-0.7567226094764884,0.32545977647645147,-0.5138933233877103,-0.20309214496811198,0.5218040543677348,-0.504530025050942,0.3539808099246962,-0.4238531326538683,0.17882296992384697,-0.2682025495455007,-0.6126179175794015,-0.5809318805045491,0.28324652526264177,-0.508531277341387,-0.0310424098902346,-0.41946341806986587,-1.0948712279177495,-0.34749456701238773,-0.24772184666323707,-0.35053270752405297,-0.1229164260178589,-0.3239983050599277,0.05640674986378702,-0.3235738728610175,-0.5899419071219214,walking,Data_WalkingOutside_Ben.csv
-2.379666012310947,-0.13986342759583123,-0.8657739797389438,-1.6476698112808226,-0.20080941703774563,-2.173643881401764,-0.21637317854654176,-0.9239011864132728,0.2361792441179831,-0.5169542397420349,-0.1924907178983913,0.5170655835158894,-0.4953146164702255,0.27851587007174056,-0.4244485521695859,-0.021392865299226755,-0.3417853510849387,-0.750921801653659,-0.693323637977974,0.3443809652223581,-0.6096434427777347,-0.21074509193596278,-0.4476049478984064,-0.6895056573397028,-0.48750370508647217,-0.28373135530775456,-0.31547228623771595,-0.07715882039960677,-0.29408027392717734,-0.19108198733462112,-0.3338187699492582,-0.5259636895745687,walking,Data_WalkingOutside_Ben.csv
-2.4290504926983894,-0.09148207048337972,-0.8566707987406208,-1.533199879115312,-0.22872092822967444,-2.20215065511984,-0.20537175851084655,-0.7302675167856555,0.07829110386723499,-0.4987800844197241,-0.3766088354433028,0.45966610274250674,-0.54906175828355,0.05874379572676971,-0.4208429661116368,0.17217941308944495,-0.28418058785878464,-0.7683075627037238,-0.744417646295284,0.27016707224166275,-0.611691743999085,-0.0362752063807997,-0.45059597780034005,-2.5346973486648467,-0.3031746614583263,-0.2571928221746769,-0.3640833342973227,0.24917949710612783,-0.3645463116645284,0.025375334274926366,-0.3263278527872103,-0.6545434595365258,walking,Data_WalkingOutside_Ben.csv
-2.424091198663049,-0.12267660304283595,-0.8631597609843414,-1.3488350796342468,-0.29102067995827097,-2.2637140640142817,-0.21256277659934858,-0.6100096709991805,0.20724212426156585,-0.455512142159873,-0.309666490944391,0.5241686533474198,-0.5627225783575917,0.23101151125341096,-0.4115786850958157,-0.016997184514515182,-0.20206299717748472,-0.7797223131397454,-0.6626371112125061,0.4282553218736328,-0.625334557517605,0.07085086365850779,-0.45249337902030207,-1.4177789142817303,-0.34861515244601116,-0.27260168856812284,-0.42975009908843437,-0.0776374569447073,-0.4026518137230579,0.21954417929040157,-0.3307178013344943,-0.8058634019718158,walking,Data_WalkingOutside_Ben.csv
-2.3424641315776067,-0.10196510901276319,-0.8118564031728437,-1.4667081335499692,-0.21251786895921565,-2.111702333902976,-0.20782789424054993,-0.828756763033722,0.04191336843791981,-0.5077069752698361,-0.33641675850869157,0.33717987628864626,-0.4345888841723458,0.014884809486532449,-0.42263510435107204,-0.06637997646061182,-0.2764235298642156,-0.7134804301780072,-0.5934982955845617,0.22947382408517758,-0.49374216677030885,-0.06669692999388607,-0.4407490657004715,-1.0230575638987298,-0.48959412337577807,-0.25457316942370584,-0.3757299101751388,0.004077610988813791,-0.35738870229803255,-0.3422395548805885,-0.32557035175511106,-0.4703737455290626,walking,Data_WalkingOutside_Ben.csv
-2.432515355603812,-0.07279599103798023,-0.8667330746623554,-1.3737912996492136,-0.28623841765703506,-2.2236801610295776,-0.20089435177922588,-0.7287935697807458,0.24109532898044406,-0.4182986441055404,-0.2427908221227253,0.472499847752705,-0.4880184966606316,0.19564567052448792,-0.4028443112937789,0.38059919686242183,-0.49347068247095477,-0.8234773450320382,-0.7769020646165717,0.32520552686830967,-0.6570049272638466,-0.305000432570624,-0.4592790708131081,-1.5432658141945406,-0.3471889551381274,-0.23456387819705543,-0.4191543037274549,0.07257381754047168,-0.40375180866410243,0.047817032614114484,-0.3196773747926997,-0.6232243266816537,walking,Data_WalkingOutside_Ben.csv
-2.4068116632570655,-0.1167255712943024,-0.8667769190104985,-1.4380724705602288,-0.2664082105099954,-2.2440020630303352,-0.21121831104749056,-0.6843411904211539,0.05889115077811283,-0.48159191826036024,-0.3793158665675721,0.45596620080375755,-0.5476787413860383,0.010075207938512066,-0.4172774486016985,0.16386778031837265,-0.3137530757954018,-0.695118333218034,-0.5694479656082118,0.3788036414167524,-0.5420307111860726,-0.11476715373927623,-0.43717988359986154,-0.5864702248107561,-0.35193431290361643,-0.2586173235427183,-0.3714668452748845,-0.02484653928950286,-0.3511863218000546,0.10294673429092324,-0.32673840051434927,-0.6220243767896659,walking,Data_WalkingOutside_Ben.csv
-2.3896727285579398,-0.05609766993056036,-0.8391769072365417,-1.426801451510163,-0.24725668861706315,-2.1564812667104634,-0.19678555844197954,-0.7138796506649301,0.2067513448374795,-0.3853563693906028,-0.17967565948439923,0.44112950141691104,-0.43075030663010044,0.19541664195827432,-0.394521015259112,0.472800869419796,-0.1939730683628648,-0.675939622944755,-0.6386997377355034,0.3770577744461779,-0.587362686198248,0.06285541047112378,-0.43330659014603545,-1.0744949996985649,-0.3881476714493549,-0.21179166320753942,-0.3970979296450919,0.10879405364820209,-0.3854833217495277,-0.2682837788618192,-0.3127403028630616,-0.5830991816388924,walking,Data_WalkingOutside_Ben.csv
-2.3851771061433973,-0.06998248848206068,-0.8419226589989602,-1.4214786206775025,-0.25115351337356867,-2.247393112752257,-0.20020917971172306,-0.5671924280638287,-0.07160316788200602,-0.4613340337532481,-0.41106680725275435,0.349651976757756,-0.4835801413891952,-0.15287867582870449,-0.4128810238847916,0.34179420888430784,-0.3344295489909744,-0.6332546234229888,-0.5213284795303649,0.38284823308126553,-0.5117509312506164,-0.1395010553160196,-0.42415281099673696,-0.15744927839996903,-0.33148590607529066,-0.21293147129335466,-0.3752830276037316,-0.07018241283920025,-0.3514418728941941,0.2468750355451181,-0.3130933519106465,-0.6793054907755101,walking,Data_WalkingOutside_Ben.csv
-2.481918921392064,0.08674858677477092,-0.7805077003649137,-1.5615737623131087,-0.15749039216707864,-2.2461855086802984,-0.15748350464087177,-0.6063978495216069,0.029229547006211064,-0.2830430366522572,-0.27220811535149614,0.27802781041246577,-0.3556016837555244,-0.11243603360034603,-0.36512888220593526,0.3076630219159877,-0.09566263404592246,-0.5352708040660235,-0.507293629392884,0.47938012490472687,-0.5439725257690001,0.009974914312960699,-0.40035709333656794,0.06503957044118308,-0.0671138341324777,-0.05786457238019572,-0.29297863802477436,-0.3325626338402875,-0.25371047115046025,0.2346377517635915,-0.2594178509832387,-0.5332643099293616,walking,Data_WalkingOutside_Ben.csv
-2.4318423363814,0.06536896520073107,-0.7908220812335515,-1.5177404028254675,-0.17949598927307067,-2.1452224939857603,-0.16383904982761652,-0.7846311782997799,0.013785923643602139,-0.31661510996104913,-0.3110800146071385,0.4073296456063118,-0.4745623065971068,-0.10151900136741557,-0.37536389745304577,0.31505704602960033,-0.1981967393715879,-0.6367267936788527,-0.5652779866857268,0.4955293939208682,-0.5895112101282676,-0.08034770353249791,-0.42492490863695614,0.26649986793261804,-0.2209029083003454,-0.0723801734758596,-0.31263032348046427,0.029757705558155382,-0.2993298586875282,-0.2128634922846909,-0.2649247940248,-0.46571637867223015,walking,Data_WalkingOutside_Ben.csv
-2.4386466016429793,0.02780066217425331,-0.8515355304437606,-1.6444702958195527,-0.19012124095083632,-2.2136655863433146,-0.17460344401130673,-0.9251570844484273,0.09162113778850459,-0.3411478555551952,-0.24844491659554394,0.42076613153897363,-0.4516437407052953,0.086169976348555,-0.3824783350260549,0.2910687435929448,-0.3896775295335469,-0.7217938585069886,-0.69327657272799,0.30691757096629546,-0.5934825341851314,-0.19208903500536906,-0.44232023172183654,-0.9898006796408798,-0.2627344317148922,-0.11903646172245083,-0.32490140364290654,-0.20159949190064172,-0.2937878467105081,0.01694282417888279,-0.28195039116717896,-0.468517429262506,walking,Data_WalkingOutside_Ben.csv
-2.323385045250462,-0.08408918889501972,-0.8424652327248515,-1.5387990302009682,-0.21534048258324398,-2.109945818948483,-0.20361555112705135,-0.8367747452857666,-0.024577385995225663,-0.18627242095363655,-0.12370812563398019,0.2798082143165859,-0.2783785354639722,-0.0967666568334457,-0.332398899790989,0.6942228616775041,0.19171605129479893,-0.6588890429495802,-0.5957197742644693,0.4785944847825474,-0.6024775205306551,0.4238858670692599,-0.42973835683062583,-0.9903781482930861,-0.34302589724541593,-0.20409806360279184,-0.33397175777376054,-0.2995201034000237,-0.2951265427523054,-0.10240017513196731,-0.3103411833193091,-0.49849763459724966,walking,Data_WalkingOutside_Ben.csv
-2.152307870243628,-0.1049009153141904,-0.7679901414231359,-1.3224972515533375,-0.2211115582292185,-1.9487123853260886,-0.20850856311195565,-0.6675665725945663,0.6979508482757428,-0.30439004331710573,0.05330236849373744,0.3433556524123703,-0.2330706192849325,0.8893734481282569,-0.3717036620372431,-0.725513994748859,0.9737606920957269,-0.27831121066388803,-0.21539510349837193,0.5773232591644811,-0.3918971228918942,1.138828876918848,-0.31953711629558956,-0.02410532066954492,-0.5471113029021589,-0.21015523267274427,-0.4071127125772477,-0.5400521336061027,-0.34675166870797325,-0.06413498828467026,-0.31223235351363904,-0.8235531478188014,walking,Data_WalkingOutside_Ben.csv
-2.4280476955330244,-0.06740687536465319,-0.8578436348154638,-1.5349014395046348,-0.22915690513859294,-2.221240556962332,-0.19957941132822304,-0.7084082370598517,0.4306529731818089,-0.5134490170838222,-0.2974915187290695,0.5430761721685275,-0.5706678694024576,0.45261581476560403,-0.42376630618546113,-0.14528591893493467,-0.5721840314615809,-0.6526182386575661,-0.543345591826743,0.4645839027494731,-0.5615929273159838,-0.49260106231413164,-0.42839651442270005,1.1121110794966442,-0.40055430651263235,-0.21696464422461345,-0.3655059736841048,-0.17005243051187552,-0.33472344314290997,-0.09538050016070775,-0.3143376705046519,-0.6614862771031705,walking,Data_WalkingOutside_Ben.csv
-2.3822903779548383,0.010501797524816753,-0.8634885935221885,-1.3992565329576192,-0.275707552788156,-2.119704235217464,-0.17938709462837724,-0.9030634522271794,0.09285735618852162,-0.4022539230319455,-0.406252825832173,0.4033422826999142,-0.5218882985122922,0.05233099345023792,-0.3988597830752949,0.09054749741204692,-0.2905333693387973,-0.6753662826491899,-0.5961810134501992,0.3036731682449173,-0.5274733655974074,-0.12315262888507827,-0.43318851281815024,-0.4405310154535784,-0.39961477669359247,-0.1309005399712063,-0.39110905372942656,-0.10074500964408079,-0.36420988670216,-0.3574599400005552,-0.2861155937056584,-0.4650230630121209,walking,Data_WalkingOutside_Ben.csv
-2.38566627426517,-0.09682876723210884,-0.8743071843212457,-1.405684649660094,-0.28259329128776267,-2.1575424945090513,-0.20662947375961385,-0.8777818214225571,-0.014360126112330698,-0.43996952681996604,-0.4026123358500591,0.44660980725978044,-0.5528862234291574,-0.11222609053547918,-0.4080168750715265,0.4796455437828051,0.1365439614779838,-0.6396756433628861,-0.6004545358723417,0.6247817415282104,-0.6685681199959419,0.33392076971423373,-0.42557681351909066,-0.2283092156832799,-0.3019024218837773,-0.22161179808824916,-0.374744752086554,0.23014066990648377,-0.3732629250064801,-0.16679364659032364,-0.3157618760075095,-0.4569932314787229,walking,Data_WalkingOutside_Ben.csv
-2.394066266241624,-0.1419796831056518,-0.8741920929348298,-1.2712032034574612,-0.32406053804702845,-2.210969823858787,-0.21683491814047318,-0.6484938840550084,-0.01718520862242094,-0.4452868147454854,-0.35973989809771134,0.4716931022046123,-0.5492875570068718,-0.13358301224006375,-0.409249320596691,0.6524611452698389,-0.15431592848895642,-0.7527873510612225,-0.7124415323468261,0.578428974805598,-0.7231331102658075,-0.01027373300493857,-0.44793174161985105,-0.4606231737457584,-0.33258571087556626,-0.2820864737655811,-0.42604767246566955,0.4312328412445703,-0.4369737085681442,0.11846440675334134,-0.33336415929426766,-0.684741260226537,walking,Data_WalkingOutside_Ben.csv
-2.373899706739978,-0.1162954309090925,-0.8523521312906266,-1.323297130418655,-0.29004984468585476,-2.211896873427157,-0.21112063291353958,-0.7327255627933056,0.10722835428985902,-0.4928519617478572,-0.3708880653823238,0.4558271067971451,-0.5431133743563029,0.0748139726120466,-0.4196303167670366,-0.07552251933481971,-0.369318320130073,-0.7163127943338686,-0.704515748437602,0.27440079955054153,-0.5869617954472636,-0.19683430383078204,-0.4412874927147691,-1.4685802102374097,-0.44559392656416563,-0.2709450114816825,-0.431416731222382,-0.24031061097813355,-0.392139047514508,-0.08510492104141645,-0.3302512056516721,-0.7290956364176476,walking,Data_WalkingOutside_Ben.csv
-2.419723601311177,0.010398407508435483,-0.8472716684472517,-1.4199806665771215,-0.2560031943993507,-2.21478780419469,-0.1794153571571124,-0.7712103072140348,0.1171132707309234,-0.48315713839325414,-0.42174824506390174,0.44473667399726924,-0.5615865288019286,0.10057969561877254,-0.4176083960010653,-0.03272196557556441,-0.3529684529496743,-0.701841931175504,-0.5857325334875528,0.36677170855867924,-0.5476870292081301,-0.2313837614294096,-0.43850260192000545,-0.16349327657733018,-0.3434064836451141,-0.14261383455564708,-0.3718190799336035,-0.2972246285932509,-0.3312665054139087,0.059985322337878844,-0.29016255268030067,-0.607623438200173,walking,Data_WalkingOutside_Ben.csv
-1.9711704707595188,-0.09037351864053152,-0.8043370989308258,-1.3788814374414313,-0.23349420129957776,-1.6231838151985574,-0.20510968732930226,-1.7682767068516534,0.8123288271581057,-0.3969890343498672,-0.06555363074582252,0.5458858720932684,-0.45007726232151507,0.9714802186964553,-0.3975235957541772,-0.28317813164635375,1.2856398145232493,0.09081302155851846,-0.23291278031102955,0.2737606483182782,-0.2728576239783405,1.9138352896435131,-0.1567741712685766,-0.9187584169696578,-0.49380366349505045,-0.3622662898421558,-0.41992046162361185,-0.13652490906681072,-0.38893095421050644,0.1166151772041485,-0.3540351121426781,-0.6740302115654282,walking,Data_WalkingOutside_Ben.csv
-1.6518467454378165,-0.5111334113037936,-0.8231901649344365,-0.47366583698653464,-0.528713491244931,-1.504765433102999,-0.2724027399889296,-1.199094223129845,0.4187101516433383,-0.5666707242743093,-0.3226149006237895,0.63382113485303,-0.653013825215883,0.4315260932674397,-0.4334480946151758,0.43989602889853224,2.5403966619363203,-0.45483734417789984,-0.11444019573418462,1.0875965133200998,-0.54441099993112,2.9849009777546014,-0.37792583118277073,-0.5610022861980337,-0.5821886199585639,-0.4717432970648123,-0.5150017679692909,0.356679066912131,-0.5159697681554166,0.03237354269319971,-0.37734915965089866,-0.9107837118527946,walking,Data_WalkingOutside_Ben.csv
-1.6441696807572546,-0.48505768695609974,-0.7922360611865682,-0.6640369983823202,-0.44449354007797565,-1.484504521236518,-0.2701079260340016,-1.375268884379271,0.4631047343473577,-0.6524029834348831,-0.38682354378098494,0.6119370032372983,-0.6703368176149292,0.5281952689016663,-0.44599545855393097,-0.5326780642553818,2.6564922157385524,-0.4070091324533275,-0.06269668779716596,1.037635621602722,-0.4884679480028999,3.1940828304196156,-0.36334882239893634,-0.780481405028257,-0.501388474086017,-0.4611251710470532,-0.5079522598991905,-0.0180439682409469,-0.4814049252400536,0.22080525765371625,-0.3753361671786992,-1.1076113537966195,walking,Data_WalkingOutside_Ben.csv
-2.003169928229818,-0.26292624784652674,-0.813166252808174,-0.9137155397085944,-0.38449502742688224,-1.8748533719131733,-0.24051146076166455,-0.6419963930284771,-0.09050979560304381,-0.47345959564942114,-0.37644881396044944,0.44900222504078785,-0.5408624437692252,-0.22679767222220493,-0.4155377829753213,0.7256265005730158,1.5093773849650933,-0.34833694500165635,-0.20723399352788036,0.8100036729686835,-0.4866451475831315,1.7160290819197035,-0.3442050775521443,0.12344281978144796,-0.4596672017723286,-0.40496243571530954,-0.5192389185690256,0.20136824258614963,-0.5084474438092812,0.3106534995585487,-0.36380187165697714,-1.043164176528116,walking,Data_WalkingOutside_Ben.csv
-1.7086316262009258,-0.5942576257668305,-0.7795540859941733,-0.3855046466362156,-0.5201737374229763,-1.6002393388092133,-0.2780639468511286,1.7327308222066502,0.3516976095115146,-0.7056805375474339,-0.4527657536557204,0.4967300324392746,-0.6175634325838043,0.3579697254796117,-0.4518976460189749,-3.329554645066607,2.3972941321739114,-0.8786309197682044,-0.3676322805798052,1.0575385045035446,-0.6999566134472822,2.9086516575255468,-0.4667309787044572,-3.369116194730849,-0.6398983827354768,-0.7196850437087565,-0.6066676405639814,0.1966065151627057,-0.5911836962031726,-0.1295581154064888,-0.4091942753887536,-4.548842878641312,walking,Data_WalkingOutside_Ben.csv
-1.7477153667075633,-0.7142391805898277,-0.9075411936965851,-0.22647419192777676,-0.6742848318262926,-1.6214273001625752,-0.281794390450226,-0.46481832249537125,0.3525426666562991,-0.8607048613029082,-0.563820702844522,0.756854464564761,-0.8742683059100232,0.3417659486823788,-0.460807874546959,0.2423225578069268,2.4171501037946883,-1.130161854515596,-0.47534575463214707,1.4517116084691608,-0.9413429600327816,2.8722820966581595,-0.4851395026883559,-0.7009485661172448,-0.5943204427347161,-0.8410072760648776,-0.6797543034400259,2.036325971520386,-0.7974488320319206,-0.13484957458173652,-0.4141825965243657,-0.5747458238460174,walking,Data_WalkingOutside_Ben.csv
-1.4682928977888121,-0.03198291939152282,-0.2213608378226542,-0.648010335296035,0.0187296755025543,-1.5865897539454101,-0.19067251845468794,1.3741421145944344,0.8311562042522423,-0.3203936063064985,0.24570160089431015,0.47672830704047764,-0.23275308986561546,0.905100081909208,-0.3764797204155525,0.6427941515344305,2.3725015693437017,-0.38057739798393386,0.22014648869157918,0.7033312041476394,-0.1563174286425338,2.8235293342684087,-0.3548966646329266,0.1126840105881996,-0.4909727527728582,-0.5589967308963195,-0.38110350727047465,0.06004140664460382,-0.3666572297047947,-0.047895544145296655,-0.39187132602408353,0.11549152816217088,walking,Data_WalkingOutside_Ben.csv
-0.8455241043768496,0.4382198291763928,-0.14544436384117915,-1.2253628756044344,0.2594203901840169,-0.8100637756905104,-0.02911961695318335,-0.3014010770549143,-0.6068239143617782,0.06951207780565256,-0.013253257273135822,-0.49160742487467884,0.36707404504056473,-0.8212797018018225,-0.2228098115268454,0.07903224935106941,0.8413980718109803,0.423059000217637,0.05724433177426321,-0.04835179847066543,0.0589107961273771,0.5189862556423761,0.03678067697752763,-0.35245286479023646,-0.25539059068724224,-0.3637748621750736,-0.2619297551293142,-0.6025459918813875,-0.20412579685649349,0.09872959716517571,-0.3543948918570322,0.246343766443314,walking,Data_WalkingOutside_Ben.csv
-0.8175423946153034,-0.5990203534746583,-0.5830492366132174,0.007512180748306703,-0.4804818605189694,-0.714663058243215,-0.2783120328213005,-0.16258227031610337,-1.427697934425836,-0.5593451219864505,-0.7477521286891332,-0.23995845741942923,-0.2130733235983014,-1.6770070771402448,-0.4322015025731318,0.1375876337298967,0.6855842604737153,-0.5691514259634509,-0.45833638231808743,0.6750190622044645,-0.5956247941435513,1.3772623868874347,-0.40902366575679416,-1.8080360088714869,-0.5729181431225733,-0.6345653131334043,-0.41707010207253836,-0.4996261209184935,-0.3592211118680837,-0.11566526773226252,-0.401539066164861,-0.047496890719765504,walking,Data_WalkingOutside_Ben.csv
-0.8112254728258892,-0.3555625681376606,-0.35375978233385624,-0.36896896977070864,-0.17608907708371627,-0.6305699056117464,-0.2550403049801951,-0.5534620355244623,-1.4465642840466542,-0.15320280009982234,-0.267127431400102,-0.8521299470887685,0.5070762822398892,-1.687695080679459,-0.32011521804071763,-1.3137899126829087,0.6784480292403345,-0.2596525627851237,0.009397824448167317,-0.22471345537808257,0.10300251576838777,1.3278270858533228,-0.3126301106602755,-1.2802342390351322,-0.39174732000700646,-0.3486741002746271,0.002845418704667316,-0.6447645083709653,0.05065018550763713,-0.10901990530944658,-0.3507449711539409,2.32904015586349,walking,Data_WalkingOutside_Ben.csv
-0.7370513772616052,-0.08739959216881482,-0.07886125396037506,-0.42187731858434385,0.06570731064954513,-0.6303747373287413,-0.2044044130069769,0.5268925057026571,-1.6234936605656896,0.7114481215837276,0.263637348541324,-1.140675931370903,1.0074955485306667,-1.8245778698483275,0.19969610530959153,0.07268132077837143,0.0044663186822363095,0.6154038148669608,0.5667630455800664,-1.3771456601361052,0.9700728459531263,-0.029904845265836397,0.16920831295334085,0.15846329563730868,0.321105888570594,0.18036997951795405,0.1325913320845067,-1.2610371937222322,0.21978511549191604,0.8964747403857997,-0.15479714606263678,0.09781194898242508,walking,Data_WalkingOutside_Ben.csv
-0.6649809167551246,-0.123113629859099,-0.3374825713626017,-0.8224130069142245,-0.02260273317706537,-0.5126760384753943,-0.21266100155558015,-0.6858703900073101,-1.651486953765044,0.9474239942426382,0.09813507012372462,-1.1584336059497284,0.9334335817528115,-1.9364392789781675,0.4080242830607254,-0.039273556912165476,-0.028641700708352067,0.8192866487307182,0.5839418523916101,-0.6982362106146799,0.6892050236977088,-0.028312255095660394,0.32589175786260305,0.5341583448873969,0.46559885064052675,0.3385013378650914,0.19616074558136648,-1.1155803627374212,0.26938363760842465,1.211365898399125,-0.07053202514326797,0.1254644826802679,walking,Data_WalkingOutside_Ben.csv
-0.6699491863414362,-0.024525603335120723,-0.1184033677074175,-0.686040938380644,0.11491876584922922,-0.5741296652259245,-0.18873919744487733,0.06689656303525014,-1.628988914759056,0.8590348442847346,0.5644378392631516,-1.7331053383033563,1.6174695115155702,-1.8857666904705246,0.3266527901285082,0.08765537263410485,-0.08548076569154187,0.8648861823182566,0.5821533742756687,-0.96686693420038,0.8036718627626921,-0.1868887401999191,0.3632319943973091,0.26939198250874924,0.5464373166282787,0.2460790327497993,0.4898990964388338,-1.6055721311978557,0.5849828925914166,1.7324048349177754,-0.12121817816273776,0.13302984796832493,walking,Data_WalkingOutside_Ben.csv
-0.671688472772264,0.04773341514097592,0.03865801776473705,-1.2424221086533476,0.41567541181625267,-0.5365597623947725,-0.16895620093136327,-0.055651866181278556,-1.7241313170599355,1.0695754334115546,0.3481287219552112,-1.456391621936018,1.292446425658201,-1.9742099201623433,0.5270588382410983,-0.055528319608641595,-0.1727798947889531,0.8824994197801017,0.5804966780296117,-1.2475586884804526,0.9234191842737601,-0.2608304299293212,0.37787981784069324,0.311902669576314,0.7657191763197444,0.37658675934954455,0.3567504439125073,-1.1956470857857893,0.4279584917105137,2.0558925794209446,-0.048469870555179935,0.34763071622016933,walking,Data_WalkingOutside_Ben.csv
-0.673305898665665,0.0022823804285323074,0.07141522019269027,-1.3788814374414313,0.4847125799376528,-0.5691162788612163,-0.18162178436417048,-0.16429171722754773,-1.6919826537078155,1.164806600214251,0.2552628878800554,-1.6405336069426157,1.3834291806588432,-1.9525476273761486,0.6251576823468789,-0.13252559864542066,-0.05398015267845421,1.045893085647356,0.8772429219684592,-1.1572537219618269,1.082009061833442,-0.10998938301161858,0.5197359586683616,0.49620388385503533,0.8096376307070838,0.43309898047844037,0.44099067911193907,-1.5312303239727063,0.5329731996504021,1.9147384383421469,-0.01446924855667874,0.35628160364424843,walking,Data_WalkingOutside_Ben.csv
-0.6704776595554578,0.0019708389700943546,-0.2358349503701143,-0.6843830071470066,0.018100430510328013,-0.49708696841724587,-0.18170600170939744,-0.6335717391776303,-1.6177959060237979,1.0261304904936053,0.27642573664878334,-1.4268294984915115,1.2320099980335015,-1.7679887078367866,0.4838474182849524,-0.029715644692631722,-0.14532615234673166,0.8833917661629088,0.502490773932952,-0.570613338535519,0.5800562513268712,-0.3937304602459066,0.37862526068607066,0.47820556527342883,0.5846029956590638,0.34534065869401503,0.3302366019723479,-1.1210408811917871,0.39721245196044497,1.1342147776325509,-0.06662067283877512,0.15118701461364048,walking,Data_WalkingOutside_Ben.csv
-0.6520313503814189,0.03712224354084354,0.0380715998371545,-0.5637612797950531,0.20545364034706856,-0.550977822510422,-0.17198052812756937,0.514399230229643,-1.6486362812932513,1.03966766353686,0.3205516764919397,-1.4549172247225493,1.2767322486914314,-2.0478998884996416,0.4972082195134808,-0.01696183322079262,-0.06349878120310179,0.9127556062389851,0.5889119405009389,-0.8572119425042954,0.7609582053240376,-0.20157957265619503,0.4033344394655739,0.3410510921679229,0.6851300566445343,0.35145599905501246,0.27831867932999793,-1.504676747010103,0.37639871502228084,1.9834261235912096,-0.0631046250739423,0.1899049178292151,walking,Data_WalkingOutside_Ben.csv
-0.6959812264683252,0.021326488686421063,0.022742522683969316,-0.6084672347352944,0.20669864660462767,-0.5412560003709005,-0.17640651695466858,0.023101509611928507,-1.6648434263019762,1.0255441447269582,0.4787062993571511,-1.5294345474584956,1.417122577576098,-1.8570235950830005,0.48327083106309376,-0.180255106035055,-0.17557808279739742,0.8090400451106624,1.042564231376656,-1.2855603919305068,1.2472637482642417,-0.2760737936381092,0.31761663454732586,0.5481449465135739,0.5915092637415466,0.36714021765643556,0.36750532232045735,-1.0763072815759376,0.42930534929694825,1.5735005786515444,-0.05400604655784565,0.40329548621490585,walking,Data_WalkingOutside_Ben.csv
-0.6845195814471593,0.05574512179829017,0.0053143977753306,-1.4282266897033578,0.4457533240660913,-0.573849110722336,-0.16664556625526797,-0.3054433937582083,-1.7259072100285688,1.0101739462119506,0.29001423252685243,-1.6127333417411747,1.380663147099516,-2.0308563395704433,0.46821920067305917,-0.1430953912299837,0.010021592171997438,0.9017294619771208,0.9427294761093222,-1.076972941484362,1.0910228399682256,0.02235811583532524,0.394015296828001,0.8473970721881213,0.7553166775766849,0.3712848925525854,0.5419105434181234,-1.3542738095024354,0.6157263940770709,1.929619751435948,-0.05158224298268981,0.5313979208027688,walking,Data_WalkingOutside_Ben.csv
-0.6765333037171405,-0.09823385999549274,0.09402245767310653,-0.37436451602477266,0.19280581546284625,-0.5721413879404558,-0.20695826795265584,0.8296233613876169,-1.585309611452637,0.968678433864418,0.2975219097402653,-1.2864094115106228,1.136320751423934,-1.9053677257782895,0.4281875913560873,0.047909631303356695,-0.04011526035802165,0.9017635070776973,0.6274112941103265,-0.7857477904857969,0.7558092646076949,-0.20947752013684492,0.39404399570567356,0.4184943413802366,0.48608528664440304,0.3082986674407714,0.2080169680836653,-1.571286012443611,0.31453870382444593,1.3006366570949133,-0.08754012812803065,0.05549455609115701,walking,Data_WalkingOutside_Ben.csv
-0.677518692233596,0.050512128090704815,0.1887810365162371,-0.5277085593930518,0.31790871446342484,-0.5694456254559284,-0.16815744975500155,0.8620389889988259,-1.6563456569843753,1.0573078900305284,0.5362207078684668,-1.4470166822973496,1.3848404225381876,-2.045361487622421,0.5147593585904652,-0.02166240597226729,0.009511563535235013,0.8437634816591313,0.5274918213427144,-1.211913905105354,0.8728004620488209,-0.09591608561234401,0.34583078411292706,0.48701650845503996,0.6902348283482506,0.35202237514329376,0.2884018449237024,-1.2723437997524636,0.3687047982441085,1.95172589328385,-0.06277808919543426,0.16646388794457717,walking,Data_WalkingOutside_Ben.csv
-0.7152486516486964,-0.09056298042521665,-0.0626826924246196,-0.4103299769495236,0.07540667336168934,-0.5927804384927721,-0.20515450945680472,0.5145682592630719,-1.682481587055572,0.7910916482047127,0.24051423589495674,-1.2048446564218944,1.044089047081715,-2.0082970173832266,0.26682209855799327,0.05119055677355121,-0.06559417571022222,0.5216383092264487,0.2627405179176611,-0.5324224998298764,0.40407147360763584,-0.10361902189665538,0.10278520048615988,0.5154963902145216,0.40832169251519135,0.1912187876319589,0.1770896769010446,-1.150609493234933,0.2538637466442189,1.679660412656045,-0.14939387631514273,0.1916079827312596,walking,Data_WalkingOutside_Ben.csv
-0.708859185613416,-0.09613659807560675,-0.20103898666883196,-0.457784606394719,-0.02339378406304082,-0.5506118819492287,-0.20646724040460784,-0.34252020243074294,-1.59580470543073,0.9237112226250285,0.20987011088191018,-1.4894218237684267,1.2444218689545232,-1.8450186766505445,0.38580171634489074,-0.5647383578686468,-0.020159808751478568,0.7434730297494578,0.7824629716818917,-1.3123594488159511,1.0857173012172794,-0.21714795495317069,0.26566865258460676,0.34440698479338594,0.3021118718911668,0.36326569550208265,0.331988830695584,-1.2198037719756543,0.4062219353417228,0.7957166396452253,-0.05626451755867062,0.8090595174007057,walking,Data_WalkingOutside_Ben.csv
-0.7244747405559876,-0.08197253728778044,0.00841090399337724,-0.38083626295165607,0.12459565527285736,-0.6301795689642468,-0.20310906426468625,1.0889048814721947,-1.6500805488816395,0.7819795873320093,0.35306271948793255,-1.1566717483261444,1.0669864445906958,-2.0788187564137193,0.25897770874691883,0.1683025666273585,-0.12005870648828397,0.5948357695313552,0.47642605215024125,-0.9736321689907897,0.7362282567722163,-0.1931615956081483,0.15433399332989203,0.5195288559246757,0.3821189969977702,0.19465256920706983,0.2247874406916346,-1.2610023691171661,0.307403689605283,1.4134878819739747,-0.14767207729826515,0.17540783336555957,walking,Data_WalkingOutside_Ben.csv
-0.6954510271843888,-0.08979284890080781,-0.08053829963612097,-0.4990583540962836,0.08818484192007583,-0.6032707359656291,-0.20497223325954675,0.8537381144185491,-1.6305346937016565,0.910513044005589,0.3314464763990057,-1.4408223606364674,1.2717717342258572,-1.891301549484895,0.373557629906234,-0.05158376948810487,-0.013248866964858854,0.8332072343445457,0.6870052826507786,-0.5419956702831394,0.6905204468536088,-0.059286510178388235,0.3372019074772837,0.7211748181782826,0.4853105723477572,0.2924278972466866,0.2714824678375469,-1.7084177243935508,0.3850523105817056,1.3381263444869158,-0.0963045581295047,0.2961381030581972,walking,Data_WalkingOutside_Ben.csv
-0.7155486918810515,0.033899317145049124,-0.13554102394690704,-0.8713946776970851,0.15814789849664926,-0.5764472891875946,-0.17289098035971046,-0.30313074034732385,-1.6598779893470608,1.0605702445973793,0.22296520697998135,-1.5185110277143474,1.2734863928450453,-2.028680567936409,0.5180226880753064,-0.12744402570313487,-0.05856087944588487,0.8282662005651303,0.4174439123626543,-0.6941043252468789,0.5766298881542423,-0.2502023276540971,0.3331784744281592,0.5782004616495731,0.6529389275184669,0.36280124933860314,0.3214016546417945,-0.9671861674069457,0.37737497110287904,1.7005244023949462,-0.05653476812235064,0.31932656712475777,walking,Data_WalkingOutside_Ben.csv
-0.7246040478254464,-0.11518231478912526,-0.17303889509907772,-0.4750619891083244,0.004908758151380883,-0.5811069329527736,-0.21086754865126991,0.16112400057619325,-1.6790211938682043,0.6727905519527583,0.09696157886342853,-1.4103978534836898,1.1245439388701541,-2.1795341048719177,0.16828464108892358,0.08693030366683516,-0.10788938245851791,0.4601634073021082,0.4028160405407178,-0.4033883858975883,0.44173014906701713,-0.16403994569642438,0.06116363424016862,0.6089542123200964,0.31600989883843267,0.1359611400719449,0.2567233406033526,-1.3069593262960033,0.3411723199777818,1.552467327938885,-0.1763347620325301,0.19788807009530163,walking,Data_WalkingOutside_Ben.csv
-0.6965225219139749,0.062125399763855615,0.1539960336273935,-0.5984323909652322,0.3112387171855102,-0.5854738242527001,-0.16478871354687338,0.651894881723582,-1.608920553813139,1.0588122310517836,0.35360945979191016,-1.610322377927424,1.4124795921055882,-1.8314105578720847,0.5162634723867257,-0.06425639757809241,-0.02718964995294785,0.946866067835584,0.5992662898378491,-0.8306311189051282,0.756404336888111,-0.08197279560491862,0.4324750073828545,0.39125599900668867,0.6552734637555182,0.37504678127297375,0.38356129082520535,-1.221490576179303,0.45536070678226565,1.7253017545380154,-0.04937525893795128,0.19547923290157393,walking,Data_WalkingOutside_Ben.csv
-0.6731761475432934,0.09272409985220666,-0.0323095261981146,-1.2903712094735804,0.3722934627166004,-0.5988184585266085,-0.15567736806731605,-0.44028823286362256,-1.6602807052739572,0.9513042591214053,0.11448393756095694,-1.4464603062709,1.1612573930990304,-1.9532728847149956,0.41168809599965006,-0.12509736391422535,-0.018230015685492592,0.9010788818514366,1.2257703263461566,-1.2117102208344213,1.3373827372788192,-0.20304215543452184,0.393466969543437,0.8783348372311057,0.6139523817204318,0.3876590835515686,0.45715847042553437,-1.2514561556347188,0.5275341551170648,1.5082242398389143,-0.041927174453934915,0.34923790164181656,walking,Data_WalkingOutside_Ben.csv
-0.744486003126486,-0.07121419145454433,-0.022992604231425153,-0.8379742858627564,0.2401205461242289,-0.6366445197750425,-0.20050949130021956,0.5069679898376711,-1.690809757404354,0.9180042526798616,0.12773905514188147,-1.5877149572914633,1.2757584919092317,-2.0874264160806377,0.380496360972796,-0.13917960428416537,-0.048937290540844815,0.7186927468133344,0.5209403419909908,-0.6013405965178316,0.6055629256616482,-0.01388143720595331,0.24648759038154064,0.6251669207866081,0.5194808269921911,0.2955923757047925,0.3567223778710204,-1.3579887812414637,0.4400038673560582,1.5834907556760294,-0.09456652370643397,0.40192111291358185,walking,Data_WalkingOutside_Ben.csv
-0.7243426715712387,-0.0115232599924495,0.036860399857000826,-0.4512110567119914,0.16967656630191602,-0.672848244299201,-0.18531983974068164,1.2433362624204558,-1.5780504758522256,0.8951535988763318,0.08445322844004824,-1.4951803179962095,1.182440131753127,-1.938710479903973,0.3594207617788286,-0.0954418782278361,0.07554007949892935,0.7435710668481594,0.3861267118510884,-0.5330335536146172,0.4864419962889945,0.021968093876907215,0.26574503022767376,0.5327621349332247,0.42822565235455945,0.2783695231044633,0.3124066855047228,-1.1679925458114513,0.3837587080711491,1.318347848007589,-0.10396861762924871,0.30651894925135675,walking,Data_WalkingOutside_Ben.csv
-0.7341395470562325,-0.02700798198427063,0.10065391395675977,-0.4874964691828693,0.2332078402609146,-0.6330339057652982,-0.18938500862507424,0.7589587382779059,-1.6544318914371787,0.9920544869976969,0.6422616490503774,-1.5069754938455193,1.4865768401343038,-2.001655187177995,0.45063057876013074,0.0603686526073607,-0.11817359010727319,0.6763630365128466,0.5958022892249354,-0.8445253099817807,0.7600812568324132,-0.11801733788411765,0.21429608231221742,0.4463018206872299,0.5281401379968503,0.3011060072618888,0.3067600575008616,-0.9988954231392456,0.36581788050041136,1.531642635108662,-0.09152694322879672,0.19528457042260544,walking,Data_WalkingOutside_Ben.csv
-0.7243732969744842,-0.0659452691880769,0.03169772905307548,-0.44135073228505645,0.16239530267459837,-0.6344488760819261,-0.1992209556854769,1.4934748530324318,-1.6057456326279735,0.8870135846458952,0.5298865220935214,-1.4433260533749723,1.3786803524728137,-1.9606399728965889,0.35197762530365195,0.1541874583959781,0.09677233026582235,0.830645083549727,0.4116360636336806,-0.46711252784510365,0.47503540108934733,0.030613583806407635,0.3351143436851549,0.34609420992786166,0.499128391659744,0.2562996468332308,0.3297355949423297,-1.3218123625101372,0.4116660695931368,1.5440697563541963,-0.11581167331971763,0.16893323799558116,walking,Data_WalkingOutside_Ben.csv
-0.7082327209583792,0.03772356777154165,-0.08422122414787946,-0.9206381273003237,0.2154541416482743,-0.5457692678627086,-0.17181023952176946,-0.3866966697715608,-1.679376907803658,1.0478813111347443,0.20729643111213286,-1.4780624759716976,1.2344161651250154,-2.0763757836807457,0.5053605723259793,-0.11294779470488374,0.007868892400904432,0.9451364749118483,0.6117762266681881,-0.5781933113816022,0.656043841766783,-0.10625167120162501,0.4309861073879906,0.732804970309854,0.7277307003004093,0.3748336053620115,0.33238939946129037,-1.4061866801612135,0.4204624281714756,1.7991143273408081,-0.04950050156082975,0.279525939753784,walking,Data_WalkingOutside_Ben.csv
-0.7271877768427304,-0.03239950125983738,-0.013133108319166682,-0.6985772204337802,0.20512553382379836,-0.6420970348783741,-0.19077992020155587,0.6939354597006114,-1.6879003323675916,1.0115401405699735,0.2987354064603604,-1.421534651365424,1.239785940035876,-2.0334901685919107,0.4695521827787449,0.09399216274807472,-0.1257455080252179,0.8283424078083633,0.4947250120874797,-0.8122849670389316,0.6789384621230219,-0.03471511789573876,0.33324045434429045,0.5039681559382618,0.6697440260935871,0.29934095202734723,0.275988868620166,-1.1953190295556229,0.35118006325847545,2.1309004376321203,-0.0925015557188207,0.2892700250380835,walking,Data_WalkingOutside_Ben.csv
-0.7220451742167793,0.010468023022984491,0.1138839433544913,-0.40345101899926283,0.218083486708573,-0.6187622218415303,-0.1793963276004073,1.1827925894960245,-1.5887789479731418,0.909169941507781,0.7038566069779967,-1.3675105194976551,1.413044088961032,-1.882369432214998,0.3723166178060336,0.04522017834120233,0.01144481152719338,0.7258950867438098,0.3249136801952519,-0.97677472909073,0.6367572380857124,-0.16371492710823662,0.25203696428010847,0.1680845948068964,0.46677784707738,0.2674788492417744,0.2394663790452354,-1.0748219910011203,0.30750949083496587,1.5951293196638876,-0.10984152148351665,0.23516566064862093,walking,Data_WalkingOutside_Ben.csv
-0.7686344574127993,-0.09742962906171133,-0.12552259204379923,-0.5449277691865946,0.06546909670983803,-0.6483058272718878,-0.2067701645541562,0.6505275670140492,-1.667446293752186,0.6038377030293137,-0.011466350031616215,-1.1142944252847011,0.8418510487872823,-2.0134501626730863,0.1141553757633177,0.04016767353448649,0.0057153587166337595,0.4345993627395411,0.301945850276809,-0.23978610600624112,0.3041682442284562,-0.05970903403905102,0.044304792408680425,0.6218063049614334,0.270673117079542,0.12247614723929247,0.19809437540904926,-1.1936566293082516,0.27702722240948596,1.175743586053836,-0.18269016443569674,0.2686187526192556,walking,Data_WalkingOutside_Ben.csv
-0.7210774902579842,-0.3116726373401516,-0.3102607168808545,-0.2117564214860308,-0.1890020837517752,-0.5927438443633125,-0.2485466138241844,-0.13544592400503952,-1.5653441979138907,0.1649921268049945,-0.2571794256823183,-1.192391101985528,0.77126073690911,-1.9216478454734283,-0.17331930405899526,-0.649888417607789,-0.1054299030475854,-0.006267004126739129,0.22888179491310476,-0.04707149610333294,0.17257585364854505,-0.2164329141894353,-0.20491372658015597,1.630150403200939,-0.2855716155580035,-0.11282391914736352,0.16057874628775928,-1.0845931776827238,0.23326301599599242,-0.08247146246626642,-0.27974275511525437,1.3362584819606675,walking,Data_WalkingOutside_Ben.csv
-0.7244151171784389,-0.7092839308400533,-0.6797040831657126,0.36718133259431335,-0.6709048871507779,-0.6076010332175852,-0.28174419549834406,-0.8221307337447211,-1.5902658438395163,-0.8769687409728403,-1.3648752001164783,0.21270924111919215,-0.8840764359037637,-1.9255985897706454,-0.4610297589011819,-0.05442795064244182,-0.3830139176944638,-1.0970499265357199,-0.9040064113493277,0.7407073050891912,-0.9204778489412475,-0.16056224845299974,-0.4841765236727331,-1.5237958541375312,-0.5885056782232989,-0.854435615641576,-0.6893154243155124,2.179831981245233,-0.8172069022668548,-0.12415013041002898,-0.41430682471439784,-0.34948343144438776,walking,Data_WalkingOutside_Ben.csv
-0.7733035744623681,-0.6831475859312593,-0.6821319634590134,0.294872286278622,-0.6505488107514676,-0.6576373128453988,-0.281331353120585,-0.3777443387474305,-1.5952387880855132,-0.867495756208413,-1.3547004971495096,0.2085735111278624,-0.8755454795263446,-1.930350934177112,-0.46091698355610844,0.10708641495185131,-0.48908593723087634,-1.069768559805641,-0.9021991067309342,0.6772741403383421,-0.8919644939322402,-0.30766558356070883,-0.48305042481890764,-0.9094623227774538,-0.5853700235958411,-0.8478439070528723,-0.686532551367656,2.1322825314029217,-0.8110262497548658,-0.1156457264545383,-0.4142565002837255,-0.6605025955881226,walking,Data_WalkingOutside_Ben.csv
-0.7457678317735144,-0.6455571422279108,-0.6537208314274745,0.28978214829209104,-0.625675654074969,-0.6163714099468979,-0.2803010306760673,-0.7238382187387432,-1.5847457830162717,-0.8337315204681677,-1.2498197123418857,0.1968896108555315,-0.8111575752805743,-1.9292248767198878,-0.46014143336281155,3.5763636502689407,-0.38847554891622765,-0.9323152045479856,-0.7597609096151338,0.6745825954375222,-0.7960200608759564,-0.2730511223747214,-0.4728045672675354,1.5704970815894501,-0.5853146398785347,-0.8283583452260559,-0.6653715203714836,1.7469140703871386,-0.7622585094218634,-0.11771011837881243,-0.41398757770797195,-1.650692104864265,walking,Data_WalkingOutside_Ben.csv
-0.7460369013755285,-0.20925771366610843,-0.16467558724683823,-1.0734004403992548,0.19668466157652842,-0.6676884816611219,-0.23066329836291624,0.7193249275824445,-1.5930496037297632,0.4319215473894191,0.236753729711617,-1.4442718929916254,1.2242905055234008,-1.8925230357238796,-0.01020514315431531,-0.30576778984439523,0.057741735722565746,0.36180473376060707,0.40289134491553835,-1.1333789918900463,0.7560723493225676,0.189775102065423,-0.0022556762348322633,-0.2504323531765786,0.04157322507023166,0.01941097993405295,0.4078460011813918,-1.4490022788068768,0.49535858338976674,0.031059621290944757,-0.2284236105054244,1.2988314945692876,walking,Data_WalkingOutside_Ben.csv
-0.6858968864080124,-0.4411880810035506,-0.33420520679656945,-0.3776222044061053,-0.15737802689552682,-0.6155907365704093,-0.26568795557333735,0.38697129360387555,-1.5576856104872379,-0.4052597567110854,-0.7986523137414244,-0.33091669756008807,-0.1707925209999105,-1.888133319795582,-0.3996162781000566,-0.12265341401557296,-0.11484869418134779,-0.32607088230621956,-0.2613778283337056,-0.23393745237891403,-0.0732140272261845,-0.06198416307071774,-0.33657613976735123,-0.1265868161069964,-0.44609103755326707,-0.5076859769896824,-0.3349168391030209,0.011730441916103724,-0.3191699324370906,-0.11022134095197722,-0.38376745526709954,0.5126720671606567,walking,Data_WalkingOutside_Ben.csv
-0.7129540639609372,-0.724331056447241,-0.6913831191231659,0.35730646479162786,-0.6774310569075294,-0.596708200972586,-0.2818689441221923,-3.109611725130644,-1.596667257800909,-0.8868876805055056,-1.381197397247178,0.21954339595386924,-0.8979136613364639,-1.9332328779036527,-0.46109862061533513,-0.5126941907792236,-0.7466570758724644,-1.140115199535719,-0.9246398060256319,0.5917412101281979,-0.8700721002860775,-0.5756757696381863,-0.485342419130823,-0.7857020338211906,-0.5868759868638229,-0.8610877785930455,-0.6928380339488667,2.246675927653859,-0.8255253611934491,-0.12028720524922978,-0.4143367771689507,0.5175841107272392,walking,Data_WalkingOutside_Ben.csv
-0.7136230392388673,-0.6947496417422069,-0.6680908137304739,0.342574151071288,-0.6537759387945922,-0.5981353694138565,-0.28154534629587,-0.6321734544902917,-1.5950866843250804,-0.875755570616465,-1.3654086051781038,0.21033536937092812,-0.8825522948984545,-1.9320686490612275,-0.4610178804918401,0.21548319264571927,-0.7997716569732731,-1.1036865734312755,-0.9673279651228406,0.6491656828604884,-0.9232026532787303,-0.6481873780572474,-0.48440501318144813,-0.3153418114958478,-0.586462795247937,-0.8536867470196512,-0.6876344619203248,2.178778000048972,-0.8155309762746992,-0.11806441906612022,-0.4143021421730729,-0.6324977578471908,walking,Data_WalkingOutside_Ben.csv
-0.7196067309563707,-0.6031706691375831,-0.5564466835947571,-0.009357990941921183,-0.4534512923461836,-0.6048686766035982,-0.2785214774928656,-0.7894678409434984,-1.6260922194601641,-0.6322520500026355,-0.7894510751811848,-0.2041834656618154,-0.262360941804498,-1.9289958478986688,-0.44338444940538346,-1.153508843301839,-0.8881871066504704,-0.8776227647544755,-0.8387269442077797,0.12265586637421763,-0.6109400738096044,-0.7101358882227031,-0.46660578715549567,-3.162242277069502,-0.5035226807575126,-0.6795961251876276,-0.46371909297065467,-0.5604795842050005,-0.3990301081417677,-0.11376182030240281,-0.4060157871996614,1.0799243118754323,walking,Data_WalkingOutside_Ben.csv
-0.9551669094867855,-0.22712866081328004,0.51393613922797,-0.12426422068799704,0.4598843692076324,-0.904061720864331,-0.23405919694737537,8.767772242569217,1.0078063104565274,0.23174470406770378,-0.010359534359480447,-0.1602761085476357,0.11647984846219557,1.5809063677041257,-0.13594789495450577,-2.500334551030172,2.5339693001995403,0.4463104761284192,2.8525139392814594,-0.17885535080342893,1.9752124585332178,3.249920994253806,0.05199521765435217,4.508205745150381,-0.5577959506412922,-0.015583576376814493,1.0944930186477917,-1.834983919175874,1.1766352371134756,-0.15556340278723693,-0.24280937073736614,5.984211862433621,walking,Data_WalkingOutside_Ben.csv
-0.6200026976776043,0.35385365053260215,-0.09399851195313581,-1.7000982329695806,0.44832873412873714,-0.387756111684048,-0.06403839261140758,-1.0733342751485917,-0.11156389339407628,-0.061484382568313366,-0.12676187003048894,-0.3635852548514077,0.20959357870206216,-0.18727114464120886,-0.28311756356292855,-0.24185419069360287,1.6099237962893151,0.3390258170115801,0.1679982195040833,0.1702452888069073,0.03849668726670119,2.8538860545112645,-0.016385797309738447,-1.3518116748412727,-0.44432326148317997,-0.41087516145257547,-0.06401301092571572,-1.2739499444422144,0.03389686857874548,-0.010422523426483888,-0.36508644448763705,1.1340126309600138,walking,Data_WalkingOutside_Ben.csv
-0.8706886218969254,-0.05524346441504274,-0.06354861820891276,-0.7924829951414782,0.1928013207270745,-0.7854237744809498,-0.19657264002710786,0.41936004032504576,-1.6243039232064653,0.574768391465712,0.3912545274414483,-1.3221658566160117,1.2131275831897284,-1.9614224875044926,0.09206461293482335,0.12678326974909448,-0.05533772716433812,0.6958806270574618,0.28797689157734346,-1.6099570141064616,0.8847896015856846,-0.11886238560544322,0.22904919800060036,-0.10497097031151723,0.3303985339596449,0.12869569082271617,0.139790057886246,-1.2877270901323463,0.22861134032946803,1.449038559884001,-0.17976961377374812,-0.02354506487914766,walking,Data_WalkingOutside_Ben.csv
-0.7837054620208675,-0.036110881216520944,0.09946463633374236,-0.7268638453202059,0.30620925189339276,-0.6759343434312279,-0.19173398382995183,0.5383403776736366,-1.6586534561382513,0.7035573791915121,0.012070151564236638,-1.2790466990791296,0.979672917524137,-2.1443972923267003,0.1932223033992575,0.1951920975141469,-0.14242800779193393,0.7779630517248715,0.442040199150781,-0.5657540092041095,0.5377372211697571,-0.1888388506433981,0.2927782667015301,0.594403098852137,0.4744204169386995,0.17279258428731326,0.2713780260006228,-1.4736109127258266,0.36749235323402074,1.9768807768226633,-0.15853806511049442,0.09897113281831288,walking,Data_WalkingOutside_Ben.csv
-0.7726546708977814,-0.03836576859503635,0.02775173845245857,-0.4453792128773621,0.1604041915976476,-0.6412919654970682,-0.19231118338605338,0.9521402761206983,-1.6469225354033763,0.8283183264485938,0.15206232935507755,-1.280066722207275,1.0545251796922008,-1.9489595118121066,0.2993112427855476,-0.11957752402723977,0.05740386111225052,0.7854377956585953,0.49435790333883367,-0.3400861605353393,0.4753924445412893,-0.06328423655495069,0.29871685218711286,0.6298638265522559,0.4915050889280447,0.2580769372266326,0.25138215940229064,-1.2724888446440012,0.3335328851925907,1.6675843516022613,-0.11486647895117408,0.31007616317045567,walking,Data_WalkingOutside_Ben.csv
-0.7376830201158433,-0.06419806981084229,-0.10565014518384644,-0.9506117682287553,0.20714361262477315,-0.6230437270023628,-0.19879143724658213,0.19070754852147456,-1.6257800477090134,0.8926297459422353,0.3106303409916029,-1.4053162838757065,1.2337387688136316,-1.85120245023336,0.35710935205253036,-0.040543688695114086,-0.054270014766434144,0.8379189267076897,0.39297940870209525,-0.7673725405889118,0.5918950568007312,-0.17658565651288277,0.34104777367041694,0.5388358948194031,0.4738611305687772,0.29201680162880167,0.27138531856768466,-1.4052714819167673,0.36241742892767626,1.8681628322414667,-0.09652999760967884,0.15050994661928585,walking,Data_WalkingOutside_Ben.csv
-0.7769157450954245,-0.10322184587280307,-0.10219740359137114,-0.3749026163611824,0.032051691415560295,-0.7146752562863682,-0.20811965416405281,1.0675423992231483,-1.629767516300312,0.6695698642000664,-0.033415971328601725,-1.1251066700713521,0.838464068691681,-2.050991774908541,0.1657021656095446,0.18658580987069295,-0.07910916046188948,0.6629408186977963,0.6885490220201835,-0.2767548381143449,0.5773502390297263,-0.174960564440462,0.20423966110386674,0.7385843084298267,0.2974408246978666,0.18119603001654036,0.16083399814463806,-1.4557036453637033,0.2611021088612534,1.595237500614596,-0.15438768786907123,0.001818255052848451,walking,Data_WalkingOutside_Ben.csv
-0.7704012623044874,-0.11040929107391553,-0.11342155451921926,-0.35710167658976133,0.017345336399551103,-0.6739582641889124,-0.20977720755659043,0.621774236553874,-1.6312822216204546,0.9400373361591098,0.36678456663140796,-1.500187703473219,1.3356445351222646,-1.8798119455814253,0.4010709709514553,0.011631496736506423,0.028513674983168483,0.8202443630216338,0.4446570253897509,-0.826644722718826,0.6518031689816007,-0.102903981567179,0.3266673714881192,0.33640081014274814,0.5042852599863288,0.2849111111085219,0.32286515442193703,-1.3533083677935143,0.407478658432437,1.565378426121467,-0.10041403512493417,0.3198759206331558,walking,Data_WalkingOutside_Ben.csv
-0.7400161731328705,-0.08952245201511053,-0.08959763646936537,-0.6420476027313133,0.12494623481440625,-0.6538437285143134,-0.2049081839355218,0.7414491859392551,-1.6443386646670437,0.8576472773797079,0.39052109534808455,-1.141158124505342,1.0750022978073086,-2.026791082010141,0.325407267534056,0.26123948930085766,0.0048754376705717846,0.8480732929681953,0.5475039550210737,-0.6663013950501728,0.6512080967011846,-0.005333452983186921,0.34936664262358885,0.44362388263291425,0.5197326712760646,0.24708409707062814,0.1673465510992275,-1.2872710757878143,0.2547665182278309,2.074810036021552,-0.12068870908603795,-0.07882727298651566,walking,Data_WalkingOutside_Ben.csv
-0.7888568922697711,-0.07447536937302285,-0.10590773068342066,-0.4874092096084623,0.063779124312028,-0.6982323247557903,-0.20130195562954314,0.36961069386611894,-1.6319953467469472,0.7375500502432907,0.35953025679554157,-1.1158059139441756,1.0393119936310171,-1.9671863752125796,0.2213379692450834,0.3489516902651182,-0.06969787500755456,0.6656566215290572,0.418093412359668,-0.7093224660284794,0.5836141570661676,-0.0913008241787802,0.20626856970902124,0.298541881383973,0.3898315258029698,0.17046003009565794,0.1420129404141258,-1.5384108442485205,0.24936525813135685,1.463363704429058,-0.1596841682708472,-0.15377954003761737,walking,Data_WalkingOutside_Ben.csv
-0.7201499004203804,-0.0045300270507161984,-0.12343450546691369,-1.4484708958093564,0.3464225031037142,-0.6578324812098935,-0.1834552755499969,-0.09966092896705317,-1.7289339442393301,1.019137534033451,0.24499483910747924,-1.7338935378806537,1.4490378094057754,-1.9694384901270274,0.4769823103570783,-0.10693366710622024,-0.02486586843523473,0.8670001846766712,0.5749712205490056,-0.5296291131823675,0.61064296352732,-0.12256759573032164,0.3649834613682728,0.5540293093866601,0.7238085618423284,0.3514467651841238,0.47214166561913873,-1.2225641899443946,0.5396253922821952,2.1428601517289754,-0.06310994747072655,0.29654515911128654,walking,Data_WalkingOutside_Ben.csv
-0.7420900211814984,0.02647467723294022,-0.05986021310787007,-1.0565448126677173,0.2774347760849332,-0.6233608755539217,-0.17497397805091577,-0.13191589436069284,-1.6155242722726564,0.8082658635820585,0.2147641030439182,-1.087690368664023,0.941315366942098,-1.9202927593224877,0.2817225623800267,0.19947174375912632,-0.015472930190645405,0.9407808917524889,0.8248310871546701,-0.7229547767728224,0.860147347799333,-0.06130162442635662,0.4272420059889221,0.18926883181589224,0.5573705017925215,0.2529031045558605,0.15697727935118708,-1.5916290596671891,0.26754444990633774,1.8229737188864472,-0.1176138587872858,-0.22051835902153688,walking,Data_WalkingOutside_Ben.csv
-0.7483537800168153,-0.008474117314728297,0.0016807978348698136,-0.4534798039949116,0.1415268408700164,-0.6664320855795288,-0.18450905653749813,1.004849960626845,-1.6305270558779486,1.037352444973731,0.3714785317616779,-1.736017040664808,1.5175818210373615,-1.9934674131307994,0.49491651650050195,-0.26450707780692767,-0.02574164995259038,0.8971862172022954,0.7061984813315673,-0.9435741598826516,0.8761892422287771,-0.09659862425670512,0.3901896929935525,0.3847431511164515,0.6181493256214095,0.34754803303843057,0.5739585703848537,-1.2873091667318344,0.6412045144269822,1.9835811925359086,-0.0653535710235488,0.5931159551138625,walking,Data_WalkingOutside_Ben.csv
-0.7700615224772727,0.07640256297997577,0.14268967459254342,-0.9932671249678289,0.4239904354854463,-0.6714942640353607,-0.1605798824379406,0.8799522191909666,-1.6785656007178333,0.9743571390390597,0.30193583727554185,-1.4128180903138121,1.2348465938117146,-2.0210844511886026,0.4336139104714037,-0.04015457604865287,-0.022346462765044855,0.7764634554514048,0.4009899099229452,-0.4626751160709037,0.46604041486936243,-0.04843089502171038,0.29158957466745267,0.2883047750337523,0.6541935852102333,0.32420165158844877,0.28750079488670116,-1.1261168810740831,0.3569747376307088,2.230241801948199,-0.07863841829593457,0.18880757517058408,walking,Data_WalkingOutside_Ben.csv
-0.7499005356932523,0.009346082500612928,0.1196878379788396,-0.7760636647961927,0.3379996091389512,-0.6663710954452521,-0.17970279739464132,0.724473672150371,-1.6662171909175914,0.7662478019550713,0.09318773752682255,-1.4913598674641102,1.1841547901366192,-2.0164847927054486,0.24553454886705278,-0.015204896414072855,-0.11136629816122061,0.7484781030367591,0.6872406082718575,-0.6926494363477192,0.7555399159212229,-0.023989510130910188,0.26957290812880946,0.6132530935008166,0.5021995111567461,0.22164896523011912,0.344927630774963,-1.4428163956225974,0.4351023467522851,1.7246901380617732,-0.13394102558753895,0.16438671202342106,walking,Data_WalkingOutside_Ben.csv
-0.7510498515098671,-0.05730760061285649,-0.11780598860126681,-0.5454949559830354,0.07197279317807359,-0.6274350143885957,-0.19708668942484678,0.24784423320172064,-1.5946334412164098,0.8617325292771614,0.16919796932056744,-1.499668419512256,1.230697543166319,-1.875479487049687,0.3290771351454613,-0.2812263869646286,0.03498678560118087,0.6986277422098371,0.44121185102775257,-0.45534247551372853,0.4896491221294856,-0.04329560402074986,0.2311380600674838,0.6477896518809185,0.3431988210748233,0.29143776865691784,0.34236810053304967,-1.3655885530271545,0.4269270103784294,0.92857514048685,-0.09684739617152277,0.4317119275074439,walking,Data_WalkingOutside_Ben.csv
-0.7643819149237572,-0.03160350507685648,-0.0784940574073784,-0.6138336947236405,0.1253327710410747,-0.653892520605437,-0.1905746440843374,0.4364258000935509,-1.6515318668472008,0.9606213448009181,0.2980953202616899,-1.3955518812663157,1.2196757449404447,-2.0210081076531834,0.42051691512227146,0.0031080591821941025,-0.0029981370170906055,0.8105096948716516,0.5626213055937659,-0.5436105973791421,0.6084443283266585,-0.05223361041906382,0.3188009142623558,0.5635305975634289,0.5522060660711543,0.3188015952913683,0.32890786255976573,-1.1165244378740498,0.39561379546236963,1.923922991475358,-0.08167451671182928,0.26633923962127615,walking,Data_WalkingOutside_Ben.csv
-0.78099321479766,-0.12822608970143679,-0.025020404692315385,-0.42682202407640535,0.11139049927709584,-0.6959147008756095,-0.2138048937281973,1.1066020813782362,-1.6724522699519457,0.683962534278405,-0.0017850468446451665,-1.3687809115899103,1.04062444845106,-2.015854963638351,0.1772839288650142,0.0355351074736937,-0.11182605067911508,0.6890495153160577,0.4547478097292088,-0.3465895149934398,0.4518338486355007,-0.09659862425670512,0.2238681424567095,0.7696846347692893,0.35837921837183084,0.18893245949066895,0.300903573036073,-1.3598548081545878,0.38709365838304954,1.705599481214524,-0.15053721582354035,0.13177428441683028,walking,Data_WalkingOutside_Ben.csv
-0.7420915006573832,-0.12153762875637121,-0.1312004342130025,-0.33642117300035385,-0.0036265011750130057,-0.6325581829787045,-0.2123064567210474,1.0477175994079688,-1.590406980470764,0.8253691459546376,-0.09777130090446993,-1.3011812002165042,0.938394096689778,-1.8400754750630652,0.296711510704218,-0.23935146266628554,0.02133562640446164,0.7544331450328385,0.45213098349023917,-0.1580067899723611,0.36889957369910986,-0.053631189827160405,0.27423137486747307,0.7890756123409584,0.3170297654826877,0.2702930278313141,0.2507454242216816,-1.2679092852203984,0.33258720093255767,1.0977174676065182,-0.10832932254132852,0.4249002169802734,walking,Data_WalkingOutside_Ben.csv
-0.7863929524784077,-0.013862792714194378,0.0773287255043317,-1.4030668643710154,0.4970367930343766,-0.673019016577389,-0.18593963642392733,0.8907932882559869,-1.6575667303001307,0.8678509932519056,0.08194622425843132,-1.2564485514595405,0.9994514706621952,-2.1573946670293966,0.3345894563243724,0.0444088281809137,0.07102630809924933,0.8019064519217054,1.015304053351112,-0.35483873671369776,0.8284080752861134,0.10605035799925182,0.3118806030189568,0.7463470453927653,0.5162461642009109,0.3020738408301639,0.3873297515426336,-1.232629447326292,0.4597704778192277,2.089297404082597,-0.09099190803174219,0.26223466985044375,walking,Data_WalkingOutside_Ben.csv
-0.7650746606482312,-0.015842593515503732,0.031188038643210986,-0.9834213441109578,0.32950480144363314,-0.6693230164285506,-0.18646257335351588,0.7942679336719668,-1.6668618366519208,0.8194594796034899,0.1556094735315841,-1.516545164969549,1.236349566292776,-1.9931620402641506,0.29151547811657735,-0.09904349525774025,-0.10139458880295037,0.7935534793050778,0.6156449879027376,-0.5374273183427848,0.6410668133031028,-0.1028714796649343,0.3051902042756396,0.6503250169632023,0.5154235474687909,0.25546324539648213,0.3610875490518402,-1.2766572695869671,0.43810445872120884,1.901400692064092,-0.11625596939493991,0.38979202482753045,walking,Data_WalkingOutside_Ben.csv
-0.7542241922426168,-0.12349930545232626,-0.10647770720928058,-0.3683581532356426,0.02651882988945096,-0.6349611929164901,-0.21274762712744952,1.0612623812968633,-1.587751366328834,0.7621571329487995,0.049648543358357236,-1.233488759298863,0.9648901604796273,-1.8053776347864414,0.24205973199808917,-0.14176581311983302,0.025634473324723475,0.7345238654827029,0.42285641359545023,-0.31271969691118684,0.4160292932865013,-0.09487602669467993,0.2587129865915801,0.6333316138333063,0.2879711785184356,0.2358418729329742,0.2255345051393371,-1.4942189563531394,0.3254561291888398,1.4069263451487686,-0.12658391059281165,0.29288526790381963,walking,Data_WalkingOutside_Ben.csv
-1.2478764651076477,-0.38562724741331655,-0.6235139362625501,-0.8673056670677481,-0.2433036839421671,-1.107662597096964,-0.2590833029703333,-2.891125185468985,1.0031314445496653,-0.39531181632039814,-0.08189193609027307,0.663885169089802,-0.5485137332838504,1.2516904282000583,-0.3970949514009682,-0.4308897662576297,2.871098925443258,-0.5252161341020363,-0.09442260245563668,1.0720578676151273,-0.5244002273606378,3.220183896551255,-0.39769593608453624,-0.453075511032574,-0.5077933192540818,-0.5478860821146839,-0.42589030947705997,0.1213826599850221,-0.41378308298974475,-0.16622821436229335,-0.3902221638293952,0.01679803000736596,walking,Data_Walking_SweaterPocket_Sachin.csv
-1.0419868077300374,-0.4037112227572645,-0.6176558676845092,-0.06187721511870857,-0.4874179833692398,-0.9446841129970727,-0.2613564977176231,0.002176019638059509,1.574089996674774,-0.6052488406604783,0.06064522579982771,0.973006364190721,-0.7083156706499998,1.8624285113342733,-0.43955972536976506,-0.28901703888959185,2.555300442919793,-0.44432530029881284,-0.1007110154810613,1.2499234436714501,-0.6051635728574242,2.6990730240940985,-0.37480119400820433,0.980656794831382,-0.5576577344774816,-0.5764434970195467,-0.5359793822301754,1.2682893021847323,-0.6036955705687466,-0.3046350994348147,-0.39434314314588614,0.49785799060365343,walking,Data_Walking_SweaterPocket_Sachin.csv
-0.9927025949203514,-0.46791690457778334,-0.5114783747075163,0.008075557547553033,-0.4219605205462363,-0.938164973633077,-0.2684644429972882,1.828653131345595,1.610422228943044,-0.593632434495854,0.3091944018456908,0.9810596217785204,-0.5829253599143192,1.7719015720805589,-0.43779957761185617,0.728558826488951,2.6400561775937277,-0.49204737922973907,-0.1007110154810613,0.9943024245303962,-0.49510782225817657,3.1376746750788715,-0.38862771463114304,-0.6409980174076598,-0.5122109861620243,-0.56304873512701,-0.529307317214835,0.07021953839990486,-0.5082637529372281,-0.006527962355538416,-0.3924582393450676,-1.3740720303510607,walking,Data_Walking_SweaterPocket_Sachin.csv
-0.8672830642705871,-0.4645064965986124,-0.6399897541382904,-0.12988685521090726,-0.4847156110508589,-0.7427537711973073,-0.268124675458448,-1.3423890518097736,1.5801867990647682,-0.6673893304739692,0.029465221636368125,0.9785816963668897,-0.7290569250574056,1.8267277465581606,-0.4478025242636208,-0.8264664742300807,2.63523300403636,-0.4946923059089636,0.025057245027429408,1.1692521714710415,-0.48673856365747337,2.9205451448883903,-0.3893671300706722,1.5906733035675467,-0.5863646806881997,-0.5554665669662169,-0.4592506345537616,0.6458046562324734,-0.4844850608363514,-0.25140168209923014,-0.39135366920794584,1.3460939872292503,walking,Data_Walking_SweaterPocket_Sachin.csv
-0.7781531448894674,-0.620536993757423,-0.6714768727452607,0.24902399673134298,-0.6276410803341141,-0.6643122268000295,-0.27932976890979777,-0.6530865060020379,1.5446962569690794,-0.8028155407972634,-0.03022221490511155,1.0820350823024678,-0.8393626871331548,1.7260005887969851,-0.45891958483061224,0.9164098912511638,2.874338251578321,-0.9078725170084079,-0.28936340624379736,1.4452839944218374,-0.8148135008050403,3.3504616146655435,-0.47018355773319553,-0.023196940262011495,-0.48495555907820126,-0.73248259055996,-0.6193801949219294,1.6903850552619493,-0.7143457511448261,0.02541208804581257,-0.41004889099883185,-0.2823929034415736,walking,Data_Walking_SweaterPocket_Sachin.csv
-0.7628577363978096,-0.5432208161227771,-0.6396236248521628,-0.33197264291344075,-0.4219605205462363,-0.636736267290328,-0.2748865050678096,-3.8206853334713133,1.4551020450234138,-0.667326859910805,0.10340637436685789,0.9513245168389529,-0.6691901225633025,1.640573758797001,-0.447795230094418,0.048464059189579675,2.78246714205243,-0.8057962504859693,0.13824867948507108,1.4200134754193,-0.5193786722002159,3.2657810978912565,-0.4566301101903393,2.995435060396618,-0.6077824765008129,-0.6835475573751779,-0.41254617944637934,1.5113141297140391,-0.5044591622010879,-0.2443038931211523,-0.4063628476405349,2.741590815838738,walking,Data_Walking_SweaterPocket_Sachin.csv
0.2867639855760108,0.4037599932783292,-0.01866835557981907,0.009047123834584466,-0.01810599074376072,0.614205087418388,-0.04369579182979411,-0.5048371857182309,0.2976375870479537,0.43028579871620265,0.35908240850722606,0.11750261582525186,0.1005932512388272,0.3715390737375349,-0.01131576096415079,0.23246350307128208,1.5534433033870292,0.40933967322887654,0.03134565805285403,-0.0583118862291534,0.045964746277287895,2.3603509569969474,0.027905889553507045,-1.3979963873866872,0.3453133815059331,-0.17586028061928138,-0.20571216397082911,0.30898077246378525,-0.21848075853454424,0.8061688756343932,-0.3012957733842287,0.21040898521908644,walking,Data_Walking_SweaterPocket_Sachin.csv
0.8262578513161134,0.20090336638104622,0.15707370176141033,0.10620375253772556,0.09599417381009859,0.8912685103882031,-0.12072901212890692,0.0761249239546656,0.14860222514738738,0.03676173036625307,0.012538933661918706,0.15467149699971103,-0.1110618221458367,0.16026704790175314,-0.23871071627741358,-0.11487103596439122,-0.3881653336128656,0.03806446251496227,-0.17617197178615568,0.19536524683478232,-0.20134684537349287,-0.47401450420356134,-0.18340303795752616,0.9652737029791666,-0.031063950359846756,0.024652356245732632,-0.08561499369470331,-1.0852142907306581,-0.0006679388905139213,0.13187892271698168,-0.2262190853250854,0.5222696889389666,walking,Data_Walking_SweaterPocket_Sachin.csv
0.8216677645216381,-0.5314015482234804,-0.1687813628921191,1.1078885944671102,-0.48081218436875317,0.9067514663776929,-0.27401527601103903,1.9441564188564606,0.27783003988352645,-0.6206228363559149,-0.4248719818883279,0.6236188811508044,-0.6993592198831654,0.2915948611853109,-0.44178304478306246,0.20865739820279375,-0.6658593044482874,-0.8883395691049424,-0.808786322143864,0.5909460635283527,-0.7926349655131767,-0.47844394661944717,-0.46791557878427104,0.019960508984709618,-0.5619728484036323,-0.6569983402965631,-0.5192992196918246,1.315188830304423,-0.5913306506762906,-0.16622821436229335,-0.4038891147372146,1.5703630461715297,walking,Data_Walking_SweaterPocket_Sachin.csv
0.8286094628004167,-0.7085402648233223,-0.33353954164952165,1.2788842609846385,-0.6687771922916897,0.9279386693106789,-0.2817358900801146,-0.23399550887976284,0.401171627410931,-0.8541150477446456,-0.5464739981258201,0.7636216669079341,-0.8702388726714522,0.40966239040916963,-0.4606794315027376,-0.9793336141291519,-0.430977811866126,-1.1274924332669118,-0.9345545826523547,0.7654098389497184,-0.9514416474615208,-0.22349045226978362,-0.48507827801675163,-1.3478557585770623,-0.5938352709771667,-0.8376234099811255,-0.6794287800599924,2.044263312892343,-0.7977296981119002,-0.1236414804938262,-0.4141378386124342,-0.8117235275356716,walking,Data_Walking_SweaterPocket_Sachin.csv
0.8261088700175059,-0.680570369534018,-0.3042491987593168,1.20407365688322,-0.62163580851549,0.9295684541516778,-0.28127715833126915,-1.4086122945323238,0.40943641435322414,-0.8442656956658521,-0.4577446148492324,0.7543294466143192,-0.8162173327830724,0.4152725105882731,-0.4604460213667343,1.438389475717357,-0.3744044612972444,-1.0229328765047967,-0.8351976568506471,0.6522756692614344,-0.8366154194598724,-0.1861441730770208,-0.48041624529775107,-0.046039392170238565,-0.593180509631882,-0.8085288339107531,-0.6460684549832908,1.7074394291236545,-0.7409778862978079,-0.10944590253766923,-0.4135295528643948,-1.5695377761780978,walking,Data_Walking_SweaterPocket_Sachin.csv
0.8287676030554624,-0.5842035653406238,-0.2566523915627338,1.1603531739668063,-0.5690896801025285,0.9271237768901797,-0.27751309259336976,-0.16462726098910077,0.5480919701848254,-0.6103958580056837,-0.34469482832514625,0.6899033859119234,-0.7073728863587541,0.6313896402150987,-0.4403175347586146,-0.05266200461506002,-0.7017769446748395,-0.9009355150280379,-0.8785877067260763,0.5472086267931913,-0.8202535188954975,-0.4872594055451807,-0.46939574293467795,-1.2013360600771406,-0.5698299845470429,-0.7199221985436275,-0.6027000323835786,1.5198413166448919,-0.685811320623774,-0.08815253560343567,-0.4092108169048487,-0.587175185327114,walking,Data_Walking_SweaterPocket_Sachin.csv
0.8132731526496269,-0.5545986918716482,-0.2566523915627338,0.9495232896809901,-0.5039324808704562,0.9108259284801903,-0.27567709912777394,-1.1775578165544567,0.5220946805909951,-0.5562297044218326,-0.3090605378526211,0.6768942775008626,-0.6786179654757596,0.4856540182897526,-0.43166303026783126,0.4159765139424492,-1.1978312080810172,-0.8987343884884214,-0.9798940405656656,0.36253944946695454,-0.8081599402174814,-1.0051567609555174,-0.4691417060288072,-1.6172003003595108,-0.5608210995312046,-0.6858632624871532,-0.6060360648912487,0.5861143477165031,-0.6195480319693311,-0.0668591686692021,-0.406562807705568,-1.8725566710290387,walking,Data_Walking_SweaterPocket_Sachin.csv
0.8302534625351629,-0.4725553238375981,-0.23468463439508014,1.0049025680417807,-0.5030316900976627,0.9613492585511567,-0.2689197495506624,-0.828313196533415,0.5070867351336286,-0.540533387917799,-0.3028245370199292,0.6242383625037121,-0.6352498880784565,0.49496171767781055,-0.42887449870499966,0.3414934102624271,-1.1244024418175271,-0.6677411830187502,-0.8540628959269205,0.36253944946695454,-0.7244255079174454,-0.97475862672885,-0.43160552868453445,-0.44333482436666766,-0.49947075034715516,-0.5945860385131833,-0.5793478048298876,0.8717751099000743,-0.615426392005179,0.3093236471689331,-0.3967608489872512,-1.4026169351841118,walking,Data_Walking_SweaterPocket_Sachin.csv
0.8214272595504228,-0.673202667269217,-0.3042491987593168,1.2264196814849424,-0.6285418711069078,0.9116408209006899,-0.28110887439910925,0.31544749739793043,0.6638086559111915,-0.791361988678251,-0.34113139927789377,0.8079145836408312,-0.7952875215174174,0.7285467214986627,-0.4583427361548796,0.3131917998007069,-0.9063171736069607,-0.9603944153590256,-0.9483262071780344,0.40530494316355675,-0.8055654700512633,-0.7341791072777963,-0.4755177364672151,-3.475771081501156,-0.601858069629626,-0.798206475634162,-0.6327243249526101,1.9078283219986971,-0.7431972308938898,-0.18752158129652818,-0.4132175255669794,0.7420736167886561,walking,Data_Walking_SweaterPocket_Sachin.csv
0.8307278833003,-0.690423041487823,-0.30791049162059236,1.2575098026699476,-0.6411529419260186,0.9246790996286812,-0.28147128115311026,0.7886886221853842,0.6077811832418326,-0.7958866770384149,-0.4204176955792623,0.7969497636943659,-0.8288977815003272,0.6382747877076347,-0.4585786412140029,0.3011069364609629,-0.2947892427154614,-0.9293554816956834,-0.8282804025226801,0.7333357186772669,-0.866912135594418,-0.17615621468825862,-0.4725000326143076,0.3711237582084304,-0.5707450726922606,-0.823609163433391,-0.6594125850139714,1.946200663187535,-0.7714146121869301,-0.08815253560343567,-0.4138948165747781,-0.11245040781941146,walking,Data_Walking_SweaterPocket_Sachin.csv
0.8083378588567406,-0.6757424257830281,-0.31889437020441924,1.2594529352440103,-0.6507613768358173,0.8969727573316997,-0.2811691189855798,0.421333107608844,0.5711173773786331,-0.6044554110616819,-0.3580576872523432,0.6806111656183086,-0.7073728863587541,0.6422273723792757,-0.4394417004027676,-0.00897878729602365,-0.16249512038069314,-0.8350463721323933,-0.814445893866746,0.667437980662957,-0.8293341644772606,0.18471306448832184,-0.4609439995916349,-1.1369954608068755,-0.5770402480360783,-0.8097544811394523,-0.6660846500293117,1.9803094109109465,-0.7802919905712574,-0.11654369151574709,-0.4135632550797873,-0.44890179390053786,walking,Data_Walking_SweaterPocket_Sachin.csv
0.817101464657192,-0.6838489095455513,-0.329878248788246,1.2429363083644764,-0.654664803517923,0.9132706057416887,-0.28134568182532443,-0.43226741957386206,0.23221344604209457,-0.7316469531925065,-0.5577878853508469,0.65645139285491,-0.7946747117281077,0.2699193968569567,-0.4542476826283415,-0.6110802533269099,-0.5448271491073909,-0.9783498077737646,-0.8672685632803121,0.6762826623138452,-0.8682930632635341,-0.3850348227315019,-0.47708578443381267,0.22006766201097372,-0.5795330743627032,-0.8192672146821689,-0.6760927475523222,1.9845730043763727,-0.7901205166396197,-0.13073926947190406,-0.41380067510791196,-0.632298045917721,walking,Data_Walking_SweaterPocket_Sachin.csv
0.8057779634781875,-0.6932425516733547,-0.329878248788246,1.274997995836513,-0.6645735020186528,0.9018621118546963,-0.281520321467873,0.5841749114774665,0.1357579328087478,-0.7867374790882882,-0.6010835482749649,0.6465396912083876,-0.8100420956754129,0.087590491036095,-0.4580907991914743,0.010439073828623512,-0.5006483597019092,-1.0478944790737523,-0.8722992937006517,0.7078708110670173,-0.8852408119299582,-0.3435630824651199,-0.48193041211797794,0.11731256487891933,-0.5852287091975855,-0.817068678457957,-0.6660846500293117,2.082635654081181,-0.7879011720435379,-0.13073926947190406,-0.4137496063961219,0.8120525309154247,walking,Data_Walking_SweaterPocket_Sachin.csv
0.8003385976223442,-0.5211029431244867,-0.26763627014656066,1.0583387138285083,-0.5465699107826879,0.9132706057416887,-0.27321462822429043,-0.5043321861345637,0.5365424895245776,-0.6063960459118328,-0.3420222565397069,0.6663630945014325,-0.6880458083882168,0.6524275908867365,-0.43972980577333004,-0.19778239557254707,-0.019312720351716606,-0.6788425692231184,-0.7163466506701233,0.6152446394923311,-0.741582488048887,0.14997233965784476,-0.43390240358869997,-0.6299812272466526,-0.5474103249892371,-0.6783560290341222,-0.6227162274295995,1.3194524237698497,-0.689932960587926,-0.04556580173496726,-0.40590534520094695,-0.7957290035138838,walking,Data_Walking_SweaterPocket_Sachin.csv
0.8030138036035344,-0.47124444365772605,-0.23102334153380452,1.0379358218008485,-0.5102380162800116,0.8366707182147397,-0.2687918686675609,0.032543769949824615,0.27589925932178133,-0.5011539808319131,0.05173665318169636,0.5579538577425932,-0.3971968545389125,0.18449256685697257,-0.4213235239712417,1.1346347825132306,-0.7851625478610619,-0.4383311141061174,-0.6999967768040195,-0.24395300659394933,-0.3607812217168896,-0.6575323831205563,-0.3729994825132608,-0.8360006100973346,-0.49720669605683426,-0.6050807646161139,-0.5159631871841543,1.1147999374293807,-0.5732588446796244,-0.25849947107730803,-0.3980883238044101,-0.4384390367534145,walking,Data_Walking_SweaterPocket_Sachin.csv
0.8004407298703943,-0.35766038923122045,-0.19074912005977282,0.8484803958297235,-0.418657621045993,0.8578579211477257,-0.25533310478059873,-0.27416437970371305,0.4138093306036361,-0.5304410363563861,-0.3544942582050907,0.48609402080530545,-0.5574701840506847,0.459388455633041,-0.42701493637543236,-0.7185355857914252,-0.24864106240534528,-0.31159764814898677,-0.6044128988175664,0.0855356834775994,-0.43903378963346484,-0.010703512683111592,-0.33150986092691387,-1.3851640147187492,-0.4716157827543973,-0.5080786703990793,-0.5426514472455157,0.6159595019744882,-0.5615280232431918,-0.22655942067595702,-0.3838342044745254,-0.5636054531289654,walking,Data_Walking_SweaterPocket_Sachin.csv
0.8076064601771543,-0.2976175722114197,-0.14315231286318983,0.8057314792003415,-0.36641175622396266,0.845634534840234,-0.24631869225495362,-0.21875738941613698,0.45064867465925307,-0.5516180737345083,-0.23511938512213135,0.5852110372705299,-0.5697263798368791,0.48144642815542493,-0.4308568317855341,0.19044951902614518,-0.2507445789218424,-0.36391559796476947,-0.5251788946972175,0.4189121457033847,-0.529840245451095,-0.200691851599783,-0.349423686653242,-0.121812852079279,-0.47019581839112995,-0.46270599045625627,-0.5059550896611439,0.3985162352377403,-0.5104830975333099,-0.04911469622400682,-0.37563923849494685,-0.6759870682667142,walking,Data_Walking_SweaterPocket_Sachin.csv
0.8019990703003239,-0.30029424114908937,-0.16512007003084347,0.7989305151911216,-0.3823257265433167,0.8383005030557386,-0.24674853145427142,0.1510299943488682,0.40449505196009133,-0.4688788991228146,-0.31707825320893923,0.5201654952152264,-0.5635982819437819,0.49317667943900484,-0.4145429783280003,-0.5681158665884649,-0.1255918144957897,-0.3118432163172139,-0.4019259993988965,0.5005553609423525,-0.4829723972871569,0.004495554430222087,-0.3315965262455984,0.18969977131780336,-0.42795187858393163,-0.46805196025862317,-0.5259712847071648,0.9698377596048822,-0.5719906477675777,-0.002979067866498857,-0.37665539963727945,-0.4125528782164469,walking,Data_Walking_SweaterPocket_Sachin.csv
0.8155035891635006,-0.29436802272391244,-0.14681360572446542,0.7367502728211112,-0.34809567717715895,0.8880089407062054,-0.2457933462257341,-0.2734545859923186,0.43402135132633396,-0.44889194138427874,-0.2288833842894394,0.5375109730966406,-0.5301294396045588,0.5148521437673591,-0.4100766883596309,0.01527481157482875,-0.23591753056101022,-0.2829252034439636,-0.38431844292770784,0.41016465835635235,-0.43233838275290226,-0.22805017240378375,-0.3212234288915563,0.3112386490475332,-0.4144622171328933,-0.43589554242664225,-0.5059550896611439,0.04463797760734644,-0.4841680116083398,-0.1236414804938262,-0.37033924106580673,-0.6138915594618765,walking,Data_Walking_SweaterPocket_Sachin.csv
0.8206859771048955,-0.2813523049808976,-0.15413619144701668,0.8067030454873728,-0.3757199275428302,0.8334111485327419,-0.24365054920466636,-0.12266427835445937,0.45229663860083297,-0.5220954589895468,-0.3340045411833887,0.565387633977485,-0.606966359341085,0.5117920782151208,-0.4254378477813783,-0.12407023571140006,-0.3096922695901769,-0.24263172144410866,-0.40381252330652384,0.34990418996568573,-0.4193660319218122,-0.3596306676992156,-0.3062067580335983,0.1848834085425264,-0.4032523873539894,-0.4482522753360306,-0.49594699213813337,0.37719826791060823,-0.4993863745529008,-0.10944590253766923,-0.3728242043820826,-0.548317668707924,walking,Data_Walking_SweaterPocket_Sachin.csv
0.820481712608795,-0.3317709945851921,-0.1944104129210484,0.8640254564222261,-0.4264644744102044,0.8423749651582362,-0.2516073873266055,-0.20005015541934343,0.4191306877626111,-0.5478056062214303,-0.3562759727287169,0.5728214102123769,-0.6244078687291308,0.46958867414050176,-0.4301821230240366,-0.184865056417014,-0.2533475724676567,-0.2364357188002457,-0.37111277557431627,0.393641626700847,-0.4164367914115661,-0.1765904737486396,-0.30383945387387096,0.3170677246953801,-0.40186397775435106,-0.495378489716656,-0.5393154147378455,0.46247013721913655,-0.5469437587546543,-0.09525032458151352,-0.3816384914995304,-0.7325150447751259,walking,Data_Walking_SweaterPocket_Sachin.csv
0.7974130029039976,-0.2811110167376073,-0.13582972714063862,0.8513950946908176,-0.3745188731791053,0.8211877622252499,-0.24361024262596206,0.23371747938288379,0.4168911769899986,-0.4961194067148046,-0.2885708208309191,0.4972446851576433,-0.5310722238958047,0.4688236577524422,-0.4203009259574888,-0.37072598372801785,-0.23729261256679637,-0.23093229695248324,-0.37111277557431627,0.338240873502976,-0.39258440439956194,-0.20177749925073543,-0.30172376271110374,0.22785291608678504,-0.44521233428853446,-0.4324038357887266,-0.4926109596304632,0.4454157633574312,-0.501288669920971,-0.1413859529390202,-0.3696239659244238,-0.33677723180334,walking,Data_Walking_SweaterPocket_Sachin.csv
0.833702896848348,-0.302737274741871,-0.198071705782324,0.7348071402470484,-0.38953205272566577,0.8733408771372152,-0.24713857240993858,-0.6396198929139183,0.3990357710011264,-0.5377598624363555,-0.3616211162995957,0.6056539219164825,-0.6522200053208794,0.4203726198420034,-0.4283686584499861,0.017917308850604843,-0.35231345886998444,-0.20768974284833544,-0.4421718427616136,0.393641626700847,-0.46372310250553944,-0.43519174420550316,-0.292653672985779,0.11868018097020086,-0.3578608598748815,-0.48703301362718915,-0.5593316097838665,0.5221604457351069,-0.5704054016275192,0.3093236471689331,-0.38015412263124065,-0.9513339264566093,walking,Data_Walking_SweaterPocket_Sachin.csv
0.8121167520346048,-0.25525655544742304,-0.11386196997298491,0.7561815985617394,-0.32707722581197435,0.8309664712712438,-0.23916836714881687,-0.01964594315785472,0.39588717553131586,-0.5476405650353486,-0.36785711713228764,0.6112292540926515,-0.6597622796508453,0.4097898931405129,-0.43015274698627115,0.03124046682689407,-0.2819235227595715,-0.25756861435646405,-0.4383987949463588,0.4150243735491482,-0.470418509386102,-0.28450385025330893,-0.3118499521717521,0.367465988671865,-0.433008529455344,-0.4097627183444254,-0.4792668295997826,-0.05342467209746168,-0.4515119411231358,-0.2123638427198013,-0.3648460227675092,-0.5482036272800115,walking,Data_Walking_SweaterPocket_Sachin.csv
0.8181524384355172,-0.3063844685834426,-0.11020067711170937,0.8533382272648804,-0.35410094899578315,0.9197897451056842,-0.24771681488195949,-0.19601464199243396,0.3594337817446482,-0.5792083467838016,-0.301933679758116,0.6397253963264035,-0.6465632995734052,0.35611124324500043,-0.43551788204150405,0.5733026760393811,-0.572410722684942,-0.2837047116746012,-0.544044133773491,0.3644833355440728,-0.5189602092701808,-0.46585043386839914,-0.32150747302512067,0.16794556639156544,-0.45636694323108984,-0.4399447201957022,-0.4725947645844422,0.29192639860207953,-0.4708519440318488,0.0963899778265924,-0.37116149340534477,-0.6648512021485359,walking,Data_Walking_SweaterPocket_Sachin.csv
0.8250578962391807,-0.3612003846136174,-0.1577974843082923,0.9203763010700479,-0.4138534035910937,0.8293366864302446,-0.2558235565205246,-0.08354801212165372,0.41668042736517996,-0.49976808058547706,-0.2974793934490504,0.5133512003332421,-0.5480423411382276,0.4852715100957228,-0.42104332074301465,-0.4193621697543472,-0.29580296077896184,-0.22869459275664122,-0.416389349357373,0.34212864565721257,-0.42438758708223423,-0.36571029454454906,-0.30086001998952167,0.18393521432100776,-0.4003887925547337,-0.4841292414696832,-0.45591460204609136,0.9655741661394558,-0.5050932606571111,-0.06331027418016254,-0.3796299184240551,-0.3469712466193049,walking,Data_Walking_SweaterPocket_Sachin.csv
0.7307898312886865,-0.362096961908734,-0.198071705782324,0.6833141270343837,-0.3736180824063117,0.8391153954762381,-0.25594704870845253,-0.699329939540486,0.29956115436853076,-0.49257749206439766,-0.32153253951800487,0.5808746678001764,-0.6121516729429364,0.23549365939427652,-0.41957373593336705,0.46105460070824605,0.1750848266622942,-0.5286622300091958,-0.578630405413326,0.48306038624828795,-0.5930281478864045,0.4278981383016613,-0.39861260859499,-0.6791346214537162,-0.5823808917801447,-0.5327325909534854,-0.5226352521994947,0.3857254548414609,-0.5253844112498594,-0.10234811355959138,-0.3878788040325587,-0.3618778560087174,walking,Data_Walking_SweaterPocket_Sachin.csv
0.8179349955848291,-0.31519209591057257,-0.11020067711170937,0.6998307539139176,-0.30665930162865224,0.9515705495051631,-0.24909322459380345,-0.5271471419546873,0.45245184103535013,-0.5462045224889274,-0.34113139927789377,0.5480421560960708,-0.5975385164286278,0.5278574223643715,-0.42989655428299123,-0.5222070655275386,0.025070105213306333,-0.7383076885662772,-0.7383560962591093,0.6444029306491054,-0.7687825785011725,0.1738565879787978,-0.4453584164956923,-0.8202363529306657,-0.4871486151503587,-0.4816877612213503,-0.44924253703075107,-0.02357951783947653,-0.4251968551981655,0.02541208804581257,-0.37918608350866584,-0.5219183474158804,walking,Data_Walking_SweaterPocket_Sachin.csv
0.8059130416127065,-0.6449514115619154,-0.2566523915627338,1.2001873917350943,-0.581400487330708,0.8986025421726985,-0.2802802117425451,1.0876358720696573,0.6889691484742727,-0.7343057021991738,-0.3580576872523432,0.8107022497289157,-0.8063652369395546,0.7733001802001469,-0.4544688309781831,0.22434804285491758,-0.09793926953636836,-0.9620449153328621,-0.8125593699591187,0.7565554378684446,-0.866447641742079,0.11306031952546289,-0.4756673088972031,-0.6992241390911187,-0.5957048907221352,-0.7767996511608681,-0.6027000323835786,1.7543389572433459,-0.7032490281644169,-0.15203263640613762,-0.41240981514351627,0.6880289750279679,walking,Data_Walking_SweaterPocket_Sachin.csv
0.8200995403257678,-0.6219104618857704,-0.27129756300783625,1.2167040186146283,-0.5985155120137869,0.905121681536694,-0.2793890045399624,1.1700179355050848,0.36261034575028667,-0.5104716159715582,-0.3277685403506968,0.633530582797327,-0.6555197503402395,0.24824393252860255,-0.4231818544748702,0.9112722791910854,-0.13070402667737263,-0.90642602037554,-0.7792307809243686,0.7351824104505291,-0.8350671066187422,0.05226405107212799,-0.470020887044691,-0.2477645789829377,-0.5213303128505626,-0.7534960811845648,-0.6127081299065892,1.933409882791256,-0.7260765725812586,-0.04556580173496726,-0.411284151970907,0.7994228171927151,walking,Data_Walking_SweaterPocket_Sachin.csv
0.8273212786395232,-0.5674710275892564,-0.27862014873038743,1.1564669088186807,-0.5859044411946762,0.9263088844696801,-0.27651464922278773,-0.451842005653736,0.515924468862467,-0.6519237058700827,-0.36340283082322195,0.6806111656183086,-0.7102012392324912,0.5065644662300471,-0.44593577002828233,0.13756768702611724,-0.4346632338010524,-0.7748729136966963,-0.7798596222269111,0.5919180065669118,-0.7738041336615945,-0.3644075173634062,-0.4516937230181323,-0.27305651689296284,-0.5577287326956443,-0.7018737078572406,-0.62938829244494,1.5198413166448919,-0.7111752588647092,-0.06331027418016254,-0.4078759182488514,-0.9780940727878384,walking,Data_Walking_SweaterPocket_Sachin.csv
0.8561950535399576,-0.45209696337832445,-0.17976524147594594,0.8863714810239486,-0.42135999336437385,0.9417918404591699,-0.2668525785695299,-0.40654317105254933,0.49638047974928223,-0.6151508539074454,-0.3242051113034443,0.6861864977944775,-0.6937025141356912,0.5390266616300411,-0.4410055767093492,0.259018000290973,-0.2312912634620741,-0.6213451261005102,-0.6666681877692695,0.5491525128703096,-0.6800684373337182,-0.16399696099759165,-0.42146753697660283,-0.15436731203586693,-0.4304447049105564,-0.6231307002687613,-0.5226352521994947,1.2043354002033357,-0.5862578630281037,-0.01717464582265583,-0.4002496161495391,0.1940376661983934,walking,Data_Walking_SweaterPocket_Sachin.csv
0.7733460328392241,-0.3424966351574364,-0.19074912005977282,0.6726268978770381,-0.3643099110874442,0.9034918966956952,-0.2531805431254413,-0.9372966478363123,0.4653210090255151,-0.4968592346158885,-0.28322567726004033,0.5362720103908254,-0.5579415761963077,0.5687602985792893,-0.42045200928047644,-0.30224773785642917,0.06803181691348979,-0.5179623548199077,-0.5157462751590807,0.5695633166800516,-0.5884250556560178,0.18471306448832184,-0.39575073563940455,-0.14194892221538813,-0.5194764704874084,-0.5318466237315261,-0.5359793822301754,0.11711906651959575,-0.5180922790055905,-0.04911469622400682,-0.3877384362541675,-0.9629429087276427,walking,Data_Walking_SweaterPocket_Sachin.csv
0.8180107711237051,-0.3449335158757892,-0.18342653433722156,0.8640254564222261,-0.41745656668226816,0.8472643196812325,-0.25353212097719263,-0.25426696795022324,0.5223213054519081,-0.5538801567228204,-0.29213424987817166,0.6013175524461291,-0.6121516729429364,0.574102663022572,-0.43125364590456083,-0.13430759973710238,-0.03651655223490937,-0.3521226097974849,-0.4352545884336465,0.5977496647982666,-0.5469972255825366,-0.1926580589827352,-0.34548223164653163,0.2195165785690286,-0.4133735777877224,-0.5245934649928203,-0.5226352521994947,0.6031687215782089,-0.5415539218784555,0.13187892271698168,-0.3865753255020199,-0.5895354532970225,walking,Data_Walking_SweaterPocket_Sachin.csv
0.8182644544495078,-0.3081969829734896,-0.18342653433722156,0.8241912386539382,-0.4051457594540886,0.831781363691743,-0.24800237565359187,-0.16691610760314993,0.4058919262038143,-0.5235801402299649,-0.3242051113034443,0.5418473425669943,-0.5838681442055649,0.46907866321512875,-0.42572101912787974,-0.12785882709985316,-0.09933421728670759,-0.34677356971539963,-0.37991655380991063,0.4645934685156643,-0.45284306632462523,-0.10645763549711404,-0.34367595951395297,0.337452379859034,-0.4133262456422791,-0.47218000676921035,-0.5326433497225052,0.44967935682285753,-0.5396516265103852,-0.017174645822654572,-0.3774308097697438,-0.6802906740302488,walking,Data_Walking_SweaterPocket_Sachin.csv
0.8105056981863261,-0.26803906146530493,-0.16145877716956789,0.7804707557375247,-0.37361808240631167,0.7975558820307658,-0.2413948913205606,-0.11437675324852065,0.4645338193818806,-0.5579950029625104,-0.36607540260866134,0.5920253321525142,-0.6442063388452909,0.5452742954658609,-0.43196875638498783,-0.42461634956411887,-0.1764863143558399,-0.319634747327143,-0.35853594952346723,0.46362152547710517,-0.43819686377339456,-0.14076410126721012,-0.33433364979970526,0.4375266559418577,-0.4372763112360522,-0.4475916717547529,-0.5192992196918246,0.40277982870316664,-0.5234821158817892,-0.4962754018429206,-0.3726931828243481,-0.5597484767782293,walking,Data_Walking_SweaterPocket_Sachin.csv
0.8147919580157948,-0.3148492563008567,-0.14681360572446542,0.8562529261259748,-0.3850280988616976,0.8325962561122423,-0.2490401762876103,0.030099003430930246,0.4183875102289334,-0.4620416760838795,-0.27164453285646967,0.5864499999763452,-0.5899962420986621,0.5142146301106428,-0.4130381388130015,0.04612187973566079,-0.306343131095038,-0.3506611304851605,-0.4560063514175475,0.44709849382159983,-0.4959447481182469,-0.37027001467854914,-0.3449898642829315,0.5667897567868297,-0.4237708724031997,-0.49491855258461953,-0.49928302464580354,0.7140221516792964,-0.5276037558459411,-0.24075499863211272,-0.3815575423982991,-0.2883865802149524,walking,Data_Walking_SweaterPocket_Sachin.csv
0.8510225493645033,-0.29738067035827326,-0.14681360572446542,0.9116322044867652,-0.4021431235447765,0.8325962561122423,-0.2462805230255298,0.01422286016383158,0.45252580597661973,-0.6181101281040785,-0.4079456939138784,0.6397253963264035,-0.7026589649025254,0.5425967381076524,-0.44142793800896496,-0.4524199142178876,-0.17490423383870077,-0.42869603194866535,-0.39941063418872674,0.5112467343665031,-0.48590163779740303,-0.09408125227625655,-0.37007299612106703,0.6191792418536486,-0.38733300910358365,-0.47319254279820466,-0.509291122168814,0.543478413062239,-0.5244332635658243,-0.23720610414307317,-0.3776197731596047,-0.4494989954149336,walking,Data_Walking_SweaterPocket_Sachin.csv
0.7754512749845206,-0.2999536611046006,-0.18342653433722156,0.7513237671265824,-0.3826259901342479,0.7722942169952827,-0.24669398359704298,-0.11119720566838065,0.4482550342800118,-0.5173544613124137,-0.2841165345218534,0.5672460780362081,-0.5819825756230734,0.57669096846884,-0.42452605010002353,-0.3675957321156037,-0.10422703237646261,-0.3427945940326157,-0.3723704581794011,0.5374891964075998,-0.4792062309168404,-0.12621642274444786,-0.34232483835880034,0.5317137653917468,-0.4992340896199438,-0.491477960710377,-0.5426514472455157,0.5690599738547973,-0.5580404817350633,-0.38625967268271194,-0.3809488234656339,-0.42944880038244226,walking,Data_Walking_SweaterPocket_Sachin.csv
0.8171607672528343,-0.35256444139371984,-0.11020067711170937,0.9903290737363094,-0.39643811531708356,0.8488941045222317,-0.25461906226890485,0.6785975224918583,0.42926597193371885,-0.45947172345916615,-0.10238165311197502,0.5176875698035958,-0.4481072062661813,0.44051805139423855,-0.4124663179828105,0.5270442606130945,-0.16345448302918905,-0.3175256115857391,-0.49499451217517965,0.33532504438729854,-0.4737662128263833,-0.06845996771377975,-0.33359514160229947,-0.20595519759014325,-0.4074097274620003,-0.5090602024018783,-0.4759307970921124,1.2469713348576004,-0.545041463386584,-0.02072354031169539,-0.38400072427099285,0.02104833525895716,walking,Data_Walking_SweaterPocket_Sachin.csv
0.7746473953547048,-0.349100629927167,-0.20905558436615088,0.8494519621167549,-0.43397106418348463,0.8220026546457495,-0.25412831091680854,-0.33910556511013296,0.43836382281459674,-0.5779497678463601,-0.3607302590377826,0.6397253963264035,-0.677675181184514,0.48042640630467887,-0.43531374085134655,0.1437456628631216,-0.07168215942006127,-0.24706187530251533,-0.4453160492743258,0.22160770887587908,-0.39174747853949154,-0.07019700395530361,-0.3078898795469926,-0.39531242825848983,-0.5012693718739595,-0.49531103026868223,-0.5426514472455157,0.6202230954399146,-0.5618450724712036,-0.32592846636904954,-0.3816266248733229,-0.6867548678749213,walking,Data_Walking_SweaterPocket_Sachin.csv
0.8022659319807135,-0.26257587678047356,-0.1577974843082923,0.7950442500429958,-0.3751194003609677,0.8692664150347181,-0.24045057217291066,-0.20434540522332698,0.4513971988880166,-0.5655596225981883,-0.28055310547460094,0.6062734032693902,-0.6097947122148221,0.4694611714091585,-0.43326078631855036,0.18870821671597968,-0.1100851602872408,-0.25390689327737337,-0.3937510624658447,0.49277981663387943,-0.4741846757564185,-0.04978682811739832,-0.310474881741904,0.180169968599519,-0.4291430709108951,-0.44063271784369334,-0.5192992196918246,0.5690599738547973,-0.5358470357742451,0.0963899778265924,-0.3713004319664361,-0.7071413246659441,walking,Data_Walking_SweaterPocket_Sachin.csv
0.8090890250682081,-0.28563265770329854,-0.17244265575339476,0.7309208750989227,-0.36731254699675636,0.8399302878967377,-0.2443620440139191,-0.44935108347135944,0.46083285099888316,-0.5160820137688269,-0.16919594774795974,0.5734408915652845,-0.5258869102939531,0.5256898759315362,-0.4242793724363097,0.1704043333113895,-0.1966193630078415,-0.2429160477595446,-0.35853594952346723,0.3119984114618792,-0.37291664668790925,-0.21849647307540257,-0.3063150184258867,0.42269311413123567,-0.424354635530321,-0.44138904389685074,-0.5159631871841543,0.20239093582812445,-0.5054103098851229,0.13187892271698168,-0.3714529108741472,-0.8953909254533642,walking,Data_Walking_SweaterPocket_Sachin.csv
0.8087628607921763,-0.21112072519197647,-0.1211845556955361,0.7484090682654881,-0.3306803889031488,0.7722942169952827,-0.23102274907043668,-0.18935695724402787,0.45210139700841684,-0.5657841438003154,-0.34647654284877255,0.5752993356240075,-0.6211081237097709,0.5050344334539281,-0.43329868679499517,-0.1878420541165721,-0.1114591184776699,-0.3332155684213682,-0.39312222116330214,0.4334912912817718,-0.4482399740942384,-0.06498589523073205,-0.33904591188666516,0.2741062739503893,-0.436842433236166,-0.3923350590418343,-0.489274927122793,-0.0065251439777707886,-0.46451095947161497,-0.4501397734854139,-0.3610031414764974,-0.6121800196500526,walking,Data_Walking_SweaterPocket_Sachin.csv
0.8128843911893059,-0.27608475101815405,-0.1577974843082923,0.738693405395174,-0.3577041120869577,0.8415600727377366,-0.24276579294654416,-0.34144073545388615,0.4747285451957463,-0.5816829423443795,-0.3482582573723988,0.6223799184449892,-0.6578767110683539,0.5705198362718263,-0.43591689674717593,-0.3341577220461763,-0.10679161722433429,-0.294346392913676,-0.39563758637347196,0.45973375332286864,-0.4612123249253285,-0.0825733871761611,-0.3253606417561395,0.26390077438127396,-0.4221931342217919,-0.4543665115784855,-0.5192992196918246,0.30898077246378525,-0.5165070328655321,0.0963899778265924,-0.37402708285052144,-0.7462369361405629,walking,Data_Walking_SweaterPocket_Sachin.csv
0.8069409532705035,-0.27550212678055125,-0.13582972714063862,0.8348784678112837,-0.3694143921332748,0.7845176033027748,-0.24266731225039073,0.15701021656210679,0.5410547774565199,-0.4643869755137824,-0.2404645286930101,0.5480421560960708,-0.5442712039732447,0.7077637762897113,-0.41355702374135883,-0.5328402528781356,0.018049697534428654,-0.32898844194392296,-0.38746264944042,0.5287417090605676,-0.4854831748673678,0.10003254771403408,-0.3375871708373945,0.23859803650369713,-0.39622356375581663,-0.4631037282397588,-0.49594699213813337,0.7097585582138697,-0.5241162143378125,-0.1413859529390202,-0.37571530583910306,-0.22079815262397456,walking,Data_Walking_SweaterPocket_Sachin.csv
0.8153322705538678,-0.3184838807927783,-0.20173299864359961,0.8436225643945664,-0.42616421081927314,0.8529685666247288,-0.2496003891421491,-0.4071182631731839,0.4953130726945127,-0.5744042838317179,-0.32598682582707056,0.6106097727397437,-0.6371354566609481,0.5629729496036188,-0.4347343054620731,-0.2921676500312718,-0.098976022631073,-0.26671526096238674,-0.41324514284466063,0.4879201014410837,-0.4850647119373327,-0.13902706502568626,-0.3152610974130113,0.16515950005060395,-0.41055731513390853,-0.49157103784830586,-0.5526595447685262,0.5605327869239447,-0.5669178601193906,0.16736786760737224,-0.3809653646077702,-0.9398516257925311,walking,Data_Walking_SweaterPocket_Sachin.csv
0.8332251814945639,-0.2908114232291647,-0.19074912005977282,0.7979589489040901,-0.40304391431757014,0.845634534840234,-0.2452139488501664,-0.4509164550684182,0.45916608640272305,-0.6055926949613727,-0.38121997605948454,0.6422033217380341,-0.6904027691163311,0.5349593245001912,-0.4396107746256235,-0.2862989699743804,-0.18179307234688177,-0.3217525627409441,-0.4472025731819532,0.4529301520529547,-0.49259704467796567,-0.18549278448644932,-0.3350733895839994,0.15648332503718754,-0.39549780419236913,-0.47119167833757103,-0.5393154147378455,0.6159595019744882,-0.558357530963075,0.011216510089656856,-0.3772458964639166,-0.7763381155528116,walking,Data_Walking_SweaterPocket_Sachin.csv
0.7886955213446012,-0.2664935223140352,-0.15413619144701668,0.7522953334136138,-0.3589051664506825,0.7788133563592785,-0.2411288461349513,-0.33830038573747834,0.4146941301407562,-0.610883524242055,-0.3090605378526211,0.6106097727397437,-0.6281790058941137,0.4653810840061742,-0.4403886319993941,0.02773409745750013,-0.09907919397461978,-0.30264078525579263,-0.4270796515005947,0.42571574697329867,-0.4674892688758559,-0.13142753146901942,-0.3283321834111158,0.07755629388370872,-0.47008537671843137,-0.4614764501115491,-0.5026190571534738,0.5008424784079748,-0.5149217867254736,-0.4217486175731025,-0.37540361578588366,-0.46954849871325466,walking,Data_Walking_SweaterPocket_Sachin.csv
0.8481892031282673,-0.3095968820850552,-0.18342653433722156,0.7425796705432998,-0.37992361781586703,0.8896387255472046,-0.24822210955222976,-0.5127342976368022,0.49633010917159665,-0.5892935007799137,-0.30638796606718166,0.6892839045590157,-0.6866316319513482,0.5242873458867603,-0.437124415100051,0.34335771499274764,-0.2204831682425958,-0.5075909534170208,-0.6062994227251939,0.43057546216609444,-0.5888435185860529,-0.13663864019359098,-0.3929325913266989,-0.2504255749706516,-0.42365254203959435,-0.4679716591555712,-0.5226352521994947,0.5392148195968126,-0.5367981834582802,-0.20171715925268388,-0.37664023600632784,-0.5538853545329568,walking,Data_Walking_SweaterPocket_Sachin.csv
0.7591924800126304,-0.3513993222802227,-0.18708782719849715,0.7610394299968964,-0.38863126195287206,0.8260771167482468,-0.2544544767616786,-0.36852274155596726,0.40309893131254365,-0.5830994586719844,-0.36429368808503515,0.5734408915652845,-0.6291217901853593,0.4150175051255865,-0.43614389158448763,-0.05739695143925577,0.09716247036785682,-0.4993211507220505,-0.44342952536669844,0.5958057787211483,-0.5516003178129234,0.21511119871498918,-0.3906543709563378,0.4306103829450942,-0.550502691824796,-0.5539408155491828,-0.5359793822301754,0.5349512261313862,-0.549163103350736,-0.354319622281361,-0.39112811161348676,-0.36969756484035543,walking,Data_Walking_SweaterPocket_Sachin.csv
0.8516715833279201,-0.28171318171977694,-0.14315231286318983,0.7114895493582946,-0.3372861879036354,1.00127898715563,-0.24371079313147,-0.8527344491313799,0.40769946675215546,-0.5210258321723321,-0.3375679702306412,0.5752993356240075,-0.6163942022535421,0.48182893634945473,-0.4252331400587776,-0.07005082890332781,-0.008405504936118368,-0.4375522472844948,-0.5025406078056891,0.5161064495592989,-0.5566218729733454,0.14780104435594,-0.3727643082564184,-0.15633846186323466,-0.3200582530483466,-0.5002543861959416,-0.49928302464580354,0.543478413062239,-0.5149217867254736,0.38030153694971297,-0.3824904986834249,-0.8574716405946311,walking,Data_Walking_SweaterPocket_Sachin.csv
0.8083773939205023,-0.47776699390408306,-0.2566523915627338,1.0049025680417807,-0.5210475055535351,0.8741557695577148,-0.26942197105819987,-0.45634703113821573,0.517135229273003,-0.596769281949444,-0.2814439627364141,0.6310526573856963,-0.6291217901853593,0.5324475206927289,-0.438281687656701,-0.1120795635321077,-0.1983059933729173,-0.5774374679958182,-0.5396422446556939,0.45584598116863206,-0.55536648418324,-0.08322477576673251,-0.41107266300073997,0.19182316906880517,-0.5331475718293088,-0.6274447853695077,-0.5993639998759084,1.1787538394107773,-0.657276890102722,-0.04556580173496726,-0.40074336788936404,-0.7685856560204818,walking,Data_Walking_SweaterPocket_Sachin.csv
0.7906558015894388,-0.2659412957792435,-0.15413619144701668,0.6386220778309387,-0.3237743263117311,0.8537834590452283,-0.2410335761492012,-0.8352838199959415,0.42941935579413265,-0.5466807091324167,-0.33222282665976244,0.6180435489746356,-0.6460919074277823,0.45862343924498145,-0.42998162384658295,0.1744570564552685,-0.14680531610509345,-0.3227136835908715,-0.5528479120090853,0.4441826647059224,-0.5591326505535564,0.12825938663879657,-0.33540850560308133,-0.3395152055706083,-0.45762913377621534,-0.47834871020100816,-0.5159631871841543,0.23649968355153594,-0.5079467037092164,-0.17332600334037246,-0.37857451554251276,-0.7742711109402075,walking,Data_Walking_SweaterPocket_Sachin.csv
0.8195098089579926,-0.2923113517832417,-0.1687813628921191,0.7027454527750119,-0.3556022669504391,0.9197897451056842,-0.24545886091088268,-0.7490462979004979,0.5060415216606636,-0.46736835709543323,-0.20126680917323242,0.5579538577425932,-0.5310722238958047,0.5459628102151145,-0.41421257443823517,0.08451789362556154,-0.1033904823713567,-0.5562757717683537,-0.5427864511684061,0.538461139446159,-0.5930281478864045,0.008838145034031627,-0.4057847179458883,-0.4154909523768387,-0.4494327839238008,-0.4661641455480517,-0.529307317214835,0.06169235146905218,-0.5076296544812048,0.0963899778265924,-0.37629810788994067,-0.933463986973283,walking,Data_Walking_SweaterPocket_Sachin.csv
0.8020056594776178,-0.43211772733379683,-0.2493298058401826,0.8086461780614357,-0.4543889883668068,0.8733408771372152,-0.26468658740581863,-1.0409716363862132,0.49649194482244813,-0.5667807432022667,-0.2974793934490504,0.6341500641502346,-0.6399638095346851,0.48552651555840926,-0.4334666071049107,0.41663987635065275,-0.07264313297668927,-0.5129290645718524,-0.5421576098658637,0.49083593055676106,-0.5721050013846464,-0.059340527445779515,-0.39438850211638143,-0.25192286948082604,-0.499904628347042,-0.6106329298652335,-0.6027000323835786,1.2213897740650415,-0.6636178746629559,-0.15913042538421548,-0.39876954684008237,-0.7536375055244371,walking,Data_Walking_SweaterPocket_Sachin.csv
0.8091087926000887,-0.374608361751166,-0.22736204867252893,0.8717979867184774,-0.4558903063214629,0.8920834028087027,-0.2576397649854849,-0.8362571364025689,0.40350167526292596,-0.5102292046581695,-0.2636268175001515,0.5752993356240075,-0.5772686541668448,0.4315928602002103,-0.42313407038253037,0.14391009727056314,0.050512878983581075,-0.5066591134142169,-0.5729708336904438,0.6288518420321592,-0.6520314210213624,0.19774083629975076,-0.39267726252819374,-0.21654182292736315,-0.4377654100722891,-0.5658245236336175,-0.5726757398145471,0.7523944928681342,-0.600208029060618,0.021863193556774272,-0.3928558171684244,-0.8407393104877375,walking,Data_Walking_SweaterPocket_Sachin.csv
0.8113622912344903,-0.3031737128455184,-0.14315231286318983,0.6697121990159439,-0.32437485349359346,0.8912685103882031,-0.24720802263397512,-0.7006532851580136,0.4813209853479886,-0.4599906206583174,-0.22086566893312123,0.5777772610356381,-0.556527399759439,0.5649607171852602,-0.4125820462526718,-0.02340146791340694,0.16360357241124007,-0.4104563866537915,-0.42896617540822196,0.5549841711016644,-0.5244002273606378,0.23899544703594225,-0.36443036361650233,0.14705467808775263,-0.3781663502696021,-0.4950264900322349,-0.5026190571534738,0.5818507542510768,-0.5209457220576957,-0.0384680127568894,-0.38157654841264244,-0.7310349452715017,walking,Data_Walking_SweaterPocket_Sachin.csv
0.7943391516965462,-0.33954312392115976,-0.17244265575339476,0.8164187083576869,-0.3937357429987027,0.8431898575787355,-0.25275152773145565,-0.268670607188403,0.4986910719111325,-0.5883579679528834,-0.32955025487432305,0.626096806562435,-0.650805828884011,0.5014643569763167,-0.43697757817726607,-0.06682552716525916,-0.027849013276319896,-0.475794351838937,-0.4459448905768682,0.641487101533428,-0.5729419272447167,0.002324259128317221,-0.38402200008488835,0.7869933397619243,-0.504061968455053,-0.5170822353293606,-0.529307317214835,0.7140221516792964,-0.5561381863669932,-0.3152817829019321,-0.3853446059604921,-0.5120042173514467,walking,Data_Walking_SweaterPocket_Sachin.csv
0.7936374043147807,-0.38358328562253835,-0.198071705782324,0.8484803958297235,-0.42466289286461717,0.8203728698047507,-0.2588188751569138,-0.0926150790850946,0.5051598263466773,-0.5889534030227259,-0.31351482416168674,0.6372474709147727,-0.650805828884011,0.5493161320494422,-0.43707108674521045,0.014071911817451682,-0.02791731132405989,-0.4796833637937556,-0.47235622528365134,0.5899741204897935,-0.5683388350143299,-0.07149978113644649,-0.3851337610660224,0.4189265320848599,-0.5120453236529765,-0.554605214885047,-0.5459874797531858,0.6969677778175906,-0.570722450855531,-0.40045525063886767,-0.3912264676067856,-0.4445073430799481,walking,Data_Walking_SweaterPocket_Sachin.csv
0.7795596270270632,-0.3459979117086671,-0.20905558436615088,0.7697835265801791,-0.4093494497271255,0.9034918966956954,-0.2536850061716655,-0.7977610951238279,0.44184149471978834,-0.5180036590242718,-0.25917253119108585,0.5375109730966406,-0.546156772555736,0.49674675591661616,-0.4246515848209897,-0.09667856114873621,-0.020952664625286197,-0.334288270729931,-0.45223330360229286,0.2672890316881587,-0.4160183284815309,0.17602788328070257,-0.3394149432782165,-0.5724194120502011,-0.4876298252956881,-0.510727547304104,-0.5259712847071648,0.1213826599850221,-0.5088978513932515,0.02541208804581257,-0.38428254983446575,-0.9411763988633768,walking,Data_Walking_SweaterPocket_Sachin.csv
0.8088913497494008,-0.31156446797749754,-0.1577974843082923,0.7338355739600171,-0.3562027941323016,0.8383005030557386,-0.2485297424181678,-0.37852489062349987,0.4819187205642797,-0.4867516153658181,-0.2582816739292727,0.49538624109892027,-0.5136307145077588,0.55588252271362,-0.41836365978214235,-0.34607852166546055,-0.05861679509863822,-0.4381925308539778,-0.4855618926370428,0.5510963989474279,-0.5603880393436619,0.054435346374032856,-0.37295765603215475,-0.09130922538730081,-0.44706617665168874,-0.48251335629929054,-0.5026190571534738,0.4923152914771217,-0.5142876882694503,-0.04556580173496726,-0.37933648330940495,-0.6369445999226787,walking,Data_Walking_SweaterPocket_Sachin.csv
0.8209429550193451,-0.2804708216262401,-0.14681360572446542,0.7581247311358023,-0.3547014761776455,0.8578579211477257,-0.24350319684305488,-0.2320704503178155,0.49358681412252686,-0.5629671511207569,-0.29213424987817166,0.613707179504282,-0.6215795158553936,0.5365403583688476,-0.43282129328162466,-0.11575575763778745,-0.04807790618675789,-0.36642980695702665,-0.4352545884336465,0.48403232928684714,-0.49803706276842274,-0.10537198784616161,-0.3502567227585418,0.17381766487647968,-0.4062185351350362,-0.4695795409823739,-0.5059550896611439,0.5392148195968126,-0.5209457220576957,-0.013625751333616274,-0.3769432789916445,-0.5746298032219251,walking,Data_Walking_SweaterPocket_Sachin.csv
0.821153808692739,-0.22763068690949642,-0.058942577053850725,0.6269632823865617,-0.24210262957844228,0.8448196424197344,-0.23415291275524805,-0.21240381826201607,0.468395738114667,-0.46839696136464426,-0.09436393775565685,0.5672460780362081,-0.4815760486054043,0.5125570946031803,-0.4144376899729568,0.27838521217682083,-0.08112342615022042,-0.2298556251052043,-0.3459591234726181,0.22743936710723398,-0.3281411131741469,-0.18049880529206827,-0.3013084251293748,0.056668632640329133,-0.3469034682050038,-0.4165166654993821,-0.42255427696938974,0.34735311365262306,-0.4274161997942474,0.0963899778265924,-0.36629667869788757,-0.37643482841083614,walking,Data_Walking_SweaterPocket_Sachin.csv
0.8146964149450384,-0.2992165123050036,-0.17244265575339476,0.7639541288579907,-0.3775215090884174,0.9116408209006899,-0.24657577586077242,-0.4865350053133105,0.4731050992963957,-0.5852120161313442,-0.32331425404163117,0.6130876981513744,-0.6376068488065708,0.5329575316181019,-0.4364805182086056,-0.025479463829149993,-0.04071697767931088,-0.3694786631182127,-0.5597651663370523,0.531657538176245,-0.6013974064871077,0.03706498395879431,-0.35126347942023445,-0.22976150703534218,-0.426453027311594,-0.48598002174630095,-0.5326433497225052,0.641541062767047,-0.5539188417709113,0.0963899778265924,-0.37996449185947495,-0.7473343408070957,walking,Data_Walking_SweaterPocket_Sachin.csv
0.8066905645333475,-0.3434611664642591,-0.17244265575339476,0.8484803958297235,-0.40364444149943257,0.8399302878967377,-0.2533199584482876,0.24837276051281026,0.47689055069505765,-0.4337149726973814,-0.15583308882076283,0.5306966782146565,-0.486289970061633,0.529514957871834,-0.4065486676054716,0.0768497090119225,-0.20628209777002587,-0.35345558293070084,-0.5320961490251844,0.3324092152716212,-0.4972001369083524,-0.19200667039216376,-0.3459305535779284,-0.18741204999343464,-0.44400536457975753,-0.4961739403053345,-0.509291122168814,0.4454157633574312,-0.5171411313215555,-0.18042379231844907,-0.3817782549468252,-0.233497663507331,walking,Data_Walking_SweaterPocket_Sachin.csv
0.8260759241310377,-0.3615254741397771,-0.1687813628921191,0.9359213616625505,-0.4276655287739292,0.8423749651582362,-0.2558683673500119,-0.1561527929168767,0.4984490881670598,-0.5566946832934949,-0.2912433926163585,0.6192825116804509,-0.6253506530203765,0.5465748233255622,-0.43174371312053794,0.06429365932113573,-0.4380218737889186,-0.3717315420091494,-0.5641670554548496,0.32268978488602973,-0.514357117039794,-0.34964270931045344,-0.35200498625016396,-0.4665264042342992,-0.4512156280687923,-0.5208677917718267,-0.5226352521994947,1.1616994655490716,-0.5830873707479868,-0.18397268680748863,-0.3859682068617749,-0.5034897338727712,walking,Data_Walking_SweaterPocket_Sachin.csv
0.8613741468927055,-0.3628056278803998,-0.1944104129210484,0.8815136495887914,-0.4318692190469662,0.8537834590452283,-0.25604445117665997,-0.122506611117986,0.5791418334295759,-0.5417782228106582,-0.29302510713998475,0.6329111014444193,-0.6366640645153251,0.6556151591703181,-0.4291002537040493,-0.3477273548463242,-0.40754259256023423,-0.38569466030271343,-0.5861765010438353,0.30616675323052434,-0.521889449780427,-0.42954637642055066,-0.35655505136202587,-0.09106472394146647,-0.37648605910640315,-0.5076451568702313,-0.5359793822301754,0.9527833857431763,-0.5802339276958816,-0.16977710885133165,-0.383760512563583,-0.5034945819758762,walking,Data_Walking_SweaterPocket_Sachin.csv
0.8054188533156882,-0.37336774713619286,-0.198071705782324,0.8533382272648804,-0.42616421081927314,0.8464494272607332,-0.257474465554926,-0.33000214138112915,0.4369733419273142,-0.5272953087553519,-0.20750281000592433,0.6229993997978969,-0.5838681442055649,0.4924116630509453,-0.4264246647903287,0.5565667129908165,-0.5066650410864019,-0.20232651663976234,-0.5364980381429816,0.24104656964706192,-0.46079386199529326,-0.5693777938632208,-0.2905297685372072,0.020521181683094043,-0.4488490207966802,-0.5176439808413109,-0.5393154147378455,0.6031687215782089,-0.5574063832790399,-0.14848374191709934,-0.38543757146356805,-0.6535423655188185,walking,Data_Walking_SweaterPocket_Sachin.csv
0.8128778020120122,-0.17524900376780048,-0.03331352702492146,0.629877981247656,-0.2219849689860513,0.8236324394867484,-0.22387931344488496,0.15630926805984582,0.45864835536371695,-0.3594122822364917,-0.19681252286416676,0.38449907892845037,-0.39672546239328954,0.5084770072001961,-0.38757494268576603,-0.35508938060099504,-0.2690769283582332,-0.3285384943639157,-0.4472025731819532,0.3683711076983094,-0.4561907697649065,-0.16942519925235372,-0.3374314732867352,-0.11560682306906954,-0.4002152413547784,-0.33715069919239654,-0.40587411443103893,-0.28792231269591534,-0.3643234034199212,-0.42529751206214206,-0.3478871636684141,-0.07698956980065985,walking,Data_Walking_SweaterPocket_Sachin.csv
0.7805117631459844,-0.2903484728681183,-0.1687813628921191,0.7192620796545458,-0.36070674799626967,0.7592559382672913,-0.24513819156261693,-0.3273870426884815,0.4569917521048734,-0.5955013107291236,-0.3384588274924544,0.631672138738604,-0.6597622796508453,0.46270352664796577,-0.4380874163563574,0.23751010787576868,-0.33240778385195463,-0.24385044495672925,-0.5138597512514533,0.27700846207375013,-0.4612123249253285,-0.4241181381657886,-0.30667057056118757,-0.2609419125195077,-0.5116193343439963,-0.45836886459886184,-0.5259712847071648,-0.027843111304902874,-0.4978011284128424,-0.5849977640688957,-0.37480490707663117,-0.685396250433013,walking,Data_Walking_SweaterPocket_Sachin.csv
0.8103640308745144,-0.29761978186115867,-0.16145877716956789,0.8271059375150324,-0.3880307347710097,0.815483515281754,-0.24631904817372927,-0.1227721125815469,0.45442708289921696,-0.4765854863410462,-0.29569767892542415,0.5752993356240075,-0.5942387714092678,0.5142146301106428,-0.41621047799921784,-0.06732887472990298,-0.27150604888501406,-0.17445118107962201,-0.49185030566246735,0.2906156646135781,-0.45242460339459006,-0.3982797240731213,-0.27930370101587426,0.06028760738686021,-0.40148532059081204,-0.4428837945266878,-0.5059550896611439,0.4923152914771217,-0.5174581805495672,-0.36851520023751666,-0.3717534639775595,-0.45642144580666133,walking,Data_Walking_SweaterPocket_Sachin.csv
0.801646549315118,-0.23697613455097485,-0.11020067711170937,0.6998307539139176,-0.30665930162865224,0.8774153392397125,-0.23588070461607646,-0.2350181026948213,0.47169598347591407,-0.4145691606939708,-0.22353824071856065,0.5375109730966406,-0.5273010867308217,0.5355713376106388,-0.4019298891191647,0.21640534121795624,0.004160843979859486,-0.2661406893635678,-0.4044413646090664,0.5005553609423525,-0.4846462490072975,-0.05630071402311282,-0.31504781151966565,0.44981687297283207,-0.389904722339278,-0.4005003001419558,-0.4625866670614318,-0.027843111304902874,-0.43756177509062155,-0.10589700804862967,-0.36282150030622207,-0.6057600142787094,walking,Data_Walking_SweaterPocket_Sachin.csv
0.7966552475152371,-0.14142950970108426,0.017944573032937054,0.4987165324984155,-0.13941248147996899,0.8790451240807114,-0.216715034435336,0.07641983633381914,0.48400304634673086,-0.39724045362016025,-0.21997481167130814,0.5362720103908254,-0.5244727338570846,0.6053790830210737,-0.39758772655092006,-0.08658693402982996,-0.21485553709005323,-0.17646176464731544,-0.35224753649804275,0.3771185950453416,-0.3967690336999135,-0.39285148581835927,-0.2801239118833084,0.23446394804108386,-0.4032760534267103,-0.2969098118966159,-0.32914536675462525,-0.3177674669539003,-0.28918273638115105,0.02541208804581257,-0.3374148230831064,-0.09743926480601837,walking,Data_Walking_SweaterPocket_Sachin.csv
0.8041174908002078,0.01740240182978992,0.08018655167462256,0.7318924413859542,-0.16043093284515347,0.7877771729847725,-0.17749194863764614,0.21816205460768917,0.4755173493145202,-0.22303620981052236,-0.04982107466500038,0.41237573980929476,-0.34015840491854643,0.6034665420509246,-0.3453977809522759,-0.08703095424655492,-0.33385436184464795,0.09367625807566682,-0.37362814078448614,0.1545436392152984,-0.31516876234305696,-0.5583041878235062,-0.15529658197848586,0.15677188822608334,-0.28451181182122526,-0.09264149593546177,-0.2690967816165623,-0.3433490277464589,-0.23021157997097677,0.16736786760737224,-0.27244492815312554,-0.5579192676331608,walking,Data_Walking_SweaterPocket_Sachin.csv
0.820573961090905,-0.10692593285751148,-0.0296522341636458,0.8057314792003415,-0.27333004303528796,0.8692664150347181,-0.20897623421551417,0.009435113534253865,0.4670701676757198,-0.2387803310629538,-0.1522696597735103,0.32317042499059273,-0.32648803269548354,0.5715908592151097,-0.3507530073762287,-0.6061191755038312,-0.3936233673385118,0.10397270880602591,-0.2767865801929482,-0.08358240523169122,-0.14820205325902716,-0.545059286481887,-0.14995568082919006,-0.11870533615624691,-0.2577218175009167,-0.20028411238308153,-0.3825218868773478,-0.04063389170118228,-0.360518812683781,0.3093236471689331,-0.3091414881300003,-0.6633937244613072,walking,Data_Walking_SweaterPocket_Sachin.csv
0.8402393607235716,-0.11116357727861971,-0.06260386991512638,0.7474375019784567,-0.2823379507632243,0.9597194737101578,-0.20995006777689632,-0.3885723821671285,0.4381585114677325,-0.36053161594331856,-0.1977033801259799,0.44273032610176977,-0.44150771622746127,0.5474928429912336,-0.38788173546627386,-0.4668254228956079,-0.33953141222037925,0.14235362847840663,-0.2579213411166747,0.10594648728734136,-0.21724843671482913,-0.6924902374812238,-0.1296697597655951,0.128853776567152,-0.23765298783340677,-0.19966258568751818,-0.3691777568466672,-0.22396841071451873,-0.3342037267588108,0.9481246551959541,-0.3089453322588392,-0.9879511664533945,walking,Data_Walking_SweaterPocket_Sachin.csv
0.8268666254062667,-0.07010487880744017,-0.10287809138915804,0.7280061762378285,-0.30936167394703296,0.9116408209006899,-0.20023904544153268,-0.44413285569349886,0.39993340522310616,-0.27034976077932604,-0.20037595191141927,0.31140027928534725,-0.34298675779228355,0.5233948267673575,-0.36110883939500754,-0.3961409326307223,-0.2783589650969347,0.10300213358117546,-0.2767865801929482,0.02041549989413689,-0.1929775867727895,-0.4657201561502849,-0.15046095833625625,0.11369512138181173,-0.25728793950103057,-0.14993347573713414,-0.41254617944637934,-0.21970481724909238,-0.37573717562834213,1.019102544976734,-0.2926585542163403,-1.1164816009211866,walking,Data_Walking_SweaterPocket_Sachin.csv
0.7879081146580198,-0.17541148166661585,-0.14681360572446542,0.7163473807934516,-0.3417901417676036,0.8619323832502227,-0.22391272636432286,-0.2770847347675226,0.4539006907375023,-0.3926781211407767,-0.274317104641909,0.4706069869826141,-0.5032600873040558,0.6579102083344968,-0.39641895601623584,-0.6081483741696175,-0.35852108221412293,-0.06753136714000756,-0.27049816716752373,0.14482420882970695,-0.24235621251693876,-0.567640757621697,-0.23333438212290325,0.3208727859033867,-0.42359732120324506,-0.28968496093227253,-0.4525785695384213,0.27060843127494744,-0.45024374421108904,-0.10234811355959138,-0.33545352356134744,-0.6748567476738103,walking,Data_Walking_SweaterPocket_Sachin.csv
0.8050169135007803,-0.1722223803813446,-0.11386196997298491,0.7960158163300272,-0.33938803304015386,0.8570430287272264,-0.2232551416496469,-0.16167303550073808,0.4404068752509685,-0.4668864758270963,-0.19503080834054048,0.5257408273913953,-0.5032600873040559,0.5154896574240754,-0.414106925883531,0.08927390434604676,-0.37772855112601406,-0.046524191377709134,-0.28307499321837276,0.12830117717420156,-0.24361160130704415,-0.6607893260734136,-0.22375987550981852,0.28707851831806336,-0.3819450332140748,-0.3106775490475131,-0.4659226995691019,0.5008424784079748,-0.48004637164418773,-0.06331027418016254,-0.3410839460269068,-0.6779411553568758,walking,Data_Walking_SweaterPocket_Sachin.csv
0.8490655637083123,-0.16498045173373263,-0.08457162708277999,0.7416081042562683,-0.29855218467350947,0.9613492585511567,-0.22174810766610378,-0.4579442823785335,0.4463175332801529,-0.4624517500215298,-0.26540853202377773,0.49848364786345856,-0.5197588124008559,0.4504632644390128,-0.4131290685564961,-0.2602616134867449,-0.3259303572727976,0.11489594438629416,-0.27049816716752373,-0.05150828495923956,-0.15782670064983603,-0.6931416260717953,-0.1442428555441695,-0.04546809522883595,-0.24250453274123762,-0.2675224236123918,-0.45591460204609136,-0.2580771584379302,-0.41410013221775643,1.019102544976734,-0.32928313817354976,-1.2467462988176858,walking,Data_Walking_SweaterPocket_Sachin.csv
0.807853554325663,-0.11748409063300488,-0.007684476995992205,0.8173902746447184,-0.25891739067059005,0.8521536742042295,-0.21139039458092973,0.27417519433696785,0.45848228509546873,-0.39934791719515955,-0.12287137013367702,0.5331746036262871,-0.47073402925607855,0.44523565245393915,-0.39812401587174934,0.5506201301779109,-0.4151954344943538,0.0029425651105611955,-0.36671088645651906,0.16134724048521235,-0.3134949106229163,-0.733961977747606,-0.20051033603813628,0.3138959309776812,-0.36895235929018005,-0.22432656606491727,-0.34916156180064617,0.10006469265789,-0.3392765144069978,0.0963899778265924,-0.31658914026441864,-0.3874276901927541,walking,Data_Walking_SweaterPocket_Sachin.csv
0.7820206847462124,-0.18403310311485185,-0.13216843427936298,0.8086461780614357,-0.35830463926882,0.7837027108822748,-0.22567192631005287,-0.07324044084745959,0.4830006055622355,-0.3870425459531909,-0.1469245162026315,0.4340575871610626,-0.40803887388823823,0.5203347612151192,-0.3949605368474212,-0.34322694317037583,-0.4661879339187801,-0.17445024110265311,-0.4679543361658542,0.2672890316881587,-0.42647990173240996,-0.7259281851305581,-0.27930331717361234,0.2814753499131442,-0.48558665435076503,-0.29217455524900704,-0.4759307970921124,0.06595594493447852,-0.4572188272273462,-0.07395695764727994,-0.33613215089695386,-0.8594328491958806,walking,Data_Walking_SweaterPocket_Sachin.csv
0.7942403140371426,-0.09737327826380726,-0.007684476995992205,0.7522953334136138,-0.23879973007819902,0.7486623368007985,-0.20675697570060037,0.6023522318424143,0.4157032163526349,-0.34022075667331786,-0.16652337596252034,0.4842355767465825,-0.4565922648873928,0.5371141206598923,-0.3822150789946676,-0.1890959600466941,-0.32744980816498154,-0.035897614136014284,-0.226479275989552,0.13996449363691127,-0.2109714927643016,-0.49830478474597045,-0.21884868949273042,0.35716455108253864,-0.3796652015419404,-0.2129195942593439,-0.34582552929297605,0.42836138949572544,-0.3605188126837811,-0.4998242963319589,-0.3130896762350937,-0.14754037340311385,walking,Data_Walking_SweaterPocket_Sachin.csv
0.8232293995402148,-0.37146830312517887,-0.1944104129210484,0.7804707557375247,-0.40064180559012047,0.9409769480386703,-0.2572202967941532,-0.7595912561441239,0.5445914583844429,-0.4744761660616216,-0.2823348199982272,0.5746798542710999,-0.586696497079302,0.6284570773942036,-0.4157570987472125,-0.42369908701911946,0.05375827786026885,-0.30523456739804766,-0.4792734796116183,0.3605955633898362,-0.4741846757564185,0.2541945141492759,-0.32925572694197364,-0.23733635993955585,-0.37240760590746375,-0.5118151616709837,-0.49594699213813337,0.9016202641580592,-0.5383834295983385,0.0963899778265924,-0.384465676986122,-0.4199063599232749,walking,Data_Walking_SweaterPocket_Sachin.csv
0.8603231731143808,-0.31848720952056137,-0.04795869847002386,0.7989305151911216,-0.2862413774453299,0.905121681536694,-0.24960089999959825,0.7412200302644616,0.5594218002376522,-0.569768930516087,-0.28767996356910597,0.6849475350886621,-0.6734326518739082,0.576996975024064,-0.4339670494719369,0.32317639504074686,-0.07499280644332208,-0.5958614596513391,-0.6811315377277459,0.5685913736414924,-0.6980623433252302,0.028379802751175038,-0.4155292363143677,-0.3590995301221772,-0.3836016583045528,-0.49685856224134867,-0.41254617944637934,0.9101474510889122,-0.45975522105143973,0.02541208804581257,-0.3818983057951784,0.8439448932066979,walking,Data_Walking_SweaterPocket_Sachin.csv
0.7744760767450722,-0.3438995419236393,-0.11386196997298491,0.7756129243023677,-0.3330824976305985,0.8301515788507442,-0.2533832100552046,0.3131746766305569,0.5211712121501327,-0.527657896066073,-0.18701309298422233,0.647778653914203,-0.5918818106811534,0.5509864178300389,-0.426492959751947,0.6300194798349068,-0.06282013514065798,-0.4199096174722182,-0.5031694491082315,0.5579000002173419,-0.5750342418948925,-0.04761553281549354,-0.3673715948686668,0.048939712529927945,-0.525463986885852,-0.5302875776121464,-0.48260286210745273,0.858984329503795,-0.5225309681977541,-0.32592846636904954,-0.3874905281384639,0.2883116999754011,walking,Data_Walking_SweaterPocket_Sachin.csv
0.7212783538654147,-0.39644453539043345,-0.11020067711170937,0.8057314792003415,-0.33938803304015397,0.8040750213947615,-0.2604573843943414,0.41180704074411706,0.43576138657839847,-0.49331898250947664,-0.2965885361872373,0.5876889626821606,-0.6041380064673478,0.4048172866181257,-0.4197265026218784,0.3429663304187931,0.7929191922835999,-0.42061942282279974,-0.463552447048057,0.48306038624828795,-0.5164494316899698,0.9967775074007228,-0.36759098356443787,-0.6368395738422087,-0.4166710505868642,-0.5773003807832917,-0.4725947645844422,0.5775871607856504,-0.4920942423086319,-0.15913042538421548,-0.39446083554524414,0.22496800888676707,walking,Data_Walking_SweaterPocket_Sachin.csv
0.8205410152044372,-0.33797755955915515,-0.08091033422150445,0.7921295511819016,-0.3111632554926203,0.8562281363067268,-0.2525228307106405,0.6028178338394433,0.44667937283258335,-0.4329527818570987,-0.13088908548999517,0.5722019288594693,-0.5046742637409245,0.433377898439016,-0.4063683806841225,0.4364166935147153,0.11417009618745862,-0.6949641790062513,-0.6710700768870667,0.6507205603997398,-0.7267270540326387,0.3757870510559456,-0.43714934310452114,-0.6537135742043388,-0.421964362185488,-0.5206565111372821,-0.4525785695384213,1.1489086851527923,-0.515555885181497,-0.1236414804938262,-0.3859335808373077,0.712534343897017,walking,Data_Walking_SweaterPocket_Sachin.csv
0.7497501889509409,-0.25567728094526027,-0.13582972714063862,0.6774847293121952,-0.320771690402419,0.8766004468192129,-0.2392425991345923,-0.33316797110298296,0.34175022446691883,-0.4223834381501659,-0.335786255707015,0.48671350215821313,-0.5480423411382276,0.4100448986031994,-0.40383768271930776,-0.5143518522509314,-0.10617456777847584,-0.2822136806326121,-0.5459306576811183,0.2634012595339221,-0.4766954533366294,0.06529182288355699,-0.320963943670488,-0.7353178042025075,-0.5226477242320389,-0.40748240826772336,-0.48260286210745273,-0.0662154524937407,-0.4537312857192176,0.007667615600618558,-0.36435137160327863,-0.6594356084162463,walking,Data_Walking_SweaterPocket_Sachin.csv
0.8062754463638527,-0.3936579866104102,-0.16512007003084347,0.9106606381997339,-0.41685603950040573,0.8920834028087027,-0.2601074971929612,0.41564008699619037,0.6096767392879098,-0.5465328529637187,-0.29035253535454536,0.5734408915652845,-0.5899962420986621,0.6674729131852413,-0.42995522213161635,-0.8196622198731911,-0.2327550154546059,-0.4488689183601462,-0.591207231464175,0.5491525128703096,-0.6298528857294987,-0.1268678113350193,-0.3761572308856263,-0.12483544176714197,-0.5065469060907697,-0.5295569719018557,-0.5159631871841543,0.7353401190064285,-0.545041463386584,-0.2052660537417222,-0.38737395697723737,-0.17656223259570342,walking,Data_Walking_SweaterPocket_Sachin.csv
0.7846299989544673,-0.23828643008625466,-0.13216843427936298,0.8785989507276972,-0.37992361781586703,0.9067514663776932,-0.23612040838818926,-0.08544623370182837,0.5268784951559587,-0.41854177315846786,-0.08189193609027307,0.5858305186234377,-0.4891183229353701,0.5444327774389953,-0.4029036762952408,0.5119970376360883,-0.3567973229634942,-0.05065956448248306,-0.36922625166668893,0.20314079114325545,-0.3331626683345689,-0.5135103657452099,-0.22565875579491962,0.0998884652636605,-0.4179174637501756,-0.3747971021118508,-0.4759307970921124,0.43688857642657813,-0.48480211006436313,0.16736786760737224,-0.356990926716725,-0.6624808752817198,walking,Data_Walking_SweaterPocket_Sachin.csv
0.8515002647182873,-0.04667846037473497,-0.022329648441094602,0.6862288258954778,-0.23039234953212515,0.918974852685185,-0.19442303351219178,-0.026820802466376168,0.5012471192438813,-0.2890996472457204,0.006302932829226775,0.5028200173338122,-0.3792839530052438,0.5154896574240754,-0.36701798927143164,0.3520407627892296,-0.37188835650675334,-0.048267471749115866,-0.33338229742176906,-0.12148818373549759,-0.16954366269082063,-0.504542916148343,-0.22456119687701315,0.00683559680728898,-0.24924147477584968,-0.1662354820127005,-0.3424894967853059,-0.4584660513129726,-0.29140208097723275,0.4512794267304928,-0.2981264852846911,-0.6485584502936063,walking,Data_Walking_SweaterPocket_Sachin.csv
0.8481397842985653,-0.10173188681873672,-0.06992645563767759,0.7649256951450221,-0.2937479672186102,0.9597194737101578,-0.2077736868118106,-0.3967786500719978,0.5471154351410717,-0.3615231319614634,-0.11574451203917198,0.4798992072762289,-0.42642316756752974,0.6187668698121159,-0.3881529597178275,0.19416003729790465,-0.35472893124822363,-0.034423670551265155,-0.3019402322946464,0.26048543041824473,-0.3130764476928812,-0.5270158225230579,-0.21816388938483447,0.1924643320296682,-0.2573037168828433,-0.2391749794342936,-0.42922634198473014,-0.1514873218022694,-0.3966624246771136,1.196547269428683,-0.3210521898978683,-1.241423179075814,walking,Data_Walking_SweaterPocket_Sachin.csv
0.7950507828442518,-0.13386097350180046,-0.09555550566660684,0.8135040094965927,-0.32977959813035523,0.8847493710242076,-0.21505463980832296,-0.28791351152587197,0.5031220482113145,-0.41759901410678824,-0.13088908548999517,0.5325551222733794,-0.47450516642106144,0.5237773349613872,-0.40267331332661105,0.3420416872563933,-0.4609206463605859,0.0018809582908126275,-0.33338229742176906,0.19147747468054577,-0.30428872616214275,-0.6527555334563658,-0.20101967092335268,0.08734601479794028,-0.401690426554395,-0.2474669364431224,-0.44924253703075107,0.010529229883934954,-0.4277332490222591,0.38030153694971297,-0.32349916353236274,-1.0256927521184154,walking,Data_Walking_SweaterPocket_Sachin.csv
0.8279933747234676,-0.11410274911363505,-0.04795869847002386,0.8445941306815977,-0.3003537662190967,0.879860016501211,-0.21062166122089834,-0.04077060752414659,0.5288170733447949,-0.44623430041118484,-0.1317799427518083,0.5604317831542239,-0.49618920511971293,0.5990039464539106,-0.40946741063315695,0.06379440685165325,-0.535552730754381,0.04031015988606188,-0.4308526993158494,0.11469397463437363,-0.33609190884481505,-0.5930449126539834,-0.18229225127007662,0.008765123160541411,-0.3299033393003325,-0.22259241175854275,-0.41588221195404945,0.12990984691587515,-0.40490570460541747,0.4512794267304928,-0.3160610980204999,-0.8135380856959632,walking,Data_Walking_SweaterPocket_Sachin.csv
0.7840765080618071,-0.23191878985690842,-0.15047489858574103,0.7668688277190849,-0.36040648440533846,0.9466811949821662,-0.23494965183992844,-0.5652680649364583,0.4400513898051777,-0.38722532355076605,-0.22977424155125256,0.49290831568728966,-0.49666059726533585,0.4864190346778121,-0.39500809254211444,-0.008451440347346625,-0.4464014613271011,-0.20593674402541004,-0.36922625166668893,0.15551558225385753,-0.31265798476284595,-0.3680987193766444,-0.2919607414974113,0.07055677851895024,-0.4579289040306834,-0.37909783388576784,-0.489274927122793,-0.03210670477032921,-0.46260866410354484,0.16736786760737224,-0.3579882813914472,-1.0898120189765488,walking,Data_Walking_SweaterPocket_Sachin.csv
0.8486306780069363,-0.2524883159976685,-0.12850714141808736,0.7707550928672106,-0.34359172331319077,0.8252622243277472,-0.23867833561908897,-0.04716434831185419,0.447188438387792,-0.5311957559067156,-0.36340283082322195,0.5306966782146565,-0.5961243399917592,0.5204622639464624,-0.4271558003736201,-0.602079151906852,-0.2903470521149326,-0.30890179098340126,-0.40003947549126917,0.3897538545466105,-0.43401223447304293,-0.3305353106536911,-0.3305568444292341,0.5786823752526891,-0.35941493198356833,-0.4188779719278702,-0.4625866670614318,0.07448313186533158,-0.445170956562902,-0.16622821436229335,-0.3667987653224889,-0.49895413502944064,walking,Data_Walking_SweaterPocket_Sachin.csv
0.7964081533667281,-0.31286927555313165,-0.1211845556955361,0.7668688277190849,-0.33638539713084176,0.8725259847167159,-0.24873297149329646,-0.3141685270709414,0.49691632675189923,-0.5608898757050835,-0.35003997189602504,0.6285747319740658,-0.6635334168158281,0.5812810667971975,-0.4324666573425808,-0.13439068079229555,-0.1358448213356539,-0.5136514490574656,-0.5396422446556939,0.5608158293330193,-0.6005604806270374,-0.1785446395203539,-0.39458464048511055,0.2608683465098097,-0.5192871419056388,-0.48816247265222695,-0.489274927122793,0.1597550011738599,-0.47687587936407083,-0.09170143009247396,-0.38035694127928216,-0.6245394782726201,walking,Data_Walking_SweaterPocket_Sachin.csv
0.7902143267107697,-0.29689439847845384,-0.12484584855681177,0.835850034098315,-0.36070674799626967,0.7592559382672913,-0.24620211162984199,0.0742045321344197,0.5666022939886566,-0.6433208785356777,-0.29213424987817166,0.7134436773224142,-0.6974736513006741,0.6303696183643526,-0.444844392181956,0.3370868890585383,-0.16612387718944954,-0.43496353270034227,-0.5144885925539956,0.45487403813007293,-0.5382095040517983,-0.11080022610092367,-0.3719809008219851,-0.027790056093921166,-0.5454460409533829,-0.45276720326200026,-0.489274927122793,0.552005599993092,-0.5060444083411463,-0.7553446995427681,-0.3737141519732605,-0.4031610355389238,walking,Data_Walking_SweaterPocket_Sachin.csv
0.8101960068535282,-0.24401235695538462,-0.058942577053850725,0.7056601516361061,-0.26642398044387017,0.7885920654052717,-0.23716055988526172,0.38776765572745514,0.49989764131516157,-0.5810395428484396,-0.19503080834054048,0.6403448776793111,-0.5904676342442848,0.6037215475136113,-0.4358134536790929,0.2509054490864498,-0.09366126581259679,-0.3530665638612189,-0.4673254948633117,0.5695633166800516,-0.5562034100433103,0.002324259128317221,-0.345799788044788,0.11474178326089762,-0.43751297196326283,-0.43294025837403655,-0.43256237449240026,0.6458046562324734,-0.45912112259541626,-0.25849947107730803,-0.36973422682192414,0.11765076832792835,walking,Data_Walking_SweaterPocket_Sachin.csv
0.8150884709940058,-0.24659952089184384,-0.13949102000191424,0.7338355739600171,-0.34118961458574115,0.831781363691743,-0.23762661542705021,-0.14776452570114162,0.48805846834186706,-0.5862695981144478,-0.3420222565397069,0.6037954778577596,-0.6404352016803081,0.5617481583663354,-0.43664818121915694,-0.3834337821880935,-0.11965954819938979,-0.30770145708870283,-0.4233066036853399,0.46556541155422343,-0.4821354714270865,-0.058689138855208045,-0.3301315682692677,0.184464652646865,-0.4171601494231011,-0.4371705044999141,-0.49928302464580354,0.37719826791060823,-0.5025568668330177,-0.10589700804862967,-0.37059897956177973,-0.4637459939197656,walking,Data_Walking_SweaterPocket_Sachin.csv
0.8107066680937801,-0.2714087175601428,-0.11752326283426057,0.6823425607473521,-0.3072598288105146,0.8040750213947615,-0.2419719170464478,-0.020460935133731543,0.4966076706795446,-0.4824120993806149,-0.25204567309658077,0.554856450978055,-0.5555846154681933,0.5813575684360034,-0.4174510226343541,-0.08870610065332049,-0.015310285385941987,-0.2984052099114625,-0.4258219688955098,0.5404050255232773,-0.5160309687599347,-0.10906318985939982,-0.3268182212489532,0.3284288564785875,-0.3781663502696021,-0.4773225121798946,-0.48260286210745273,1.1233271243602339,-0.5421880203344789,-0.09525032458151352,-0.37838550167661533,-0.10781385948714217,walking,Data_Walking_SweaterPocket_Sachin.csv
0.8239575036311545,-0.29459148256646805,-0.13216843427936298,0.842650998107535,-0.36881386495141233,0.7763686790977801,-0.24582959561561893,0.1758064722430744,0.4739135143600819,-0.5541638113944944,-0.3090605378526211,0.633530582797327,-0.6456205152821595,0.5092420235882557,-0.43130321975516545,0.2002932666074792,-0.17950241351274587,-0.3447021239006985,-0.42079123847517014,0.4539020950915138,-0.475440064546524,-0.24064368515483164,-0.34297336673091927,0.46642828648648565,-0.4192269864407458,-0.4647494918775518,-0.4926109596304632,0.27487202474037375,-0.4886067008005034,-0.41110193410598384,-0.3760292628131887,-0.3123136019646545,walking,Data_Walking_SweaterPocket_Sachin.csv
0.8248898722181949,-0.2660350212001058,-0.16145877716956789,0.8222481060798754,-0.38652941681635367,0.8545983514657279,-0.24104975346707022,-0.20692638089796875,0.4809731274468187,-0.6055105782830745,-0.34469482832514625,0.6595487996194483,-0.684274671223234,0.5318100070360127,-0.43959858892938597,0.05653734264381093,-0.12009220119374371,-0.4427293332438874,-0.5006540838980618,0.5462366837546322,-0.5683388350143299,-0.08604745965920871,-0.37432290118652506,0.4975906020468822,-0.43234587941915253,-0.46059460494513865,-0.5226352521994947,0.6202230954399146,-0.5428221187905022,-0.2336572096540336,-0.3752341832743834,-0.46660652736057306,walking,Data_Walking_SweaterPocket_Sachin.csv
0.8104925198317392,-0.26563527884773264,-0.13582972714063862,0.809617744348467,-0.3616075387690633,0.7657750776312868,-0.24098073432112546,0.10313936120000475,0.46052501917234523,-0.5502739666269452,-0.322423396779818,0.6273357692682503,-0.6479774760102738,0.5244148486181035,-0.4306198084012332,-0.11561295988782769,-0.08204054543902477,-0.3625714923686566,-0.4396564775514437,0.46556541155422343,-0.4930155076080007,-0.09494977039701848,-0.3489772952553326,0.2800759960186307,-0.438380727963038,-0.4412274080557671,-0.4926109596304632,0.5605327869239447,-0.5098489990772865,-0.31883067739097043,-0.3714203470551996,-0.27816828068193866,walking,Data_Walking_SweaterPocket_Sachin.csv
0.8143109480733645,-0.26723317534438806,-0.14681360572446542,0.7464659356914253,-0.351098313086471,0.7307347035498103,-0.24125627675741665,-0.10979119093037185,0.4572027459506748,-0.5395522519643371,-0.3144056814234999,0.5907863694466988,-0.6159228101079193,0.576996975024064,-0.4286960075044228,-0.27560257609842564,-0.10459984618257602,-0.3374418947572251,-0.3761435059946559,0.5054150761351482,-0.467907731805891,-0.10841180126882835,-0.340497162773185,0.40688537845312556,-0.4155666338598784,-0.45619954861562106,-0.509291122168814,0.6500682496978998,-0.5323594942661165,-0.15203263640613762,-0.3743842587735366,-0.4740807475120846,walking,Data_Walking_SweaterPocket_Sachin.csv
0.8125417539700399,-0.2864318272647852,-0.15413619144701668,0.755210032274708,-0.35980595722347614,0.7665899700517864,-0.24449414492390625,-0.07314391990584934,0.4830603228258168,-0.5285118756578645,-0.3010428224963029,0.5932642948583294,-0.6107374965060679,0.584621638358391,-0.42665354480855827,-0.11212890723597548,-0.09844212119536919,-0.2920651240547117,-0.3459591234726181,0.5122186774050622,-0.4507507516744494,-0.06107756368730337,-0.32453848486393405,0.5350592600736062,-0.41043109607939576,-0.46730352471018927,-0.5159631871841543,0.6500682496978998,-0.5387004788263503,-0.4040041451279072,-0.3765139508195,-0.42270018700808815,walking,Data_Walking_SweaterPocket_Sachin.csv
0.790965492922237,-0.2847787993476009,-0.19074912005977282,0.695944488765792,-0.3715162372697932,0.8268920091687464,-0.24422064595063234,-0.5172592893929361,0.45116986840290707,-0.5977516525254503,-0.36696625987047454,0.6527345047374641,-0.690874161261954,0.4582409310509517,-0.4384316351373089,0.1809656653482638,-0.30849283387581466,-0.3631427557415053,-0.49059262305738244,0.3022789810762878,-0.4566092326949417,-0.36896723749740634,-0.3491671068890628,-0.20145430511660709,-0.513891277325224,-0.46537409508109856,-0.5359793822301754,0.1938637488972714,-0.523799165109801,-0.4714331404196475,-0.3761480809942635,-0.646687508402748,walking,Data_Walking_SweaterPocket_Sachin.csv
0.840371144269443,-0.3004931564854266,-0.14315231286318983,0.6609681024326612,-0.3216724811752126,0.9360875935156736,-0.24678037050336543,-0.5713384372850625,0.48128675428838946,-0.5616944126115824,-0.31885996773256553,0.5461837120373478,-0.5843395363511877,0.5163821765434782,-0.4326042712691893,-0.3039052461805422,-0.3357478156223669,-0.48713894848870276,-0.48744841654467014,0.46750929763134175,-0.5256556161507434,-0.3038283784402618,-0.38724802797361896,-0.041843826421226464,-0.43701598443611994,-0.4685911444973528,-0.5059550896611439,0.1341734403813015,-0.49082604539658525,-0.04911469622400682,-0.3767571373195333,-0.7563457302035429,walking,Data_Walking_SweaterPocket_Sachin.csv
0.8116027962057056,-0.42820695131710795,-0.20905558436615088,0.9592389525513044,-0.46790084995871123,0.9108259284801903,-0.264245585704997,-0.28624624399690446,0.5116689356829629,-0.4976623189971506,-0.2618451029765252,0.6155656235630049,-0.606966359341085,0.5925013071554044,-0.4206156933821787,0.03938419505829947,-0.04447108765455856,-0.6638003718553613,-0.6201339313811278,0.6006654939139441,-0.6712807158029798,0.2216250846207037,-0.43077820596438315,-0.2816094734827666,-0.49721458474774166,-0.5858979064181058,-0.5660036747992068,0.927201824950618,-0.6068660628488634,-0.006527962355538416,-0.3956224780800331,-0.725470275002412,walking,Data_Walking_SweaterPocket_Sachin.csv
0.8210450872673954,-0.5065686172857985,-0.245668512978907,1.0146182309120946,-0.515042233734911,0.9393471631976714,-0.2720189063039895,-0.6485202970615197,0.5060402133339704,-0.5694222069072582,-0.19235823655510112,0.6930007926764616,-0.6291217901853593,0.4727762424240833,-0.4339092168077323,1.2890755274209298,-0.18949472384231822,-0.671390533596964,-0.7069140311319866,0.46556541155422343,-0.6708622528729448,0.050092755770223214,-0.43236606995380494,-0.9494948463893015,-0.5198235728873183,-0.6407596709023049,-0.569339707306877,1.0082101007937199,-0.6160604904612025,0.02541208804581257,-0.4022117638719163,-0.6938773371930307,walking,Data_Walking_SweaterPocket_Sachin.csv
0.8422853002732263,-0.24494936008505863,-0.11752326283426057,0.64639460812719,-0.29615007594605985,0.9181599602646854,-0.2373296347936467,-0.6200153195561037,0.4597358713997599,-0.5400440314101399,-0.33133196939794934,0.520784976568134,-0.5716119484193706,0.5658022352121257,-0.42878553508381223,-0.8468373064167518,-0.10454264620943733,-0.5637401341622409,-0.5956091205819722,0.5647036014872558,-0.6394775331203074,0.1260880913368917,-0.40767057890506486,-0.4748318172915966,-0.4022584122997021,-0.44052184617670903,-0.4792668295997826,-0.01505233090862347,-0.454365384175241,0.02541208804581257,-0.3712780569777563,-0.688070096066137,walking,Data_Walking_SweaterPocket_Sachin.csv
0.783892011097587,-0.6086252669063609,-0.32255566306569483,1.0631965452636651,-0.5931107673770253,0.9149003905826876,-0.2787871948267078,-2.7440964698147576,0.2331649397129416,-0.6644708640763273,-0.34291311380152,0.6799916842654009,-0.6988878277375425,0.138591583573399,-0.4474596261601236,2.0379042966322545,-0.0828338221856632,-0.9436309012827573,-0.7578501766379252,0.7649238674304388,-0.8336443326566226,0.10437513831784362,-0.4739362552561556,0.8001411997542854,-0.6059601889012869,-0.7378164846086629,-0.6627486175216416,1.18728102634163,-0.7181503418809663,-0.05266359071304511,-0.4103822167891242,-3.0790549364233546,walking,Data_Walking_SweaterPocket_Sachin.csv
0.802661282618328,-0.599988626963446,-0.2932653201754899,1.1438365470872722,-0.5940115581498188,0.9181599602646854,-0.27836145799864737,-0.5351605204980922,0.42002999664275803,-0.5801773329094836,-0.37765654701223206,0.658309836913633,-0.700773396320034,0.4026497401852903,-0.43567449898337834,0.20355267292274495,-0.23365350424066586,-1.0811177063526876,-0.8735569763057367,0.8002053997301356,-0.9258317161433688,-0.0237312844945405,-0.48355539675573095,-0.19850032626946182,-0.6070803830100863,-0.7378306241128825,-0.6427324224756206,1.5198413166448919,-0.7238572279851767,-0.10234811355959138,-0.41038308251336936,-1.0222392563538085,walking,Data_Walking_SweaterPocket_Sachin.csv
0.8580663798913322,-0.4701083135640411,-0.198071705782324,0.9077459393386395,-0.44297897191142094,0.914085498162188,-0.2686805286143923,-0.17333464830456327,0.5097275227862915,-0.6670115151070841,-0.34914911463421194,0.7109657519107836,-0.7257571800380456,0.5189322311703434,-0.44775837940971164,0.6693423265448827,-0.3039250783985359,-0.6745414937742608,-0.7150889680650384,0.5530402850245462,-0.7139639346665663,-0.2619223791134988,-0.433018417731469,-0.2640379555411346,-0.45892287908497,-0.6173865191980554,-0.5559955772761963,0.6884405908867376,-0.5795998292398582,-0.10234811355959138,-0.39957852568587215,-0.4670893421497938,walking,Data_Walking_SweaterPocket_Sachin.csv
0.7829003399149044,-0.42982886584265273,-0.21637817008870208,0.897058710181294,-0.454689251957738,0.8244473319072476,-0.26442915868742256,-0.2989712743496191,0.6039051825527392,-0.6125183971258894,-0.30638796606718166,0.660168280972356,-0.6644762011070738,0.6997311042150859,-0.4406260933794185,-0.5803231172753113,-0.1835754880735553,-0.541094339041912,-0.578630405413326,0.5783108040270838,-0.6340375150298504,-0.02155998919263573,-0.40187973015963585,-0.09515793593960048,-0.582964654907266,-0.5851029506907544,-0.5559955772761963,0.6756498104904581,-0.5786486815558232,-0.4217486175731025,-0.3955165355407354,-0.49631628186682325,walking,Data_Walking_SweaterPocket_Sachin.csv
0.8281548095671601,-0.3068305248603569,-0.1577974843082923,0.7843570208856504,-0.37181650086072443,0.9108259284801903,-0.24778720191132156,-0.4185582408138453,0.5352398671358278,-0.5346203624502691,-0.267190246547404,0.5957422202699602,-0.5947101635548907,0.5805925520479439,-0.42779132053634195,-0.22132558366456043,-0.23553556864320244,-0.3953895878370899,-0.49247914696500983,0.44904237989871804,-0.5210525239203566,-0.27451589186454683,-0.3596679573583167,0.40353972951359973,-0.4288354119655203,-0.47511172261752344,-0.5226352521994947,0.32177155286006465,-0.520628672829684,0.02541208804581257,-0.37797660739758293,-0.7112430686612955,walking,Data_Walking_SweaterPocket_Sachin.csv
0.8458961694301037,-0.37171096623398225,-0.19074912005977282,0.868883287857383,-0.42496315645554833,0.9043067891161948,-0.25725284134277576,-0.5697271971022427,0.5175417307376481,-0.5802165746377367,-0.335786255707015,0.6205214743862661,-0.6498630445927652,0.5859221662180921,-0.4356808314875578,-0.4676398607825111,-0.2547792654781932,-0.3382121479299941,-0.46292360574551455,0.48403232928684714,-0.5164494316899699,-0.38807463615416865,-0.34076087791273796,0.4391936943191612,-0.38763277935805035,-0.5339114224709882,-0.549323512260856,0.7012313712830169,-0.5742099923636595,0.0963899778265924,-0.38806499602944383,-0.8638776223007768,walking,Data_Walking_SweaterPocket_Sachin.csv
0.8126372970407969,-0.287659633435947,-0.08823291994405565,0.755210032274708,-0.30575851085585853,0.8700813074552174,-0.24469664494844837,0.07393205974320366,0.451530094352416,-0.5169031136771773,-0.24759138678751516,0.5976006643286831,-0.5857537127880563,0.5321925152300424,-0.4244386463376922,-0.11358158459108045,-0.17913880512335914,-0.2828537084926977,-0.4459448905768682,0.5024992470194709,-0.5131017282496886,-0.21849647307540257,-0.3211973646407498,0.2046694937070124,-0.4254984957118419,-0.44315608190654876,-0.43256237449240026,0.38998904830688724,-0.4400981689147149,-0.0384680127568894,-0.3718080996778151,-0.20300992233484885,walking,Data_Walking_SweaterPocket_Sachin.csv
0.7799286209555031,-0.2067468654150868,-0.11020067711170937,0.530778219970452,-0.25441343680662193,0.7796282487797778,-0.23017685224316392,-0.46773298303188554,0.47488436690489827,-0.5995408371867301,-0.27520796190372215,0.6762747961479549,-0.6602336717964681,0.5140871273792995,-0.43870346444599334,0.5510868427635583,-0.09711928227742232,-0.3969075790586059,-0.5327249903277268,0.442238778628804,-0.5449049109323608,-0.08648171871958972,-0.3601519262451047,-0.06110945743545062,-0.5016953611829402,-0.42427490888585423,-0.4759307970921124,-0.049161078632034956,-0.4486584980710306,-0.4394930900182978,-0.36793641931358934,-0.4789786408572174,walking,Data_Walking_SweaterPocket_Sachin.csv
0.8409081622188697,-0.31063776234700696,-0.14681360572446542,0.6833141270343837,-0.3315811796759425,0.8749706619782144,-0.24838502739539214,-0.41354296918927796,0.4564582121183253,-0.600293412346967,-0.35538511546690377,0.5542369696251472,-0.6097947122148221,0.5200797557524327,-0.4388173130396981,-0.5897709653190365,0.023220481826314174,-0.45311425391526217,-0.4855618926370428,0.5647036014872558,-0.5662465203641541,0.09786125241212922,-0.37741671165084845,0.24429575248784388,-0.3849821792132851,-0.4875763688577306,-0.509291122168814,0.7310765255410021,-0.5383834295983385,-0.13073926947190406,-0.3802517690517918,-0.3953945099756232,walking,Data_Walking_SweaterPocket_Sachin.csv
0.7814671938535522,-0.33316958572574745,-0.1687813628921191,0.771726659154242,-0.376920981906555,0.812223945599756,-0.25181489933664,-0.13757123869281232,0.38775729277100496,-0.5216757047950495,-0.29837025071086354,0.5381304544495484,-0.5673694191087648,0.4720112260360237,-0.4253575840335243,-0.2066907980786004,-0.21138956796018066,-0.30284058803745295,-0.44028531885398614,0.38003442416101907,-0.4566092326949417,-0.2905834770986424,-0.32840342188572313,0.1409355768435282,-0.4846400114419197,-0.5200725226136282,-0.529307317214835,0.8547207360383686,-0.5666008108913789,-0.2443038931211523,-0.3858377632298282,-0.3543751213416037,walking,Data_Walking_SweaterPocket_Sachin.csv
0.782814680610088,-0.27294866868716083,-0.11020067711170937,0.6813709944603208,-0.3009542934009592,0.8399302878967377,-0.24223424311541297,-0.08227939764076109,0.4694554173197692,-0.5348216080794368,-0.33667711296882813,0.5932642948583294,-0.6295931823309823,0.5453507971046668,-0.42782847989292194,-0.1200407265485719,-0.15037308762496196,-0.3642611405447783,-0.442800684064156,0.42474380393473954,-0.4775323791966998,-0.27495015092492775,-0.3495383270344008,0.3619344491556267,-0.4984688866019605,-0.46592377481818503,-0.4725947645844422,0.26634483780952073,-0.4689496486637786,-0.3152817829019321,-0.37625249385507825,-0.2655816197306421,walking,Data_Walking_SweaterPocket_Sachin.csv
0.8004670865795687,-0.21434046480912797,-0.10287809138915804,0.5968447274885881,-0.26882608917131984,0.8097792683382574,-0.2316409854675189,-0.2815799663053352,0.4426761548169387,-0.5494731493724809,-0.3010428224963029,0.5381304544495484,-0.5687835955456333,0.5023568760957196,-0.43047815061269423,-0.4293574914682656,-0.3698223588683905,-0.2781089790486098,-0.4679543361658542,0.32949338615594376,-0.45326152925466034,-0.2197992502565454,-0.31946300843097614,-0.17156199035392514,-0.4647052895198299,-0.3878093186006978,-0.4692587320767721,0.07448313186533158,-0.4515119411231358,-0.22655942067595702,-0.35998169926957313,-0.6163464207318702,walking,Data_Walking_SweaterPocket_Sachin.csv
0.8299602441455991,-0.321268227867726,-0.2053942915048752,0.8339069015242523,-0.42616421081927314,0.9311982389926767,-0.250026289750318,-0.4471509498649191,0.4266433264112007,-0.5972707995173491,-0.31173310963806045,0.6304331760327886,-0.6446777309909137,0.41374247781215395,-0.4383583002129126,0.4195652954167537,-0.2489793610721041,-0.3051931350911625,-0.5811457706234958,0.32268978488602973,-0.5256556161507434,-0.14380391468987683,-0.329240995884535,-0.5623254205688853,-0.40955545138871385,-0.48717415143923937,-0.5526595447685262,0.8717751099000743,-0.5900624537642439,0.16736786760737224,-0.38017949994518685,-0.799905505983923,walking,Data_Walking_SweaterPocket_Sachin.csv
0.8256245654864282,-0.24858275719424247,-0.11020067711170937,0.6590249698585984,-0.29404823080954146,0.8350409333737409,-0.23798222671249336,-0.045851678211467385,0.45897332714215283,-0.561448516934898,-0.3179691104707524,0.6570708742078177,-0.6682473382720567,0.4777488489464704,-0.4325622466120265,0.31566210030741526,-0.17220590700432203,-0.28620557202712577,-0.4578928753251749,0.3858660823923739,-0.4708369723161372,-0.07258542878739888,-0.3224171022277862,-0.025407159131728876,-0.38185036892319035,-0.4491853917205886,-0.4725947645844422,0.6458046562324734,-0.49716702995681894,-0.28334173250057987,-0.37300892340682695,-0.07085177254125657,walking,Data_Walking_SweaterPocket_Sachin.csv
0.8304050136129149,-0.2625618398491882,-0.13582972714063862,0.6833141270343837,-0.3225732719480062,0.827706901589246,-0.24044813185854833,-0.5081317796999026,0.4764413934191275,-0.5884784570073763,-0.3384588274924544,0.6415838403851264,-0.667304553980811,0.5491631287718304,-0.43699651471508416,-0.09819072479602535,-0.20198723681590047,-0.3075635054538413,-0.44342952536669844,0.48403232928684714,-0.5034770808588798,-0.25519136367759393,-0.33008265497247125,0.23806166815454186,-0.38517939648596133,-0.46838477667370393,-0.49928302464580354,0.33029873979091734,-0.4990693253248891,0.0963899778265924,-0.37671821439617126,-0.665399218844869,walking,Data_Walking_SweaterPocket_Sachin.csv
0.8059492820878206,-0.2729536488597881,-0.13582972714063862,0.684285693321415,-0.32287353553893744,0.7885920654052717,-0.24223509007078262,-0.13011960497815414,0.4324498067469,-0.505547399268386,-0.25739081666745955,0.54556423068444,-0.5513420861575876,0.5182947175136271,-0.4222052937036595,-0.41284794227499977,-0.07859946579487612,-0.38744136295329995,-0.4673254948633117,0.5442927976775139,-0.545323373862396,-0.02590257979644527,-0.3571186965249092,0.25088389194707506,-0.4233291057124068,-0.48630028880989706,-0.49928302464580354,0.9101474510889122,-0.5421880203344789,-0.29753731045673687,-0.3800222234765758,-0.15813155663261794,walking,Data_Walking_SweaterPocket_Sachin.csv
0.8017157356767005,-0.33713586801599743,-0.18342653433722156,0.7794991894504932,-0.39133363427125295,0.8081494834972589,-0.25239950749947765,-0.18928598054874407,0.46636561630711243,-0.5484455719135398,-0.3028245370199292,0.5901668880937911,-0.6093233200691992,0.5437442626897417,-0.43029590006563284,-0.475344702406115,-0.24264170942591706,-0.4314858669219595,-0.49247914696500983,0.5365172533690408,-0.5587141876235212,-0.13099327240863845,-0.37092421543230836,0.47915567439198803,-0.49226837554902786,-0.5215025152082563,-0.5459874797531858,0.9144110445543385,-0.586891961484127,-0.29753731045673687,-0.3860721024245551,-0.38934496493662984,walking,Data_Walking_SweaterPocket_Sachin.csv
0.8297197391743835,-0.30142048929624093,-0.14681360572446542,0.7843570208856504,-0.3628085931327881,0.8293366864302446,-0.24692861214106399,0.044736338808012074,0.4292350212852483,-0.5432749371573882,-0.2529365303583939,0.5907863694466988,-0.583396752059942,0.4894791002300503,-0.4293706378298358,0.03867318761381559,-0.1524730225769363,-0.3550782878999987,-0.38117423641499554,0.5229100508292127,-0.4787877679868052,-0.16182566569568682,-0.3464753532345028,0.794484213273496,-0.3940699511381943,-0.48568290337724884,-0.5059550896611439,1.016737287724573,-0.5564552355950049,-0.07395695764727994,-0.37991088966791026,-0.17721939878812965,walking,Data_Walking_SweaterPocket_Sachin.csv
0.8094777865285289,-0.33903217122824814,-0.19074912005977282,0.7794991894504932,-0.3973389060898772,0.8162984077022536,-0.252676986164946,-0.3153711063325473,0.44072435380632385,-0.5946198477096941,-0.33222282665976244,0.5982201456815907,-0.6310073587678509,0.5000618269315409,-0.4379518787824393,-0.06567296269433939,-0.2727738112996326,-0.31358373459978034,-0.36985509296923136,0.42085603178050307,-0.42731682759248035,-0.2617052495833084,-0.33221008770610505,0.6108428231113321,-0.46200735722962283,-0.5054648134817662,-0.5326433497225052,0.6671226235596055,-0.5558211371389815,-0.06685916866920083,-0.3833885335967673,-0.6077667207621252,walking,Data_Walking_SweaterPocket_Sachin.csv
0.7812431618255707,-0.2822336967768179,-0.13582972714063862,0.6279348486735933,-0.3054582472649274,0.7600708306877909,-0.24379760310259224,-0.25072676487520584,0.47824089211939486,-0.5725674981691262,-0.32331425404163117,0.6279552506211581,-0.6489202603015195,0.5126845973345237,-0.43443159126914,-0.23202492322517038,-0.16544251239560012,-0.38509581759170647,-0.49750987738534946,0.531657538176245,-0.5599695764136268,-0.1559631683805438,-0.3563615266092696,0.2010903559794654,-0.523278819504602,-0.46524500001447977,-0.49594699213813337,0.5136332588042538,-0.5095319498492749,-0.4998242963319602,-0.37612353838431817,-0.2917478620088674,walking,Data_Walking_SweaterPocket_Sachin.csv
0.8287115950484667,-0.27409439104959915,-0.15047489858574103,0.7620109962839279,-0.3589051664506825,0.9271237768901797,-0.2424288527405899,-0.2798221370591379,0.4139147590574398,-0.558332208127415,-0.29302510713998475,0.5907863694466988,-0.6046093986129707,0.42419770178230126,-0.4320269743829215,0.09054344935554763,-0.3602964159938801,-0.20879702012610815,-0.3880914907429625,0.3469883608500083,-0.4076490698808277,-0.3524653932029297,-0.29309072190203894,0.2863163994330202,-0.38368843390453045,-0.4396156454761226,-0.5026190571534738,0.03611079067649338,-0.4803634208721995,0.38030153694971297,-0.37109495884568267,-0.8257924098597833,walking,Data_Walking_SweaterPocket_Sachin.csv
0.8395672646396273,-0.2510988575900302,-0.08457162708277999,0.72217677851564,-0.2925469128548853,0.8912685103882031,-0.23843132202568362,-0.16817962794463961,0.4860119941950839,-0.5261994726094882,-0.2431371004784495,0.5982201456815907,-0.5838681442055649,0.5430557479404882,-0.4262178501046941,-0.08809311545017569,-0.2536377667433582,-0.2698670868846862,-0.4503467796946654,0.21091633545172858,-0.3904920897493861,-0.37743528917483504,-0.31642871060819866,-0.051987727598629185,-0.357584755693135,-0.4344488433613093,-0.44924253703075107,0.3857254548414609,-0.4556335810872877,0.16736786760737224,-0.3700435847743769,-0.4388460087297781,walking,Data_Walking_SweaterPocket_Sachin.csv
0.8106967843278398,-0.24725471982026564,-0.12484584855681177,0.6648543675807868,-0.30786035599237704,0.8244473319072476,-0.23774425678707012,-0.32563082594362824,0.47864127933729406,-0.5972664527965031,-0.30549710880536857,0.6186630303275432,-0.6324215352047193,0.4856540182897526,-0.43835763675451456,-0.0144541309889424,-0.24565070435061617,-0.2690105093637705,-0.45097562099720784,0.407248829240675,-0.47544006454652393,-0.283201073072166,-0.31611178321362104,-0.03287498631108765,-0.437434085054194,-0.42586499478240175,-0.4859388946151229,-0.061951859028314356,-0.4572188272273462,-0.07040806315824165,-0.3682689762076637,-0.6725062679289352,walking,Data_Walking_SweaterPocket_Sachin.csv
0.8262538319179642,-0.24165427489372593,-0.12484584855681177,0.6415367766920329,-0.300654029810028,0.8016303441332634,-0.2367336463609173,-0.3277872426976121,0.46279709855743867,-0.6137486502786252,-0.3767656897504189,0.5976006643286831,-0.654105573903371,0.5457333052986966,-0.44080388268758014,-0.370874585094662,-0.39905168999668317,-0.4169457964559311,-0.646545266087911,0.44709849382159983,-0.622739015918901,-0.45232326413753215,-0.3664533299656959,0.04301807583610319,-0.4560277295220859,-0.4243180000219965,-0.4859388946151229,0.35161670711804943,-0.48797260234448003,-0.489177612864844,-0.3679454473291567,-0.43612898217534285,walking,Data_Walking_SweaterPocket_Sachin.csv
0.833999409826559,-0.30140404049129765,-0.15047489858574103,0.8076746117744042,-0.37301755522444924,0.8171133001227529,-0.24692598539723812,-0.11380197455635828,0.45632137510170845,-0.6062229797462293,-0.38032911879767145,0.5932642948583294,-0.6526913974665023,0.4873115537972149,-0.43970419076752004,-0.033998347168673906,-0.25071727944114636,-0.24495674339392623,-0.39312222116330214,0.3644833355440728,-0.41852910606174193,-0.22153628649806925,-0.3070910778336712,0.29518464567345687,-0.3785765621967687,-0.4832366188905565,-0.509291122168814,0.9186746380197649,-0.5523335956308529,0.004118721111578999,-0.37946797615281047,-0.4117524165161141,walking,Data_Walking_SweaterPocket_Sachin.csv
0.7812299834709835,-0.34092231248342864,-0.17244265575339476,0.8135040094965927,-0.3928349522259091,0.8032601289742619,-0.25295225891374107,0.01941535139389306,0.4508571643677638,-0.5009362610027843,-0.29302510713998475,0.5505200815077015,-0.5739689091474848,0.5325750234240721,-0.42127957016106593,-0.28716055009169417,-0.2268251320924682,-0.28821601348032666,-0.3893491733480475,0.28284012030510497,-0.38086744235857733,-0.18310435965435404,-0.32314652171232194,0.26555316641317683,-0.49291524820340515,-0.5106534448046065,-0.529307317214835,0.7523944928681342,-0.5589916294190984,-0.2939884159676973,-0.38427005246329105,-0.23814671522806305,walking,Data_Walking_SweaterPocket_Sachin.csv
0.7794278434811915,-0.27926818925651165,-0.1577974843082923,0.7212052122286086,-0.3522993674501959,0.7608857231082905,-0.2433017031332734,-0.24115683038978977,0.47202079302184,-0.5398446436393707,-0.22353824071856065,0.5895474067408836,-0.566898026963142,0.5401614359389962,-0.4287492518114636,-0.016584831262270422,-0.12364423770680877,-0.36157796702244516,-0.4396564775514437,0.4772287280169332,-0.49803706276842274,-0.12274235026140015,-0.3486468662309828,0.353700904777615,-0.516013335179218,-0.44749734626714327,-0.4859388946151229,0.1597550011738599,-0.473705387083954,-0.5140198742881159,-0.37267445783304043,-0.5256778489423064,walking,Data_Walking_SweaterPocket_Sachin.csv
0.8367339184033913,-0.2974740461026967,-0.198071705782324,0.7357787065340798,-0.3898323163165969,0.8757855543987136,-0.24629557001125807,-0.7123839751777026,0.4512321752811229,-0.626014958522456,-0.315296538685313,0.6465396912083876,-0.6588194953595995,0.5065644662300471,-0.4425341750994799,0.022222941288072954,-0.19381522083939481,-0.36026548642123735,-0.4981387186878919,0.46556541155422343,-0.5319325601012709,-0.07909931469311339,-0.348209747177102,-0.11117739904583779,-0.39558457979234607,-0.4941102872206336,-0.5526595447685262,0.6628590300941791,-0.5745270415916711,0.20285681249776277,-0.38141504500550527,-0.993720974606621,walking,Data_Walking_SweaterPocket_Sachin.csv
0.8360189926670388,-0.24336713049219091,-0.12850714141808736,0.6026741252107765,-0.29164612208209173,0.8684515226142189,-0.2370439477551226,-0.7983853086314919,0.43334762413461675,-0.5895981049273168,-0.3438039710633331,0.644061765796757,-0.6720184754370395,0.46831364682706916,-0.43717212769535546,0.12431663407499947,-0.1855598499178951,-0.387189456059972,-0.5056848143184014,0.4772287280169332,-0.5419756704221148,-0.07410533549873227,-0.35703748447977596,0.053050285175733534,-0.3922239974659475,-0.4398022674885779,-0.489274927122793,-0.20691403685281298,-0.44960964575506557,0.20285681249776277,-0.3711326976370754,-1.1020318603657109,walking,Data_Walking_SweaterPocket_Sachin.csv
0.8354061991787364,-0.3669592395768552,-0.18342653433722156,0.9883859411622467,-0.4558903063214629,0.8203728698047507,-0.25661166311615363,-0.07801783565732716,0.45032438408291553,-0.560150852569044,-0.301933679758116,0.6186630303275432,-0.630535966622228,0.5017193624390033,-0.4323399574565269,0.0642537650216126,-0.4184873873426122,-0.44240587681203836,-0.43588342973618904,0.4568179242071912,-0.48673856365747337,-0.2925376428703567,-0.3742258396816409,0.9504352354216551,-0.44254595676195574,-0.5346400797322994,-0.5393154147378455,1.0210008811899993,-0.5884772076241854,-0.15558153089517593,-0.388179756021094,-0.5020817011427214,walking,Data_Walking_SweaterPocket_Sachin.csv
0.7701173359653738,-0.277127799996029,-0.11752326283426057,0.7425796705432998,-0.32587617144824954,0.8065196986562597,-0.24294179000326382,0.09094260554140197,0.4466717060381616,-0.6798871913861726,-0.36340283082322195,0.6651241317956172,-0.6984164355919197,0.4375854885733435,-0.44922162444501007,0.5078536895401996,-0.10370757817614062,-0.5094796507867639,-0.59246491406926,0.6026093799910623,-0.6537052727415029,0.04575016516641358,-0.39344902814428023,-0.04040992940776339,-0.584069071634251,-0.46679059164117653,-0.4859388946151229,0.4198342025648724,-0.49304538999266706,-0.5991933420250527,-0.376416857240835,-0.020044024592043356,walking,Data_Walking_SweaterPocket_Sachin.csv
0.8302567571238098,-0.25689489280746586,-0.04795869847002386,0.755210032274708,-0.2727295158534256,0.9849811387456409,-0.23945706865632857,-0.14390019732492051,0.4534403167407231,-0.6902078830433325,-0.44732158488601875,0.7053904197346147,-0.773462065175079,0.5191872366330299,-0.4503332460936783,-0.19220555408961038,-0.25525645084992044,-0.5808356150548442,-0.6622662986514724,0.5948338356825892,-0.6968069545351246,-0.2829839435419756,-0.41190494977300796,0.2431342508229708,-0.47810028667998383,-0.44949172917551933,-0.4192182444617196,0.37719826791060823,-0.42646505211021235,0.0963899778265924,-0.37306947595397055,-0.15147346079578247,walking,Data_Walking_SweaterPocket_Sachin.csv
0.8291431861611955,-0.47887878476406137,-0.22003946294997767,1.0612534126896025,-0.5084364347344243,0.8953429724907008,-0.2695278273548781,0.24852317410138977,0.4394293153513053,-0.5814558059553906,-0.2769896764273484,0.660168280972356,-0.6489202603015195,0.44931573985692347,-0.43588040290819835,0.698083425082401,-0.18215482468994254,-0.9599310615463295,-0.8351976568506471,0.7238106768993872,-0.8674142911104602,0.054435346374032856,-0.4754755484134327,-0.9489425830177068,-0.5326348069203509,-0.6223101563870672,-0.5726757398145471,1.2171261805996152,-0.6347663949138921,-0.13073926947190406,-0.4001547076957883,-0.2174648152092325,walking,Data_Walking_SweaterPocket_Sachin.csv
0.8070694422277286,-0.6344816205403355,-0.2896040273142143,1.2079599220313457,-0.6108263192419665,0.8969727573316997,-0.2798992335140135,0.5838155483568658,0.6524118700592992,-0.6471705511755017,-0.3536034009432776,0.749373595791058,-0.7573404537947771,0.786560464259846,-0.44533745459952195,-0.36939229609179,-0.07507774523573829,-0.9950193568588256,-0.8062709569336941,0.7597725693260754,-0.8636481247401439,0.10437513831784362,-0.4784249942522959,-0.30717545959814174,-0.5835957501798283,-0.7745015304756254,-0.6427324224756206,1.9163555089295499,-0.7533428061902638,-0.1733260033403712,-0.41231022133715745,0.2058966841902386,walking,Data_Walking_SweaterPocket_Sachin.csv
0.7922734446150114,-0.6120776344709067,-0.28228144159166313,1.1700688368371206,-0.5931107673770253,0.8986025421726985,-0.2789497709244415,0.28857168098333863,0.47726909321827043,-0.6554501018123984,-0.3286593976125099,0.7264527857334749,-0.7266999643292913,0.4887140838419908,-0.44637219242100157,1.1227363733217013,0.1952302516094802,-0.8313651006732508,-0.7213773810904629,0.7534743784362121,-0.804443989398769,0.38230093696165995,-0.46042008141556795,-0.22306262438467883,-0.5586201547681404,-0.7463448612428898,-0.6193801949219294,1.6818578683310965,-0.7137116526888027,-0.08815253560343567,-0.41088721556366403,0.4350992266010969,walking,Data_Walking_SweaterPocket_Sachin.csv
0.8276046132631464,-0.3741610370217921,-0.12850714141808736,0.7435512368303311,-0.33518434276711695,0.9124557133211895,-0.25758022812907133,-0.2989801543574834,0.4723886377937919,-0.4886058929667123,-0.21462966810042935,0.5802551864472688,-0.5551132233225704,0.3924495216778295,-0.41875069106896456,0.7444752514396518,-0.05701942528050286,-0.46071000998032247,-0.577372722808241,0.4402948925516858,-0.5737788531047869,0.29544912488546743,-0.3796520139504514,-0.5269397449164284,-0.40360737844480604,-0.563156377819281,-0.49594699213813337,0.7438673059372811,-0.5266526081619062,-0.05621248520208341,-0.39247372498835914,-0.019818581736944462,walking,Data_Walking_SweaterPocket_Sachin.csv
0.8585243277132356,-0.3249482559848813,-0.1577974843082923,0.9174616022089536,-0.41295261281830004,0.8700813074552174,-0.2505848606701755,-0.008672257155037312,0.4381281582884518,-0.5828263685963029,-0.3028245370199292,0.6409643590322187,-0.6479774760102738,0.4985317941554218,-0.436100209175533,0.1293682974794451,-0.298878537784043,-0.44229170079674923,-0.42079123847517014,0.4772287280169332,-0.4854831748673679,-0.18527565495625886,-0.37419156811286236,1.0920362163763042,-0.37937331997837975,-0.5035901576417998,-0.5159631871841543,0.7353401190064285,-0.545041463386584,-0.1413859529390202,-0.3830669090456058,-0.2624973513293191,walking,Data_Walking_SweaterPocket_Sachin.csv
0.7565436307406145,-0.2908818519779965,-0.18342653433722156,0.6094750892199964,-0.3387875058582914,0.8057048062357605,-0.24522546697857886,-0.6818280637062967,0.4825791900455066,-0.553114295206689,-0.22442909798037378,0.5821136305059917,-0.5617127133612905,0.5548880014091427,-0.4311195918809694,-0.2983574875474099,-0.1395685978471034,-0.385926028284275,-0.5478171815887457,0.4237718608961804,-0.5469972255825367,-0.05412941872120795,-0.35662978251261856,-0.3286181579481498,-0.5670531653477663,-0.4835100483594379,-0.5359793822301754,0.27060843127494744,-0.5295060512140113,-0.28334173250057987,-0.3795176225854011,-0.6994745826820269,walking,Data_Walking_SweaterPocket_Sachin.csv
0.84524384087804,-0.3631146215383045,-0.198071705782324,0.7872717197467445,-0.40574628663595097,1.0338746839756083,-0.25608686345012444,-0.9689847877287027,0.5062164056897346,-0.5754934022976683,-0.3206416822561918,0.5765382983298227,-0.6083805357779536,0.5553470112419784,-0.43491298376850507,-0.7132364866450971,-0.13724576223729457,-0.43295305054583544,-0.5390134033531514,0.4169682596262664,-0.5382095040517982,-0.07931644422330385,-0.37137061337585636,-0.26107607200676103,-0.3911038033571482,-0.5424043401198361,-0.5593316097838665,0.7012313712830169,-0.58372146920401,0.5932352062920537,-0.3893869960175042,-1.2771761382608606,walking,Data_Walking_SweaterPocket_Sachin.csv
0.8083708047432087,-0.39597440884688145,-0.22370075581125326,0.8902577461720741,-0.45859267863984376,0.8774153392397125,-0.26039855239202686,-0.4961698939860065,0.4097522400558572,-0.616282609527287,-0.3847834051067371,0.6031759965048519,-0.6625906325245824,0.4282777891852856,-0.44116763539567483,-0.19862492307598484,-0.21302186201192952,-0.363795888042386,-0.48430421003195795,0.5219381077906536,-0.5469972255825367,-0.19938907441864015,-0.3493839593434491,0.20688407415626617,-0.4687995201005842,-0.5749394318861051,-0.5793478048298876,0.9016202641580592,-0.6176457366012608,0.16736786760737224,-0.3941357211010131,-0.8560710139766134,walking,Data_Walking_SweaterPocket_Sachin.csv
0.8497640165014306,-0.29598930989864136,-0.15047489858574103,0.662911235006724,-0.32827828017569916,0.8994174345931978,-0.2460559365007905,-0.6952954568390103,0.5303294030580978,-0.5493938840790207,-0.2823348199982272,0.5957422202699602,-0.6027238300304792,0.5627396196052605,-0.4304641114017896,0.052750513932307584,-0.2198134873081232,-0.5056510455527103,-0.6685547116768968,0.4568179242071912,-0.6415698477704833,-0.13902706502568626,-0.39240065204864844,-0.3935168417220663,-0.4013591015362993,-0.47472327169849365,-0.509291122168814,0.5221604457351069,-0.5228480174257658,-0.15558153089517593,-0.3779045230995987,-0.689856185621596,walking,Data_Walking_SweaterPocket_Sachin.csv
0.7655708036328088,-0.28814173750158345,-0.14681360572446542,0.7027454527750119,-0.3375864514945666,0.8097792683382574,-0.24477600733941912,-0.2770256654620076,0.46137108787825964,-0.5915859467768618,-0.31084225237624735,0.626096806562435,-0.6409065938259308,0.5413727118867572,-0.43748233317235047,-0.18668025076048306,-0.09399285501514955,-0.3744832404944628,-0.4786446383090759,0.37614665200678254,-0.4804616197069459,-0.0764937603308276,-0.35290789262129285,-0.10278871863040458,-0.5453198218988708,-0.4769897270295632,-0.509291122168814,0.11711906651959575,-0.4927283407646554,-0.354319622281361,-0.37832409953609614,-0.5459148425961289,walking,Data_Walking_SweaterPocket_Sachin.csv
0.7807028492874981,-0.24540015271222018,-0.07724904136022878,0.7241199110897029,-0.2871421682181236,0.8008154517127638,-0.23741086279858686,0.22076988215818943,0.4591604989755256,-0.5291153341583329,-0.3028245370199292,0.5951227389170524,-0.6130944572341821,0.5184222202449703,-0.4267667960074978,-0.005576750107024284,-0.0691766242244285,-0.4492287241110633,-0.4377699536438164,0.5967777217597076,-0.5482526143726422,-0.1079775422084474,-0.3762642581969693,0.7235688263169955,-0.5164314357972913,-0.4281014442511592,-0.44924253703075107,0.023320010280214354,-0.42868439670629416,-0.42884640655118034,-0.36873469243634627,-0.09585678423198156,walking,Data_Walking_SweaterPocket_Sachin.csv
0.845938999082512,-0.2714442320263411,-0.16145877716956789,0.6434799092660958,-0.33128091608501126,0.8953429724907008,-0.24197797656639142,-0.7703807284930321,0.4553033879072275,-0.4833472093801452,-0.25917253119108585,0.5734408915652845,-0.5734975170018619,0.48922409476736384,-0.41764849889947353,0.19932497763646018,-0.20444456415305626,-0.23733006382591249,-0.42204892108025505,0.3635113925055137,-0.4373599379133243,-0.17116223549387757,-0.30418211331744854,-0.09611729835663396,-0.3113018061415324,-0.465717510740853,-0.5059550896611439,0.33456233325634366,-0.5057273591131346,0.5222573165112726,-0.3762133302957887,-0.9266962128042333,walking,Data_Walking_SweaterPocket_Sachin.csv
0.8273081002849357,-0.26266127095616676,-0.1211845556955361,0.6833141270343837,-0.3105627283107578,0.8863791558652068,-0.24046541636563926,-0.4244235454000781,0.4602220804876395,-0.5689653618404624,-0.30816968059080796,0.6143266608571897,-0.630535966622228,0.5008268433196005,-0.4338329222046775,-0.0010786878609340726,-0.20940108492892998,-0.32340038360399187,-0.4138739841472031,0.44904237989871804,-0.46874465766596135,-0.2473747005907366,-0.33564771024898826,0.3537040483407422,-0.3963497828103301,-0.46078660591538545,-0.489274927122793,0.3132443659292116,-0.48828965157249166,-0.06685916866920083,-0.3752711045257967,-0.5860985841093124,walking,Data_Walking_SweaterPocket_Sachin.csv
0.8031521763266993,-0.2273886822038322,-0.11386196997298491,0.5890721971923368,-0.2754318881718064,0.8032601289742619,-0.23410774795276515,-0.3265194957908288,0.48528055322406144,-0.5008490200573441,-0.20928452452955057,0.6006980710932213,-0.5678408112543877,0.5151071492300456,-0.42126195093782154,0.2636140061158078,-0.19987533784661346,-0.3064309799648861,-0.39689526897855687,0.35087613300424486,-0.41518140262146064,-0.2645279334757846,-0.3296808066362298,0.32930282135561706,-0.43165956331024014,-0.42302009827572223,-0.4792668295997826,0.26208124434409436,-0.4749735839960008,-0.4820798238867649,-0.367673139058607,-0.5450850759007398,walking,Data_Walking_SweaterPocket_Sachin.csv
0.8374158982532759,-0.2910515210638671,-0.15413619144701668,0.695944488765792,-0.34148987817667237,0.8187430849637517,-0.2452532077449266,-0.0652302316220478,0.4778989609381449,-0.5465484147768408,-0.25917253119108585,0.6124682167984667,-0.6031952221761021,0.5907162689165987,-0.4299580014302749,-0.12959365986526677,-0.2518833254233175,-0.41177079278680856,-0.4654389709556843,0.5258258799448903,-0.5361171894016225,-0.2523686797851176,-0.36484148150231493,0.6866535021692861,-0.40112244080908865,-0.484694375231338,-0.5126271546764842,0.6756498104904581,-0.5374322819143035,-0.1981682647636456,-0.3797322518753727,-0.2206690184059195,walking,Data_Walking_SweaterPocket_Sachin.csv
0.8081138268287594,-0.3190007582859712,-0.1687813628921191,0.6716553315900067,-0.34599383204064044,0.8016303441332634,-0.24967966558421575,-0.15414719251313191,0.4730855747010453,-0.5641482118617335,-0.33934968475426747,0.5907863694466988,-0.6291217901853593,0.5650219184963049,-0.433021941151468,-0.6367667067358237,-0.1738929528308824,-0.430449352039948,-0.4421718427616136,0.5005553609423525,-0.5097540248094073,-0.09429838180644706,-0.3706083265945354,0.49575847791382593,-0.4769485378075562,-0.49588427765025095,-0.5259712847071648,0.39425264177231395,-0.5291890019859996,-0.2797928380115416,-0.38172739485181467,-0.41034983463843216,walking,Data_Walking_SweaterPocket_Sachin.csv
0.7772270582651382,-0.2937790968062715,-0.1211845556955361,0.5676977388776456,-0.27483136098994404,0.7796282487797778,-0.24569772417480215,-0.5928152121002251,0.49295698565245316,-0.6316114588523597,-0.3277685403506968,0.6366279895618652,-0.6578767110683539,0.47519879431960527,-0.4432980379662309,-0.04717527118628718,-0.1373879662669142,-0.42302728783699217,-0.5188904816717929,0.489863987518202,-0.5562034100433103,-0.130341883818067,-0.36833369765775176,-0.04706228232178035,-0.5418330205179595,-0.4954974368667744,-0.489274927122793,0.27060843127494744,-0.4851191592923748,-0.37561298921559455,-0.38165940995802616,-0.46758057734838954,walking,Data_Walking_SweaterPocket_Sachin.csv
0.8418108795080889,-0.22834499311511888,-0.1577974843082923,0.7066317179231374,-0.34779541358622773,0.9328280238336756,-0.23428609765458872,-0.6175726600841492,0.47462709318287194,-0.5798058909203238,-0.30816968059080796,0.613707179504282,-0.6300645744766051,0.49100913300616944,-0.4356145197230987,0.16137369392836987,-0.33488418898946853,-0.30172855743015303,-0.5742285162955287,0.2867278924593415,-0.5055693955090557,-0.36375612877283475,-0.32800672925773927,-0.07458634335412333,-0.37029343674437654,-0.42715880212173807,-0.5126271546764842,0.5093696653388274,-0.5250673620218477,0.16736786760737224,-0.36853868588988853,-0.8065086547441943,walking,Data_Walking_SweaterPocket_Sachin.csv
0.8092801112097218,-0.32850392269490397,-0.22003946294997767,0.7416081042562683,-0.4096497133180567,0.8700813074552174,-0.2511198668996695,-0.7270785399651223,0.4474008670318668,-0.5718317570755322,-0.34291311380152,0.5988396270344983,-0.6371354566609481,0.4221576580808091,-0.4343098520085316,0.21329875644741642,-0.39305610323132645,-0.2787481291777865,-0.5214058468819627,0.37031499377542765,-0.5064063213691259,-0.40088527843540706,-0.31969716888995636,-0.14360994275535915,-0.45783423973979903,-0.4960710521383858,-0.5626676422915367,0.42409779603029873,-0.5662837616633672,0.02541208804581257,-0.38176019398681355,-0.9985812035550772,walking,Data_Walking_SweaterPocket_Sachin.csv
0.8800907049950983,-0.2709945534127249,-0.11020067711170937,0.6609681024326612,-0.29464875799140383,0.9279386693106789,-0.24190121793293928,-0.39928757052033115,0.49501673669851837,-0.6235926951385513,-0.33222282665976244,0.6347695455031422,-0.6588194953595995,0.5792920241882427,-0.4421985912780834,-0.38548665836007695,-0.3787250935978696,-0.4545617760562279,-0.6226492965912976,0.48403232928684714,-0.622739015918901,-0.29861726971569025,-0.37784448992585296,-0.09901432556872895,-0.34643803544148855,-0.4509630643853077,-0.4759307970921124,0.39425264177231395,-0.48163161778424624,0.02541208804581257,-0.3733596906170105,-0.4544232451715434,walking,Data_Walking_SweaterPocket_Sachin.csv
0.7785514829011465,-0.26175287750813203,-0.1065393842504337,0.6881719584695406,-0.30005350262816555,0.7511070140622966,-0.2403073727799581,-0.09286345479220759,0.4908333490139624,-0.5867269866725531,-0.3687479743941008,0.6483981352671107,-0.6885172005338397,0.5795215291046606,-0.4367205156657254,-0.32833209171388145,-0.20199154265236008,-0.3281800645084872,-0.45411982750992014,0.4237718608961804,-0.4846462490072975,-0.20763999656587842,-0.33730738555373524,0.27462398335129956,-0.5032257672189062,-0.47629265032414225,-0.4759307970921124,0.8120848013841041,-0.5127024421293918,-0.5140198742881159,-0.37819531224934333,-0.13888126311383653,walking,Data_Walking_SweaterPocket_Sachin.csv
0.7848112013300403,-0.31634385607760374,-0.1577974843082923,0.7046885853490746,-0.3471948864043653,0.8057048062357605,-0.24927112520008604,-0.16139251202359428,0.47452609036216215,-0.5536897455683056,-0.3072788233289948,0.5883084440350682,-0.610266104360445,0.5400849343001902,-0.4312203449669487,-0.21306380448085852,-0.15104708235492653,-0.3275329435190443,-0.4421718427616136,0.5073589622122665,-0.5126832653196534,-0.18722982072797317,-0.3370832221075816,0.2931331403171712,-0.48692773180496224,-0.5136741106633812,-0.5192992196918246,0.7779760536606926,-0.5513824479468179,-0.30818399392385426,-0.38477738237108794,-0.23146697443483144,walking,Data_Walking_SweaterPocket_Sachin.csv
0.7962961373527372,-0.27084251710008583,-0.14681360572446542,0.7289777425248599,-0.3456935684497093,0.8016303441332634,-0.24187524917192735,-0.06327883193561791,0.43810224033666095,-0.4889132331202488,-0.31707825320893923,0.4898109089227514,-0.5405000668082618,0.5084770072001961,-0.4188146701663507,-0.3962030271871695,-0.049353038665261105,-0.38363327651033674,-0.39249337986075966,0.5365172533690408,-0.49217858174793044,0.034893688656889445,-0.3558882763728093,0.5618387031680316,-0.4452517777430703,-0.4640683450799142,-0.5126271546764842,0.633013875836194,-0.5342617896341866,-0.3791618837046341,-0.3758994780296543,-0.2618791380171879,walking,Data_Walking_SweaterPocket_Sachin.csv
0.8269951143634912,-0.2890685706023497,-0.1577974843082923,0.7250914773767343,-0.3535004218139207,0.8415600727377366,-0.24492834159099972,-0.487395740479016,0.4712644886103412,-0.5694427253152745,-0.34113139927789377,0.6044149592106672,-0.640435201680308,0.5937763344688369,-0.4339126409416781,-0.43625366092893286,-0.060359027263172466,-0.4340484808938951,-0.4490890970895805,0.5209661647520945,-0.5231448385705324,-0.019388693890730863,-0.3717033367034163,0.21464040780730673,-0.4027948432813809,-0.50033323769207,-0.5226352521994947,0.7396037124718547,-0.5516994971748296,-0.1449348474280598,-0.38250418469305203,-0.6433000718859169,walking,Data_Walking_SweaterPocket_Sachin.csv
0.8334755702317201,-0.27148121284909915,-0.1577974843082923,0.6862288258954778,-0.34148987817667237,0.8994174345931978,-0.2419842857892457,-0.5068195832187886,0.473392124367424,-0.5642521117401703,-0.3438039710633331,0.6068928846222978,-0.643734946699668,0.5923738044240611,-0.4330395583132053,-0.40511402521181006,-0.18253062631677128,-0.32313375152831675,-0.4050702059116088,0.47431289890125566,-0.4737662128263833,-0.206988607975307,-0.33555485441717087,0.35914674039994937,-0.37389067979798646,-0.480166102362403,-0.5226352521994947,0.6500682496978998,-0.545041463386584,0.0963899778265924,-0.3789080361818361,-0.6237494683277517,walking,Data_Walking_SweaterPocket_Sachin.csv
0.8119553171909122,-0.2783323461659904,-0.16145877716956789,0.6697121990159439,-0.3393880330401539,0.8440047499992348,-0.24314454362939553,-0.48645395865926583,0.4723793573964486,-0.5397854240714468,-0.29926110797267663,0.5678655593891156,-0.5904676342442848,0.5577058117718288,-0.4287384715057214,-0.3372025043479881,-0.1762982105871026,-0.2921400063165099,-0.4409141601565287,0.4684812406699009,-0.49510782225817657,-0.13815854690492435,-0.32456550538513734,0.30027191638899936,-0.4051851166262138,-0.49465864324551634,-0.5259712847071648,0.7609216797989868,-0.5564552355950049,0.02541208804581257,-0.3815117540176199,-0.5131628361312746,walking,Data_Walking_SweaterPocket_Sachin.csv
0.8451087627435218,-0.3271763636632698,-0.12850714141808736,0.9203763010700479,-0.3898323163165969,0.8668217377732197,-0.2509206537201098,0.23410574991842642,0.44654413982449226,-0.5469041753890691,-0.22531995524218693,0.6254773252095274,-0.5951815557005135,0.5056719471106443,-0.4300215055289663,0.1873959345489271,-0.30347627334408744,-0.37145383933239096,-0.45726403402263244,0.46556541155422343,-0.5047324696489853,-0.2525858093153081,-0.3519136946532627,0.40513775023947146,-0.38902118895768933,-0.4961908856887118,-0.49594699213813337,0.6287502823707677,-0.5180922790055904,-0.002979067866498857,-0.381781229054486,-0.2397056889088066,walking,Data_Walking_SweaterPocket_Sachin.csv
0.8013500363369074,-0.2764948026888437,-0.12850714141808736,0.6415367766920329,-0.3036566657193401,0.8195579773842513,-0.24283502960460332,-0.4041913397567559,0.4949079528228556,-0.4951119389734073,-0.2689719610710303,0.552998006919332,-0.5631268897981591,0.5671537641643642,-0.42009473631174965,-0.27683286083696923,-0.2623851252448061,-0.2963165640963864,-0.4258219688955098,0.41405243051058904,-0.46163078785536366,-0.23543257643026008,-0.3260689894341344,0.23280674658309256,-0.4484861410149561,-0.45543778303117083,-0.4926109596304632,0.28766280513665315,-0.4895578484845384,-0.27624394352250325,-0.37423601812906676,-0.7493514048337252,walking,Data_Walking_SweaterPocket_Sachin.csv
0.7780605891927752,-0.25378452213121977,-0.1211845556955361,0.6483377407012528,-0.2997532390372343,0.7796282487797778,-0.238908136711132,-0.14289367580517612,0.48818209038666555,-0.5700912912588535,-0.3340045411833887,0.6223799184449892,-0.6503344367383881,0.5556530177972022,-0.43402076327334377,-0.11488118124969998,-0.13972743625417328,-0.33095128705104654,-0.4321103819209343,0.5093028482893848,-0.5068247842991611,-0.1101488375103522,-0.3382654273960972,0.2620525839349085,-0.5050086113638977,-0.44753984923675627,-0.4859388946151229,0.44115216989200445,-0.49463063613272545,-0.4643353514415709,-0.3726828958161059,-0.2878664455680236,walking,Data_Walking_SweaterPocket_Sachin.csv
0.8098270129250881,-0.2788781420925251,-0.17610394861467035,0.7357787065340798,-0.37181650086072443,0.7934814199282687,-0.24323623990285245,-0.39675497345088045,0.5094214406286511,-0.5688462133279407,-0.2974793934490504,0.6347695455031422,-0.640435201680308,0.5666182526927226,-0.43381300645543297,-0.11598590941033086,-0.11495662766063336,-0.3551790396488269,-0.44342952536669844,0.4752848419398149,-0.4997109144885633,-0.10341782207444725,-0.3465091441109772,0.2553398660782347,-0.4341366122550508,-0.48065490393217647,-0.5326433497225052,0.7310765255410021,-0.5605768755591569,-0.3507707277923214,-0.3789974725463388,-0.6024379365645971,walking,Data_Walking_SweaterPocket_Sachin.csv
0.8517111183916816,-0.26529440493529727,-0.15413619144701668,0.6726268978770381,-0.33428355199432336,1.0338746839756083,-0.24092183333853306,-0.9839991371810429,0.5571329960763316,-0.5220029130305619,-0.27164453285646967,0.5889279253879759,-0.5918818106811534,0.6187668698121159,-0.4254201592559877,-0.3076585971258477,-0.11338423328577042,-0.29620288774381726,-0.3862049668353352,0.47625678497837404,-0.4620492507853988,-0.20286314690168786,-0.3260281612941433,0.33150846872397194,-0.309227080432981,-0.47299950811657093,-0.49594699213813337,0.1341734403813015,-0.48131456855623456,0.5222573165112726,-0.3775837856891801,-1.171277690260947,walking,Data_Walking_SweaterPocket_Sachin.csv
0.8280955069715179,-0.3338318597527011,-0.11020067711170937,0.651252439562347,-0.2916461220820918,0.8896387255472046,-0.25191291364591134,-0.659346644012074,0.5599807784562039,-0.7084784610826037,-0.37854740427404515,0.7332670806154591,-0.7582832380860229,0.6112442086628637,-0.4521674550069703,-0.0724471256179693,-0.26039672817110393,-0.6075262782951163,-0.6377414878523165,0.5608158293330193,-0.6658406977125226,-0.24455201669826038,-0.4182799651449399,0.2986755824857248,-0.49975474321980906,-0.5235183010534138,-0.4759307970921124,0.32177155286006465,-0.4762417809080476,-0.23720610414307444,-0.3864007956015064,-0.3059079832917686,walking,Data_Walking_SweaterPocket_Sachin.csv
0.7883792408345096,-0.413642444005606,-0.198071705782324,0.897058710181294,-0.43967607241117757,0.9091961436391917,-0.2625541704975642,-0.43090585174384105,0.4856043379140777,-0.6219579698531087,-0.3482582573723988,0.6645046504427096,-0.6899313769707083,0.5105170509016882,-0.4419704169275285,0.15387978070451327,0.04277803673176036,-0.4709758000697019,-0.5075713382260287,0.5637316584486968,-0.5804742599853496,0.1999121316016556,-0.3826360372038106,-0.24159662899131054,-0.5151061357249084,-0.586208096118039,-0.5559955772761963,0.6159595019744882,-0.5742099923636595,0.0963899778265924,-0.395663735524363,-0.7072832569743611,walking,Data_Walking_SweaterPocket_Sachin.csv
0.8311265285265612,-0.3809611819206055,-0.17976524147594594,0.8407078655334722,-0.40724760459060705,0.9287535617311782,-0.25847742332519535,-0.6404053111139144,0.4275098399022398,-0.5685397939590017,-0.3536034009432776,0.6372474709147727,-0.6720184754370395,0.4936866903643779,-0.43376175489344304,0.10057255994030817,-0.40144130188726135,-0.4305883414674076,-0.5503325467989155,0.4130804874720299,-0.5440679850722905,-0.29514319723264254,-0.37065071027679997,-0.012394883959418951,-0.44410002887064265,-0.5589572815049431,-0.5426514472455157,0.6799134039558848,-0.5662837616633672,0.0963899778265924,-0.39186557380122483,-0.7795455329990959,walking,Data_Walking_SweaterPocket_Sachin.csv
0.8056593582869038,-0.37526927195661486,-0.18708782719849715,0.8504235284037863,-0.41625551231854335,0.8684515226142185,-0.2577275956036993,-0.4784626728215613,0.49679016916996954,-0.6309886193716002,-0.3331136839215756,0.6781332402066779,-0.6922883376988226,0.4572209092002056,-0.443213819732368,0.690189097924936,-0.324632637060704,-0.5787283059142649,-0.5943514379768873,0.5180503356364171,-0.6185543866185494,-0.17680760327883005,-0.41138936907235324,0.2089741320608532,-0.5492168352069482,-0.5461140131755001,-0.5393154147378455,0.7012313712830169,-0.5646985155233089,-0.26559726005538586,-0.38995373576929737,-0.5136748873639174,walking,Data_Walking_SweaterPocket_Sachin.csv
0.8547058994716105,-0.3125861013762737,-0.14315231286318983,0.868883287857383,-0.3859288896344912,1.0501725323855975,-0.2486889186875361,-0.7338277791516188,0.4834973213856787,-0.6168687023604049,-0.3482582573723988,0.6682215385601554,-0.6927597298444454,0.5006993405882573,-0.44125130172421506,0.21743501239529814,-0.2725333291395073,-0.3753993067393761,-0.5113443860412834,0.4441826647059224,-0.5315140971712357,-0.17876176905054442,-0.3532078001867291,-0.04624502998141991,-0.3650395686002886,-0.5136124330371146,-0.49928302464580354,0.8078212079186777,-0.5345788388621984,0.5222573165112726,-0.384767066585854,-0.802195427791084,walking,Data_Walking_SweaterPocket_Sachin.csv
0.7965629990331268,-0.2663012328167717,-0.07724904136022878,0.7999020814781529,-0.3105627283107578,0.8260771167482468,-0.24109568501132414,0.08286187895780163,0.40162278206561264,-0.5598576171218362,-0.3037153942817423,0.6075123659752055,-0.6229936922922622,0.4845064937076632,-0.432289607012064,0.06410832553778502,-0.19631712512450455,-0.2809652780074332,-0.3981529515836417,0.4169682596262664,-0.4444738077239219,-0.27647005763626115,-0.3205081697195623,0.19114737553179,-0.45108152032337206,-0.4519489236495859,-0.445906504523081,0.33456233325634366,-0.4486584980710306,-0.1449348474280598,-0.37355357435017356,-0.15886669748147536,walking,Data_Walking_SweaterPocket_Sachin.csv
0.8517177075689751,-0.2674836867712822,-0.12850714141808736,0.6308495475346875,-0.30035376621909676,0.8024452365537627,-0.2412993907456301,-0.4012078420531432,0.4796589438111907,-0.5729475689242816,-0.2662993892855909,0.6409643590322187,-0.6286503980397365,0.541678718441981,-0.43449437107838723,0.24832682774093218,-0.3124796802809797,-0.5333117106928957,-0.6389991704574015,0.5063870191737073,-0.643243699490624,-0.2584483066304511,-0.39984178494486794,0.10049357592503558,-0.4108807514610968,-0.4531693609248327,-0.4926109596304632,0.5051060718734011,-0.5057273591131346,-0.43239530104021867,-0.37379295455863676,-0.3803003028649506,walking,Data_Walking_SweaterPocket_Sachin.csv
0.7720512595010373,-0.28654933209458217,-0.13949102000191424,0.6104466555070278,-0.3030561385374777,0.7812580336207766,-0.24451354857536914,-0.5040145096933412,0.463159548662326,-0.5483190477090222,-0.31084225237624735,0.6341500641502346,-0.647034691719028,0.4990418050807948,-0.43027342243774636,0.12553019433943188,-0.03681247701384752,-0.4586204175704432,-0.5239212120921326,0.5549841711016644,-0.5875881297959474,-0.038930351607874274,-0.37903940554226095,0.14101805803416584,-0.5279489245215694,-0.48985606241804414,-0.49594699213813337,0.019056416814788014,-0.47275423939991895,-0.48562871837580446,-0.3806599311229162,-0.4298266101150577,walking,Data_Walking_SweaterPocket_Sachin.csv
0.8140638539248555,-0.29517652541298556,-0.13582972714063862,0.6327926801087502,-0.30695956521958334,0.9206046375261838,-0.2459244143702157,-0.9220082044656762,0.46860051304758704,-0.5451040729760258,-0.29213424987817166,0.5945032575641448,-0.606966359341085,0.5377261337703398,-0.4296995177072219,-0.027983380741458546,0.13048097558744043,-0.5294013459596181,-0.5471883402862033,0.6269079559550408,-0.6340375150298504,0.28025005777213374,-0.39880859118320194,-0.20761921168906902,-0.4203156257859167,-0.4996343561451251,-0.49594699213813337,0.2066545292935508,-0.48670440543243326,0.02541208804581257,-0.3823827795194986,-0.9946998819826586,walking,Data_Walking_SweaterPocket_Sachin.csv
0.7930246108264782,-0.311944560511668,-0.17976524147594594,0.6803994281732894,-0.3577041120869576,0.7641452927902883,-0.24858900742537102,-0.46080765075427743,0.5083410017678003,-0.506206088639653,-0.18077709215153046,0.5976006643286831,-0.5503993018663419,0.5828110995733166,-0.4223366426636607,0.0828898915200527,0.18488885016538692,-0.5057269162460987,-0.46606781225822674,0.6055252091067398,-0.5708496125945408,0.2216250846207037,-0.39242148499656404,0.17391347862538958,-0.45977485770293025,-0.48526434939894314,-0.5192992196918246,0.20239093582812445,-0.5085808021652398,0.060901032936203116,-0.3798353088241571,-0.7226149730051777,walking,Data_Walking_SweaterPocket_Sachin.csv
0.8103442633426339,-0.2868051890900062,-0.13216843427936298,0.6978876213398547,-0.32407458990266225,0.8448196424197344,-0.24455578100417474,0.03906308168463644,0.37486274324299323,-0.4848733569443111,-0.3206416822561918,0.5461837120373478,-0.5852823206424335,0.3989521609763358,-0.4179698290680204,0.05537119246843994,-0.0625818894686015,-0.26028951839955683,-0.36608204515397663,0.4130804874720299,-0.42145834657198805,-0.11644559388587615,-0.31286821494750494,0.2673140762792364,-0.38757755852170106,-0.453377743240267,-0.4859388946151229,0.1469642207775809,-0.472754239399919,-0.05266359071304511,-0.3738337568795593,-0.4337084830379391,walking,Data_Walking_SweaterPocket_Sachin.csv
0.8260100323581024,-0.2731590859319019,-0.1211845556955361,0.7969873826170588,-0.3456935684497093,0.8464494272607332,-0.24227001994412328,0.01729125282717996,0.4755055900742023,-0.5037079933767629,-0.2850073917836666,0.5406083798611789,-0.5621841055069133,0.5204622639464624,-0.4218373226900853,-0.14450382420489022,-0.18071239176125678,-0.3224281134420936,-0.4044413646090664,0.43251934824321264,-0.4553538439048362,-0.24628905293978418,-0.33530897421541267,0.42336178483894615,-0.38617337154024783,-0.4658647951609063,-0.4859388946151229,0.3857254548414609,-0.4905089961685736,-0.17687489782941077,-0.37624129738487416,-0.2061739515972403,walking,Data_Walking_SweaterPocket_Sachin.csv
0.8156782023617808,-0.23937937377529203,-0.09555550566660684,0.6726268978770381,-0.2862413774453299,0.785332495723274,-0.23631987142727123,-0.01700528362547135,0.47376195343486055,-0.5339084170117318,-0.34736740011058564,0.6056539219164825,-0.6446777309909137,0.5573245786051123,-0.42765969573170465,-0.17602449582723603,-0.22038658538596437,-0.284783006460687,-0.41450282544974554,0.3372689304644169,-0.42103988364195294,-0.1750705670373062,-0.3218999871578122,0.08574457425891077,-0.40884546920708054,-0.43154732990154965,-0.4592506345537616,0.7012313712830169,-0.4886067008005034,-0.13783705844998193,-0.3694476302341445,-0.17394135293114282,walking,Data_Walking_SweaterPocket_Sachin.csv
0.7594165120406119,-0.2738223712381344,-0.16512007003084347,0.7571531648487708,-0.36941439213327476,0.7894069578257713,-0.24238269142580693,-0.47781733649451813,0.4717223985918484,-0.5985255618155277,-0.3331136839215756,0.660168280972356,-0.6786179654757596,0.4847614991703497,-0.43854941559234273,0.13169191069392186,-0.22255090254180054,-0.3506645510874359,-0.43588342973618904,0.3324092152716212,-0.43317530861297265,-0.19135528180159236,-0.344991017679165,-0.11886282672600786,-0.5740504341823099,-0.4583426455001575,-0.509291122168814,0.1810729685009924,-0.4974840791848307,-0.553057713667546,-0.37479983626416724,-0.5471221174715861,walking,Data_Walking_SweaterPocket_Sachin.csv
0.8026678717956219,-0.2844507361111528,-0.14681360572446542,0.6901150910436035,-0.3336830248124609,0.7918516350872695,-0.24416624835508643,-0.4152158528529661,0.4860468794180295,-0.5777216617628718,-0.33934968475426747,0.6397253963264035,-0.6663617696895653,0.5337225480061615,-0.4352766553183368,0.020130651898773257,-0.12663739097367196,-0.3632975893234836,-0.4277084928031371,0.47625678497837404,-0.4896678041677195,-0.05195812341930309,-0.34921853018768384,0.2349100195563206,-0.46330899122928415,-0.4702258900394053,-0.5026190571534738,0.5136332588042538,-0.5158729344095087,-0.3649663057484784,-0.37706475405992446,-0.6893510501986985,walking,Data_Walking_SweaterPocket_Sachin.csv
0.8127064834023794,-0.27486680431241595,-0.14681360572446542,0.7348071402470484,-0.3474951499952965,0.8383005030557386,-0.24255978298383848,-0.3470751471289983,0.4786742011979822,-0.5725968497661093,-0.3696388316559139,0.611848735445559,-0.6611764560877138,0.5865724301479428,-0.4344364421787856,-0.05929114174770549,-0.010342216054240348,-0.4299547153046207,-0.449717938392123,0.5083309052508257,-0.5181232834101105,0.08266218529879554,-0.370457427907067,0.15133220560443272,-0.4316674520011476,-0.4753934895619722,-0.5126271546764842,0.5775871607856504,-0.5301401496700346,-0.04911469622400682,-0.3780288498413267,-0.604147297754726,walking,Data_Walking_SweaterPocket_Sachin.csv
0.8302929975989245,-0.3005478104961796,-0.12850714141808736,0.7280061762378285,-0.3303801253122176,0.8831195861832091,-0.24678911608020762,-0.2714193687587494,0.5370069149730164,-0.5039576264755337,-0.24224624321663638,0.5672460780362081,-0.559827144778799,0.6475824870956927,-0.4218873630602873,-0.5276206440094119,-0.019895362901059428,-0.430107238379966,-0.4409141601565287,0.48306038624828795,-0.501384766208704,-0.02590257979644527,-0.37050396861435164,0.3225470109991647,-0.37987030750552264,-0.504390543338015,-0.4792668295997826,0.543478413062239,-0.49589883304477234,0.004118721111578999,-0.38320443021356443,-0.25825950913059714,walking,Data_Walking_SweaterPocket_Sachin.csv
0.7927972842098501,-0.3349542519295535,-0.198071705782324,0.8232196723669069,-0.41685603950040573,0.8676366301937193,-0.25207865884045605,-0.5800922509774163,0.4037036495045049,-0.5838487567800538,-0.2689719610710303,0.660168280972356,-0.6446777309909137,0.43516293667782163,-0.4362635503055403,0.6602490944052049,0.02740990947992084,-0.630055435972464,-0.5949802792794298,0.6839610123184624,-0.6904044717055867,0.15865752086546403,-0.4234371062619901,0.12112410295454902,-0.5228054980501793,-0.5162866269434108,-0.5426514472455157,0.25781765087866804,-0.5348958880902099,-0.3152817829019321,-0.38521268218427535,-0.8034896178886834,walking,Data_Walking_SweaterPocket_Sachin.csv
0.8015575954216546,-0.37414590449997903,-0.22370075581125326,0.8183618409317497,-0.43637317291093425,0.8480792121017321,-0.2575782127849495,-0.7581917622057762,0.409574748095578,-0.652571847851456,-0.3767656897504189,0.6911423486177387,-0.7252857878924227,0.3784242212300709,-0.44601646067258705,0.47900751732977553,0.08244822537142821,-0.567177502305341,-0.624535820498925,0.6366273863406323,-0.6896930847245268,0.2498519235454663,-0.4085314586312673,-0.1317717102542297,-0.48586275853251154,-0.575764295706261,-0.5826838373375576,0.8973566706926328,-0.620499179653366,-0.25849947107730803,-0.39424960859299624,-0.9486768019192786,walking,Data_Walking_SweaterPocket_Sachin.csv
0.7459614120071368,-0.3514279791143448,-0.23834592725635573,0.8164187083576869,-0.4477831893663202,0.8008154517127638,-0.2544585307803003,-0.5964405873955286,0.4429495907347142,-0.6036739899339881,-0.3438039710633331,0.6861864977944775,-0.704073141339394,0.39767713366290314,-0.43932514680829116,0.7920601476765201,0.37564335868313076,-0.6464694603339974,-0.5371268794455241,0.7244910370263786,-0.6693557863248181,0.5625184470197597,-0.4270653636878042,-0.044477854142257134,-0.562572388912567,-0.535881196322955,-0.5793478048298876,0.0872739122616106,-0.5570893340510282,-0.3720640947265562,-0.3883746477623608,-0.9152270061208906,walking,Data_Walking_SweaterPocket_Sachin.csv
0.8155826592910235,-0.33719874943307204,-0.21271687722742647,0.7095464167842318,-0.3937357429987027,0.9523854419256627,-0.2524087297022765,-1.255043803369589,0.4325377123451937,-0.570026531596711,-0.2858982490454797,0.6143266608571897,-0.6187511629816564,0.4278952809912558,-0.4340099768747685,0.37308640729036185,0.2531657189205753,-0.5727379254581307,-0.5371268794455241,0.7088427541055764,-0.662618533151252,0.4040138899807082,-0.409913949432842,0.12367493421176864,-0.4056268833170096,-0.540080495292179,-0.549323512260856,0.5051060718734011,-0.5596257278751218,0.3093236471689331,-0.3890286584977897,-1.298429246390407,walking,Data_Walking_SweaterPocket_Sachin.csv
0.7964509830191359,-0.3824276796737433,-0.13216843427936298,0.8931724450331683,-0.38442757167983516,0.8399302878967377,-0.25866870033209927,0.27155982806841655,0.48198229651938795,-0.6373477813748613,-0.31351482416168674,0.7221164162631213,-0.7153865528343427,0.4885865811106475,-0.44406434900065894,0.6165726644465244,0.19234382100636424,-0.6694092463365143,-0.5735996749929864,0.6650081230665592,-0.6680167049487056,0.4734953396416624,-0.4319538280028151,0.03811447503436192,-0.512826304052774,-0.5499153148878341,-0.4859388946151229,0.5690599738547973,-0.5041421129730762,-0.25849947107730803,-0.3905277222485756,0.08786976365625915,walking,Data_Walking_SweaterPocket_Sachin.csv
0.7692245024420948,-0.4434248198028931,-0.2529910987014582,0.8144755757836242,-0.45919320582170614,0.8847493710242076,-0.2659302828313435,-1.08999738030557,0.5307725900032183,-0.5948975830046728,-0.34736740011058564,0.6329111014444193,-0.6654189853983196,0.5481048561016812,-0.4379946274743358,-0.22336611324441122,0.17462964960660804,-0.6779968544251511,-0.6434010595751987,0.6683127293976603,-0.7158888641447281,0.28676394367784813,-0.4337291766779761,-0.5330187858063381,-0.5688675642563854,-0.6323353806441004,-0.5960279673682384,0.8419299556420893,-0.6290595088096816,-0.1236414804938262,-0.40129245661414475,-0.7215839861253988,walking,Data_Walking_SweaterPocket_Sachin.csv
0.8397188157173798,-0.4262406056386424,-0.20173299864359961,0.8805420833017601,-0.4375742272746591,0.9214195299466834,-0.26402174318013044,-0.5374323714390571,0.45252105151741684,-0.5913324169277153,-0.3242051113034443,0.6768942775008626,-0.6866316319513482,0.4675486304390096,-0.437442882009361,0.5198321734267024,-0.29930132953741095,-0.5162137542179625,-0.6805026964252034,0.4286315760889762,-0.6373852184701316,-0.20633721938473557,-0.39527864584223704,-0.7811842520970065,-0.4500323244327363,-0.5893729100041571,-0.5593316097838665,1.0082101007937199,-0.6065490136208518,0.007667615600617297,-0.39608207767535786,-0.5625301114457399,walking,Data_Walking_SweaterPocket_Sachin.csv
0.7736721971152561,-0.3643246924311096,-0.09921679852788251,0.8387647329594095,-0.3405890874038788,0.8146686228612544,-0.25625262202783966,0.35261053809620635,0.4335935939140145,-0.5783375483151638,-0.36607540260866134,0.5827331118588994,-0.6371354566609481,0.5006993405882573,-0.43537672516054404,-0.4143057269615396,-0.13736424835074104,-0.5644529632938173,-0.5490748641938307,0.5880302344126752,-0.6185543866185493,-0.09017292073282789,-0.4078494972256871,0.33418599015661743,-0.5864120128336415,-0.5337831218773017,-0.4692587320767721,0.6927041843521639,-0.4974840791848307,-0.34367293881424354,-0.38804476330699683,0.08820428433295446,walking,Data_Walking_SweaterPocket_Sachin.csv
0.8533814748356024,-0.4192596031606454,-0.16512007003084347,0.9417507593847388,-0.4264644744102044,0.9311982389926767,-0.26321566525974394,-0.2337022194458218,0.37714720812078173,-0.5923052486125218,-0.2431371004784495,0.6657436131485249,-0.6352498880784565,0.30562016163306954,-0.4375940829087569,1.663375128392595,-0.2989164068595974,-0.7422572031908806,-0.7383560962591093,0.5345733672919225,-0.7214962674071992,-0.06889422677416071,-0.44606872178670093,-0.7107327033737344,-0.4538977829771852,-0.5772013883698075,-0.5226352521994947,0.9357290118814706,-0.5662837616633672,-0.07040806315824165,-0.39444725674653575,-0.44731829145886626,walking,Data_Walking_SweaterPocket_Sachin.csv
0.8046017953312854,-0.376311031254997,-0.14315231286318983,0.9883859411622467,-0.4228613113190299,0.8521536742042295,-0.2578657153122491,0.5182563910098477,0.478893067681605,-0.5627336173249402,-0.3242051113034443,0.6236188811508044,-0.6460919074277823,0.5477988495464574,-0.4327815341874304,-0.3280868015675101,-0.15026998632089897,-0.7093453971978897,-0.671698918189609,0.6113568673380946,-0.7101977682962499,0.06963441348736653,-0.4399571864036215,-0.5942949787337387,-0.5451857141534514,-0.5441748876942196,-0.49928302464580354,1.0508460354479845,-0.5526506448588646,-0.3117328884128938,-0.389658300666565,0.32325004614879416,walking,Data_Walking_SweaterPocket_Sachin.csv
0.8159285910989363,-0.24816659267345823,-0.13949102000191424,0.6065603903589022,-0.30185508417375284,0.9083812512186918,-0.23790772369141308,-0.9261219651823004,0.547539053879952,-0.5998763345355476,-0.32687768308888365,0.6806111656183086,-0.690874161261954,0.5827983493001823,-0.43875425385802647,0.17935928800652703,-0.26440402133017793,-0.5403275318730383,-0.6779873312150336,0.40822077227923415,-0.6269236452192526,-0.28558949790426136,-0.4016800216894131,-0.6037091003443313,-0.4943825447121137,-0.4376431835681328,-0.5026190571534738,-0.0917970132862995,-0.4708519440318488,-0.16622821436229335,-0.37069507959076015,-0.8884886584025341,walking,Data_Walking_SweaterPocket_Sachin.csv
0.7986418844692489,-0.3536679064324501,-0.07358774849895325,0.7950442500429958,-0.3060587744467898,0.845634534840234,-0.2547744822833308,0.6594269522869134,0.583045740727034,-0.5034104199756334,-0.19146737929328797,0.7004345689113535,-0.6343071037872109,0.5195697448270598,-0.4217776307443215,0.927311185790504,0.26112833275798125,-0.7624840699953838,-0.6421433769701138,0.6220482407622452,-0.6951331028149841,0.4908657020569008,-0.44960770552083984,-0.476120898614489,-0.4755285734442888,-0.5301986598554103,-0.445906504523081,0.9314654184160442,-0.4930453899926671,-0.2443038931211523,-0.387476354435457,0.4437570928796258,walking,Data_Walking_SweaterPocket_Sachin.csv
0.7892457176486144,-0.6549985221286583,-0.30791049162059236,1.2283628140590053,-0.6321450341980824,0.8839344786037083,-0.2806082436095238,0.4359420004663158,0.630609917533822,-0.582480419779929,-0.2609542457147121,0.7233553789689366,-0.6885172005338397,0.7277817051106031,-0.4360448177668409,0.297907579543944,0.1657936115675756,-0.9724084453863738,-0.7754577331091139,0.8369448465876711,-0.8763693978132127,0.43441202420737557,-0.47658133714407436,-0.7708823475546662,-0.5713446132011953,-0.7926798941970385,-0.6527405199986311,1.895037541602418,-0.761269036890556,-0.09525032458151352,-0.4130297535011952,-0.23589982339302473,walking,Data_Walking_SweaterPocket_Sachin.csv
0.7957393518714301,-0.6797030009310131,-0.329878248788246,1.2380784769293192,-0.6531634855632669,0.8871940482857061,-0.2812583744629752,-0.013137764959740453,0.2890369046715549,-0.7461155139994,-0.5129955822268827,0.6936202740293692,-0.799256643383562,0.24314382327487213,-0.455407415941904,0.7196173942186108,0.1423765468142982,-1.035606556257395,-0.8068997982362366,0.863090114324912,-0.9085491971329166,0.3844722322635649,-0.4812164744872305,-0.7125257292850192,-0.5671793844022783,-0.8129559748432373,-0.669420682536982,1.9547278501183878,-0.7815601874833041,-0.09525032458151352,-0.41364793643669234,-0.9250143036195387,walking,Data_Walking_SweaterPocket_Sachin.csv
0.7877928040553822,-0.5729237355606969,-0.2603136844240094,1.0709690755599166,-0.5444680656461695,0.8749706619782144,-0.27685122515023053,0.25825761251817464,0.49236413485581637,-0.5781964331022481,-0.33489539844520183,0.704770938381707,-0.7135009842518513,0.603594044782268,-0.43535381376938,0.3311616472678643,0.05335691978081187,-0.9182784164719239,-0.7874057178574205,0.6774489939601163,-0.8156504266651107,0.34104632622546854,-0.47132888458276984,-1.441314868189925,-0.5952079031949923,-0.7036494156629686,-0.6127081299065892,1.1489086851527923,-0.6677395146271078,-0.13073926947190406,-0.4080140858788151,-0.81473892972867,walking,Data_Walking_SweaterPocket_Sachin.csv
0.8007635995577791,-0.5104507910209959,-0.22370075581125326,1.0641681115506967,-0.5123398614165301,0.8578579211477257,-0.2723458243566024,0.7815355894611822,0.4047653696992483,-0.5849239951443381,-0.35538511546690377,0.5790162237414535,-0.6286503980397365,0.4545433518419971,-0.43643475782631314,-0.41394236599631296,0.32494043909711495,-0.6747703004090536,-0.6654105051641847,0.6758938850984216,-0.733799077550233,0.5256064268873778,-0.4330656317471235,-0.917000515959511,-0.4639479751927547,-0.6670225024714324,-0.5760117723222173,1.5454228774374505,-0.6623496777509091,0.02541208804581257,-0.40486229167015886,0.2674114516896191,walking,Data_Walking_SweaterPocket_Sachin.csv
0.7992975076099593,-0.38569984819832775,-0.1577974843082923,0.8698548541444145,-0.3982396968626708,0.8472643196812325,-0.2590926673473858,-0.07793384278563543,0.576364639635887,-0.5615753538323811,-0.2556091021438333,0.6279552506211581,-0.6130944572341821,0.5949238590509264,-0.43258392746242896,-0.028404028561298204,-0.12485641424003356,-0.5527017864422876,-0.5591363250345099,0.4752848419398149,-0.5767080936150332,0.09568995711022435,-0.40487378947340935,0.06395539007753984,-0.5185219388876563,-0.5713799560225923,-0.5192992196918246,1.0082101007937199,-0.5685031062594491,-0.4040041451279072,-0.39364058013714276,0.15802290487312826,walking,Data_Walking_SweaterPocket_Sachin.csv
0.7923887552176486,-0.3205226649466772,-0.19074912005977282,0.8533382272648804,-0.420158939000649,0.7877771729847725,-0.2499125236130838,-0.15236426772087722,0.4055142253707741,-0.5995604491087704,-0.3536034009432776,0.6669825758543402,-0.6946452984269369,0.40966239040916963,-0.4387064349907032,0.4913153567473426,-0.048763751915776844,-0.527641863848355,-0.591207231464175,0.4820884432097288,-0.6009789435570725,0.15648622556355926,-0.39834168772065676,-0.15314119670952736,-0.5155873458702378,-0.5077327391464996,-0.549323512260856,0.8675115164346476,-0.5865749122561152,-0.5353132412223495,-0.38377540762640255,-0.26629198873101717,walking,Data_Walking_SweaterPocket_Sachin.csv
0.8216776482875784,-0.3033971309062551,-0.1577974843082923,0.72217677851564,-0.35259963104112707,0.9149003905826876,-0.24724354819603195,-0.5341572378666944,0.3889508486855262,-0.4774446262159218,-0.2582816739292727,0.5430863052728095,-0.5499279097207189,0.4213926416927495,-0.4163944896776331,0.020500665026385322,-0.05482444356512577,-0.40502872920438737,-0.531467307722642,0.5083309052508257,-0.5725234643146816,0.004495554430222087,-0.3627253204259789,-0.18968678037526876,-0.3825761284866379,-0.508167616232872,-0.5192992196918246,0.6202230954399146,-0.5396516265103853,0.0963899778265924,-0.3838493131714755,-0.6040103439684225,walking,Data_Walking_SweaterPocket_Sachin.csv
0.8358246119368784,-0.45959732186687213,-0.1577974843082923,0.9602105188383357,-0.4261642108192732,0.9263088844696801,-0.2676281477872939,0.04715581466336439,0.4743155186697738,-0.661208816751734,-0.3883468341539896,0.6490176166200182,-0.6993592198831655,0.526582395050939,-0.447071200512876,-0.7531209544808676,-0.36460592952642,-0.8878190761329008,-0.8389707046659016,0.6269079559550408,-0.8282043145661656,-0.12165670261044773,-0.4678530365365855,-1.3024350799031816,-0.5489012875706674,-0.5912171095396417,-0.5159631871841543,0.6713862170250318,-0.5402857249664087,-0.1271903749828645,-0.3963236694425841,-0.41056771621724425,walking,Data_Walking_SweaterPocket_Sachin.csv
0.8108450408169451,-0.4730083791125188,-0.20173299864359961,0.8669401552833202,-0.4333705370016222,0.8986025421726985,-0.26896380101810563,-0.8281938485516266,0.3563197461605457,-0.7051227256158485,-0.46362427277719903,0.6657436131485249,-0.7519194441201142,0.3489710902897779,-0.4518433761521766,0.12420343965030359,-0.1605132847331967,-0.7407719586116792,-0.6628951399540147,0.6103849242995355,-0.7039208243457225,0.011009440335936493,-0.44580234519740725,-0.42155592652026463,-0.5547546962236908,-0.6282416568447814,-0.549323512260856,0.5903779411819298,-0.5659667124353556,-0.13428816396094362,-0.40083360758943404,-0.7744963783794789,walking,Data_Walking_SweaterPocket_Sachin.csv
0.788191449281643,-0.41704281507875984,-0.23102334153380452,0.923290999931142,-0.47480691255012897,0.7951112047692672,-0.26295598284390836,0.04157914832322212,0.5025000906346266,-0.5275546308183886,-0.2769896764273484,0.644061765796757,-0.6366640645153251,0.5009543460509438,-0.42647351612788037,0.5289730352186564,0.34989890575358473,-0.7142100693581888,-0.6000110096997694,0.7099118914479915,-0.7049251353778068,0.6211434201711898,-0.4408880785078735,-0.6150999948233032,-0.48889990453172183,-0.5681340172742202,-0.5726757398145471,0.9783649465357351,-0.6170116381452375,-0.2159127372088396,-0.39318383004336366,-0.45007628019958806,walking,Data_Walking_SweaterPocket_Sachin.csv
0.7695374883635394,-0.35428969828205636,-0.12850714141808736,0.7950442500429958,-0.351098313086471,0.8008154517127638,-0.25486186445855247,0.24713756403477996,0.459554344559959,-0.5515371022502387,-0.16206908965345468,0.6360085082089575,-0.569726379836879,0.4879490674539312,-0.43084257923439756,0.7342453758040952,-0.016754840192631598,-0.3512058427108643,-0.5333538316302693,0.5170783925978579,-0.5775450194751034,0.08917607120450995,-0.3451734767961172,-0.16944932720133687,-0.5199261258691095,-0.526407823014693,-0.4926109596304632,0.9186746380197649,-0.5364811342302684,-0.3010862049457764,-0.38686860802412415,0.024246877840667116,walking,Data_Walking_SweaterPocket_Sachin.csv
0.7994655316309456,-0.34763606792551904,-0.19074912005977282,0.9126037707737966,-0.43847501804745276,0.8130388380202556,-0.25391949701140437,0.00706849213104432,0.44949026039970935,-0.6107154072193024,-0.3723114034413533,0.6527345047374641,-0.6937025141356912,0.5112820672897478,-0.44036413583524225,0.09839081185069261,-0.0996985977022247,-0.46005248969957135,-0.49499451217517965,0.5899741204897935,-0.5834035004955958,0.041407574562603945,-0.3794594380433137,0.11720810912052584,-0.5020740183464786,-0.5246145385775913,-0.549323512260856,0.8461935491075155,-0.5849896661160569,-0.4146508285950234,-0.3865787408854274,-0.34036904136425095,walking,Data_Walking_SweaterPocket_Sachin.csv
0.8234171910930815,-0.32562463957889015,-0.1944104129210484,0.7979589489040901,-0.40604655022688224,0.8643770605117213,-0.2506869881758858,-0.5876744187618902,0.47570562537562205,-0.5937749786185251,-0.2867891063072929,0.6186630303275432,-0.6225223001466393,0.5054169416479578,-0.4378215948053545,-0.13597988628076055,-0.07197224226931109,-0.489900552686607,-0.5113443860412834,0.5821985761813203,-0.5909358332362287,0.15214363495974953,-0.3880254708421548,0.05346420448899529,-0.4433584919253795,-0.5136100509811743,-0.549323512260856,0.5605327869239447,-0.5637473678392737,0.0963899778265924,-0.3847666681431027,-0.8264137572217842,walking,Data_Walking_SweaterPocket_Sachin.csv
0.8314065685615379,-0.3204196826602732,-0.21271687722742647,0.7095464167842318,-0.3937357429987027,0.918974852685185,-0.24989679352565436,-0.9816780962669643,0.5187015797954653,-0.5589860829681162,-0.34469482832514625,0.587069481329253,-0.6291217901853594,0.5958163781703292,-0.4321396991180024,-0.46321606677620547,-0.11508383687345092,-0.43716063042674885,-0.5119732273438259,0.5763669179499655,-0.5888435185860529,-0.15118631871635324,-0.37264596929225874,0.3856740387455471,-0.4116775092427085,-0.510988003929881,-0.5660036747992068,0.25781765087866804,-0.5570893340510282,0.2383457573881533,-0.3843264551844286,-1.2548636676823288,walking,Data_Walking_SweaterPocket_Sachin.csv
0.7927511599687951,-0.3491553131645514,-0.21271687722742647,0.7513237671265824,-0.4066470774087446,0.870896199875717,-0.25413609238808105,-0.8725002728664901,0.4454352884689556,-0.607990789396569,-0.3580576872523432,0.6663630945014325,-0.6965308670094282,0.4973842695733324,-0.43996511754027806,0.22991076584775294,-0.18246525878471398,-0.5751670660965056,-0.6389991704574015,0.5958057787211483,-0.6817422890538589,-0.19938907441864015,-0.41051398905291625,0.012683456959704206,-0.550029370370374,-0.5332156985046157,-0.5660036747992068,0.5093696653388274,-0.5757952385037178,-0.34012404432520527,-0.3879551885315283,-0.9005373797781305,walking,Data_Walking_SweaterPocket_Sachin.csv
0.811704928453756,-0.38414031773626894,-0.18342653433722156,0.9572958199772414,-0.4462818714116642,0.9091961436391917,-0.25889108947312295,-0.0588604597887959,0.449897027890782,-0.6010174091655885,-0.3046062515435554,0.6657436131485249,-0.6677759461264339,0.43656546672259744,-0.4389265647676647,0.591147618224437,-0.14281667891766708,-0.6687972690921314,-0.5987533270946844,0.641487101533428,-0.674628419243261,-0.0797507032836848,-0.43182617483179503,0.40025156813515783,-0.5206124419780219,-0.5640427797459229,-0.5426514472455157,0.9954193203974405,-0.5897454045362323,-0.10944590253766923,-0.39260103576970573,-0.34381497626725305,walking,Data_Walking_SweaterPocket_Sachin.csv
0.8462717525358374,-0.5224882676633654,-0.23468463439508014,1.1156611247633614,-0.5372617394638204,0.9287535617311782,-0.2733245781931653,0.11283526429963259,0.35969313570611666,-0.5381970745434659,-0.2431371004784495,0.6719384266776014,-0.6399638095346851,0.23294360476741133,-0.42844865932962717,1.1834628781739773,-0.16940397744684701,-0.7571992800901126,-0.766025113570977,0.6094129812609763,-0.7721302819414538,-0.04110164690977904,-0.4486989997122598,-0.7596409749193717,-0.4517993911959129,-0.6655109356931197,-0.5860198698452278,1.3663519518895402,-0.6585450870147688,0.02541208804581257,-0.4047185868566669,-0.2888356748235367,walking,Data_Walking_SweaterPocket_Sachin.csv
0.7472232394588562,-0.439893558377004,-0.1687813628921191,0.892200878746137,-0.41415366718202484,0.8415600727377366,-0.2655468745204055,0.0655073932392965,0.3055782404131125,-0.529390071989169,-0.3714205461795402,0.6093708100339285,-0.6602336717964681,0.2915948611853109,-0.42681829437770147,0.3854525630737837,0.3075715145992921,-0.672912605319908,-0.6308242335243496,0.621076297723686,-0.6871823071443159,0.6558841450016669,-0.4326816872522478,-1.0548592854152923,-0.5558827790233968,-0.6099282295585713,-0.529307317214835,0.7566580863335606,-0.55930867864711,-0.0420169072459277,-0.39868389142067906,-0.36367396789962464,walking,Data_Walking_SweaterPocket_Sachin.csv
0.7988099084902347,-0.5563948493043552,-0.2639749772852851,1.140921848226178,-0.5690896801025285,0.8627472756707223,-0.27579759326957304,0.5443221345631825,0.38562912059997806,-0.5452902785911421,-0.39903712129574714,0.6539734674432796,-0.7087870627956226,0.4991693078121381,-0.42973290157176486,0.08139695725628984,-0.1478992293777754,-0.9609153608059106,-0.8427437524811564,0.6298237850707182,-0.8319704809364821,0.1412871584502255,-0.4755650646623878,-2.7061170841869604,-0.5864908997427117,-0.6985185954214154,-0.6160441624142593,1.549686470902877,-0.7007126343403234,-0.23720610414307317,-0.4076107865285131,-0.13908979765046198,walking,Data_Walking_SweaterPocket_Sachin.csv
0.8011227097202792,-0.34453926699182136,-0.16512007003084347,0.7707550928672106,-0.37361808240631167,0.8350409333737409,-0.25347538798042585,-0.5149621349670082,0.4506969431920517,-0.6149674613226919,-0.3072788233289948,0.6360085082089575,-0.6465632995734052,0.47723883802109734,-0.4409792545825764,0.03679938235522796,0.08842894466449924,-0.6552926515666606,-0.6031552162124816,0.6620922939508818,-0.6864290738702526,0.2780787624702289,-0.4289707341188649,-0.23867479561976335,-0.5078958722358743,-0.5239141003560835,-0.5259712847071648,0.42409779603029873,-0.5314083465820815,-0.26559726005538586,-0.38646510875035994,-0.6985334439400114,walking,Data_Walking_SweaterPocket_Sachin.csv
0.8268435632857388,-0.3534045859223372,-0.17244265575339476,0.8280775038020638,-0.3973389060898772,0.8961578649112001,-0.25473743463003723,-0.6338122663490745,0.48540603047611075,-0.5821353597447895,-0.34113139927789377,0.5883084440350682,-0.6281790058941137,0.5712848526598859,-0.4359895076469399,-0.5159664817685696,-0.06172755102636567,-0.45353882139576895,-0.5069424969234863,0.5899741204897935,-0.5913542961662639,-0.124479386502924,-0.3775422694455076,0.05955177252872278,-0.4299240513106919,-0.5262919198919901,-0.5259712847071648,0.5946415346473561,-0.544090315702549,0.3093236471689331,-0.38684991937579105,-0.9230631079693011,walking,Data_Walking_SweaterPocket_Sachin.csv
0.8084334019274979,-0.3156207307520621,-0.198071705782324,0.8115608769225298,-0.4132528764092312,0.944236517720668,-0.2491594879171411,-0.5786787641398269,0.5042748924880167,-0.5532037685870779,-0.21641138262405563,0.6155656235630049,-0.5829253599143192,0.5590726410518285,-0.43113526851093265,0.03791031852908013,-0.03834540254766946,-0.35535634880561484,-0.4805311622167032,0.4820884432097288,-0.5273294678708841,0.054435346374032856,-0.3465686014293335,-0.12610467453481,-0.44905412676026324,-0.46774166375796883,-0.5192992196918246,0.641541062767047,-0.5412368726504438,0.20285681249776277,-0.376596788028733,-0.8627353624656813,walking,Data_Walking_SweaterPocket_Sachin.csv
0.8080347567012364,-0.22436196888765012,-0.09921679852788251,0.6803994281732894,-0.29164612208209173,0.780443141200277,-0.23354107618081327,-0.1493298117760299,0.46848400219447467,-0.4534281210832028,-0.20661195274411115,0.4972446851576433,-0.48770414649850147,0.5269649032449688,-0.41110827983515513,-0.15257392826540397,-0.167554011821467,-0.2567157978911712,-0.3145170583454954,0.4820884432097288,-0.41685525434160126,-0.1692080697221632,-0.3115301813557708,0.5002021019345331,-0.40344171593575884,-0.39285254462054836,-0.4625866670614318,0.5306876326659595,-0.47909522396015275,-0.20881494823076174,-0.36111931882988624,-0.5427287546406182,walking,Data_Walking_SweaterPocket_Sachin.csv
0.817305729153293,-0.28520829992901864,-0.19074912005977282,0.7843570208856504,-0.39884022404453323,0.8806749089217106,-0.24429180401909203,-0.5039271133441968,0.5158121315715057,-0.5429897809039765,-0.2101753817913637,0.5969811829757754,-0.5654838505262733,0.5580755696927242,-0.4293192122532602,0.019867559238020215,-0.2789142763294524,-0.2533303709061655,-0.43273922322347674,0.3528200190813632,-0.4398707154935352,-0.3711385327993111,-0.31025788938342125,0.3393872817658806,-0.4265398029115717,-0.43840476247113547,-0.5359793822301754,0.28766280513665315,-0.530774248126058,0.0963899778265924,-0.3708496933471298,-1.057382878673893,walking,Data_Walking_SweaterPocket_Sachin.csv
0.8067564563062835,-0.3053250357924136,-0.1687813628921191,0.8523666609778491,-0.4018428599538453,0.8717110922962166,-0.24754934727099695,-0.224394224229148,0.4608999071029952,-0.5597984633701935,-0.34113139927789377,0.6180435489746356,-0.650805828884011,0.5222473021852682,-0.4322794445915748,-0.11078899406123269,-0.34143113771552924,-0.2847670392854012,-0.5346115142353541,0.4023891140478793,-0.5290033195910248,-0.07280255831758939,-0.3218941783114591,-0.43148180511500156,-0.46506816930155404,-0.4615413058499579,-0.5259712847071648,0.564796380389371,-0.5418709711064671,0.02541208804581257,-0.37541606226433627,-0.7347381974055542,walking,Data_Walking_SweaterPocket_Sachin.csv
0.8091351493092629,-0.2744986843630418,-0.17976524147594594,0.7931011174689331,-0.39253468863497787,0.8871940482857061,-0.2424974108220731,-0.27553050934374534,0.49988050659657046,-0.5551019159369138,-0.2850073917836666,0.6161851049159126,-0.6196939472729022,0.5576293101330227,-0.43146687740787154,-0.023980535282439798,-0.11299400193343091,-0.29636354864090464,-0.41324514284466063,0.4189121457033847,-0.4553538439048362,0.10437513831784362,-0.3260858629372886,0.11037342628576495,-0.4319041127283582,-0.44443806358008153,-0.5426514472455157,0.16401859463928664,-0.5279208050739529,-0.0384680127568894,-0.37206486394055077,-0.8446056301431026,walking,Data_Walking_SweaterPocket_Sachin.csv
0.8009513911106457,-0.30037028842187313,-0.15413619144701668,0.7114895493582946,-0.3462940956315717,0.8325962561122423,-0.24676070553600674,-0.19571465815421235,0.4930396282885694,-0.5482401684233684,-0.34736740011058564,0.5926448135054219,-0.6347784959328338,0.6086941540359984,-0.4302594050105509,-0.43799500805554753,-0.09535233095045502,-0.3925567910389769,-0.47990232091416074,0.50347119005803,-0.5361171894016225,0.0175233262416509,-0.3587623109679069,0.15718050163543085,-0.46146303755703666,-0.4938345768010732,-0.5159631871841543,0.8930930772272064,-0.5567722848230165,-0.34012404432520527,-0.3813663665135596,-0.35694266994477736,walking,Data_Walking_SweaterPocket_Sachin.csv
0.8226166060519123,-0.38428044519813953,-0.13949102000191424,0.8222481060798754,-0.36851360136048117,0.9132706057416887,-0.2589092379635324,-0.2876027294755894,0.48662534734321977,-0.5845733183359757,-0.27877139095097464,0.660168280972356,-0.6498630445927652,0.5244148486181035,-0.4363789854556542,0.25372897584069626,-0.3135462686040624,-0.5246566961855246,-0.5144885925539956,0.4607056963614278,-0.5407202816320092,-0.10710902408768547,-0.3975466713389913,0.3128572138527855,-0.49396444409404167,-0.5416930643607648,-0.5026190571534738,0.45394295028828385,-0.511434245217345,0.0963899778265924,-0.3892775883294113,-0.5280403245145796,walking,Data_Walking_SweaterPocket_Sachin.csv
0.8182578652722141,-0.4386089876202631,-0.1944104129210484,0.9456370245328646,-0.4516866160484259,0.9328280238336756,-0.26540627429340513,-0.25143161967777344,0.6386509684005405,-0.5976395321120875,-0.23868281416938386,0.6824696096770315,-0.6456205152821595,0.7372169072300044,-0.4384145462253268,-0.4157044418263507,-0.20678729734354734,-0.9309374190694164,-0.7635097483608073,0.683280652191471,-0.8022596129039855,-0.03675905630596941,-0.47266324293860584,0.18937507948088414,-0.5592670274225177,-0.5884400070205987,-0.5526595447685262,0.7310765255410021,-0.5795998292398583,-0.05621248520208341,-0.39595925390998704,-0.5686476575074146,walking,Data_Walking_SweaterPocket_Sachin.csv
0.8238454876171636,-0.5548621346524024,-0.22003946294997767,1.1244052213466442,-0.5279535681449529,0.9173450678441858,-0.2756948456128939,0.9052948019075558,0.4263517876130811,-0.6722021910912376,-0.41507255200838344,0.6719384266776014,-0.730942493639897,0.3837793359464879,-0.4483584774191423,0.4748800803636391,-0.21313212644503807,-0.9730685644090756,-0.8333111329430196,0.7380107646927363,-0.8722726457281685,0.028379802751175038,-0.47663808804287483,-0.7689783208028317,-0.5661617432752702,-0.6893268226279753,-0.5760117723222173,1.4175150734746573,-0.6528382009105583,-0.0810547466253578,-0.40685715104639336,0.37903747674942473,walking,Data_Walking_SweaterPocket_Sachin.csv
0.8069837829229113,-0.5675873423609769,-0.2896040273142143,0.9815849771530267,-0.5408649025549949,0.9197897451056842,-0.27652194202799596,-2.0352819019329393,0.5600352659018838,-0.578412210129992,-0.31084225237624735,0.6762747961479549,-0.6790893576213825,0.5491631287718304,-0.4353888430905093,0.20038326930393835,-0.04422773228378293,-0.6115615897226211,-0.6138455183557034,0.6818227376336323,-0.7020377411605642,-0.008532217381206724,-0.419218755831799,0.6443120617918832,-0.5177882906333013,-0.7280151914162297,-0.609372097398919,1.5923224055571412,-0.6975421420602066,-0.05266359071304511,-0.40975935987139833,-0.14651526743464754,walking,Data_Walking_SweaterPocket_Sachin.csv
0.847154702293176,-0.24157357876994728,-0.09555550566660684,0.6347358126828131,-0.2745310973990128,0.9197897451056842,-0.23671900105301785,-0.39780366171964143,0.31804071505071735,-0.4172117012065821,-0.2511548158347676,0.5573343763896856,-0.5569987919050619,0.2992450250659065,-0.40257854167329377,0.4799884371465059,-0.2085086943533975,-0.677238719081504,-0.7251504289057177,0.4976395318266751,-0.6968069545351246,0.013180735637841359,-0.43357364305581736,-0.7619423858457481,-0.39599479171951274,-0.4037658966511853,-0.45591460204609136,-0.4968383925018104,-0.3963453754491018,-0.02072354031169539,-0.36353990525868357,-0.825794364497966,walking,Data_Walking_SweaterPocket_Sachin.csv
0.7593506202676766,-0.3415614148052617,-0.17610394861467035,0.7076032842101689,-0.3631088567237194,0.8700813074552174,-0.2530450406880904,-0.8213881654698831,0.5697810612164462,-0.4306509123957913,-0.035567358475990296,0.4582173599244611,-0.3674991493646723,0.5400084326613842,-0.4058220966988125,0.38113989121407194,0.049361390071437104,0.16836884968836394,1.1443947635529967,-0.45778047507696046,0.9586323966839762,0.1933982456959411,-0.11558135327592871,2.150557964059203,-0.38965228423025244,-0.3750462246185081,0.14457124933453805,0.2407632770169623,0.11949371852591634,-0.010076856844577976,-0.3570489377785935,3.1637874509382056,walking,Data_Walking_SweaterPocket_Sachin.csv
0.8153968444913451,-0.16151983363531944,0.14242853031630795,-0.7798647012349211,0.3578240251021125,0.9034918966956952,-0.2210212088474288,-2.071453627855882,0.4881150430047315,-0.10684430110624686,0.28068696946767074,-0.5391476182568604,0.5587864167842469,0.567689275636006,-0.30195310776426404,-2.563010899878041,-0.26362740283808683,-0.43086029003531495,-0.47235622528365134,0.3644833355440728,-0.4712554352461724,-0.03675905630596941,-0.3707336161894447,-0.44880700163653825,-0.26733813171659865,-0.41358866652171855,-0.182359936417138,0.7182857451447227,-0.22672403846284822,0.0963899778265924,-0.36567043344421535,1.6741651024426263,walking,Data_Walking_SweaterPocket_Sachin.csv
0.8386250122866467,-0.42705264639949686,-0.18708782719849715,0.842650998107535,-0.4138534035910936,0.9279386693106789,-0.2641143541315965,-0.4289030245525182,0.5148903936107495,-0.5580479725411157,-0.21730223988586872,0.6366279895618652,-0.5994240850111192,0.5247973568121332,-0.43197790536117847,0.28086921976917356,-0.2960566628916922,-0.620579899089294,-0.5824034532285808,0.5958057787211483,-0.6440806253506943,-0.1548775207295914,-0.4212930402540756,0.5060829602403046,-0.473359183444853,-0.5780776767559404,-0.5259712847071648,0.5903779411819298,-0.5437732664745373,-0.031370223778811546,-0.39456729623592557,-0.39046728363160277,walking,Data_Walking_SweaterPocket_Sachin.csv
0.8121892329848339,-0.31517108081699036,-0.1687813628921191,0.7863001534597132,-0.3814249357705231,0.938532270777172,-0.24908997411592596,-0.5329136729203151,0.6123179107164026,-0.6160341773016443,-0.2689719610710303,0.7153021213811371,-0.6866316319513482,0.714903929244934,-0.4411321179721414,0.23803819137102022,-0.11989678307434756,-0.6428929503046799,-0.6559778856260476,0.5753949749114065,-0.6842530666340698,-0.04327294221168381,-0.42628406069821073,-0.28100454184889695,-0.5199261258691101,-0.48373952196056297,-0.5259712847071648,0.4923152914771217,-0.5364811342302684,0.02541208804581257,-0.3795592606862866,-0.7561590514445984,walking,Data_Walking_SweaterPocket_Sachin.csv
0.8289389216650952,-0.5687160679593538,-0.27129756300783625,1.0583387138285083,-0.549572546692,0.9295684541516778,-0.2765924557513722,-0.7411340718053951,0.5655272803224931,-0.6933904201899791,-0.3544942582050907,0.7041514570287994,-0.7234002193099313,0.6131567496330125,-0.45066503357842724,-0.042032972052916326,-0.2114552458944965,-0.8944853135223441,-0.7999825439082696,0.659565242050628,-0.816319967353167,0.034893688656889445,-0.46864577671614577,-1.130901966924544,-0.5554646784053241,-0.7027083076102864,-0.6260522599372698,1.0721640027751165,-0.6747145976433648,-0.02427243480073369,-0.4079410441029898,-1.535883536538355,walking,Data_Walking_SweaterPocket_Sachin.csv
0.8188739533491632,-0.5779238665331636,-0.23468463439508014,1.071940641846948,-0.523749877871916,0.9222344223671827,-0.277150340368483,-0.15948739293431063,0.3487394452164762,-0.6718829874254894,-0.3482582573723988,0.6595487996194483,-0.6861602398057254,0.3577687787524628,-0.4483219719705168,0.6270104016452077,-0.53195603292762,-0.859398161650865,-0.7836326700421659,0.6453748736876646,-0.7993303723937394,-0.48104950098173294,-0.464271901358466,0.6426127684876644,-0.5805270494169904,-0.7171841044692518,-0.5893559023528979,1.1958082132724832,-0.6490336101744181,-0.10944590253766923,-0.4090182158983149,-0.617350594028438,walking,Data_Walking_SweaterPocket_Sachin.csv
0.8400350962274711,-0.4232996008203186,-0.16512007003084347,1.0262770263564718,-0.45258740682121956,0.9556450116076605,-0.2636843184084876,0.29588179269421183,0.5314393743412839,-0.34969414860275255,-0.18344966393696982,0.38573804163426567,-0.39059736450019245,0.6200418971255486,-0.38488439434614524,-0.9039650947700191,-0.2035139304274526,-0.8288373335768338,-0.7251504289057177,0.587058291374116,-0.7353055440983597,0.011009440335936493,-0.4600571607112738,-0.6958871130962208,-0.44907779283298416,-0.543771912147329,-0.489274927122793,1.0892183766368224,-0.5459926110706191,0.16736786760737224,-0.3895966822148529,0.09913327594484159,walking,Data_Walking_SweaterPocket_Sachin.csv
0.7529624128815576,-0.309211967599111,-0.1944104129210484,0.7629825625709592,-0.39523706095335875,0.7690346473132846,-0.24816176299501694,-0.4575159183734358,0.4623865761687567,-0.4570702175191629,-0.2030485236968587,0.5331746036262871,-0.5131593223621359,0.3993346691703656,-0.411928921707613,0.32667727647928496,-0.10017864673376374,-0.3457923974154538,-0.5352403555378967,0.4373790634360084,-0.5444864480023257,-0.2200163797867359,-0.34334338159617855,0.1771781369056573,-0.5306074133572414,-0.5101353016336215,-0.5459874797531858,0.29618999206750585,-0.5409198234224322,-0.5033731908209997,-0.3841825951584088,-0.5201839402048408,walking,Data_Walking_SweaterPocket_Sachin.csv
0.8211010952743905,-0.246014483081756,-0.0918942128053313,0.7280061762378285,-0.3003537662190968,0.8285217940097453,-0.2375214393086571,-0.13592763458482282,0.3769325640435065,-0.5347403017074552,-0.3090605378526211,0.5474226747431631,-0.580097007040582,0.39550958723006774,-0.42781346942902315,-0.020761093198152735,-0.2252988841867234,-0.35914569173804534,-0.49625219478026455,0.3810063671995782,-0.4942708963981063,-0.23716961267178394,-0.3478362518230886,0.10263525278776749,-0.4111962990973791,-0.43451749053902833,-0.4525785695384213,0.45394295028828385,-0.46387686101559167,-0.2797928380115416,-0.37005763630288585,-0.2786704677041801,walking,Data_Walking_SweaterPocket_Sachin.csv
0.8082423157859843,-0.29241475593129057,-0.11020067711170937,0.7872717197467445,-0.3336830248124609,0.7918516350872695,-0.24547571478361463,0.06690114526914265,0.41809086023453274,-0.5332233590858785,-0.30549710880536857,0.5777772610356381,-0.6013096535936107,0.4737962642748294,-0.4275327969943672,-0.25180870537531913,-0.2058497472188985,-0.2845605660941471,-0.5170039577641655,0.40822077227923415,-0.5197971351302512,-0.11753124153682859,-0.32181905424603735,-0.13134191410963453,-0.4310442454194912,-0.4643925532454678,-0.4692587320767721,0.6031687215782089,-0.49082604539658525,-0.0384680127568894,-0.3759612795775806,-0.35343608619577843,walking,Data_Walking_SweaterPocket_Sachin.csv
0.8134312929046724,-0.281022199685298,-0.11020067711170937,0.7105179830712631,-0.3099622011288955,0.8008154517127638,-0.24359540062342253,-0.040937798992125615,0.4170132307872009,-0.5657187530251527,-0.33489539844520183,0.5969811829757754,-0.6314787509134737,0.47545379978229174,-0.43328765111711315,-0.30829676634372477,-0.1977607280309344,-0.300921744022617,-0.5201481642768777,0.4713970697855783,-0.5490895402327124,-0.18549278448644932,-0.3277186035948124,-0.08495747935758495,-0.419842304331494,-0.4730257061874289,-0.4725947645844422,0.6841769974213112,-0.5000204730089242,-0.19461937027460605,-0.377588670831112,-0.18818834844388044,walking,Data_Walking_SweaterPocket_Sachin.csv
0.8134642387911403,-0.3005128586962419,-0.17976524147594594,0.7396649716822055,-0.3760201911337614,0.8309664712712438,-0.2467835233196918,-0.23526020933806988,0.4364344901343919,-0.4689547147994313,-0.2894616780927322,0.47184594968842947,-0.5122165380708902,0.5051619361852713,-0.4145595308652027,-0.7513565093342652,-0.20820426932799208,-0.2698825751616327,-0.5082001795285712,0.29644732284493297,-0.4658154171557153,-0.319244575083786,-0.3164344384296632,-0.08097575724653766,-0.3960263464831411,-0.48558416769578877,-0.5326433497225052,0.9527833857431763,-0.5770634354157645,-0.05621248520208341,-0.37989306783120047,-0.4908865321328821,walking,Data_Walking_SweaterPocket_Sachin.csv
0.807115566468783,-0.23130682331337085,-0.08823291994405565,0.7406365379692369,-0.3012545569918904,0.8578579211477257,-0.23483635706792588,0.1668420254279256,0.40707209793626487,-0.48414976710114527,-0.20839366726773742,0.5468031933902555,-0.5263583024395759,0.4735412588121428,-0.41781762593187044,0.29291716062032275,-0.30367570122394255,-0.15553477122038362,-0.3459591234726181,0.1768983291021586,-0.30638104081231843,-0.29666310394397594,-0.2715068814721346,0.17820379134414477,-0.40542177735342516,-0.37475978688590783,-0.43256237449240026,-0.04063389170118228,-0.40807619688553437,-0.18752158129652818,-0.3569822349064936,-0.39635308537695163,walking,Data_Walking_SweaterPocket_Sachin.csv
0.8045952061539915,-0.21258224397376035,-0.11752326283426057,0.8076746117744042,-0.3459938320406405,0.8383005030557386,-0.23130385002625964,0.018001719500897198,0.4411182430016471,-0.44043269319559586,-0.24937310131114143,0.5127317189803346,-0.5221157731289703,0.4574759146628921,-0.4081248035117648,-0.12966931969447143,-0.2568169942257291,-0.1128928550947933,-0.27049816716752373,0.08942345563183597,-0.2185038255049345,-0.1305590133482575,-0.25340103067624864,0.2798609176326441,-0.39440127615629006,-0.33997730868874804,-0.4425704720154108,0.48805169801169535,-0.4569017779993345,-0.2797928380115416,-0.34859397693295247,-0.37846409556000543,walking,Data_Walking_SweaterPocket_Sachin.csv
0.8032246572769283,-0.24848383287011722,-0.15413619144701668,0.8407078655334722,-0.38622915322542245,0.7788133563592785,-0.2379645227023294,0.09187188154801784,0.4746158459344,-0.4992601761140142,-0.22442909798037378,0.5505200815077015,-0.5376717139345246,0.5459628102151145,-0.4209403857665518,0.006174056551878297,-0.10981489383654404,-0.28995204899107135,-0.32709388439634457,0.5238819938677719,-0.4432184189338165,-0.08930440261206596,-0.3237750691477395,0.6572325531576705,-0.43221177167373304,-0.41238981682950415,-0.5159631871841543,0.42409779603029873,-0.5218968697417308,-0.27624394352250325,-0.36541285154160985,-0.5971365573637674,walking,Data_Walking_SweaterPocket_Sachin.csv
0.8147062987109784,-0.29477357969767304,-0.17244265575339476,0.6969160550528234,-0.356803321314164,0.8171133001227529,-0.24585912173725238,-0.32439264592363515,0.4627225413802861,-0.5220296830552186,-0.3331136839215756,0.5579538577425932,-0.6008382614479878,0.5453507971046668,-0.4254252763239572,-0.4710422557543921,-0.20546144354417542,-0.24326066953804787,-0.37048393427177384,0.43932294951312667,-0.43568608619318355,-0.37157279185969205,-0.3064461932170337,0.3948246953425615,-0.408766582298011,-0.4565389631737041,-0.5259712847071648,0.46247013721913655,-0.5342617896341866,0.060901032936203116,-0.37445022093563,-0.7225956404517423,walking,Data_Walking_SweaterPocket_Sachin.csv
0.8239607982198012,-0.2998253242667683,-0.20173299864359961,0.7522953334136138,-0.3979394332717396,0.8643770605117213,-0.24667341799213968,-0.5045884931621368,0.440757471916016,-0.5281873461158889,-0.3001519652344898,0.552998006919332,-0.5796256148949591,0.535265331055415,-0.42659256320464956,-0.4291868383579188,-0.1169082938003963,-0.3291940223990561,-0.40695672981923614,0.5229100508292127,-0.4959447481182469,-0.1692080697221632,-0.33765828163105566,0.4968814779918297,-0.39114324681168333,-0.48580218696336935,-0.5559955772761963,0.5264240392005332,-0.567551958575414,0.0963899778265924,-0.37993241426123736,-0.9460296714281005,walking,Data_Walking_SweaterPocket_Sachin.csv
0.8039066371268135,-0.2806483397473893,-0.1211845556955361,0.662911235006724,-0.30425719290120246,0.8220026546457495,-0.24353289427164376,-0.16518697299416082,0.4117487814782881,-0.5036495596891449,-0.3242051113034443,0.5350330476850101,-0.5786828306037134,0.4764738216330378,-0.42182560471937847,-0.35429604936582504,-0.09057102031103668,-0.2979650847375886,-0.4138739841472031,0.4869481584025246,-0.4850647119373327,-0.242597850926546,-0.326660487571181,0.3800697122941086,-0.40688907386213513,-0.4822503992667304,-0.4859388946151229,0.6116959085090619,-0.5073126052531931,-0.08815253560343567,-0.3792886150483168,-0.261641802981593,walking,Data_Walking_SweaterPocket_Sachin.csv
0.8151510681782947,-0.28598752379658526,-0.15413619144701668,0.7542384659876765,-0.35950569363254486,0.8554132438862272,-0.2444207313047702,-0.34728271722892257,0.43910089046261747,-0.5120581671645043,-0.301933679758116,0.5245018646855799,-0.5588843604875533,0.5023568760957196,-0.42349385270617673,-0.2917846819891794,-0.0692144853409506,-0.28242550856338855,-0.40255484070143893,0.37517470896822336,-0.42940914224265614,-0.012874807985016458,-0.32104121656193985,0.0816718288938412,-0.3997576972821706,-0.4460813076109347,-0.5192992196918246,-0.027843111304902874,-0.49146014385260867,0.13187892271698168,-0.37239284765606084,-0.8120984097169045,walking,Data_Walking_SweaterPocket_Sachin.csv
0.8019364731160353,-0.2820001300960043,-0.14681360572446542,0.8368216003853465,-0.3790228270430734,0.7722942169952827,-0.24375866175202726,0.2185132938264045,0.45169726797617543,-0.5714025450672395,-0.36340283082322195,0.6019370337990366,-0.6503344367383881,0.5157446628867619,-0.43423870456924885,-0.13422035621400297,-0.11135118604101728,-0.29823932842577544,-0.4409141601565287,0.4402948925516858,-0.4829723972871569,-0.1051548583159711,-0.3267587812180899,0.2493169918566432,-0.44376081516163945,-0.4626089769383253,-0.5059550896611439,0.9016202641580592,-0.5478949064386892,-0.26559726005538586,-0.3756206733111245,-0.27307055363646515,walking,Data_Walking_SweaterPocket_Sachin.csv
0.8006878240189031,-0.28802486602954525,-0.15413619144701668,0.7241199110897029,-0.35019752231367746,0.8203728698047507,-0.24475677611966754,-0.012488773761117667,0.4461141757011504,-0.6063562898757088,-0.4061639793902522,0.6006980710932213,-0.6720184754370395,0.5046519252598983,-0.43972392295753726,-0.36076078224782654,-0.13223879870668187,-0.303969674140275,-0.496881036082807,0.46945318370846006,-0.5327694859613412,-0.04761553281549354,-0.32880568774551744,-0.08210383060039539,-0.45314835734101677,-0.4765840576197639,-0.5159631871841543,0.7822396471261189,-0.5485290048947126,-0.2159127372088396,-0.3782491786909216,-0.30830332912033054,walking,Data_Walking_SweaterPocket_Sachin.csv
0.8069870775115585,-0.30093707276752085,-0.14681360572446542,0.7464659356914253,-0.351098313086471,0.8863791558652068,-0.24685137321314785,-0.17726376136324978,0.43358957298997763,-0.45988849345584415,-0.3206416822561918,0.5009615732750892,-0.5508706940119646,0.5884212197524201,-0.41255927998506553,-0.664475552356452,-0.1299060700197579,-0.3667337290100106,-0.41010093633194844,0.5394330824847181,-0.5051509325790204,-0.03241646570215977,-0.35035724870025,0.4398341012927696,-0.4317463389102171,-0.4717903430596413,-0.509291122168814,0.7012313712830169,-0.5361640850022568,-0.04556580173496726,-0.3773579600146248,-0.5460853756097782,walking,Data_Walking_SweaterPocket_Sachin.csv
0.8029643847738326,-0.3314468873178401,-0.16512007003084347,0.7960158163300272,-0.3814249357705231,0.858672813568225,-0.2515591970757148,-0.15289825604919646,0.42747549632654513,-0.47199797004922717,-0.2974793934490504,0.5145901630390575,-0.5489851254294732,0.47698383255841087,-0.41522152367699733,-0.1907836963031328,-0.15035817239848265,-0.24076150111987032,-0.4346257471311041,0.4023891140478793,-0.4624677137154339,-0.09256134556492321,-0.30549383730454466,0.09670849381269926,-0.41770446909568726,-0.4862724670526433,-0.5226352521994947,0.48805169801169535,-0.5329935927221399,0.0963899778265924,-0.3800172102266574,-0.6694691196894249,walking,Data_Walking_SweaterPocket_Sachin.csv
0.8029973306603001,-0.2472722947173855,-0.17610394861467035,0.6259917160995304,-0.3378867150854979,0.8537834590452283,-0.23774741021560528,-0.6248632484534962,0.42618121233991957,-0.5124669992942829,-0.2974793934490504,0.5288382341559335,-0.559827144778799,0.45862343924498145,-0.4235740415402933,-0.4115011341414227,-0.29013301781905015,-0.29735017666289915,-0.35853594952346723,0.4713970697855783,-0.44154456721367585,-0.32771262676121476,-0.32643998355895415,0.5002446771780825,-0.45101841079611604,-0.4174117832658439,-0.529307317214835,0.07874672533075792,-0.5088978513932515,-0.05266359071304511,-0.36648731871354373,-0.8853977689643375,walking,Data_Walking_SweaterPocket_Sachin.csv
0.6713258008028418,-0.40187417748211757,-0.19074912005977282,0.9330066628014562,-0.4447805534570081,0.7527367989032958,-0.2611310162969092,0.46140061352622286,0.39019479698317805,-0.17987528904396038,-0.12019879834823761,0.4185705533383713,-0.382112305878981,0.4332503957076727,-0.3300663551980523,0.3502718880015223,0.3163129117855676,-0.3243206381749253,-0.3648243625488917,0.6327396141863957,-0.5151940428998644,0.4734953396416624,-0.33596797253880867,0.4433339686871738,-0.5518674353517141,-0.5209954627108228,-0.5259712847071648,0.9016202641580592,-0.5669178601193906,-0.1981682647636456,-0.385989120160219,-0.3177408194282775,walking,Data_Walking_SweaterPocket_Sachin.csv
0.7356526441313432,-0.22244641139897006,-0.025990941302370264,0.8562529261259748,-0.2859411138543988,0.7633304003697887,-0.23318071357559833,0.9282900947786322,0.38191715791166936,-0.13137830988455532,0.06420865484708023,0.45511995315992276,-0.31234626832679774,0.36070134157335776,-0.31170194649089167,0.8253592058577078,0.6892050427356567,-0.5930377781000267,-0.552219070706543,0.6518868920460108,-0.6481397157720353,1.057573775854058,-0.41485511158973243,-1.3374755114722698,-0.3407976214429541,-0.3685732973267358,-0.3524975943083164,1.1105363439639544,-0.41758767372588507,-0.25849947107730803,-0.3555321149907532,0.6545762203132656,walking,Data_Walking_SweaterPocket_Sachin.csv
0.732120845101988,-0.10229116892177662,0.09483172311972496,0.6910866573306349,-0.13580931838879445,0.7234006717653154,-0.20790364654502547,1.4729371944170226,0.466827255019695,-0.11389550510355101,-0.09347308049384374,0.4160926279267406,-0.36608497292780373,0.42050012257334674,-0.30478652230004044,0.3665157304697867,0.3447527705846485,-0.5728455838360683,-0.5943514379768873,0.5841424622584387,-0.6470098658609404,0.6949674604359537,-0.40994059337391214,-1.0960588807948983,-0.42574304512995925,-0.27819246788078544,-0.2791048791395728,-0.057688265562888016,-0.2609653550881107,-0.1733260033403712,-0.33228283759011157,0.9036921613596602,walking,Data_Walking_SweaterPocket_Sachin.csv
0.6898875132388352,-0.45651395216377366,-0.2603136844240094,0.8494519621167549,-0.4760079669138538,0.7763686790977801,-0.26731179608000694,-0.3565432940735807,0.5243715275185583,-0.5665791121542113,-0.29302510713998475,0.6347695455031422,-0.6380782409521938,0.607036618528536,-0.4334326746458245,-0.3411883750183301,0.20700012424784603,-0.5402113286178015,-0.4528621449048353,0.6556774698963914,-0.5836545782536169,0.39315741347118416,-0.4016497368112299,0.5410007789663306,-0.708757720110923,-0.6419129660260684,-0.6127081299065892,1.029528068120852,-0.6588621362427804,-0.4075530396169455,-0.4023350060552606,-0.62276063026681,walking,Data_Walking_SweaterPocket_Sachin.csv
0.8375279142672668,-0.33481910292777406,-0.17610394861467035,0.6357073789698444,-0.34088935099480994,0.9515705495051631,-0.25205872551679953,-1.0332845333337908,0.48796199058707995,-0.6557193366157271,-0.32598682582707056,0.6979566434997229,-0.7036017491937713,0.47825885987184347,-0.44640525107300755,0.7038534824115569,-0.22558183574305674,-0.5448181943688317,-0.6849045855430006,0.45098626597583635,-0.6499391063711865,-0.0237312844945405,-0.40284620028328666,-0.8149167435361082,-0.4565010509765086,-0.5151910161050469,-0.5326433497225052,0.11711906651959575,-0.5149217867254736,0.0963899778265924,-0.385030523526942,-0.9501542276901896,walking,Data_Walking_SweaterPocket_Sachin.csv
0.8061271898747474,-0.29009833414141745,-0.13949102000191424,0.72217677851564,-0.3375864514945666,0.8692664150347181,-0.2450972263064976,-0.3798843518329949,0.4753899043391244,-0.5433245537859483,-0.27253539011828276,0.6409643590322187,-0.6319501430590965,0.5330850343494452,-0.42937958152858874,0.1459467420545445,-0.11898498041910163,-0.37702936005882665,-0.43588342973618904,0.4577898672457503,-0.48715702658750853,-0.07736227845158952,-0.3537406193249047,0.17210106043123563,-0.46262267512037175,-0.45166282384377116,-0.49594699213813337,0.002002042953082272,-0.4714860424878722,-0.2868906269896194,-0.37349735595532885,-0.5529069892552338,walking,Data_Walking_SweaterPocket_Sachin.csv
0.7939141497611105,-0.30046103042123706,-0.18342653433722156,0.7037170190620432,-0.3679130741786187,0.8480792121017321,-0.2467752292753615,-0.31573781687046815,0.4373964373355171,-0.5372380128021007,-0.2858982490454797,0.5437057866257173,-0.5650124583806505,0.5291324496778043,-0.4282730425557241,-0.51518827339763,-0.14788557167839514,-0.39446403945374375,-0.4717273839811088,0.5336014242533633,-0.5436495221422554,-0.11384003952359037,-0.3593724155716034,0.2662750941624452,-0.4872827228957782,-0.47710280705436425,-0.5359793822301754,0.42836138949572544,-0.5412368726504438,-0.08460364111439736,-0.37834496979034804,-0.5682132940810961,walking,Data_Walking_SweaterPocket_Sachin.csv
0.7952418689857658,-0.2966712924460275,-0.1577974843082923,0.6765131630251638,-0.33848724226736027,0.810594160758757,-0.24616610691468727,-0.3729403516799605,0.42229840311871497,-0.5839681763207477,-0.3892376914158028,0.6291942133269733,-0.6847460633688568,0.47864136806587326,-0.4362825943908251,-0.0622053029558608,-0.10535848044534349,-0.36785309591833587,-0.43902763624890123,0.5404050255232773,-0.5248186902906731,-0.06824283818358924,-0.3507271713190843,0.3000321717240039,-0.47223898933605296,-0.4880552224368995,-0.5159631871841543,0.552005599993092,-0.5314083465820815,-0.37561298921559577,-0.38033770812277473,-0.5240854845504901,walking,Data_Walking_SweaterPocket_Sachin.csv
0.8148413768454968,-0.3216663616649481,-0.18342653433722156,0.7289777425248599,-0.3757199275428301,0.8733408771372152,-0.25008695837447836,-0.36442412531839835,0.43221883911358344,-0.5950676253058712,-0.33222282665976244,0.6521150233845565,-0.6720184754370395,0.44396062514050655,-0.43802078070161765,0.3835598285367866,-0.15650371529089271,-0.434602363691677,-0.5157462751590807,0.5170783925978579,-0.565828057434119,-0.059340527445779515,-0.37187138724599506,0.04757535174946307,-0.4578105736670774,-0.511177224821334,-0.5426514472455157,0.7140221516792964,-0.5688201554874607,-0.1271903749828645,-0.3843583321571172,-0.5493852724070035,walking,Data_Walking_SweaterPocket_Sachin.csv
0.8319831215747256,-0.2928702262237405,-0.13216843427936298,0.7600678637098651,-0.3432914597222596,0.8774153392397125,-0.24554990563275111,-0.3503638372308486,0.45206081707548484,-0.5478042567771109,-0.31618739594712614,0.5889279253879759,-0.6154514179622964,0.49253916578228857,-0.4301818828900504,0.023487729373197475,-0.1990447666665509,-0.3892199473511935,-0.5610228489421373,0.4130804874720299,-0.5511818548828883,-0.08930440261206596,-0.3576913635907953,-0.3850902061593318,-0.40982366687955285,-0.46969319574136553,-0.4926109596304632,0.641541062767047,-0.5158729344095087,-0.25140168209923014,-0.37696465362382375,-0.575056203217299,walking,Data_Walking_SweaterPocket_Sachin.csv
0.8226264898178529,-0.3113477023011337,-0.18708782719849715,0.7610394299968964,-0.38863126195287206,0.8757855543987136,-0.24849592017778185,-0.42431696247397255,0.4375656170602059,-0.5814679468350326,-0.3179691104707524,0.6422033217380341,-0.656933926777108,0.42317767993155514,-0.4358823542425028,0.4212184189326459,-0.21542005373929782,-0.33680904673311174,-0.5320961490251844,0.3897538545466105,-0.521889449780427,-0.17941315764111584,-0.34028031237387485,-0.17865726865664006,-0.42501728556651247,-0.4898791710564302,-0.5393154147378455,0.6927041843521639,-0.5640644170672854,-0.0810547466253578,-0.3806640559677649,-0.6162885163836324,walking,Data_Walking_SweaterPocket_Sachin.csv
0.8387469120665778,-0.3048685049081426,-0.18708782719849715,0.7095464167842318,-0.372717291633518,0.9043067891161948,-0.24747705598731995,-0.6835503755041112,0.45582351580073543,-0.5785729966081333,-0.3304411121361362,0.6229993997978969,-0.6489202603015195,0.45365083272259427,-0.4354149297317011,0.18195290337202863,-0.2097755239694336,-0.3444009803531969,-0.5031694491082315,0.40530494316355675,-0.5093355618793721,-0.1385928059653053,-0.3428710806222473,-0.2174438763237712,-0.3835069940136684,-0.4964454631190586,-0.5459874797531858,0.47526091761541595,-0.554235890998923,0.38030153694971297,-0.38182589394521915,-0.9258976360695478,walking,Data_Walking_SweaterPocket_Sachin.csv
0.7947345023341605,-0.3296518195495436,-0.22370075581125326,0.8076746117744042,-0.433070273410691,0.8448196424197344,-0.2512916021759098,-0.630267624347764,0.43549060220272096,-0.54168273526089,-0.30549710880536857,0.556714895036778,-0.5852823206424335,0.485399012827066,-0.42908296480058805,-0.2853662198270506,-0.22946305783092827,-0.3870564171543286,-0.5383845620506089,0.2750645759966318,-0.4766954533366294,-0.13142753146901942,-0.35699458384129346,-0.4824454817374115,-0.49423265958488066,-0.5080148825686601,-0.5526595447685262,0.7396037124718547,-0.5802339276958816,-0.2052660537417222,-0.3838233669133138,-0.730846148946421,walking,Data_Walking_SweaterPocket_Sachin.csv
0.8221323015208349,-0.3757140886457957,-0.22370075581125326,0.7843570208856504,-0.425863947228342,0.9377173783566725,-0.25778661918230317,-0.7179231244868312,0.42804971655107166,-0.5272537517476577,-0.23333767059850508,0.5740603729181922,-0.5602985369244219,0.4638510512300551,-0.4264168330418401,0.24720779241419397,-0.15253328041027436,-0.5026345744209634,-0.5371268794455241,0.45098626597583635,-0.5516003178129235,0.013180735637841359,-0.39157049106759095,-0.24922676684341574,-0.45958552912116146,-0.5296170590306131,-0.5626676422915367,0.1810729685009924,-0.548211955666701,0.02541208804581257,-0.3873835536544732,-1.1184742863980974,walking,Data_Walking_SweaterPocket_Sachin.csv
0.7852296140881821,-0.33278962569506204,-0.13949102000191424,0.7522953334136138,-0.34689462281343414,0.8301515788507442,-0.251758594373531,0.04523277893871455,0.49906567724321677,-0.5286657010334505,-0.25471824488202016,0.6106097727397437,-0.5994240850111192,0.5877709558225693,-0.42668243095271613,-0.028405301606889307,-0.05987155086271648,-0.4470286039496582,-0.46984086007348147,0.49083593055676106,-0.5239817644306027,0.12825938663879657,-0.37560899599541236,-0.02574366331992391,-0.5073278864905673,-0.5192642617377721,-0.49928302464580354,0.6927041843521639,-0.5260185097058826,-0.32592846636904954,-0.38570488214986504,-0.0033585970851800198,walking,Data_Walking_SweaterPocket_Sachin.csv
0.8174012722240497,-0.2661661219746424,-0.14681360572446542,0.7027454527750119,-0.3375864514945666,0.8700813074552174,-0.24107237652325142,-0.4604267756917682,0.4850903530505029,-0.6051058827430523,-0.3732022607031664,0.6366279895618652,-0.6819177104951196,0.5719733674091395,-0.4395384837592384,-0.23671659101706702,-0.0604079116393925,-0.37854319580385803,-0.49436567087263716,0.43835100647456754,-0.5177048204800753,-0.004189626777397185,-0.35423448915819505,-0.11191452883123562,-0.42497784211197737,-0.45965088077809557,-0.5026190571534738,0.3857254548414609,-0.506361457569158,0.13187892271698168,-0.3750524542912426,-0.6239362978442251,walking,Data_Walking_SweaterPocket_Sachin.csv
0.8372215175231156,-0.29505269025642417,-0.12484584855681177,0.7027454527750119,-0.3195706360386941,0.9034918966956952,-0.24590435463254748,-0.5517099992042829,0.46481845893723833,-0.6003297664510916,-0.3589485445141563,0.6384864336205882,-0.6757896126020225,0.49802178323004875,-0.4388228053018247,-0.055152873686569966,-0.1687462525706546,-0.41057324978032217,-0.5031694491082315,0.48403232928684714,-0.5432310592122203,-0.26279089723426075,-0.364466944140232,0.24690288545146263,-0.3996157008458443,-0.49206767393794876,-0.4859388946151229,0.5861143477165031,-0.5054103098851229,0.018314299067734713,-0.3810535547056327,-0.5005354106367939,walking,Data_Walking_SweaterPocket_Sachin.csv
0.8127460184661411,-0.3094035225259757,-0.16512007003084347,0.6910866573306349,-0.3489964679499526,0.7926665275077691,-0.24819180155919848,-0.3330606832773695,0.4485136206898203,-0.5657873882961492,-0.3090605378526211,0.6378669522676805,-0.6489202603015195,0.537496628853922,-0.43329923429553197,0.06537654943151634,-0.1408735544113395,-0.32822974351183587,-0.4597793992328022,0.538461139446159,-0.5377910411217631,-0.11926827777835244,-0.33732458742718857,0.12052085236425081,-0.42740755891134546,-0.500528564204078,-0.5192992196918246,0.5392148195968126,-0.5336276911781632,-0.32592846636904954,-0.38253807424571895,-0.4688285371592871,walking,Data_Walking_SweaterPocket_Sachin.csv
0.8370699664453636,-0.2872926533657094,-0.13949102000191424,0.717318947080483,-0.3360851335399106,0.8366707182147397,-0.24463617710743918,-0.3301491615187263,0.47806914807438744,-0.5666090655754573,-0.29569767892542415,0.6409643590322187,-0.6442063388452909,0.49521672314049703,-0.4334377168185807,0.3091201448699718,-0.3372121422570287,-0.5723344229602761,-0.6754719660048639,0.4587618102843094,-0.6470098658609404,-0.26431080394559414,-0.40981404656745085,-0.38127780907929754,-0.46329321384746996,-0.45773555180747033,-0.49928302464580354,0.5349512261313862,-0.5142876882694503,-0.47498203490868707,-0.37468233252634464,-0.42604776011327156,walking,Data_Walking_SweaterPocket_Sachin.csv
0.8161460339496243,-0.3126460831046378,-0.14681360572446542,0.7105179830712631,-0.3399885602220163,0.849708996942731,-0.24869825235743334,-0.3703038094923023,0.44906057102497304,-0.5719447950037579,-0.3304411121361362,0.5920253321525142,-0.6253506530203765,0.49037161934945317,-0.4343285738208382,-0.2530217909515462,-0.2877687156510997,-0.35096695354926266,-0.46669665356076917,0.4626495824385461,-0.5097540248094072,-0.2803783891796898,-0.3450929663876462,0.2889298264038625,-0.4436740395616625,-0.4995388553755177,-0.5059550896611439,0.6500682496978998,-0.5291890019859996,-0.09525032458151352,-0.38236617180470445,-0.47625252590300277,walking,Data_Walking_SweaterPocket_Sachin.csv
0.7726212233369311,-0.3403610688908233,-0.17610394861467035,0.7707550928672106,-0.3826259901342479,0.8423749651582362,-0.25287065752071647,-0.3434150132820866,0.48103552154681417,-0.5972641552710838,-0.35003997189602504,0.6304331760327886,-0.6649475932526967,0.5529754604389937,-0.4383572860695802,-0.1862032708248849,-0.1450280801166231,-0.38094083782003046,-0.46984086007348147,0.4820884432097288,-0.5202155980602863,-0.11318865093301896,-0.3550147959686441,0.230205505652775,-0.5439550783719528,-0.527951375497656,-0.5393154147378455,0.7737124601952663,-0.5700883523995075,-0.3294773608580878,-0.387116890417669,-0.47140704989150956,walking,Data_Walking_SweaterPocket_Sachin.csv
0.8075142116950442,-0.2495942656572634,-0.13949102000191424,0.7328640076729855,-0.34088935099480994,0.8342260409532415,-0.23816304682182962,-0.284330147501546,0.45167987682555255,-0.5728680565812987,-0.30816968059080796,0.6360085082089575,-0.647034691719028,0.43873301315543284,-0.4344812434034018,0.15050870535395133,-0.19448526152212625,-0.3346563291122651,-0.4490890970895805,0.3946135697394062,-0.4687446576659614,-0.11058309657073317,-0.3395414557652357,0.059556975192497,-0.4497325541782682,-0.43256594524885733,-0.49928302464580354,0.2407632770169623,-0.49241129153664365,-0.1733260033403712,-0.36965730164200883,-0.5822226222466288,walking,Data_Walking_SweaterPocket_Sachin.csv
0.8354061991787366,-0.288288479177807,-0.19074912005977282,0.7318924413859542,-0.382625990134248,0.870896199875717,-0.24480014665661554,-0.6063526168664086,0.4449446144981812,-0.5277602395956862,-0.26273596023833834,0.6000785897403136,-0.5956529478461363,0.48348647185691707,-0.4265122244424634,-0.01800036453797022,-0.1495150084375579,-0.3690057075926562,-0.4710985426785664,0.44515460774448157,-0.5051509325790204,-0.010703512683111687,-0.3511075517248699,-0.024996529086526175,-0.38150326652327976,-0.47143838906836977,-0.5393154147378455,0.5136332588042538,-0.5507483494907944,0.0963899778265924,-0.37729209857342944,-0.8945326777959819,walking,Data_Walking_SweaterPocket_Sachin.csv
0.820234618460286,-0.21954430077640041,-0.11020067711170937,0.554095810859206,-0.26161976298897094,0.9230493147876823,-0.23263220856777853,-0.7585298091344314,0.41807055064316634,-0.585914766576438,-0.31618739594712614,0.6329111014444193,-0.6489202603015195,0.47328625334945634,-0.4365919920646598,0.21162410976853877,-0.2295402843210721,-0.3297529262159436,-0.5000252425955193,0.3644833355440728,-0.4896678041677195,-0.130341883818067,-0.3378515215839115,-0.2396305213618357,-0.4117721735335929,-0.4221734450255792,-0.4592506345537616,-0.17706888259482823,-0.42329455983009545,0.018314299067734713,-0.3674950763064521,-0.8601213486525193,walking,Data_Walking_SweaterPocket_Sachin.csv
0.8303588893718599,-0.34867470831967623,-0.10287809138915804,0.9194047347830165,-0.3685136013604811,0.8912685103882031,-0.25406766460505104,-0.037710373014203054,0.5175094063461497,-0.5888750691012066,-0.3010428224963029,0.6229993997978969,-0.6333643194959651,0.5545054932151129,-0.43705879536197323,-0.05338221347957402,-0.40457486044245056,-0.4753695477928827,-0.5239212120921326,0.4568179242071912,-0.5453233738623959,-0.330969569714072,-0.38390019032899003,0.4501879503359952,-0.46887840700965366,-0.5165392909205072,-0.4592506345537616,0.6884405908867376,-0.48765555311646835,0.014765404578695154,-0.38525461009284184,-0.34145658022672576,walking,Data_Walking_SweaterPocket_Sachin.csv
0.7960029189631732,-0.29011674501109314,-0.15413619144701668,0.7707550928672106,-0.3646101746783755,0.8244473319072476,-0.24510024223482033,-0.4030315291814131,0.4928456688563126,-0.6758658900338363,-0.38300169058311084,0.7153021213811371,-0.7469698265910742,0.5167646847375079,-0.44877373894108413,0.19350647190265258,-0.019558082990431505,-0.47278115456686415,-0.5679401032701042,0.4684812406699009,-0.5796373341252793,0.09786125241212922,-0.3831564108081174,-0.5252386439664131,-0.508818849071998,-0.47107773043668427,-0.5192992196918246,0.28339921167122645,-0.5146047374974618,-0.32592846636904954,-0.377224547449339,-0.72551137585334,walking,Data_Walking_SweaterPocket_Sachin.csv
0.8329780873460552,-0.5164271256609795,-0.2529910987014582,1.0904004013005448,-0.5444680656461695,0.9417918404591699,-0.2728383547591822,-0.4632579317386126,0.6401184486748027,-0.6711269931348441,-0.2760988191655353,0.7667190736724723,-0.7295283172030285,0.7035561861553838,-0.44823530533236283,0.48185473530634576,-0.07891816136514679,-0.8132143901583273,-0.7308100006285997,0.587058291374116,-0.7390717104686759,0.08049088999689068,-0.45775685973710445,-0.8698552710059566,-0.5058763673636715,-0.676845614603202,-0.6060360648912487,1.4388330408017895,-0.6829578775716688,0.004118721111578999,-0.40576984645359615,-0.5189554856300334,walking,Data_Walking_SweaterPocket_Sachin.csv
0.7879608280763676,-0.3168699559617214,-0.09921679852788251,0.6813709944603208,-0.29194638567302295,0.8668217377732197,-0.24935222559981746,-0.1818011208748198,0.36087442387734536,-0.5675553683719309,-0.31707825320893923,0.6124682167984667,-0.633835711641588,0.360318833379328,-0.4335967751355642,0.6487799969045633,0.18748460099183287,-0.8173965698107221,-0.7050275072243591,0.7100090857518474,-0.7748502909866825,0.4517823866226141,-0.4583822995703818,-0.5473006302739686,-0.5362793821194035,-0.47192472659047313,-0.44924253703075107,-0.057688265562888016,-0.4226604613740721,-0.2939884159676973,-0.377383091860803,-0.2188248407372475,walking,Data_Walking_SweaterPocket_Sachin.csv
0.8100872854281843,-0.3500992215036911,-0.11386196997298491,0.6949729224787605,-0.30816061958330815,0.9564599040281601,-0.254270239575348,-0.7100516905727113,0.4547362710244269,-0.4777609655948183,-0.2511548158347676,0.4706069869826141,-0.4910038915178615,0.5101345427076585,-0.4164621484923586,-0.5965072665954329,-0.13678278532998095,-0.3104167647652146,-0.45474866881246256,0.4334912912817718,-0.48924934123768427,-0.04110164690977904,-0.3310927663143063,0.11658862192719481,-0.41285292418785713,-0.5321320601753767,-0.45591460204609136,0.28766280513665315,-0.4546824334032526,0.3093236471689331,-0.38778369977082927,-0.5761518200921244,walking,Data_Walking_SweaterPocket_Sachin.csv
0.830279819244337,-0.3688251474201411,-0.1687813628921191,0.7697835265801791,-0.3763204547246925,0.9026770042751956,-0.256864422249407,-0.5777482244818075,0.4226206404943622,-0.5237533612882902,-0.24224624321663638,0.6050344405635748,-0.5885820656617935,0.43924302408080595,-0.4257539838661016,0.3336086766388678,-0.17724794599016128,-0.5971306714075985,-0.6679258703743544,0.45584598116863206,-0.640732921910413,0.039236279260699176,-0.41583119854681383,-0.971055027584187,-0.46495772762885546,-0.5173149910547747,-0.5159631871841543,0.08301031879618427,-0.4965329315007956,-0.02427243480073369,-0.38538314374079347,-0.7773739842092282,walking,Data_Walking_SweaterPocket_Sachin.csv
0.8256904572593637,-0.29771710821607095,-0.11752326283426057,0.8620823238481633,-0.3628085931327882,0.9238642072081819,-0.24633472322642935,0.09795680109392293,0.6170665086156584,-0.5778524965232753,-0.2939159644017979,0.6954787180880923,-0.6847460633688568,0.6691304486927037,-0.43529792971681336,0.12897678217514683,-0.05060993700082716,-0.6716756094426117,-0.6962237289887647,0.5365172533690408,-0.6942961769549136,0.16951399737498807,-0.4324252545808686,-1.0386429535691222,-0.4804668939520959,-0.45832032374600323,-0.48260286210745273,0.37719826791060823,-0.48670440543243326,-0.07040806315824165,-0.37479551894767854,-0.22988387992888293,walking,Data_Walking_SweaterPocket_Sachin.csv
0.7747231708935809,-0.5419083688304953,-0.21637817008870208,1.0787416058561679,-0.510838543461874,0.8831195861832091,-0.27479227415276614,0.6022139854799023,0.6690069431392326,-0.6284191653024349,-0.34113139927789377,0.7376034500858126,-0.7417845129892228,0.8039008357225293,-0.44286428785121373,-0.2343682143429003,0.10852757846095272,-0.9004684445268746,-0.7710558439913168,0.7780450984509872,-0.8480813037428356,0.44309720541499503,-0.4693420008312381,-1.344589592983193,-0.6111982796635621,-0.6949593693328799,-0.569339707306877,1.4089878865438048,-0.6458631178943012,-0.18042379231844907,-0.40732370552375835,0.4992500882282256,walking,Data_Walking_SweaterPocket_Sachin.csv
0.7841292214801556,-0.5812405462865651,-0.23834592725635573,1.0253054600694402,-0.5123398614165301,0.8871940482857061,-0.2773437221613254,0.12054371919095683,0.39166986991334946,-0.5958753524761549,-0.30638796606718166,0.6861864977944775,-0.684274671223234,0.30562016163306954,-0.4381448104604012,1.4768895349922078,0.3252090484772925,-0.8968651296975727,-0.6283088683141799,0.8131322421429723,-0.7681967303991233,0.573374923529284,-0.4689244343805897,0.9239649935932855,-0.5419750169542864,-0.693334266081339,-0.5559955772761963,0.9655741661394558,-0.600208029060618,-0.05266359071304511,-0.4071906351971876,0.23243596332901606,walking,Data_Walking_SweaterPocket_Sachin.csv
0.7849858145283202,-0.641116309098541,-0.2969266130367655,1.2264196814849424,-0.6225365992882836,0.8660068453527201,-0.2801452957538277,1.324700899531613,0.2895128782836052,-0.5978780410474259,-0.4230902673647016,0.6632656877368943,-0.7285855329117827,0.16919223909578138,-0.43845089101892987,0.7421339198586128,-0.04541775087115985,-0.9219583775200478,-0.8314246090353923,0.7345992446273937,-0.8695484520536395,0.28025005777213374,-0.47172345337572497,-1.3975178259943546,-0.5962255443219997,-0.7767490798762249,-0.6460684549832908,1.865192387344433,-0.7527087077342405,-0.16622821436229335,-0.41240765041050975,-0.24054492272577546,walking,Data_Walking_SweaterPocket_Sachin.csv
0.8253807659265658,-0.5332036580155571,-0.20173299864359961,1.1273199202077384,-0.5138411793711861,0.9034918966956952,-0.2741514039858476,0.7143390779588702,0.45520454731443255,-0.6670590185815393,-0.3277685403506968,0.6830890910299391,-0.6932311219900683,0.4634685430360253,-0.44776393384503604,0.5496766910237826,-0.3857665290400122,-0.7818742035594909,-0.766025113570977,0.586086348335557,-0.7620871716206099,-0.16377983146740113,-0.45284517918473777,-0.401588348240676,-0.5595115768406365,-0.6712274230191,-0.5526595447685262,1.4644146015943482,-0.6341322964578687,-0.15913042538421548,-0.4052563696799042,0.4536794561315884,walking,Data_Walking_SweaterPocket_Sachin.csv
0.823595098880008,-0.3523550016178691,-0.18342653433722156,0.8640254564222261,-0.41745656668226816,0.905121681536694,-0.25458951314198097,-0.16721411178509532,0.3465416613431967,-0.5993653711027183,-0.3536034009432776,0.5449447493315326,-0.6017810457392335,0.36580145082708815,-0.43867687849293135,-0.21239339985067626,-0.45555292377414014,-0.5301123572099956,-0.6654105051641847,0.4704251267470192,-0.6453360141407998,-0.26431080394559414,-0.3989969133902731,-0.5692418396673676,-0.4837328119876101,-0.5287637208464656,-0.5326433497225052,0.7651852732644135,-0.5631132693832503,-0.05266359071304511,-0.3872471046413669,-0.3453084297086322,walking,Data_Walking_SweaterPocket_Sachin.csv
0.8172661940895316,-0.2716373942472717,-0.13949102000191424,0.5647830400165516,-0.28894374976371084,0.8725259847167159,-0.2420109260816858,-0.8938424712144026,-0.15580759442512956,-0.320945518787465,-0.34647654284877255,0.3634367129295901,-0.4598920099067527,-0.22734125538175698,-0.37664209337482735,0.4925864883387185,-0.3712465481033002,-0.48986357184473006,-0.59246491406926,0.3119984114618792,-0.5285848566609895,-0.22805017240378375,-0.38801508039371113,-0.42854710481342495,-0.23754254616070888,-0.4380098298971006,-0.5026190571534738,-0.6332733833954561,-0.4305866920743643,0.41579048184010353,-0.37076954941088675,-1.338807400212088,walking,Data_Walking_SweaterPocket_Sachin.csv
-0.751411666637379,-0.23807454685693324,-0.3617314966813439,-0.1415456506552842,-0.25291211885196585,-0.7697267103158393,-0.2360816891571798,0.5966552131685342,1.6020685630073976,-0.12117357009686383,0.30741268732206456,0.5988396270344983,-0.2930191903562605,1.7119752883492265,-0.30768440913419065,-0.38812375769400376,2.004304597700353,-0.19448142076502856,-0.23276768901497652,0.9214066966384606,-0.5516003178129235,2.2995546885436124,-0.2874020895911689,-0.499988618581411,-0.6515883771076055,-0.6395010491376343,-0.5960279673682384,1.1105363439639544,-0.6490336101744181,-0.2939884159676973,-0.4020765485221382,-0.4441388450798178,walking,Data_Walking_SweaterPocket_Sachin.csv
-1.0401572897085904,-0.6167662427524794,-0.7110920615042629,0.10426061996366273,-0.6153903258241209,-0.9210522328025883,-0.279163607074388,-0.18139260514205238,1.5557254509921805,-0.34608540297771884,0.2789052549440444,0.9457491846627841,-0.5720833405649933,1.853503320140245,-0.38387297494840855,0.6439078117397774,2.4247643546122335,-0.32141149617530707,-0.20132562388785386,0.9427894434867616,-0.5398833557719389,3.0030543663607734,-0.3349543795107597,-1.4654359719619325,-0.6026942708657721,-0.6838728146506236,-0.6027000323835786,1.4942597558523334,-0.683909025255704,-0.2159127372088396,-0.40639108655132483,0.2711702801736351,walking,Data_Walking_SweaterPocket_Sachin.csv
-0.8222196675814905,-0.5723594297515895,-0.6158252212538714,0.20433194752789804,-0.5681888893297349,-0.730937831100065,-0.2768168953082671,0.7688658771968703,0.770855121697419,-0.6926062665681945,-0.315296538685313,0.788462869159531,-0.7668154359217966,0.895957807752363,-0.4505837648767263,-0.5344859090028689,3.259993160360884,-0.8635284567631505,-0.2579213411166747,1.4851336590027622,-0.8110473344347239,3.8238039904807937,-0.4648125912821525,-1.1240717233712332,-0.5044011821640555,-0.7069554669185815,-0.6327243249526101,1.3961971061475253,-0.7051513235324871,0.0963899778265924,-0.4082673564583547,-1.3882121533718117,walking,Data_Walking_SweaterPocket_Sachin.csv
-0.8402442961762849,-0.5489692688835498,-0.6374268491353975,0.16449772975961022,-0.5735936339664967,-0.7389237768209598,-0.2752918348080794,-0.16124717185825566,0.9163693098302472,-0.7491398101456935,-0.27164453285646967,0.8705441484197951,-0.8061766800813054,1.0056101567075666,-0.4556362913107393,0.038714943914085864,3.091070659401208,-0.8852543058919444,-0.2642097541420992,1.5327588678921602,-0.8357366473067985,3.57844762136555,-0.46754325687093673,-0.3575296220479811,-0.6291450514770767,-0.7245877033763405,-0.6327243249526101,1.6562763075385378,-0.7244913264412001,-0.24075499863211272,-0.40953082622855097,-0.43707773778488085,walking,Data_Walking_SweaterPocket_Sachin.csv
-0.9944866014942315,-0.5997811796058798,-0.7060394773557024,0.13243604228757366,-0.6199543324062753,-0.852601269480634,-0.2783508976846075,-0.48717159718846303,1.0036290308464682,-0.7744943467536531,-0.24491881500207574,0.8999075645476178,-0.8143789034151432,1.140763051931422,-0.4573709623611975,-0.013436007512889977,3.1073230033024357,-0.8295531256205761,-0.22019086296412738,1.4190415323807408,-0.7574840793902231,3.5936466884788834,-0.4601601914661402,-0.7560202037423445,-0.5610814263311361,-0.6976934687523266,-0.6127081299065892,1.2810800825810118,-0.67756804069547,-0.07040806315824165,-0.4075447667239619,-1.1434476883561628,walking,Data_Walking_SweaterPocket_Sachin.csv
-0.8411874380682005,-0.5803083745284595,-0.6652526748810922,0.1372938737227307,-0.5880062863311947,-0.7187144447925733,-0.2772897761789133,-0.9112381018264443,0.9688401879671958,-0.6905480233453094,-0.2101753817913637,0.8588978989851311,-0.7647884496956183,1.1050622871553093,-0.45036895398655097,0.046626681070007454,3.1718627960032464,-0.8726612052179111,-0.19503721086242934,1.5444221843548698,-0.7947272801633526,3.6631281381398377,-0.4659836855888883,0.4141570432603135,-0.5320983759386723,-0.723723522720808,-0.5993639998759084,1.7586025507087721,-0.7003955851123117,-0.08815253560343567,-0.40947232846935266,0.3444067611874398,walking,Data_Walking_SweaterPocket_Sachin.csv
-0.660066636509852,-0.18376169100457343,-0.45326381821323414,-0.3105981845987497,-0.2757321517627377,-0.6809034364813985,-0.22561695900291737,0.02613509143203362,0.9912544844848196,-0.544501205090848,-0.006169068836157011,0.719019009498583,-0.5503993018663419,0.9903098289463753,-0.42959131083214025,0.802967309941397,2.937921368599932,-0.31495748345337554,-0.15101831968445753,0.22743936710723398,-0.19841760486324672,3.6045031649884067,-0.3326934930186057,-3.929955824471877,-0.4814372029336615,-0.5418200366307538,-0.49928302464580354,-0.45420245784754604,-0.44073226737073834,0.2383457573881533,-0.38929713661438436,-1.7800277886548912,walking,Data_Walking_SweaterPocket_Sachin.csv
0.5387153131810489,0.015147741871498224,-0.058942577053850725,0.6454230418401586,-0.24780763780613524,0.4153713368165207,-0.1781130656411631,0.48731657410546947,0.31787077213545745,-0.09602966170289838,0.07757151377427712,0.26617814052308864,-0.1615007817274827,0.34884358755843464,-0.2975579722370012,0.3082612299659689,1.1289530368189342,0.21689793300677437,-0.3396707104471936,-0.5355359181616915,0.004536916203806923,1.8804946952759831,-0.0885702202601994,-1.942768864824467,-0.14332791065793174,-0.31254705014961714,-0.3925299844003583,0.858984329503795,-0.4369276766345981,-0.10589700804862967,-0.3415752578585579,0.09395243749488955,walking,Data_Walking_SweaterPocket_Sachin.csv
0.7761398110658124,0.008930293791670757,0.054557501645693174,0.3168393235661354,-0.053176778164525866,0.8309664712712438,-0.17981625791395106,-0.3082129628986853,0.21311484186287463,-0.3240204349708787,-0.13890680084631332,0.32502886904931566,-0.3208313269480092,0.2609942056629285,-0.37754388152305474,-0.04608509529292174,-0.4756818894425857,-0.2166994197723715,-0.6251646618014676,-0.03206942418805664,-0.40220905179037064,-0.18375574824492547,-0.29619546958016063,-1.4213759631438538,-0.41369701411491067,-0.1550529831758876,-0.31246520421627444,-0.7654447808236756,-0.2400401060393392,0.02541208804581257,-0.29438924971869923,-0.668478641870209,walking,Data_Walking_SweaterPocket_Sachin.csv
0.7971099007484933,-0.415108463629364,-0.16512007003084347,0.8698548541444145,-0.40424496868129495,0.888823833126705,-0.2627279227291271,-0.04853866215744252,0.38628815528293137,-0.5714357635776003,-0.4052731221284391,0.5790162237414535,-0.6550483581946167,0.4851440073643795,-0.4342442143330529,-0.4076983500676171,0.04805628387739434,-0.5933695694591952,-0.6377414878523165,0.5433208546389547,-0.6583083649718898,0.4930369973588057,-0.41493449028604973,-1.2405881813476323,-0.5024763415827371,-0.5875842100507245,-0.5226352521994947,0.8888294837617797,-0.5627962201552387,-0.07395695764727994,-0.39584621975013373,0.07378028318739674,walking,Data_Walking_SweaterPocket_Sachin.csv
0.7715900170904874,-0.5402909154204596,-0.21271687722742647,1.0797131721431992,-0.5081361711434932,0.8603025984092242,-0.2746752808276931,0.7847925443910426,0.2615412286380993,-0.6769911314022026,-0.46576233020555063,0.6242383625037121,-0.7214675115128776,0.23804371402114174,-0.4488999002901362,0.26362263097583816,0.4096448300538573,-0.8282167048504839,-0.6509471552057081,0.7609389009723464,-0.7607899365375009,0.6580554403035717,-0.4599676602399896,-0.4562878882236611,-0.5261503029947637,-0.6795719681818169,-0.5593316097838665,1.3535611714932612,-0.6322300010897985,-0.1236414804938262,-0.4060136427415946,0.16985808936629732,walking,Data_Walking_SweaterPocket_Sachin.csv
0.7827751455463263,-0.5494144770566989,-0.2529910987014582,1.0544524486803826,-0.5333583127817146,0.8904536179677038,-0.27532272441169264,-0.22356359546207158,0.5478610374402206,-0.6545856316690903,-0.3046062515435554,0.6713189453246937,-0.6720184754370395,0.5720498690479455,-0.4462657955449438,0.2064936534578403,0.41021947218395927,-0.8655228094398153,-0.6792450138201185,0.8306272168370368,-0.8096245604726042,0.6710832121150007,-0.46507120220054,-0.4675842008535982,-0.5322088176113708,-0.6953842427497585,-0.6027000323835786,1.5241049101103181,-0.6861283698517858,-0.08815253560343567,-0.40735828999097307,-0.20184806203400826,walking,Data_Walking_SweaterPocket_Sachin.csv
0.7831111935882986,-0.4096437785688707,-0.23102334153380452,0.689143524756572,-0.4024433871357077,0.8741557695577148,-0.2620762676369621,-1.2249983121660746,0.4759499998686719,-0.5904076927136193,-0.25739081666745955,0.6682215385601554,-0.6446777309909137,0.4570934064688623,-0.43729870910007296,0.9263194929730376,0.13997697817434684,-0.7602645830981297,-0.693708363778595,0.6781293540871076,-0.7535923741408961,0.38881482286737445,-0.4492274443003617,-0.7766834815587375,-0.5589909232407719,-0.5789165541417187,-0.5660036747992068,0.35161670711804943,-0.5640644170672854,-0.2549505765882685,-0.39468187068832833,-0.6728842268384144,walking,Data_Walking_SweaterPocket_Sachin.csv
0.782521462220524,-0.36491227705007917,-0.19074912005977282,0.7396649716822055,-0.38502809886169764,0.9287535617311782,-0.25633291836478833,-0.9262271757550445,0.4344618343962886,-0.5683935421184836,-0.27164453285646967,0.6521150233845565,-0.6399638095346851,0.3846718550658907,-0.43373727593625777,1.005886041709582,0.24938326842320999,-0.7852617254650066,-0.6886776333582554,0.7016503756202388,-0.7603714736074657,0.5299490174911876,-0.4533951965970933,-0.7905247301816621,-0.5261187482311368,-0.5493904270190592,-0.5359793822301754,0.44967935682285753,-0.5428221187905022,0.004118721111578999,-0.3904488722495166,-0.8443500005867534,walking,Data_Walking_SweaterPocket_Sachin.csv
0.7898156814845088,-0.37437538699459255,-0.1687813628921191,0.8436225643945664,-0.39914048763546445,0.9157152830031872,-0.2576087662215314,-0.339522610353341,0.532378473797258,-0.6537448103185665,-0.3375679702306412,0.7314086365567362,-0.7351850229505028,0.533977553468848,-0.4461619423759604,0.6933067580640763,0.38414448860315276,-0.7339185505107997,-0.679873855122661,0.6963046889081635,-0.7522114464717801,0.8447868362673859,-0.44456165638376005,-1.1999345474892946,-0.4911402927493218,-0.5544039496266967,-0.5159631871841543,0.8803022968309271,-0.5558211371389815,0.02541208804581257,-0.3911966948506568,-0.3195529098745044,walking,Data_Walking_SweaterPocket_Sachin.csv
0.7170481020429408,-0.5644182439772182,-0.2566523915627338,1.0826278710042936,-0.5450685928280318,0.8114090531792566,-0.27632148005388035,0.5227930219174067,0.6316112724071621,-0.4879463479554122,-0.20483023822048493,0.6223799184449892,-0.5819825756230734,0.7553222950807472,-0.41861323018256436,-0.1631413335900335,0.7321169611381346,-0.9284922714153694,-0.6408856943650288,0.9729196776820951,-0.8453612946976072,0.994606212098818,-0.47241054801277077,-0.037215161426844875,-0.5464242386258574,-0.715146203838328,-0.5893559023528979,1.6349583402114054,-0.6816896806596221,-0.1271903749828645,-0.4088725657767352,0.4273983118399566,walking,Data_Walking_SweaterPocket_Sachin.csv
0.7989351028588132,-0.5501989203331459,-0.28228144159166313,1.0777700395691363,-0.5645857262385604,0.9181599602646854,-0.2753769751696544,-0.7175799527241086,0.3899285647121748,-0.6003419396141465,-0.3687479743941008,0.6050344405635748,-0.6555197503402395,0.36363390439425275,-0.43882464423331075,0.2031157119791459,0.10118248206050282,-0.8693349618765325,-0.7496752397048734,0.7483007256419618,-0.8210473430737741,0.3649305745464216,-0.4655610605584521,-0.9498312936255117,-0.5487040702979911,-0.6964903186417486,-0.6227162274295995,1.4260422604055105,-0.6978591912882182,-0.0384680127568894,-0.40744792353908765,-0.9590425871559487,walking,Data_Walking_SweaterPocket_Sachin.csv
0.8013665092801412,-0.4998036643848158,-0.23102334153380452,1.0330779903656917,-0.5087366983253556,0.8766004468192129,-0.2714361031583082,0.04117156214533651,0.6318168933913436,-0.5510124381147745,-0.2030485236968587,0.6168045862688203,-0.576797262021222,0.7308417706628414,-0.43075014685891605,-0.4244303221387164,0.3152820738436484,-0.7731611801969323,-0.6698123942819817,0.6533448066038495,-0.7270199780836635,0.5820601047369032,-0.4514091939250716,-1.144093704877111,-0.4838274762784945,-0.632900195502467,-0.5793478048298876,1.0636368158442635,-0.6296936072657051,-0.1271903749828645,-0.40135514222333607,-0.3433995263867162,walking,Data_Walking_SweaterPocket_Sachin.csv
0.8009448019333525,-0.43601238359727346,-0.1687813628921191,0.8008736477651843,-0.3859288896344912,0.905121681536694,-0.2651202314120383,-0.6612039058489781,0.35721519547694786,-0.6245726580412169,-0.31885996773256553,0.6725579080305091,-0.680503534058251,0.2954199431256087,-0.44233471843203237,1.5683283783728579,0.15288358527082901,-0.7508549724901521,-0.6295665509192647,0.745912661596222,-0.7400927600179618,0.4105277758864227,-0.44759321516333106,0.15512862926749207,-0.5080299799812938,-0.6126245879081786,-0.5159631871841543,0.7438673059372811,-0.5456755618426075,-0.05266359071304511,-0.39901036040130716,-0.1894700068555544,walking,Data_Walking_SweaterPocket_Sachin.csv
0.7825642918729321,-0.33471061704720456,-0.21637817008870208,0.7017738864879804,-0.3943362701805651,0.9108259284801903,-0.2520427199591103,-1.1237576684109856,0.27823215409266056,-0.450215607415572,-0.2636268175001515,0.45511995315992276,-0.4858185779160101,0.3017950796927717,-0.41037879693715323,0.49741364977838337,0.17093066388888215,-0.5405150524262287,-0.6685547116768968,0.5967777217597076,-0.7018285096955467,0.5972591718502368,-0.40172888177277544,-1.0342833249362384,-0.44102343941689653,-0.5341876633509635,-0.5660036747992068,0.5349512261313862,-0.577697533871788,-0.010076856844577976,-0.38810853218455893,-1.0399218180506165,walking,Data_Walking_SweaterPocket_Sachin.csv
0.7875654774387538,-0.4785215893709036,-0.23468463439508014,0.9883859411622467,-0.497927209051832,0.870896199875717,-0.2694938670376643,0.0795585431755159,0.47633868977371674,-0.6099217267073018,-0.3562759727287169,0.644061765796757,-0.6786179654757596,0.5137046191852697,-0.4402482940894993,-0.13747629465826777,0.3030347547772967,-0.7544142325424217,-0.6742142833997788,0.686682452826428,-0.7443024970941154,0.6580554403035717,-0.4482155799168522,-1.1937805875518714,-0.522687167686574,-0.6282605094176917,-0.5559955772761963,1.038055255051705,-0.6055978659368166,-0.1236414804938262,-0.40083573886487095,0.14287577004539545,walking,Data_Walking_SweaterPocket_Sachin.csv
0.8048620678343813,-0.5390103322440756,-0.23834592725635573,1.0797131721431992,-0.5291546225086777,0.9116408209006899,-0.274581977617495,0.17856130457062855,0.4110224988033078,-0.5811662197893623,-0.32687768308888365,0.6837085723828468,-0.6932311219900683,0.3057476643644128,-0.4358338370162434,1.0282556466101906,0.07390419626745569,-0.9406418227821627,-0.7867768765548782,0.8081753326463207,-0.8715152278248048,0.27156487656451445,-0.4736423417473405,-0.41023765434183784,-0.5472525511710961,-0.67904260223212,-0.5893559023528979,1.2981344564427175,-0.6566427916466987,-0.002979067866498857,-0.40596658074428893,-0.36855950147731165,walking,Data_Walking_SweaterPocket_Sachin.csv
0.8111349646178622,-0.5951744584954317,-0.27862014873038743,1.157438475105712,-0.5862047047856074,0.905121681536694,-0.27811234637733007,0.24331259518306872,0.5013511312159853,-0.692241930587273,-0.4097274084375047,0.7053904197346147,-0.7535693166297943,0.5334675425434751,-0.45054589847083043,-0.38480147625889605,0.021684110031518253,-0.8750328289591985,-0.7515617636125007,0.6473187597647828,-0.7788256888220164,0.24116674233784702,-0.4662822901924885,-1.015866475269764,-0.5611603132402071,-0.7281928199391686,-0.6193801949219294,1.5283685035757446,-0.7022978804803819,-0.14848374191709934,-0.40977105212610293,-0.0002846876266457469,walking,Data_Walking_SweaterPocket_Sachin.csv
0.7970901332166128,-0.6073916866324818,-0.2896040273142143,1.1749266682722774,-0.6006173571503054,0.8643770605117213,-0.27872805063821193,0.40126875121003835,0.2492886706573184,-0.5567317524786735,-0.27342624738009585,0.599459108387406,-0.6008382614479878,0.09141557297639276,-0.4317501405806114,1.4417191478547033,0.00996578804518376,-1.0150842208018769,-0.8232496721023403,0.7437063508986929,-0.8680294316176119,0.2541945141492759,-0.47988814912612965,-1.4440640696929838,-0.5487987345888755,-0.746688813734878,-0.6393963899679503,1.6946486487273755,-0.7336857540535392,-0.11654369151574709,-0.4109068607052045,-0.6179121003502533,walking,Data_Walking_SweaterPocket_Sachin.csv
0.7830189451061886,-0.524636772627019,-0.2566523915627338,1.0000447366066236,-0.5195461875988792,0.8855642634447072,-0.27349371637499736,-0.2134399781657527,0.49857310445430186,-0.6493980258052687,-0.37765654701223206,0.7165410840869525,-0.7450842580085828,0.5172746956628811,-0.44561928332489,0.34822476640902794,0.23439840041143908,-0.7875185348865573,-0.6295665509192647,0.7494019371046494,-0.741595041936788,0.4648101584340431,-0.4537590529638391,0.17260209717396865,-0.5645997824756773,-0.6663930937648344,-0.5860198698452278,0.9741013530703084,-0.6293765580376933,-0.1413859529390202,-0.4048025850175928,-0.3624110177337685,walking,Data_Walking_SweaterPocket_Sachin.csv
0.8463112875995988,-0.3311509311377501,-0.0918942128053313,0.7999020814781529,-0.3225732719480062,0.910011036059691,-0.2515151590578833,-0.08769159962865784,0.44980418902863734,-0.6402050769237321,-0.4070548366520653,0.658309836913633,-0.7163293371255884,0.48412398551363345,-0.4444397693474356,0.07126559880267512,0.015920807623045524,-0.8149136039344991,-0.7465310331921611,0.704857787647484,-0.8002509908398168,0.13694456784641584,-0.458011826994313,-0.33443600974650717,-0.4491251249784267,-0.501186321109804,-0.4625866670614318,0.44115216989200445,-0.4724371901719073,-0.10234811355959138,-0.3826520637343431,-0.16158567048599579,walking,Data_Walking_SweaterPocket_Sachin.csv
0.7735601811012652,-0.4865525763400276,-0.23102334153380452,1.0214191949213145,-0.5051335352341811,0.8823046937627095,-0.27024618135936024,-0.24006546353841116,0.34280883084413255,-0.6663385062762267,-0.411509122961131,0.6886644232061081,-0.7417845129892228,0.33163071882709455,-0.4476795624634615,0.9077134525477797,0.1830568162397177,-0.8094125313793661,-0.7383560962591093,0.6327396141863957,-0.7637610233407507,0.5277777221892828,-0.45718216727605016,-1.845953709138511,-0.5825859977437283,-0.6471742118642917,-0.5726757398145471,1.276816489115585,-0.6392050841060557,-0.1449348474280598,-0.4028892469888956,-0.3657196223507671,walking,Data_Walking_SweaterPocket_Sachin.csv
0.7913278976733835,-0.49380195187959236,-0.24200722011763132,0.9398076268106761,-0.48891930132389577,0.8806749089217106,-0.27090509003977264,-0.5311127993806554,0.4759560556768256,-0.646197154306159,-0.41685426653200974,0.626096806562435,-0.6970022591550512,0.5893137388718228,-0.4452134993252815,-1.1825699031286434,0.08071020353496636,-0.7507785153633585,-0.6522048378107931,0.7018447642279506,-0.7361843162514333,0.23031026582832298,-0.44757978990108355,0.2061404336573837,-0.5629826008397336,-0.6673691512674662,-0.5893559023528979,1.2938708629772908,-0.656325742418687,-0.1733260033403712,-0.40489509528310086,0.05474494146968816,walking,Data_Walking_SweaterPocket_Sachin.csv
0.8351129807891726,-0.427970452453355,-0.22370075581125326,0.8339069015242523,-0.4411773903658336,0.9311982389926767,-0.2642187379829055,-1.077549514845298,0.5348545038694548,-0.651761217601209,-0.38211083332129775,0.7060099010875224,-0.7394275522611085,0.6067816130658495,-0.44591550729171153,0.012849397158398286,-0.09593677701651095,-0.711672901750036,-0.7207485397879204,0.6337115572249549,-0.7524625242298012,0.011009440335936493,-0.4404037645414899,-0.2843205062408921,-0.4853499936235537,-0.5977514298304462,-0.5726757398145471,0.654331843163326,-0.5929158968163492,-0.06331027418016254,-0.3971667246674472,-0.9597272447070168,walking,Data_Walking_SweaterPocket_Sachin.csv
0.7810916107478187,-0.2759769244952697,-0.07358774849895325,0.7484090682654881,-0.2916461220820918,0.8774153392397125,-0.24274757641078054,-0.3092416152342921,0.4006442321987516,-0.5860348252073724,-0.3277685403506968,0.6558319115020024,-0.6724898675826625,0.35011861487186724,-0.4366110110966987,0.8579054743857639,0.23689976507416086,-0.6013697274433019,-0.6792450138201185,0.5958057787211483,-0.7085239165761092,0.5712036282273791,-0.41683501111394006,-1.3101025543172091,-0.48533421624173956,-0.4859896580160805,-0.4425704720154108,0.6202230954399146,-0.4667303040676969,-0.1733260033403712,-0.3799662296096213,-0.10687661970148675,walking,Data_Walking_SweaterPocket_Sachin.csv
0.8183303462224434,-0.41540474000408023,-0.2053942915048752,0.9407791930977074,-0.45919320582170614,0.9768322145406464,-0.26276294217004825,-0.6685802311719277,0.44051565912663126,-0.6209322970193031,-0.32153253951800487,0.6855670164415698,-0.6918169455531997,0.46487107308080117,-0.44182655560458456,0.4866988868483757,-0.045058424441135975,-0.6903955749325128,-0.7056563485269016,0.6103849242995355,-0.7323763035881135,0.1456297490540351,-0.4362398704524633,-0.5953162117499714,-0.5015375873647998,-0.5898580297190612,-0.5526595447685262,1.029528068120852,-0.6017932752006764,0.0963899778265924,-0.39614578469794204,-0.6559162030123704,walking,Data_Walking_SweaterPocket_Sachin.csv
0.7918583264455162,-0.3439157308434396,-0.18708782719849715,0.6425083429790643,-0.35199910385926464,0.8578579211477257,-0.2533855445547225,-0.4816866786882947,0.43169296592145706,-0.44035881660867854,0.04639150961081762,0.1794507511160172,-0.11200460643708239,0.4553083682300567,-0.4081075959240427,-0.18005888168657033,-0.19450135309357544,0.8644782790695865,1.521699545078469,-2.557177438364705,2.1135900835810233,0.07397700409117626,0.36289425118006574,-0.41667321308694993,-0.19826475413455807,-0.09027790963338705,0.38476558988678966,0.03611079067649338,0.3629875256388935,-0.13073926947190406,-0.27157766981718173,3.879194895096027,walking,Data_Walking_SweaterPocket_Sachin.csv
0.8218193155993898,-0.3696823277206218,-0.18342653433722156,0.8076746117744042,-0.40004127840825804,0.9474960874026658,-0.25698011201333276,-0.8852327076030936,0.4359088786076042,-0.4957320255519323,-0.25471824488202016,0.5759188169769153,-0.573026124856239,0.5233948267673575,-0.4202217055006573,0.03958899420763411,-0.22030946713865956,-0.6366139658634041,-0.6855334268455431,0.4645934685156643,-0.6562160503217139,-0.17724186233921108,-0.4248998959370889,-0.39121206655156715,-0.4755206847533814,-0.5552364739176487,-0.5426514472455157,0.48805169801169535,-0.5520165464028411,0.02541208804581257,-0.39131972418186944,-0.8345741382437507,walking,Data_Walking_SweaterPocket_Sachin.csv
0.829634079869567,-0.5811392637371353,-0.2053942915048752,1.157438475105712,-0.5261519865993657,0.905121681536694,-0.27733787614566374,1.8815699899932181,0.3051943773613476,-0.6240616336515067,-0.35003997189602504,0.6304331760327886,-0.6649475932526967,0.24314382327487213,-0.44226379309448927,0.8809744002940615,-0.18461341751322974,-0.8351500110302742,-0.7163466506701233,0.6786153256063872,-0.7688662710871796,-0.0020183314754924154,-0.46095867026261506,0.13059576127879594,-0.5103019229625207,-0.713559182391795,-0.5593316097838665,1.673330681400243,-0.6560086931906752,-0.10589700804862967,-0.4087577798934982,1.32616367319239,walking,Data_Walking_SweaterPocket_Sachin.csv
0.8377815975930694,-0.5575192508610484,-0.23468463439508014,1.0155897971991261,-0.5063345895979059,0.9165301754236865,-0.27587242462443656,-0.3375931333265508,0.640049840023015,-0.5803926655975008,-0.2867891063072929,0.6360085082089575,-0.6357212802240794,0.7092938090658304,-0.43570923788065136,-0.6443892640380795,-0.14274356724720833,-0.8153356878468009,-0.7176043332752081,0.6966934661235872,-0.7774866074459039,0.06312052758165212,-0.4580749799493911,-0.19238813165197827,-0.4956999560935899,-0.6855653533194473,-0.5860198698452278,0.9911557269320141,-0.6306447549497401,-0.0668591686692021,-0.40653722553642874,-0.7297766943736615,walking,Data_Walking_SweaterPocket_Sachin.csv
0.8333371975085547,-0.3775423099280639,-0.18708782719849715,0.8747126855795715,-0.4237621020918235,0.8871940482857061,-0.2580284520554871,-0.2655286029376085,0.5266526779687242,-0.6077797432100831,-0.2796622482127878,0.6465396912083876,-0.6399638095346851,0.5655727302957079,-0.43993405143118036,-0.17475103633314362,-0.31307937744467695,-0.6294686894451174,-0.6622662986514724,0.5297136520991268,-0.6687699382227689,-0.10016087912159005,-0.4233053939911295,-0.35488363484023927,-0.49589717336626543,-0.5372729532782559,-0.5426514472455157,0.9101474510889122,-0.5834044199759985,-0.2620483655663476,-0.38859232794430193,-0.3785645154699756,walking,Data_Walking_SweaterPocket_Sachin.csv
0.7863794255259107,-0.2779008495317015,-0.08823291994405565,0.7882432860337759,-0.31596747294751965,0.8415600727377366,-0.24307197332322364,0.07115240900327646,0.41343449500605384,-0.49594233970762136,-0.22710166976581317,0.6168045862688203,-0.5895248499530391,0.3080427135285914,-0.4202647248231433,0.9622516434236941,-0.17097146109879777,-0.5373603585336733,-0.6496894726006233,0.5287417090605676,-0.6599822166920305,-0.06368311804958915,-0.4009050092214134,-0.39844909296513137,-0.5233340403409507,-0.4671402599559027,-0.4592506345537616,0.4454157633574312,-0.46958374711980205,-0.32592846636904954,-0.37648305978199503,-0.014020289404277362,walking,Data_Walking_SweaterPocket_Sachin.csv
0.8533913586015425,-0.29893009520235514,0.17171887320651286,0.5570105097203002,-0.03131758874473383,0.9474960874026658,-0.24652979314962029,-0.1036272456165492,0.3585848957752545,-0.4019961820332556,-0.28055310547460094,0.2550274761707508,-0.3425153656466607,0.3581512869464926,-0.39879470069570533,-1.369025949807903,-0.23222533548961968,-0.6276714991846987,-0.5226635294870475,0.5481805698317505,-0.583821963425631,0.028379802751175038,-0.42290109741951465,-0.07043061844246291,-0.3917348986297106,-0.4343103034442989,-0.1623437413711171,-0.9615700802332914,-0.08278368894554139,0.16736786760737224,-0.37001521997316683,0.3208075656973421,walking,Data_Walking_SweaterPocket_Sachin.csv
0.7943325625192527,-0.3683756742187627,-0.17610394861467035,0.8173902746447184,-0.39703864249894594,0.8358558257942401,-0.2568036518467095,-0.1781230340775731,0.4228957903201057,-0.569650649554696,-0.3616211162995957,0.6217604370920815,-0.6644762011070738,0.44243059236438737,-0.43394732740666825,-0.06489100742560644,-0.055418203290747335,-0.6921231736356945,-0.7100582376446988,0.6094129812609763,-0.7348870811683245,0.18471306448832184,-0.43658477481988295,-0.7559854386047612,-0.545091049862567,-0.5458862688968662,-0.5359793822301754,0.7694488667298399,-0.5666008108913789,-0.3898085671717515,-0.38991912999974543,-0.1692719131413498,walking,Data_Walking_SweaterPocket_Sachin.csv
0.7891073449254493,-0.5353003231607492,-0.22003946294997767,1.0709690755599166,-0.5114390706437364,0.8562281363067268,-0.2743082924259458,1.1813926575028628,0.5024820618927953,-0.591010041040906,-0.35716682999053007,0.6706994639717861,-0.6993592198831655,0.5374328774882503,-0.4373926703710577,-0.08664610519381358,0.11079590265872458,-0.8365018027044634,-0.7176043332752081,0.773865743385183,-0.8107125640906958,0.3649305745464216,-0.46114962673699894,-0.4541266111800534,-0.5747367502912231,-0.672032659543615,-0.569339707306877,1.3194524237698497,-0.6392050841060558,-0.30818399392385426,-0.40533088105442927,0.7983104305281629,walking,Data_Walking_SweaterPocket_Sachin.csv
0.809929145173139,-0.40582811297514476,-0.22370075581125326,0.7697835265801791,-0.4213599933643738,0.9295684541516778,-0.2616148023446917,-1.443294260316745,0.5175794672405669,-0.5675542006363248,-0.24491881500207574,0.6130876981513744,-0.5961243399917592,0.5408372004151154,-0.4335965791403792,0.20796491489691965,-0.19023060800723673,-0.6549656280254127,-0.7138312854599536,0.4519582090143955,-0.6696068640828392,-0.16160853616549636,-0.42890067432721457,-0.7790767059974661,-0.5332501248110999,-0.5702414952142006,-0.5826838373375576,0.08301031879618427,-0.5599427771031334,-0.0668591686692021,-0.3934809497574138,-1.6672902642793257,walking,Data_Walking_SweaterPocket_Sachin.csv
0.8293968694869984,-0.4290511521089572,-0.22736204867252893,0.9718693142827126,-0.48681745618737743,0.935272701095174,-0.2643412544427871,-0.6564768748919539,0.49357045567777375,-0.6328231026614821,-0.3482582573723988,0.6936202740293692,-0.7120868078149827,0.5134496137225832,-0.44346130350553953,0.29494993715794343,-0.16658051074804164,-0.6623905177824497,-0.6691835529794392,0.5549841711016644,-0.6842530666340698,-0.008532217381206724,-0.43048070197567073,-0.29007877232097107,-0.503880528564191,-0.5767078246502533,-0.5760117723222173,0.9442561988123237,-0.6176457366012608,0.060901032936203116,-0.3943794854041116,-0.9332215560063514,walking,Data_Walking_SweaterPocket_Sachin.csv
0.8222607904780594,-0.34273940507789685,-0.07358774849895325,0.8018452140522158,-0.30816061958330826,0.870896199875717,-0.25321566551711355,0.4855607391524193,0.5841542423232348,-0.575754862656237,-0.26006338845289895,0.6861864977944775,-0.6597622796508452,0.6329196729912178,-0.43495578799618956,0.08746630727753851,-0.29442293621413435,-0.7521882829273376,-0.7679116374786045,0.5899741204897935,-0.765016412130856,-0.23977516703406973,-0.4478269543097851,-0.3222229096516136,-0.5331870152838439,-0.5046288264517912,-0.445906504523081,0.41557060909944604,-0.4546824334032527,-0.2939884159676973,-0.38324531316314836,0.36440760398330696,walking,Data_Walking_SweaterPocket_Sachin.csv
0.8274728297172752,-0.5354471163389142,-0.198071705782324,1.069997509272885,-0.4931229915969327,0.9132706057416887,-0.2743192165931152,0.6247622736389747,0.42180262231274845,-0.6460193124441894,-0.3001519652344898,0.7091073078520606,-0.6984164355919197,0.3733241119763405,-0.44519080001600525,1.2901503072829645,-0.16088891922034776,-0.9490123148290368,-0.8307957677328498,0.6298237850707182,-0.8240196852658139,0.10220384301593885,-0.4744563094577626,-2.3747162336428818,-0.5442942920809559,-0.6730508255179033,-0.5559955772761963,1.2000718067379095,-0.6176457366012608,-0.10234811355959138,-0.40542465652008575,0.019641387409024515,walking,Data_Walking_SweaterPocket_Sachin.csv
0.7983420769023912,-0.4618593469060903,-0.1944104129210484,0.9592389525513044,-0.4558903063214629,0.8994174345931978,-0.26785802655630264,-0.49328560151534245,0.5343770387649743,-0.5815023842364948,-0.2965885361872373,0.6688410199130632,-0.6658903775439424,0.6307521265583823,-0.4358878887590463,0.04578884065293768,0.061296595687207585,-0.7706194599776376,-0.6930795224760524,0.6346835002635139,-0.7344686182382892,0.43006943360356603,-0.45098451915004617,-0.9849363830626993,-0.5450121629534961,-0.6239415714015004,-0.5359793822301754,0.8760387033655007,-0.5745270415916711,-0.1129947970267088,-0.40034309297720483,-0.18247712465195384,walking,Data_Walking_SweaterPocket_Sachin.csv
0.8165446791758852,-0.35035427491423493,-0.13216843427936298,0.7581247311358023,-0.3426909325403972,0.910011036059691,-0.254306431749806,-0.11237776769235372,0.45963237839724425,-0.573431347128063,-0.29035253535454536,0.6483981352671107,-0.647034691719028,0.42687525914050967,-0.4345741742624079,0.5851363374605127,0.04770809213352016,-0.6732041612887903,-0.6578644095336751,0.5928899496054709,-0.6930407881648082,0.25636580945118076,-0.43274203762430774,-0.6909435911216009,-0.47230998755421644,-0.5390054713879194,-0.49928302464580354,0.6927041843521639,-0.5260185097058826,-0.13073926947190406,-0.3888620254655864,0.22828630197578698,walking,Data_Walking_SweaterPocket_Sachin.csv
0.8284117874816094,-0.4916900865913232,-0.20173299864359961,1.0631965452636651,-0.4940237823697264,0.9116408209006899,-0.2707151160672316,0.261185563967221,0.4393584650997832,-0.5774980064349465,-0.3375679702306412,0.6149461422100974,-0.6465632995734052,0.4310828492748373,-0.4352402675336883,0.14699657062884638,-0.25339642500774756,-0.7351119315375532,-0.727036952813345,0.5666474875643741,-0.7277732113577265,-0.14184974891816252,-0.4447790608864801,-0.09491963765207444,-0.5139386094706665,-0.6426889310604924,-0.549323512260856,1.413251480009231,-0.6271572134416115,-0.13783705844998193,-0.4024175723846127,0.39636151208714937,walking,Data_Walking_SweaterPocket_Sachin.csv
0.8230481971646414,-0.44614837829619913,-0.245668512978907,1.0262770263564718,-0.5186453968260855,0.9206046375261838,-0.26622288993953963,-0.4692146181161438,0.5563911966467707,-0.6388860966989305,-0.3518216864196513,0.704770938381707,-0.7224574350186855,0.5939038372001803,-0.4442669876380599,0.01067635408362466,-0.09777064151960287,-0.7921845500756367,-0.7484175570997884,0.6756994964907098,-0.7889524917288673,0.08700477590260508,-0.45450481349841715,-0.779113141754509,-0.5251878827041049,-0.6102797432539403,-0.5926919348605681,1.2554985217884531,-0.6566427916466986,-0.06685916866920083,-0.39872664681830694,-0.7368203886352561,walking,Data_Walking_SweaterPocket_Sachin.csv
0.8092603436778409,-0.49299473399645677,-0.21271687722742647,0.9553526874031787,-0.4697024315042985,0.8986025421726985,-0.2708326682440812,-0.2284063418650692,0.6005570262679896,-0.6339279770484854,-0.246700529525702,0.7010540502642612,-0.664004808961451,0.6347047112300234,-0.4436095271907025,0.5168664819444878,-0.29401688230563633,-0.8596340426879062,-0.7735712092014866,0.6346835002635139,-0.78803187328279,-0.10710902408768547,-0.4643029656330619,-0.2802316964589586,-0.5952315692677131,-0.6349958255925569,-0.5726757398145471,0.7438673059372811,-0.5995739306045945,-0.2159127372088396,-0.4015864059444977,-0.6257594292231327,walking,Data_Walking_SweaterPocket_Sachin.csv
0.831343971377249,-0.4507106025236962,-0.22370075581125326,0.9106606381997339,-0.4648982140493991,0.9263088844696801,-0.2667069777066301,-0.660165783233703,0.4295388932429951,-0.6048069355798805,-0.35716682999053007,0.6781332402066779,-0.7050159256306398,0.43146535746886705,-0.43949403045258,0.42766616884703784,-0.08044514946089301,-0.7565238127689765,-0.7572213353353828,0.6327396141863957,-0.7763149112418054,0.2433380376397518,-0.4485820419465728,-1.061376682087941,-0.4906511939130842,-0.6091168449817546,-0.5726757398145471,0.8078212079186777,-0.6043296690247699,-0.02427243480073369,-0.3985849777707778,-0.868791222537732,walking,Data_Walking_SweaterPocket_Sachin.csv
0.8160900259426289,-0.4563456371060126,-0.18708782719849715,0.9446654582458331,-0.44538108063887055,0.8611174908297234,-0.26729442732538305,0.05944756888424961,0.5392663777276993,-0.5671958022466019,-0.2965885361872373,0.6310526573856963,-0.6371354566609481,0.6468174707076332,-0.4335363918275113,-0.2974134926140068,-0.12097993573539666,-0.6449930108578923,-0.6987390941989345,0.613300753415213,-0.7290286001478321,0.08266218529879554,-0.4267434534489845,-0.439291776911284,-0.5069807840906573,-0.6266621425416932,-0.5459874797531858,1.0551096289134108,-0.5973545860085127,-0.22655942067595702,-0.4006544471475915,0.06053029037533912,walking,Data_Walking_SweaterPocket_Sachin.csv
0.8310112179239234,-0.5180904305498941,-0.24200722011763132,1.0495946172452255,-0.5228490870991224,0.9271237768901797,-0.272973117759752,-0.3189971453517332,0.5907926352700288,-0.6329724537883563,-0.28055310547460094,0.6917618299706463,-0.6748468283107768,0.6299871101703227,-0.44348137612602906,0.04374619598879223,-0.20527509712976394,-0.8759110515040149,-0.7987248613031848,0.6395432154563097,-0.8068627051343722,-0.038930351607874274,-0.4663922884703566,-0.7782248361681969,-0.5334867855383113,-0.6679739562387785,-0.5926919348605681,1.174490245945351,-0.6506188563144766,-0.07040806315824165,-0.4049521923137359,-0.513756216298834,walking,Data_Walking_SweaterPocket_Sachin.csv
0.8219445099679683,-0.5650889033713801,-0.2603136844240094,1.0894288350135135,-0.5501730738738623,0.9132706057416887,-0.27636420811084644,0.2737573622715008,0.5265366642797552,-0.6510386071034052,-0.3402405420160806,0.7363644873799974,-0.7403703365523543,0.5461158134927264,-0.4458252320915685,0.6101608569175168,-0.2938716618027853,-0.7348467697131421,-0.7609943831506375,0.48597621536396546,-0.7156377863867069,-0.15270622542768658,-0.44473080465978165,-0.7370125225998623,-0.55403682535115,-0.7036945572772968,-0.609372097398919,1.4430966342672162,-0.6864454190797974,-0.11654369151574709,-0.4080175789055886,0.07504190856976023,walking,Data_Walking_SweaterPocket_Sachin.csv
0.8239014956241589,-0.4481039712983999,-0.21271687722742647,0.9874143748752152,-0.4796111300050283,0.9548301191871609,-0.2664313226523828,-0.5200110122916862,0.5376701537457438,-0.6669212010216765,-0.3482582573723988,0.7183995281456754,-0.730942493639897,0.5848638935479431,-0.4477478160759555,0.0078080538059023055,-0.29480546322323364,-0.6443790669945848,-0.6974814115938496,0.6239921268393634,-0.7327947665181486,-0.31490198447997636,-0.42660933614308366,-0.10464350729403502,-0.5307888532481034,-0.6009540119642807,-0.5593316097838665,0.9527833857431763,-0.6024273736566998,0.004118721111578999,-0.3975725464068375,-0.7396378482047298,walking,Data_Walking_SweaterPocket_Sachin.csv
0.8175857691882694,-0.4309681041137093,-0.198071705782324,0.870826420431446,-0.43156895545603496,0.8790451240807114,-0.2645575277240414,-0.3656510284706572,0.48264168793941964,-0.6374642252213589,-0.34647654284877255,0.6973371621468152,-0.7139723763974741,0.5124295918718371,-0.44407973024278113,0.33885158344986777,-0.14110181786511933,-0.707662861123087,-0.7421291440743639,0.5928899496054709,-0.74911482078952,0.034893688656889445,-0.43963299595438493,-0.7852344861941346,-0.530007872848306,-0.594646795377886,-0.5526595447685262,0.6372774693016203,-0.572624746223601,-0.24430389312115103,-0.3967686840148536,-0.562332462693839,walking,Data_Walking_SweaterPocket_Sachin.csv
0.8527489138154192,-0.38471746647902944,-0.14315231286318983,0.901916541616451,-0.3961378517261523,0.9311982389926767,-0.2589657924420928,-0.19951174227114457,0.3979426814933707,-0.5437851362583911,-0.34113139927789377,0.6242383625037121,-0.6555197503402395,0.44600066884199874,-0.4294625441827332,0.1656463450564572,-0.18587762224042226,-0.6596638584549734,-0.6434010595751987,0.6249640698779226,-0.6972254174651598,-0.21827934354521206,-0.4299030514951232,0.37578906142659246,-0.4163081708051408,-0.5600640934050516,-0.49928302464580354,0.7950304275223984,-0.5336276911781632,0.02541208804581257,-0.3920266816852638,-0.08551751105535958,walking,Data_Walking_SweaterPocket_Sachin.csv
0.7930674404788866,-0.37473008579641476,-0.15047489858574103,0.7931011174689331,-0.36851360136048117,0.9018621118546963,-0.2576559532709096,-0.5683599764475501,0.45101683342961135,-0.5876658747379234,-0.3509308291578382,0.6378669522676805,-0.6710756911457939,0.4938141930957212,-0.4368686621451752,-0.02617117014887423,-0.062183730920118224,-0.6639124528965655,-0.7220062223930054,0.5617877723715784,-0.7223331932672695,0.13477327254451096,-0.43080182259029454,-0.7546588023045402,-0.5510154567337539,-0.5514303651942116,-0.5026190571534738,0.5392148195968126,-0.5177752297775788,-0.16622821436229335,-0.39075458613237785,-0.6726346914540264,walking,Data_Walking_SweaterPocket_Sachin.csv
0.8295550097420443,-0.4982912533540438,-0.22003946294997767,0.9708977479956813,-0.4805119207778219,0.9043067891161948,-0.27130352700339366,-0.18558724395349666,0.5142188853411039,-0.6393356129642402,-0.34914911463421194,0.6787527215595857,-0.701244788465657,0.5140871273792995,-0.4443259726845619,0.27544782684867836,-0.31135029996868346,-0.7861215828241438,-0.7823749874370809,0.6701594211709226,-0.8091642512495656,-0.2612709905229274,-0.45353407050720984,-0.05606162708441144,-0.5377151238644851,-0.6524848326818324,-0.5793478048298876,0.9996829138628672,-0.6249378688455297,-0.15558153089517593,-0.40343541284121887,-0.17958588989929772,walking,Data_Walking_SweaterPocket_Sachin.csv
0.8209396604306982,-0.4563898130374168,-0.18708782719849715,1.0078172669028749,-0.4648982140493991,0.8920834028087027,-0.2672989869241186,0.19219630566441895,0.3641466274364696,-0.5853732814093489,-0.34647654284877255,0.5901668880937911,-0.6324215352047193,0.3469310465882857,-0.43650612127499044,0.3573076144248093,-0.2560771225856419,-0.7791898871868846,-0.8062709569336941,0.614272696453772,-0.8010042241138801,-0.1750705670373062,-0.4524060471839531,-0.5904816250441985,-0.5294635531757211,-0.6082233760460001,-0.5426514472455157,1.1020091570331014,-0.5976716352365244,-0.20171715925268388,-0.3984756972374317,-0.043865595991523086,walking,Data_Walking_SweaterPocket_Sachin.csv
0.8514442567112918,-0.5037578765224203,-0.23834592725635573,1.104973895606016,-0.5369614758728892,0.9173450678441858,-0.271778785408825,0.1558989050888875,0.5717488587014291,-0.6000393214796772,-0.32955025487432305,0.6062734032693902,-0.6357212802240794,0.6117542195882366,-0.4387789069160429,-0.6095077071471904,-0.22606411330363207,-0.7389217639338123,-0.753448287520128,0.5958057787211483,-0.7579025423202583,-0.04327294221168381,-0.44546926920848107,-0.6370683563709296,-0.4657781514831881,-0.6503129900890766,-0.5760117723222173,1.5880588120917147,-0.6655201700310259,-0.10944590253766923,-0.4032136637444802,0.11131456979882187,walking,Data_Walking_SweaterPocket_Sachin.csv
0.7974591271450523,-0.45410481203811526,-0.18342653433722156,0.9242625662181735,-0.4360729093200031,0.8880089407062054,-0.2670622084710437,0.0002475859990547534,0.5027374254578497,-0.6338014060448607,-0.3438039710633331,0.6614072436781713,-0.6852174555144797,0.552592952244964,-0.4435925788297115,-0.14063218251312076,-0.19854414512839305,-0.7363116459766237,-0.7496752397048734,0.4956956457495569,-0.7122900829464257,0.032722393354984676,-0.4449970394587845,-0.928020867682381,-0.5917605452686145,-0.6107789605296362,-0.5393154147378455,0.9186746380197649,-0.580868026151905,-0.25849947107730803,-0.3987872673023256,0.06934703734272343,walking,Data_Walking_SweaterPocket_Sachin.csv
0.8542314787064733,-0.5085696953678785,-0.23468463439508014,1.0826278710042936,-0.5270527773721594,0.9279386693106789,-0.27218810317719383,-0.1342415946929061,0.4824777031439203,-0.6184687761937981,-0.31351482416168674,0.6545929487961871,-0.664004808961451,0.5003168323942274,-0.4414788214043173,0.135985836289811,-0.276119565614249,-0.7760668088324597,-0.7521906049150432,0.6547055268578323,-0.7824244700203188,-0.14445530328044828,-0.45189147511398564,-0.2653452255139672,-0.4729884149722221,-0.6547331671465191,-0.5793478048298876,1.4217786669400838,-0.6563257424186869,-0.08460364111439736,-0.4036626218034769,-0.19979724886756103,walking,Data_Walking_SweaterPocket_Sachin.csv
0.7607672933857943,-0.3585024035945403,-0.1577974843082923,0.9398076268106761,-0.4198586754097179,0.8374856106352393,-0.2554501763901005,0.05633209282733004,0.6133475812682532,-0.6529207073081837,-0.2823348199982272,0.722735897616029,-0.6993592198831654,0.6441399133494246,-0.44605980303550447,0.5680016384278829,0.2672395960983921,-0.6954240991477523,-0.6484317899955383,0.6592736591390602,-0.7153448623356823,0.4582962725283286,-0.4372404324847924,-0.48298440572282836,-0.5813001411258798,-0.5298862852504681,-0.5126271546764842,0.5562691934585183,-0.5285549035299762,-0.33302625534712615,-0.38742653153366546,-0.3467123086897116,walking,Data_Walking_SweaterPocket_Sachin.csv
0.8138661786060482,-0.4080530597853868,-0.1577974843082923,0.9942153388844351,-0.4366734365018655,0.9075663587981925,-0.26188453163951353,0.28103276996943455,0.5884534692532005,-0.6279442941106694,-0.29035253535454536,0.6936202740293692,-0.6814463183494969,0.6450324324688275,-0.44279931949887563,0.24034285120703414,-0.021453470812992686,-0.6707807213605786,-0.6999967768040195,0.6547055268578323,-0.7476920468274004,0.06094923227974726,-0.43223935657858004,-0.07298719233939588,-0.5060262524909052,-0.5917106501603743,-0.5226352521994947,1.1531722786182186,-0.5824532722919633,-0.15203263640613762,-0.39638805086223183,0.5326576241124371,walking,Data_Walking_SweaterPocket_Sachin.csv
0.8135630764505436,-0.41219394249765723,-0.14315231286318983,0.8271059375150324,-0.37301755522444924,0.8969727573316997,-0.2623817251563308,-0.3882249953932547,0.46523432278769944,-0.6520064199813083,-0.27164453285646967,0.719019009498583,-0.6908741612619541,0.39780463639424646,-0.44594607951654575,2.021417558659468,0.19255840447547323,-0.8801996728460834,-0.671698918189609,0.730905861080869,-0.7616687086905748,0.406185185282613,-0.46692496841457226,0.248404475503355,-0.5054977102001339,-0.574802655612206,-0.49928302464580354,0.4923152914771217,-0.5111171959893333,-0.05621248520208341,-0.3941168055388367,-0.34941959813522144,walking,Data_Walking_SweaterPocket_Sachin.csv
0.7605795018329276,-0.5902527298067295,-0.3005879058980412,1.1554953425316494,-0.6036199930596174,0.8293366864302446,-0.27784893662036997,0.10004548892508418,0.8105442934836385,-0.6727422825321442,-0.28055310547460094,0.7864185806949358,-0.7468755481619497,0.9163582447672846,-0.4484201257402641,-0.01424390205948096,0.386655961236861,-0.9442827400160425,-0.7370984136540243,0.830530022533181,-0.8480813037428356,0.6059443530578561,-0.4739998707788835,-0.9555955080044976,-0.5687965660382213,-0.7287734299669217,-0.6327243249526101,1.6349583402114054,-0.7229060803011416,-0.18042379231844907,-0.4098091662085107,-0.38493346617121954,walking,Data_Walking_SweaterPocket_Sachin.csv
0.7921811961329013,-0.5940644335958496,-0.2969266130367655,1.0379358218008485,-0.5642854626476291,0.9165301754236865,-0.2780537091713335,-1.8587342646784355,0.47291816645069884,-0.6599025163519274,-0.33667711296882813,0.6744163520892321,-0.6913455534075769,0.47825885987184347,-0.4469141266999358,0.4763370230285695,0.07733875746417314,-0.7671397861757618,-0.6389991704574015,0.7552238759056186,-0.7503785788382261,0.1738565879787978,-0.450398898808,0.5535136187734452,-0.5755177306910199,-0.7262168785786152,-0.6360603574602802,0.9783649465357351,-0.6772509914674585,-0.010076856844577976,-0.40964014709477886,-2.4228097237136828,walking,Data_Walking_SweaterPocket_Sachin.csv
0.7978775399031944,-0.49494883437588877,-0.20905558436615088,1.0991444978838274,-0.5111388070528052,0.9116408209006899,-0.27100757737242914,0.2800165864925374,0.5658912271531173,-0.6929117727413999,-0.36518454534684824,0.6991956062055381,-0.7252857878924227,0.5860751694957042,-0.4506154645758076,-0.37372045097836726,0.057353388655994694,-0.8514314237403318,-0.7333253658387695,0.6682155350938044,-0.7756872168467527,0.29979171548927713,-0.463209529306801,-0.7292273685332034,-0.5795488517445174,-0.6419556920392421,-0.5526595447685262,1.383406325751246,-0.6281083611256466,-0.08815253560343567,-0.4023395597123905,0.22739838385748876,walking,Data_Walking_SweaterPocket_Sachin.csv
0.8022263969169524,-0.40229655564248684,-0.13949102000191424,0.9951869051714665,-0.4219605205462363,0.8268920091687464,-0.26118296845499617,0.5853255361732088,0.5001497645911059,-0.6909220480566177,-0.3740931179649795,0.7468956703794275,-0.7662969045616115,0.5124295918718371,-0.4504081507048929,0.7335530725038987,0.07977002692966755,-0.7763976442597549,-0.7477887157972459,0.7357655762736647,-0.8143950378750051,0.2824213530740386,-0.451946171537313,-0.634676871767243,-0.5484831869525939,-0.5678119905414826,-0.5059550896611439,1.0679004093096902,-0.5602598263311451,-0.49272650735388235,-0.3931382445628801,0.4012220923120513,walking,Data_Walking_SweaterPocket_Sachin.csv
0.820870474069116,-0.3509695357725122,-0.15413619144701668,0.6687406327289125,-0.33308249763059855,0.932013131413176,-0.2543936399129632,-1.0859349278522663,0.4473409674747662,-0.5857778516190726,-0.31351482416168674,0.6737968707363243,-0.6786179654757596,0.4689511604837855,-0.4365702937418784,0.3392410878112601,-0.007965130088653075,-0.5800315237552727,-0.6151032009607883,0.6632586255971528,-0.694882025056963,0.1456297490540351,-0.4117084299301632,0.07143054914373605,-0.4512392941415132,-0.5520503265660175,-0.49928302464580354,0.05742875800362584,-0.478778174732141,0.021863193556774272,-0.39084710624707747,-0.9384356473246763,walking,Data_Walking_SweaterPocket_Sachin.csv
0.7953637687656969,-0.3497327428401131,-0.16145877716956789,0.6901150910436035,-0.3456935684497093,0.9091961436391917,-0.2542181946059227,-0.8695345480246347,0.4801598061580334,-0.5717030036475483,-0.335786255707015,0.587069481329253,-0.6244078687291309,0.5261998868569092,-0.43428851936301677,-0.5082386155833011,0.010082865409917926,-0.5514277744393257,-0.4610370818378871,0.5617877723715784,-0.5486710773026773,0.1412871584502255,-0.40454782532310846,0.7868464783358727,-0.4978062365657704,-0.5550876479047877,-0.5159631871841543,0.7268129320755754,-0.5444073649305606,-0.059761379691122975,-0.3912977549336468,-0.3113122825110138,walking,Data_Walking_SweaterPocket_Sachin.csv
0.8291036510974343,-0.15985683568270176,0.039912330200590776,0.5404938828407663,-0.13430800043413837,0.9629790433921556,-0.22067034528595583,-0.6988165983916185,0.42496939218476215,-0.371079395260757,-0.0017147825270913788,0.5245018646855799,-0.4000252074126496,0.3218130085136635,-0.39074123320857007,1.1619751267794272,-0.1739041416384516,-0.27221266814655903,-0.4654389709556843,-0.399463892763412,-0.1377404800081481,0.047921460468318446,-0.3172950418429389,-3.2082146346512275,-0.30591383025202357,-0.37249561983293406,-0.3091291717086042,-0.061951859028314356,-0.28918273638115094,0.38030153694971297,-0.3564536117571998,-0.5316184741411967,walking,Data_Walking_SweaterPocket_Sachin.csv
0.8136388519894198,-0.5694473297454017,-0.2529910987014582,1.169097270550089,-0.5687894165115974,0.8904536179677038,-0.27663789125458066,0.45370989504841674,0.3972107084694931,-0.49786653998706093,-0.26006338845289895,0.5951227389170524,-0.5904676342442848,0.3737066201703703,-0.4206572649197098,0.4085610850706646,-0.2710434301341527,-0.953106136471916,-0.7980960200006423,0.7078708110670173,-0.835862186185809,-0.0237312844945405,-0.47484409961875096,-0.454566624254421,-0.558202054150067,-0.7014391487278524,-0.5993639998759084,1.6136403728842736,-0.6896159113599143,-0.2052660537417222,-0.4078418781185703,0.24205750104941232,walking,Data_Walking_SweaterPocket_Sachin.csv
0.8153388597311615,-0.36840493763612847,-0.17244265575339476,0.7435512368303311,-0.37121597367886205,0.9173450678441858,-0.25680761060753027,-1.1141859109422725,0.42372784248604783,-0.5919277411401609,-0.3010428224963029,0.6607877623252637,-0.6621192403789595,0.38033676220021984,-0.4375354668904269,0.8941621826158564,-0.28336051807740825,-0.5876427110783524,-0.7043986659218167,0.5481805698317505,-0.7047577502057928,-0.1715964945542585,-0.413558141898565,-0.26787967392336115,-0.509576163399074,-0.5521348319284464,-0.5159631871841543,0.4326249829611518,-0.5225309681977541,-0.031370223778811546,-0.3908597033516624,-1.0714342504904106,walking,Data_Walking_SweaterPocket_Sachin.csv
0.8295615989193376,-0.4032847432577469,-0.08091033422150445,1.0097603994769377,-0.37842229986121106,0.8660068453527201,-0.2613042606774906,1.0328457812118832,0.4389737516356678,-0.642905389815771,-0.3740931179649795,0.6694605012659708,-0.7073728863587541,0.41425248873752696,-0.44479072328457414,0.5765153662190691,-0.2774395631576745,-0.7620702183940158,-0.735211889746397,0.587058291374116,-0.742000950978922,-0.08626458918939921,-0.44953695186143766,-0.6401073500146479,-0.5296607704483974,-0.5499575748434596,-0.44924253703075107,0.8973566706926328,-0.49367948844869036,-0.2620483655663476,-0.3905340649795296,0.6753199902409239,walking,Data_Walking_SweaterPocket_Sachin.csv
0.8292453184092464,-0.3129876745660153,-0.10287809138915804,0.9009449753294196,-0.3628085931327881,0.9197897451056842,-0.24875138191181057,0.28080127908787317,0.43506762018283146,-0.5599638875964419,-0.3562759727287169,0.6199019930333586,-0.6602336717964681,0.48335896912557386,-0.4323078594322593,-0.0020058564712906097,-0.21987462859404347,-0.7107361891155544,-0.686791109450628,0.6615091281277462,-0.7418335658069082,-0.17984741670149684,-0.4402243006100174,-0.07228604024967487,-0.4880321485319473,-0.4885771677316944,-0.4659226995691019,0.6756498104904581,-0.493045389992667,-0.07750585213631825,-0.3804312572682222,0.09033620181572449,walking,Data_Walking_SweaterPocket_Sachin.csv
0.8044963684945878,-0.41140381667170767,-0.198071705782324,0.842650998107535,-0.4228613113190299,0.8741557695577148,-0.2622873376601663,-0.4493751948071266,0.4252836173677406,-0.640403328128743,-0.335786255707015,0.6787527215595857,-0.694173906281314,0.44051805139423855,-0.44446566257433257,0.6083668150524902,0.028535730512984712,-0.6658938521420885,-0.6849045855430006,0.6835722351030388,-0.7500772855286008,0.14997233965784476,-0.4312184861783279,-0.2604395813125038,-0.5176936263424169,-0.5910169088948746,-0.5559955772761963,0.7140221516792964,-0.5815021246079284,-0.20171715925268388,-0.3962975208122187,-0.4810693725641705,walking,Data_Walking_SweaterPocket_Sachin.csv
0.8568572658579617,-0.3706267416884406,-0.18342653433722156,0.6580534035715668,-0.3538006854048519,0.9303833465721774,-0.2571072652434873,-1.5362736152791165,0.49953908566273075,-0.6076481292400643,-0.2939159644017979,0.6750358334421397,-0.6691901225633025,0.4764738216330378,-0.43991466624487835,0.7940837039622209,-0.155299911659619,-0.703826685332319,-0.7069140311319866,0.6220482407622452,-0.7382347846086058,0.004495554430222087,-0.43888956815613167,-0.4025086993147939,-0.42556949393000537,-0.5540746861112469,-0.5226352521994947,0.48805169801169535,-0.5329935927221399,-0.0420169072459277,-0.3911479462670578,-0.9735522741231672,walking,Data_Walking_SweaterPocket_Sachin.csv
0.7755962368849793,-0.36878644513443704,-0.17244265575339476,0.9067743730516081,-0.42166025695530507,0.8594877059887246,-0.25685919245756034,-0.16026842060854446,0.6009194938172328,-0.6520150517121216,-0.27877139095097464,0.7264527857334749,-0.7003020041744112,0.6294770992449498,-0.4459471551738503,0.5680665199124383,0.0771842726477564,-0.6878388722774736,-0.6955948876862224,0.6570381901503742,-0.7457671173492387,0.3736157557540409,-0.4357272288438285,-0.8072373012270186,-0.5883289647240525,-0.53621618841801,-0.5326433497225052,0.6884405908867376,-0.5574063832790399,-0.35786851677039927,-0.3884271265010815,-0.5100994252591753,walking,Data_Walking_SweaterPocket_Sachin.csv
0.7875061748431116,-0.39140955074625583,-0.14681360572446542,0.8203049735058124,-0.3739183459972429,0.8945280800702012,-0.25982311393389146,-0.14020538849475722,0.5383866196094367,-0.5342905396467283,-0.26006338845289895,0.6180435489746356,-0.6079091436323307,0.4764738216330378,-0.42773037499508526,0.4958759930600644,0.3345225647804397,-0.726647717113915,-0.583032294531123,0.7130221091713808,-0.69496571764297,0.6102869436616658,-0.4432246637953343,-0.01498249572674137,-0.4903829784222452,-0.5584659198568963,-0.49928302464580354,0.5605327869239447,-0.5161899836375203,-0.09879921907055307,-0.3917938653479338,0.10078443363724643,walking,Data_Walking_SweaterPocket_Sachin.csv
0.7918352643249886,-0.5788438325789171,-0.245668512978907,1.109831727041173,-0.5444680656461695,0.8823046937627095,-0.27720438157541855,0.2743662047111913,0.5307432137078685,-0.5375119549026317,-0.2315559560748788,0.6068928846222978,-0.5843395363511877,0.47991639537930586,-0.4283232529736019,0.7659405020861585,0.14798288914731744,-0.9619217070433138,-0.7251504289057177,0.8419017560843228,-0.8450265243535792,0.3584166886407071,-0.47565618145075633,0.2379023309661678,-0.5613890852765117,-0.7201139104103359,-0.5860198698452278,1.5241049101103181,-0.6702759084512013,-0.10944590253766923,-0.4092241693376839,0.4169056164027353,walking,Data_Walking_SweaterPocket_Sachin.csv
0.808183013190342,-0.5504286666081835,-0.2603136844240094,1.100116064170859,-0.5534759733741056,0.8986025421726985,-0.27539282156727635,0.009886691919188341,0.5641032112001267,-0.6541670093956738,-0.30638796606718166,0.7022930129700764,-0.6965308670094282,0.5950513617822696,-0.4462141350822301,0.3786120157666654,-0.07440901938513836,-0.9581707337034102,-0.8163324177743734,0.6977626034660023,-0.843645596684463,0.15431493026165438,-0.4753144813430326,-1.3059658492937243,-0.5840217394888092,-0.6938030033612117,-0.6160441624142593,1.345033984562408,-0.6854942713957624,-0.1733260033403712,-0.40722914556471446,-0.3413010317778665,walking,Data_Walking_SweaterPocket_Sachin.csv
0.7993436318510144,-0.5209392536788797,-0.20905558436615088,1.0330779903656917,-0.49072088286948307,0.8871940482857061,-0.27320159036805214,0.43616390325687177,0.3221219747536074,-0.6397273431963485,-0.3598394017759695,0.6663630945014325,-0.6974736513006741,0.2788445880509849,-0.444377290777754,1.3514130867095295,0.17030088317499997,-0.9020508848451748,-0.7050275072243591,0.7471965983501587,-0.7908611011527578,0.3844722322635649,-0.46952372331417164,-0.22072171820383069,-0.5378807863735322,-0.6496049007452716,-0.549323512260856,1.0039465073282936,-0.5967204875524893,-0.1236414804938262,-0.4031408842979193,0.10806696453462493,walking,Data_Walking_SweaterPocket_Sachin.csv
0.8128547398914847,-0.6269517955909378,-0.2932653201754899,1.1904717288647801,-0.6084242105145168,0.9165301754236865,-0.2796005363157699,-0.07665077650514585,0.5137983280866856,-0.620117716903601,-0.3384588274924544,0.6645046504427096,-0.6847460633688568,0.5940313399315235,-0.4417119186285718,-0.276183774490383,-0.09089106891679383,-0.9451437073540087,-0.7767154157141989,0.7556806891337414,-0.8422186380930431,0.06312052758165212,-0.4740836329927462,0.25228913288887034,-0.5686624582928025,-0.7729819211238915,-0.6427324224756206,1.8993011350678446,-0.752074609278217,-0.09525032458151352,-0.41224299402914183,-0.2926732297773316,walking,Data_Walking_SweaterPocket_Sachin.csv
0.8336073537775913,-0.36084924106755295,-0.1211845556955361,0.8504235284037863,-0.36220806595092575,0.9132706057416887,-0.2557751110924369,-0.18041472860022745,0.42593459275826423,-0.6011034316701442,-0.33667711296882813,0.6676020572072479,-0.6861602398057254,0.3833968277524581,-0.43893952780439427,0.929270544079901,-0.042988518917927286,-0.7337296410992714,-0.7075428724345288,0.6288518420321592,-0.741582488048887,0.23899544703594225,-0.44452718903482286,-0.8497282610295879,-0.4648157311925285,-0.5396640288067687,-0.489274927122793,0.6500682496978998,-0.5133365405854151,-0.13783705844998193,-0.3889641693734792,-0.34591979389939975,walking,Data_Walking_SweaterPocket_Sachin.csv
0.7921713123669607,-0.4378590625656191,-0.19074912005977282,0.9631252176994299,-0.45408872477587564,0.9067514663776929,-0.2653239146417362,0.057893943614335044,0.49430680374611324,-0.6936275702793159,-0.3616211162995957,0.6508760606787412,-0.6866316319513482,0.5233948267673575,-0.4506895495365689,0.17855338864683443,-0.1728184022919139,-0.6746036974563756,-0.6817603790302883,0.5287417090605676,-0.6813238261238236,-0.008532217381206724,-0.43303125549038274,-0.2939584201247194,-0.5931726209409752,-0.6123186313115582,-0.549323512260856,1.1574358720836453,-0.6081342597609103,-0.20171715925268388,-0.39897348881539124,0.1486867207759249,walking,Data_Walking_SweaterPocket_Sachin.csv
0.8300261359185347,-0.2836866606714485,-0.11752326283426057,0.9213478673570793,-0.3811246721795919,0.8969727573316997,-0.2440394016019095,-0.0043682207114150995,0.6196326867581009,-0.6087392705122051,-0.2369010996457576,0.6521150233845565,-0.6215795158553936,0.6716805033195687,-0.4400751105640807,-0.014517125550202249,0.07962970919069651,-0.6322243296619189,-0.6666681877692695,0.6045532660681806,-0.7039208243457225,0.31281948730070597,-0.4239227705186391,-0.6328068659326201,-0.4355092444728756,-0.4667515547622961,-0.4625866670614318,0.7140221516792964,-0.4927283407646554,-0.17687489782941077,-0.37640946281828674,-0.144534058924406,walking,Data_Walking_SweaterPocket_Sachin.csv
0.8007240644940182,-0.4172519788766414,-0.15413619144701668,0.9524379885420845,-0.4207594661825115,0.8953429724907008,-0.26298056155859295,0.3584638961202389,0.6484310200690181,-0.632385812894808,-0.26540853202377773,0.7425593009090738,-0.7054873177762626,0.6683654323046441,-0.4434024666135541,0.49027809898234226,-0.09280497740745411,-0.6637189189165533,-0.6735854420972365,0.6651053173704151,-0.7345941571172997,-0.038930351607874274,-0.43076103981098424,0.24079732333297182,-0.5448228343717273,-0.5957987836120727,-0.5192992196918246,1.276816489115585,-0.5884772076241854,-0.25849947107730803,-0.3969169106775241,0.594982672974142,walking,Data_Walking_SweaterPocket_Sachin.csv
0.8304676107972038,-0.44803717764737316,-0.20173299864359961,1.0427936532360056,-0.48771824696017096,0.9295684541516778,-0.26642422658452686,-0.05554187709114574,0.42674824112872295,-0.6878018144283519,-0.2974793934490504,0.6899033859119234,-0.6823891026407425,0.39525458176738126,-0.45007896635399247,1.323771100227479,-0.14676753457889394,-0.6324276351289545,-0.6754719660048639,0.5394330824847181,-0.6817422890538589,0.1608288161673688,-0.423968197819359,-0.8239363394810368,-0.4937593381304587,-0.6030078347873056,-0.5526595447685262,1.2597621152538794,-0.6189139335133077,-0.10234811355959138,-0.39783024784683474,-0.30814927068302306,walking,Data_Walking_SweaterPocket_Sachin.csv
0.8085223558209607,-0.5633322118655296,-0.2529910987014582,1.0797131721431992,-0.5411651661459261,0.910011036059691,-0.276251940708369,0.1552714660182148,0.5825649088618631,-0.6281785205899482,-0.3340045411833887,0.7376034500858126,-0.73801337582424,0.6306246238270391,-0.442831379051721,0.33221252224854564,-0.11830369521557497,-0.9210684777921249,-0.8024979091184394,0.7087455598017206,-0.8391680433330868,0.11523161482736766,-0.4716285388566549,-0.8365891376384352,-0.5824597786892156,-0.7024319680281467,-0.5993639998759084,1.3279796107007023,-0.6683736130831311,-0.15203263640613762,-0.40791951713227165,-0.031122817631998596,walking,Data_Walking_SweaterPocket_Sachin.csv
0.8112667481637339,-0.462026254323971,-0.21637817008870208,0.9155184696348908,-0.46039426018543095,0.8920834028087027,-0.2678749146771374,-0.552495849643692,0.5239464783424936,-0.641771672747101,-0.3277685403506968,0.7134436773224142,-0.7163293371255884,0.5379556386867578,-0.44464383098998994,0.495033708432451,-0.10145129599419771,-0.7581053593396235,-0.6955948876862224,0.6862936756110044,-0.758362851543297,-0.038930351607874274,-0.44885559878375736,0.303857442742409,-0.5508813489883343,-0.6240720952461398,-0.5660036747992068,0.9655741661394558,-0.6097195059009686,-0.1733260033403712,-0.4003581106454779,-0.4104347155251318,walking,Data_Walking_SweaterPocket_Sachin.csv
0.8149830441573085,-0.6049130767722865,-0.2566523915627338,1.2050452231702513,-0.5829018052853642,0.9083812512186921,-0.2786075365379293,0.8969807843077594,0.470053976781877,-0.5930113211301379,-0.3037153942817423,0.6855670164415698,-0.6823891026407425,0.4277677782599125,-0.4377035198090461,0.8806054898377188,-0.052950441662281834,-0.9250885820139784,-0.7584790179404677,0.7185621844911679,-0.8141021138239806,0.19774083629975076,-0.4720547723751811,-0.29028896704691215,-0.5515203329518042,-0.7393152574375118,-0.6127081299065892,1.8268200461555952,-0.7181503418809663,-0.08815253560343567,-0.4104734564775273,0.27242351041888296,walking,Data_Walking_SweaterPocket_Sachin.csv
0.830375362315094,-0.3813656097723888,-0.17610394861467035,0.9203763010700479,-0.4288665831376541,0.9589045812896582,-0.2585302515968787,-0.6385316318779004,0.5286342303283408,-0.6198112173161243,-0.2609542457147121,0.7109657519107836,-0.6790893576213825,0.5098795372449719,-0.44166869658985336,0.9929903397592139,0.06601170150437362,-0.6738023947781934,-0.6622662986514724,0.6948467743503248,-0.7398667900357428,0.2845926483759434,-0.43286576095782686,-0.5083176894791703,-0.4529432513774345,-0.5624095088423086,-0.5226352521994947,0.9101474510889122,-0.5643814662952971,0.02541208804581257,-0.39236616637110705,-0.7220909487021726,walking,Data_Walking_SweaterPocket_Sachin.csv
0.7923986389835892,-0.5355545352037497,-0.22736204867252893,1.100116064170859,-0.5264522501902968,0.8733408771372152,-0.2743272055960739,0.6349672274819292,0.44417169869876866,-0.6487004337225117,-0.34736740011058564,0.6824696096770315,-0.7031303570481483,0.42713026460319625,-0.44553129438104694,0.6174376260703065,-0.20941484450392334,-0.8437612485367287,-0.7842615113447082,0.6566494129349506,-0.8046030053121824,-0.010703512683111592,-0.46216248620058525,-0.5713591765519382,-0.6223371112243019,-0.6836345209151833,-0.5860198698452278,1.2469713348576004,-0.6496677086304414,-0.3117328884128938,-0.4063704027353338,0.30611540018159417,walking,Data_Walking_SweaterPocket_Sachin.csv
0.8347901111017872,-0.44110658805729325,-0.22003946294997767,0.9602105188383357,-0.47720902127757864,0.9523854419256627,-0.26567909223652186,-0.6154019731655065,0.38359727616227735,-0.6262740146057473,-0.3616211162995957,0.609990291386836,-0.6555197503402395,0.34374347830470425,-0.44256988734355074,0.4655748673921645,-0.16870214838921765,-0.7758990925909426,-0.727036952813345,0.6123288103766538,-0.7474409690693793,0.1673427020730833,-0.4518637300071962,-0.9676343821421103,-0.4959050620571729,-0.5996845099464934,-0.5660036747992068,0.9527833857431763,-0.6087683582169335,0.02541208804581257,-0.39741225918506584,-0.6424838030481022,walking,Data_Walking_SweaterPocket_Sachin.csv
0.8012808499753246,-0.601767472863283,-0.3005879058980412,1.1389787156521154,-0.5985155120137869,0.9165301754236865,-0.2784513680151156,-0.5072876008089164,0.5770814631088761,-0.6897244126632316,-0.2939159644017979,0.7289307111451054,-0.7102012392324912,0.5955613727076426,-0.4502823895251099,0.9170768771828139,-0.010233360369844116,-0.8938996626878759,-0.7540771288226704,0.7532994286892715,-0.8261287384331911,0.13477327254451096,-0.4685768509504262,0.018080873516839045,-0.5878556432696312,-0.7497422681592065,-0.6427324224756206,1.6903850552619493,-0.7365391971056442,-0.12009258600478664,-0.4110788082253209,-0.64885169729042,walking,Data_Walking_SweaterPocket_Sachin.csv
0.8297329175289707,-0.5419163549404019,-0.23834592725635573,1.0845710035783562,-0.5306559404633338,0.9067514663776929,-0.274792849436893,0.37747850992102755,-0.00910174309039627,-0.5466015489350694,-0.43850209799406875,0.4210484787500019,-0.5524262880925201,0.007263770289841298,-0.42996749011630025,-0.33804013307199304,-0.01878179241046998,-0.7151157688274206,-0.7025121420141893,0.6288518420321592,-0.7382347846086058,0.2541945141492759,-0.44106033572196435,-0.5951325962920082,-0.3610794457649538,-0.6608622907505294,-0.5393154147378455,1.4089878865438048,-0.6173286873732492,0.0963899778265924,-0.40426986784962177,0.3900218024252466,walking,Data_Walking_SweaterPocket_Sachin.csv
-0.22050439833350172,0.45757860048474586,-0.051619991331299526,-0.10754083060918486,-0.009098083015824437,-0.5639663741397264,-0.02074117846996069,0.5500978059216819,1.0247109187376284,-0.05006409477722151,0.11944180507949427,0.3175950928144239,-0.17847089896990562,1.1165375329762026,-0.27820938900224496,-0.16318663540170608,1.2068348736800705,0.43533181073508503,-0.15101831968445753,0.131217006289879,-0.15698977478976558,1.8826659905778877,0.04478415085616433,-1.0145108621218173,-0.4017614247725592,-0.29230468532051,-0.4025380819233688,-0.5352107336906482,-0.34276405591512643,-0.37561298921559577,-0.3361675418534178,-0.27623470236066294,walking,Data_Walking_SweaterPocket_Sachin.csv
-1.2452899428636517,-0.5805133676693548,-0.724419167519306,-0.09879673402590218,-0.5635648300293943,-1.1296646924504492,-0.27730166656207383,-0.0665348484138051,2.1116465461708147,-0.706044881605429,0.2744509686349788,1.1954001698845684,-0.7644113359791201,2.4336407477520776,-0.45193300729746577,0.0657639153364533,1.5832924839487343,-0.546082708712138,-0.40255484070143893,0.7446977327980231,-0.5885045636127244,2.0867677489569405,-0.40317311209595874,-1.9458587807934213,-0.576819364690682,-0.7399110214366826,-0.6227162274295995,1.5198413166448919,-0.7048342743044753,-0.1236414804938262,-0.410509429278336,-0.7781239224885173,walking,Data_Walking_SweaterPocket_Sachin.csv
-1.7567917807124291,0.1623115688593604,-0.36564159833739845,-2.826240365532259,0.5735889440771086,-1.4432264202948641,-0.13368586572879185,-2.5352931990046677,-0.6758030340686096,0.3887896431990002,0.6234191119611946,-0.34823854408633304,0.594869631074976,-1.2098840619052038,-0.03903222024326647,1.141204213609126,-0.7880066864238614,0.8844268826194864,0.09528244663810975,-4.7806695753709825,2.121687918337584,-0.8702074580075332,0.37949037278193454,-2.911022783544789,0.0024207432772238168,0.031073423868584426,1.1392708395876598,-0.7900150777892622,1.1414851518867486,0.10039701684969367,-0.22350067297086293,3.4710982987392107,walking,ELEC292_Walking_LeftPocket_Data_Christian.csv
-1.193136730581297,-0.014315248149352294,-0.3576674091023883,-0.7787250792409568,-0.05265817207833532,-1.0711624022423738,-0.18605927218991603,-0.20832259359329056,-1.1363668168788585,0.0055346976640062474,-0.5224417994963484,-0.6042921565297654,0.18338681939683657,-1.4230906483053347,-0.25336076964455945,-0.17308295846981828,0.28480813363101753,0.18676391283425509,-0.28538109324872385,0.013786514994701361,-0.19584275140226293,0.18239718393504042,-0.10545464807186672,-0.26914478159435945,-0.31697138588938367,-0.4311194719519888,-0.15855977877783228,0.14728472277284527,-0.16164412616002297,0.21231696213030893,-0.3693594137607371,1.084287091788426,walking,ELEC292_Walking_LeftPocket_Data_Christian.csv
-0.7145766680690241,-0.37048919120443957,-0.4977391128910443,-0.3221106135819854,-0.30864852957246597,-0.6159322811267853,-0.25708876606026426,-0.4114347987482057,1.3266729084806146,-0.01849456186626556,0.2489553722334713,0.46662080561300096,-0.2233401074491314,1.7344509910576602,-0.2642942300630269,-0.897750817724498,2.6476605353492806,-0.42371497915446876,0.4066659761531929,0.9818406245930014,-0.152108075296887,3.0188003986111123,-0.3685453885196521,1.3467728304227002,-0.501229113881323,-0.536698303972577,-0.24587478009504707,-0.6052472610179818,-0.18866662827010902,-0.1601575954019774,-0.3885025599508898,1.3718613790503627,walking,ELEC292_Walking_LeftPocket_Data_Christian.csv
-0.5493893358687834,0.045165899161316,-0.23704615035026785,-0.47382581275959823,-0.04796580191026709,-0.5445494657475967,-0.16969174127372466,-0.11723715042375588,0.4264960362123208,1.1450680460437375,0.47378563679952457,-0.3541454047176188,0.5201867179494033,0.7920744438094401,0.6044434166847525,0.21129324175114272,0.7755106149016651,-0.009173164464357708,-0.05728418656437018,0.10087617653105443,-0.08155130237037474,1.0802280563878381,-0.20629614539267585,-0.5344655341693059,-0.38420303126172195,-0.4576894326296701,-0.24190248278735146,0.3250098322526131,-0.25406719797968536,-0.05026200945113269,-0.37467339897828,0.18784200579760632,walking,ELEC292_Walking_LeftPocket_Data_Christian.csv
-1.604250719797631,-0.22516056199763534,-0.4228420198391373,-0.9188347642523133,-0.06280699515605417,-1.4441046777721103,-0.2336909158217427,0.3397433467702914,-1.2875795605665659,-0.02449486841986582,-0.2086928988278652,-0.40241104235760433,0.19578457806263788,-1.540315145024885,-0.2669782956310399,0.24480744972700125,-0.4236874215882745,0.11032188721026329,0.39200986495488294,0.10010508532702492,0.21776375856931637,-0.5344309325535374,-0.14664094026273145,1.6659552963153528,-0.16924124034766624,-0.256940494402835,-0.025333803022836485,-0.29513518639802316,-0.0021298567488763445,0.297869643438977,-0.3262550307289345,0.8986388974574221,walking,ELEC292_Walking_LeftPocket_Data_Christian.csv
-0.20034451571241657,0.33437882516326906,0.35749405521910227,-1.2189056711788921,0.6698859051397218,-0.19791832024281958,-0.07173039665618408,0.36325518738684254,-0.2964035140153854,0.6436352886518674,0.025778663554445667,-0.40344033850212124,0.32063713529205456,-0.5103733109644985,0.14510028940414096,0.1802152739539701,0.9613903826767128,0.4658232592328948,0.30578637276382653,-0.3241114787313852,0.3430295921918689,1.4223749429567976,0.06493184767214895,-0.9304818719311136,-0.08489384279101311,-0.14581095667844404,0.037329371905662594,-0.6828207556938228,0.08625291757362204,0.31998766698562786,-0.2912558898079905,0.6662328723650067,walking,ELEC292_Walking_LeftPocket_Data_Christian.csv
-0.905299869342219,-0.24952920054662717,-0.44900612948600577,-0.6846156992158833,-0.15664990065890583,-0.7894857152724707,-0.23815142682120258,-0.6585856334228442,-1.594113677261446,-0.15161847457837674,-0.7510992459229873,-0.5885003446957384,0.05037728503156609,-1.9256749325410474,-0.31951267170949443,-0.24083348804098553,-0.6050704546709695,0.015471467988204214,0.28087945535095904,-0.17882625306432354,0.2639037789295218,-0.6296613285185028,-0.19446487053992387,1.481692528993263,-0.2524804554397311,-0.2821664421478126,-0.0028108063975119876,-0.42726267392986084,0.02910076712863064,0.2724559745140235,-0.33338629046611806,0.9960546808005486,walking,ELEC292_Walking_LeftPocket_Data_Christian.csv
-0.8950995374018254,-0.39422559449993816,-0.5326775709983885,-0.16846116194617322,-0.3847871769047166,-0.7810080910898997,-0.2601789972235264,-0.6565204435352044,-1.6048780536880083,-0.48241645112783654,-1.0011729084959007,-0.28298488541207595,-0.31442870587238125,-1.9028484105299184,-0.41745194267162616,-0.42664569193622587,-0.6337690673102967,-0.4250043879484254,-0.2559276752279201,0.057869654762480675,-0.1952226234028333,-0.539696230946347,-0.36894179030531776,1.2001812872572835,-0.40724436610609366,-0.5545454655752095,-0.29756171150972377,0.8760303471486679,-0.3479394841609472,-0.06155548177799182,-0.3912176310136553,0.9716685547833267,walking,ELEC292_Walking_LeftPocket_Data_Christian.csv
-0.8942503111233909,-0.28969670434101374,-0.43437856168343203,-0.6512971100402422,-0.15495093911984215,-0.7146508602000619,-0.24503140363055573,-1.7177064284044883,-1.6131028196215107,-0.11197056925610589,-0.7649011038078894,-0.5607000794942972,0.021919595469237513,-1.9338245353305443,-0.3040155425540247,-0.06573948625663921,-0.6693016587696583,0.009917502412855954,0.18165654820764915,0.0736842992443405,0.08915925683252915,-0.7071132169593153,-0.19715260068566176,2.1701655253366594,-0.269074048041534,-0.22882991307478223,-0.047558608716066306,-0.5325018783422009,-0.005600769785913874,0.10963400135008552,-0.3179537468350918,0.8691310786256214,walking,ELEC292_Walking_LeftPocket_Data_Christian.csv
-0.882050056247435,-0.3048794294185541,-0.43524448739449934,-0.34353282292233456,-0.2507759662581274,-0.7729573976842881,-0.2474787867615463,-0.2454475112518321,-1.6172836493023492,-0.12748942461239424,-0.7962119852370535,-0.8213623420471271,0.20370164464420254,-1.9936582706943202,-0.31017720399086207,-0.2097418497936142,-0.5541571815167688,0.11393385690935132,0.49209877209421093,-0.051508907877532886,0.34964428924834334,-0.7422802093978147,-0.14474796003228071,1.4205183542741766,-0.20843864651644478,-0.26524348972177886,0.17979201568894318,-0.10851813999279476,0.1789400197787976,0.4953470361935576,-0.3286354767718385,1.368763776572786,walking,ELEC292_Walking_LeftPocket_Data_Christian.csv
-0.8765698837075425,-0.24424452890526285,-0.4889428422931099,-0.5203205876635693,-0.24017768230438588,-0.7222746229916925,-0.23720248332502364,-0.6173178035295513,-1.639012748321858,-0.054324186017160624,-0.6344435427853466,-0.5760746093084871,0.10264967953421929,-1.9975708437338384,-0.28004808321756547,0.08265980835831832,-0.4131318181737742,0.07226884618784478,0.16585204513611232,-0.08837579765578174,0.14841592140704837,-0.5646576451874147,-0.1662638379863748,1.3617440084106267,-0.1490995189339928,-0.22435220120988753,-0.08922069272211469,-0.5068871007456718,-0.04710026800955209,0.4688984457555008,-0.3165969353836547,0.5300177706664428,walking,ELEC292_Walking_LeftPocket_Data_Christian.csv
-0.8392062455958815,-0.25522011093874863,-0.39339506529324303,-0.31664235103210825,-0.2247656739199026,-0.7469390202060702,-0.23916193391450158,0.2377395118103625,-1.5994548039977643,-0.05065084057563654,-0.6343235266732067,-0.3792750647443089,-0.04704073235813168,-1.9997084436001629,-0.2784631853955587,0.544934005686383,-0.5909162959515522,-0.0010512818457194633,0.16010067515988516,-0.048700971923096976,0.12750696326754968,-0.7401675898773713,-0.2024241285859464,1.7420096921337633,-0.24558847734769151,-0.24037051225088882,-0.14080770729436062,-0.4912636485412717,-0.09728922833528805,0.38783430682752373,-0.32140700035397357,0.0013475029059052308,walking,ELEC292_Walking_LeftPocket_Data_Christian.csv
-0.8349054718037082,-0.17946266362945676,-0.36002404235741625,-0.591975187511256,-0.11230610521790624,-0.7561119315445465,-0.2247427246104388,-0.226958593829275,-1.6387838745402503,-0.22712485713296343,-0.607199875530134,-0.3962352667294653,-0.019782598065628116,-1.9005772098591187,-0.34680069410928177,-0.26606713449656955,-0.41928563967429633,-0.09165834401366667,0.14784489020154043,-0.1306403260566257,0.15462972825654003,-0.4581816121073532,-0.24411092830790512,1.3228649202677787,-0.174933094343625,-0.3315163306617025,-0.13012811213120148,-0.11369353233959727,-0.11521643413958366,0.12161142088154753,-0.3464669775416055,1.039196047055324,walking,ELEC292_Walking_LeftPocket_Data_Christian.csv
-0.866302432316161,-0.3339508501181243,-0.47259986472641496,-0.2987977814249054,-0.295236621496266,-0.7531966046907075,-0.25193050687495294,-0.46041234925538527,-1.6012441447471006,-0.27153911808346937,-0.7380574903488958,-0.40095519179635986,-0.085433563955335,-1.962014144931384,-0.3614890179337634,0.5084915387593175,-0.5807583743164207,-0.08706673875199167,0.2677200185236066,-0.006567383494019054,0.18098203160156004,-0.6240710115375052,-0.24207815572638564,1.2228744114530379,-0.29889411921756526,-0.3995622157547195,-0.08159578810031418,-0.06467802541894999,-0.07273726546880102,0.23573605653227206,-0.3626141967740163,0.1562244003830801,walking,ELEC292_Walking_LeftPocket_Data_Christian.csv
-0.8375265825472147,-0.27060413355241897,-0.4402975475477445,-0.4114788937238427,-0.23392118897716363,-0.7222380289437221,-0.24183451479780005,-0.2709377532193583,-1.6219824803809277,-0.09737697837695258,-0.7354171349018725,-0.40553602223716056,-0.08055066788339638,-1.9903564395630178,-0.2981087941601903,0.370020285930424,-0.5026578698406007,0.18433590831825034,0.09136662040511274,-0.1270758477191159,0.1155115600938564,-0.6105177437056275,-0.10679912207594054,1.0676496149087464,-0.16740002681938845,-0.2335515866354165,-0.16054394015711523,-0.36930062709496,-0.12511552315970623,0.4473859168420962,-0.3193742105756132,0.09906632225809155,walking,ELEC292_Walking_LeftPocket_Data_Christian.csv
-0.8482057262139435,-0.2910539135820383,-0.46822091130687726,-0.32389943344855854,-0.2838877381074665,-0.7150533948092255,-0.2452535988448057,-0.5176903209313923,-1.6163179536109271,0.0192393221197693,-0.4688612536263206,-0.4574737433862617,0.10001771357796618,-1.9876653539100082,-0.24699274551889366,0.43242438696960783,-0.5253009496436903,0.0811054594669443,0.06685505111726489,-0.37394143057419116,0.20548647926810712,-0.6042773899825135,-0.16175917243814678,0.8566118558839835,-0.18684230461593224,-0.21442171012482078,-0.15969939150188645,-0.37632064993743963,-0.12379085984356043,0.4397331233526656,-0.3135540180425929,0.004302788246768965,walking,ELEC292_Walking_LeftPocket_Data_Christian.csv
-0.8079733110084171,-0.2662078237173838,-0.47110915718245433,-0.30406243846309383,-0.29238704047850356,-0.6901328391775658,-0.241079571360245,-0.4812800849156658,-1.620257767369717,-0.13828137054940853,-0.7769560598219851,-0.554848855722279,0.011088314762963592,-1.986214838977308,-0.3143894135658134,0.17596982782194892,-0.5410248671434329,0.06311491597678003,0.2387843180010903,-0.057066584210999596,0.18346880698502996,-0.6175706432478223,-0.17089700989850456,1.0353511264312822,-0.20370279611446043,-0.2814140912137965,-0.054041656798348076,-0.1736503674629969,-0.03844702364555732,0.3657100904599877,-0.3331779584534155,0.5006097636972937,walking,ELEC292_Walking_LeftPocket_Data_Christian.csv
-0.7949417316564032,-0.24620660929233626,-0.3984152421670745,-0.2641266699632564,-0.24511276108788024,-0.6677982638865223,-0.23755599286574863,-0.23398158825103593,-1.6489105249994023,-0.03527072079719959,-0.6280960216789635,-0.7223551918388034,0.2173201270569379,-1.9710226050991866,-0.2717523031792111,-0.37034390905746545,-0.48274745227639804,0.15232987623386074,0.16313167514594848,-0.27556182954749464,0.22719721903511372,-0.49477868563906424,-0.12429948429053772,0.9810090690032501,-0.11710917550705523,-0.2055908409284747,0.028082094626796852,-0.5543967780827007,0.06791464710940434,0.2993427682480097,-0.3108088697186658,0.9228634935927548,walking,ELEC292_Walking_LeftPocket_Data_Christian.csv
-0.8763329683211234,-0.16864350447516072,-0.39017250632714784,-0.7422651481070478,-0.09058366820828435,-0.745841198359512,-0.22251277226016322,-0.7691069696217984,-1.6381039120305438,0.13806038848775334,-0.5471251221350503,-0.7623400970992391,0.2905917987274191,-1.8417359328056269,-0.18775135928649486,-0.2878342806670504,-0.4823732406469359,0.3985033817324679,0.8963325775268951,-0.3113375521168051,0.7305092996618565,-0.533065855264815,0.02094981579001375,1.5388205068776712,-0.017492867233975442,-0.049786408611208345,0.2178001953314475,-0.6071981986740477,0.25214499557634384,0.06385838349623092,-0.2563099888045741,0.9380726541196114,walking,ELEC292_Walking_LeftPocket_Data_Christian.csv
-0.8706082856886369,-0.2296577616237494,-0.4508421111892139,-0.5958000623004029,-0.18560416082377978,-0.7381442474719404,-0.234530383001269,-1.2095506360474113,-1.6347068410622778,0.026554519475865464,-0.6705017299578462,-0.5401512505278893,0.05623393826281816,-1.906493783235514,-0.2435542990692895,-0.05748681059309401,-0.5259708611481443,0.2503992698981994,0.5136546451419751,-0.2713572000749157,0.45864272759802355,-0.7324971552781752,-0.06936857809355791,1.4597219416468923,-0.11284271251746032,-0.13482142378197387,0.009776869588370016,-0.46142670553794185,0.04360432372421041,0.2676237252509642,-0.2874774893607396,0.49143122571409437,walking,ELEC292_Walking_LeftPocket_Data_Christian.csv
-0.9093324612237074,-0.2394224435629142,-0.52439647136299,-0.7141530427580629,-0.20934917106988468,-0.761222902091502,-0.23632772277914924,-1.204814427663019,-1.6302125992790168,-0.097866290118563,-0.7016392547508906,-0.5865808470327984,0.07508812821903676,-2.0089459323341794,-0.29830860893767674,0.38687691748877084,-0.5689297842071706,0.0831224582645377,0.23394601301932863,-0.2729866752143195,0.2732119610513287,-0.5858813478356181,-0.16072654081139698,1.2868365494102756,-0.1533897861793517,-0.25752460194029697,-0.06447487161587598,-0.10588689782071384,-0.053401548051093074,0.481077893203539,-0.32642355894617187,0.13552994319072326,walking,ELEC292_Walking_LeftPocket_Data_Christian.csv
-0.8563085876237538,-0.3013242211668589,-0.3722894963522909,-0.5071880315767079,-0.14856859673412195,-0.8209078158443859,-0.24691323748320537,0.17668802662650032,-1.6272083215936337,-0.12666362574871184,-0.5274958131412099,-0.49604916192834847,0.09834539219583124,-1.960220087149363,-0.30985243090686304,0.44825094926251774,-0.3781983703974547,-0.14953022155856224,-0.039229966002509414,-0.0369600168448557,-0.010192747607123107,-0.4401430900166314,-0.26900175733922027,0.5922430009145478,-0.24148872831209967,-0.3227462347114095,-0.1431359597434082,-0.7208010539208434,-0.08243309384838596,0.30710227699472464,-0.3442265335830648,-0.212066517872551,walking,ELEC292_Walking_LeftPocket_Data_Christian.csv
-0.864028064299415,-0.18017200664214814,-0.4490444932814777,-0.4802103002092311,-0.21985306815468694,-0.7501836936546212,-0.22488743803177103,-0.49772259358313453,-1.6470814936138263,-0.011411426661477311,-0.5860903672853857,-0.5182671189741057,0.08424708693036607,-1.8893357202782142,-0.2611020768594506,-0.07252618683795055,-0.5899500889388245,0.23082575815326997,0.46168522408049406,-0.2710225756378284,0.4239155661579872,-0.7410451395009415,-0.08064238836768514,1.2542532408088911,-0.04472107566148004,-0.19418028755267977,-0.06585704392753026,-0.24592252452014446,-0.044301808680831146,0.405627416871691,-0.3072071877694534,0.6058986925569856,walking,ELEC292_Walking_LeftPocket_Data_Christian.csv
-0.8866742954950358,-0.20771884303347715,-0.46739334939128196,-0.7260785088590727,-0.15891518281107847,-0.7493786242733155,-0.23036543359324319,-0.849436193315781,-1.6169117457917939,-0.025032893690705774,-0.6979587593089777,-0.6181644707008525,0.10106908861238338,-1.9319732205344726,-0.2672180656315362,-0.21345297090874515,-0.5526985781951537,0.16109727137550414,0.7338822462296625,-0.08441849930577935,0.5247082713442967,-0.6804942085264528,-0.1195467593390374,2.5104650300257534,-0.17455390222665762,-0.15594625717380964,0.14129220793821265,-0.25590618354486316,0.15331071104867236,0.16407494068224995,-0.29468995890198324,1.02952440162359,walking,ELEC292_Walking_LeftPocket_Data_Christian.csv
-0.8986368459276267,-0.3172113658809345,-0.5132326064046853,-0.4730695637300624,-0.2747007608005941,-0.7513669015587844,-0.2494048013287436,-0.776484227681261,-1.6020830655047629,-0.1493057587485033,-0.799625778059068,-0.22463029206761637,-0.25218588874394166,-1.9777216929559824,-0.31863079956640866,0.7203112863796072,-0.500982316702237,0.021446466853558936,0.007477563204658541,0.05519265877981079,-0.018786843285354814,-0.6510475400265412,-0.1915594803469742,1.229363821094254,-0.269813790392446,-0.2816837241062971,-0.24683908497802964,-0.4853405510875151,-0.19849958221628478,0.4479066638749449,-0.333252652744435,-0.5437455947472737,walking,ELEC292_Walking_LeftPocket_Data_Christian.csv
-0.8560581595742487,-0.34119212195195886,-0.5258049707633355,-0.30192458049320575,-0.3379039283864542,-0.7521963669449073,-0.2529914467013008,-0.42462297315586717,-1.6054453419555004,-0.2334450326459172,-0.7921847764338155,-0.31319611442726775,-0.18085467484022372,-1.9336145923931798,-0.3489524633382912,0.3232261321922894,-0.5997258166949277,-0.10667994629220072,0.16680276263240904,-0.034443058670251735,0.12582823281364663,-0.6851744739816354,-0.25070172682324376,1.527250239554091,-0.3156068049696853,-0.35591992007129203,-0.16739143344430063,0.0036090348188547094,-0.1593535296325036,0.17166554689354788,-0.35250977680803425,0.04564398078595442,walking,ELEC292_Walking_LeftPocket_Data_Christian.csv
-0.9246364359390652,-0.36076679039379844,-0.5528788504328014,-0.25700047676268184,-0.37399113022197455,-0.8089171617528284,-0.25576372929162594,-0.4358838423127371,-1.5926671900885372,-0.3019725650843828,-0.8565001006389703,-0.3425449603536702,-0.1925538689532286,-1.919033101825805,-0.37097080053161646,0.06024159587375887,-0.6199673180400527,-0.20560600577958066,-0.11523089198422326,0.20305303800249316,-0.16410347876350434,-0.6170181119953104,-0.2918298669719359,0.5887518568663755,-0.33995691698468056,-0.44890415151315705,-0.3441171403737332,0.27182146070912433,-0.3472545790734138,0.11443667767536801,-0.372953292658565,-0.0425443243524846,walking,ELEC292_Walking_LeftPocket_Data_Christian.csv
-0.8857795503025084,-0.34473554761828945,-0.4653271848786292,-0.24612212468014674,-0.3055517451734794,-0.7380344652465398,-0.2535036401337908,-0.20966986656402625,-1.5904229089422353,-0.25950351375414304,-0.6523926255856269,-0.4781894847889159,0.018666683118127452,-1.9058830401797728,-0.3576084260209695,-0.05112988252815281,-0.5835541795720686,-0.2067873107519628,-0.2260130184615754,0.04992596022617612,-0.17189579268868926,-0.6527376359034511,-0.29229711146972015,0.49174321612478744,-0.3397650672632847,-0.4265842633968986,-0.29910998187750576,-0.045310576210286974,-0.2808981963004121,0.11978497168607975,-0.3684190141134631,0.4084519606980069,walking,ELEC292_Walking_LeftPocket_Data_Christian.csv
-0.8510697689417527,-0.3116005889314132,-0.3913234202645321,-0.3692598347596478,-0.2068052232568501,-0.7356558513135715,-0.2485353767545951,-0.4534651264656175,-1.614535989545471,-0.09995768833816839,-0.5975319074073436,-0.4456136564223501,0.02290746436523963,-1.9833901521373147,-0.29916126870276644,0.3284490745759652,-0.5713742522783498,0.0013177310894307676,0.0378158068435546,-0.1333027730239515,0.0825570867986356,-0.6685660327669958,-0.2012897097779274,0.9834415050859154,-0.2392239987056623,-0.28304910148861134,-0.19815034105492266,-0.28708659678721077,-0.1669694211029409,0.3784078752415176,-0.3336303646524702,-0.041136626845382274,walking,ELEC292_Walking_LeftPocket_Data_Christian.csv
-0.8508460209972548,-0.2966867616427664,-0.5261721670966546,-0.4025057076394758,-0.30712036309843144,-0.720237553533611,-0.24616860390954623,-0.7604704558218239,-1.6073911603082518,-0.1308761795867686,-0.7080667865987005,-0.41791539378151626,-0.05665834478513234,-1.91720087253108,-0.3115055079369138,0.3623398199622191,-0.531495992763136,0.02755330198437723,0.015055064427499659,-0.013187128908541457,0.015696025647531968,-0.6327165014670056,-0.18857508564499453,1.1651257251414757,-0.24923759684528496,-0.27974749901534984,-0.1640691447233556,-0.22626370815580343,-0.13910230812441657,0.30516943194247653,-0.332715512373808,-0.10559414477249462,walking,ELEC292_Walking_LeftPocket_Data_Christian.csv
-0.8739514360383535,-0.2604389106950584,-0.3817927569267337,-0.3362175674886651,-0.2092008489030289,-0.7634917338805592,-0.24007823480824975,-0.12269256201318464,-1.611007378186011,0.08779961485850055,-0.28849030711148244,-0.6627302064020888,0.35164917269983625,-2.0065983890204793,-0.21369202002958335,0.36568037675828596,-0.4633514714438601,0.1334414430859575,0.03965135121562612,-0.13838033603041494,0.08596465864231341,-0.6136054187735045,-0.134433253113068,0.8736286264654102,-0.1477712472580112,-0.17509010932343583,-0.13636152423372785,-0.5344089704821464,-0.08985530194284116,0.5610096295845866,-0.30104378128431997,-0.01760533611921785,walking,ELEC292_Walking_LeftPocket_Data_Christian.csv
-0.8482518862490568,-0.3069387886529122,-0.4418430605085776,-0.32992033961343925,-0.2603944258282257,-0.7056365230966202,-0.24780427484313938,-0.6129463743290949,-1.6099476132048312,-0.13626174061505683,-0.5788760628202326,-0.6885924279078465,0.21767293758569814,-1.9545516280955337,-0.3136056646721363,0.06521584606072157,-0.5539259351689148,-0.11550652501602987,0.32770935456023653,-0.07101897066866864,0.24865113860284907,-0.5842887574483125,-0.25453192573816297,1.8791814236176156,-0.2959798908667677,-0.2929724542441216,-0.016764927303394052,-0.5371401239980587,0.024009780157247484,0.20082138665030927,-0.3363490263072704,0.5309807374558448,walking,ELEC292_Walking_LeftPocket_Data_Christian.csv
-0.8325462797842443,-0.3210988693465995,-0.5098401506353019,-0.33133103501382294,-0.3157230414496351,-0.7180053158740134,-0.2500004649603027,-0.5676562042901127,-1.6102436606384707,-0.08878158527482578,-0.590797667568922,-0.6735146321396248,0.1998912916123978,-1.953692770717227,-0.29457880658744706,-0.17257119965391607,-0.5626907792718859,0.0033745462715699835,0.005924410709795799,-0.2600818094055279,0.11591871473274817,-0.5883839895316091,-0.20030295099040474,0.824992255514783,-0.2537810377617198,-0.27286612320121173,-0.1392020498281752,-0.23146906333204384,-0.11508208490967287,0.3350316081693898,-0.33079215803360945,0.4207737953250845,walking,ELEC292_Walking_LeftPocket_Data_Christian.csv
-0.8746798867467049,-0.2568950313135488,-0.530419587508376,-0.6198982299470499,-0.24341829428458833,-0.7241287220469438,-0.23945709302198084,-1.1449391868652334,-1.6112098132834878,-0.11025905820898076,-0.5247087712755139,-0.49043903472354944,0.095551133371836,-1.9397983659759954,-0.30332845149316734,0.3533149388883466,-0.5407059354557353,-0.056679946563992896,0.08371381480745103,-0.0803739076412663,0.09031181773114813,-0.5929017454755684,-0.22841084859043334,0.7603508555959944,-0.23465251253930897,-0.28904758437710454,-0.1097701962665126,-0.3773997266448385,-0.07625900320915455,0.33316118462230737,-0.33527931264041916,-0.14775028676721594,walking,ELEC292_Walking_LeftPocket_Data_Christian.csv
-0.7875013851017303,-0.31309960577201024,-0.4155474178538929,-0.2994231412385655,-0.24825449158347704,-0.6667370360879344,-0.2487687819223569,-0.3178118279936306,-1.5944654090228827,-0.3187799558892755,-0.7490189658441223,-0.38104619538426493,-0.10638344794705656,-1.9122385851872488,-0.3760040893129587,0.2482173271864805,-0.5700822035381463,-0.22754794799312916,-0.40525622150790586,0.07140012337135751,-0.30041886354791375,-0.5536720226388876,-0.3004166372137497,0.11522892343061157,-0.3291673848108574,-0.47384282513493503,-0.3493825516028615,0.24456696134522596,-0.35023201227918327,0.15330886175783875,-0.3777408756639003,-0.30833112612190694,walking,ELEC292_Walking_LeftPocket_Data_Christian.csv
-0.8210218058364358,-0.3479570328511105,-0.4831225061938128,-0.3422530168349832,-0.29043638088249674,-0.6726042838435828,-0.2539653263487385,-0.6939208577879682,-1.6063394900847487,-0.22947553774577742,-0.8017860688793598,-0.2736099457734074,-0.21605810022473232,-1.959399401156258,-0.3476033955324331,0.5384495316702725,-0.5898819421286157,-0.08102139464093144,-0.011499135477125534,0.09269969979032314,-0.04756328284184964,-0.5971919887552034,-0.2393888068002512,1.0920458887737088,-0.3052763291202617,-0.3625528340358933,-0.289762126220963,-0.23088206841173847,-0.25821473633196185,0.2256602340370839,-0.35410353292936,-0.22763481343333888,walking,ELEC292_Walking_LeftPocket_Data_Christian.csv
-0.7953470128193957,-0.32085377139046856,-0.5087714448415326,-0.3211362156650104,-0.31799731274306126,-0.690328007460571,-0.24996307246063604,-0.5968159464759174,-1.6054877090792676,-0.17921228872199418,-0.6488988219331,-0.3309259705764598,-0.09154424075032398,-2.0049379311504145,-0.3298234118443113,0.6320347909347476,-0.45373562650769417,-0.06678189243167786,-0.11685934822506545,0.05453795872659185,-0.10124506064849072,-0.5468791378803912,-0.23299585736894032,0.7323145627743202,-0.2770079329937204,-0.34363761810428767,-0.2975864948952232,-0.17486072191863378,-0.26981670300160493,0.43727365784718897,-0.3495036477449104,-0.5521270707889556,walking,ELEC292_Walking_LeftPocket_Data_Christian.csv
-0.7853477926527609,-0.3467250181700452,-0.45245887122493267,-0.2579748745825001,-0.291335302364305,-0.693401908630934,-0.2537892072002547,-0.28576927424287824,-1.613784479500628,-0.18265446822410616,-0.7630741911956564,-0.41822140022437476,-0.0855323512503325,-1.9784660361786852,-0.3310822823351176,0.517495144696017,-0.5725880275177142,-0.08114245345890099,0.01425495568084458,0.03642458935640477,-0.006196367914938223,-0.5893915467641581,-0.23944280618444896,1.1269360196477103,-0.29910527337183473,-0.3240112833571762,-0.16297420214178554,-0.42542792303296195,-0.12325145441705739,0.2935965828338725,-0.3445519531444247,-0.21342374133387865,walking,ELEC292_Walking_LeftPocket_Data_Christian.csv
-0.8300232097905433,-0.35283277492300297,-0.4770171819048117,-0.30253539712542843,-0.29770416084297363,-0.7443286437791475,-0.25465689714655326,-0.3828007046319415,-1.6034083919185405,-0.17333645537310485,-0.56970149447744,-0.4483120812656975,0.0396871288102037,-1.9846688953903497,-0.3276604967766553,0.5241718295502633,-0.4608610162218994,-0.07094553222133462,-0.07803053774002142,-0.02017059659645095,-0.04324117947202834,-0.5140522778437888,-0.23487363101997838,0.5594114619565701,-0.291705885549495,-0.3454238232114203,-0.2648331319098094,-0.19078956082674434,-0.23750412377684857,0.4517847147789479,-0.34994526010140997,-0.29977255080132675,walking,ELEC292_Walking_LeftPocket_Data_Christian.csv
-0.8118945467378731,-0.3424393795960218,-0.4657053423172904,-0.2533064908979405,-0.30364153708844277,-0.7070270974084311,-0.2531722566283231,-0.38879393639560833,-1.6202797669541475,-0.28179848304123284,-0.6272559086267263,-0.299379438354411,-0.10409723620339645,-1.9982579291774734,-0.3647383702827491,0.987340890778614,-0.4906848847854891,-0.23417325006902323,-0.19567477419383797,0.06688996710360233,-0.15901091308017176,-0.4822979784099658,-0.30297116921679546,1.0132863137584867,-0.305621616902747,-0.4335908561350639,-0.38645359467752255,-0.03603134767156669,-0.3645976759856306,0.3516202447173447,-0.3698677736409978,-0.7487601577916443,walking,ELEC292_Walking_LeftPocket_Data_Christian.csv
-0.8417831689629479,-0.3280286934465979,-0.4924777921756518,-0.3818688337886936,-0.285865365307392,-0.7395104257789339,-0.25104862793219707,-0.5041665855366178,-1.6027425952489425,-0.08756561118290665,-0.49238442006890704,-0.33599826716807096,-0.004865772805234735,-1.9679498040641308,-0.2940763728420692,0.8978438003710913,-0.4604115095556748,-0.013184127539277573,-0.10161021578248838,-0.13603796458202666,-0.009046450931181636,-0.5023841166509007,-0.208198500867861,0.7874161542407953,-0.23902452610753164,-0.31802494885095806,-0.3608099021060557,-0.13348574204725377,-0.3329795706477484,0.34832256937139405,-0.343005352270166,-0.4189632988700772,walking,ELEC292_Walking_LeftPocket_Data_Christian.csv
-0.8713647480452497,-0.3033971732845694,-0.4756415657838798,-0.4205102529225855,-0.26011576019739013,-0.7302277322965464,-0.24724355493285466,-0.6365060652537108,-1.5991697236462108,-0.18169411495949642,-0.6845302850028476,-0.2165535641897994,-0.19742970880327868,-1.9821495802694817,-0.33073167281916854,0.7736610313196227,-0.5755686153963167,-0.11718300556089105,-0.07563021150005618,-0.06621783662108169,-0.0218185798459839,-0.5349509619038045,-0.2552558609813837,1.2149259814326674,-0.28905459109895343,-0.35462367892731816,-0.3337484140670077,-0.008758817144543777,-0.3165358650987989,0.32468039146185157,-0.3521958855630287,-0.5522136013054765,walking,ELEC292_Walking_LeftPocket_Data_Christian.csv
-0.8404641558413316,-0.30979754651577596,-0.4687580044434846,-0.38877687819898554,-0.2642777665275478,-0.7206522861859278,-0.24825354813272485,-0.74829433205759,-1.6170470071491438,-0.20666473813987069,-0.6401776479995921,-0.36069209852269923,-0.06427905042448899,-1.9640754026648193,-0.33969461696110786,0.5501308284151343,-0.482463070493108,0.05319784288579329,-0.06323323091752775,-0.028783540104124483,-0.029686060718978318,-0.5511693807257672,-0.1758782500659276,1.0994557376454321,-0.22951599161573283,-0.3252663299105229,-0.2530047058975709,-0.09692881038991827,-0.2332423173001403,0.22574998202981675,-0.34487405184886527,0.06717663584668551,walking,ELEC292_Walking_LeftPocket_Data_Christian.csv
-0.8268861028428194,-0.3834871775262087,-0.519683204852934,-0.14222513623248154,-0.3822387345961212,-0.7345580294670132,-0.25880640414773964,-0.29570978377828866,-1.6130338180268837,-0.1770280010134776,-0.5108669080198984,-0.4126947301669207,0.043716224296302474,-1.9945743841941581,-0.3290214312682718,0.5440055468602425,-0.4691471648819707,-0.11268772617849938,-0.3365786449399229,-0.15482058282638822,-0.15731965522707114,-0.5051792750328347,-0.25331215777248245,-0.026469789587111825,-0.27763243812726396,-0.3902419721633283,-0.29577547293588186,-0.01766646114833096,-0.2797848229599129,0.34846497586055736,-0.3605319438915641,-0.14950390640622288,walking,ELEC292_Walking_LeftPocket_Data_Christian.csv
-0.8533261858328354,-0.3343239919240242,-0.5045843104359675,-0.23566552689958298,-0.34097823976716213,-0.7714570412285663,-0.2519856440046422,-0.20084867103516252,-1.6138188823810273,-0.21221702700386816,-0.7840503481749983,-0.4894097385790325,-0.0424612531674542,-1.9675871753309562,-0.3416441842170056,0.314998745460816,-0.5412906634442447,-0.0028618391447176195,0.1356455839959423,0.0365555294253652,0.07452674408682321,-0.5822411412980996,-0.20328959890648715,0.805794110067185,-0.24918102212498044,-0.35938847262105594,-0.09241776146126482,-0.2961359937620211,-0.06581056058208208,0.3136888583683404,-0.35334579586971343,0.05871910112040706,walking,ELEC292_Walking_LeftPocket_Data_Christian.csv
-0.8658216479430133,-0.3748910057832229,-0.5314499294700604,-0.1764890366707531,-0.38129936166339534,-0.7463779112803824,-0.25767734600175796,-0.5738990608047558,-1.59052781478625,-0.251274897771078,-0.6076932752210462,-0.4718931605674264,0.03752792910767799,-1.9113224705398861,-0.3549126348730933,0.3024093504485627,-0.5542396248214718,-0.19913492645415534,-0.23923834653829085,0.03753030509471589,-0.17535973927245319,-0.5857838421288841,-0.28926034588678334,0.4285119044679821,-0.35489444409764953,-0.41680337377298654,-0.2779316028450869,0.03833054235788314,-0.26699044711103126,0.15824313109077442,-0.36635778238185884,-0.2622719436211146,walking,ELEC292_Walking_LeftPocket_Data_Christian.csv
-0.8706214531358295,-0.35419262616086133,-0.44034687241194576,-0.24125013548389837,-0.2865710186158134,-0.7199448010683585,-0.2548482319199753,-0.4999950153012861,-1.598243457480856,-0.26388495206931156,-0.5577265492047709,-0.4637515215750077,0.05777219175904395,-1.9351605358526351,-0.3590296978115015,0.25093887584633895,-0.5319378746422193,-0.19849449057546764,-0.2852681370009133,0.18408128421096018,-0.2690867455480466,-0.5145723071940561,-0.2890051234588422,0.3974090711038994,-0.3261740372732185,-0.43474317813064306,-0.3049479930622832,-0.20214067323008303,-0.2747843186994169,0.12034152706432268,-0.3701038170402549,0.10161066547470253,walking,ELEC292_Walking_LeftPocket_Data_Christian.csv
-0.8767582225693359,-0.3566784061338925,-0.4531603806487699,-0.39508864935280535,-0.24953545464626098,-0.7150046027995911,-0.25519624584930634,-0.9015405893916221,-1.60107683062519,-0.40493464340370255,-0.831243367478844,-0.30282897070956916,-0.20941115155613207,-1.911742356414615,-0.3995346780412482,0.2157606734510118,-0.6140653537406211,-0.2935030636901821,-0.23789228091697492,0.01087673680760482,-0.16298850098309653,-0.5585798009755241,-0.32505695535046597,0.9117721464153902,-0.36660668918513195,-0.5010431863265621,-0.39462378782403834,-0.2867907072379443,-0.35371548766266747,0.05522718818732961,-0.38262727584802064,-0.3423376936942692,walking,ELEC292_Walking_LeftPocket_Data_Christian.csv
-0.859436275160346,-0.3981217625528384,-0.5844248527707623,-0.4162199937042155,-0.3506551292508431,-0.6961708592928915,-0.260666617561336,-1.18115772660244,-1.5794612545162483,-0.40713917308329606,-0.764541055293298,-0.38167675554168806,-0.1141170523824033,-1.8925230357238796,-0.400086931788344,-0.16549693726606196,-0.6319087315784269,-0.3563643823102092,-0.5116142170650105,0.19243234758071295,-0.4233044081324946,-0.5797059979169934,-0.34690638539375596,-0.15916364248155077,-0.4256607269906032,-0.5386556446434811,-0.36942353603924055,0.1151583699244467,-0.3596554468950794,-0.04491895751247072,-0.3888076830410951,-0.06468951791024129,walking,ELEC292_Walking_LeftPocket_Data_Christian.csv
-0.9482939960056871,-0.3133477660365134,-0.47935189298576814,-0.4747129511021661,-0.2464072079676367,-0.8295928063531153,-0.24880734282588426,-0.7358550824218688,-1.5956892893858299,-0.23956923465578778,-0.5002254755794644,-0.5046729934357248,0.11933761314177059,-1.931362477351229,-0.3510180083345198,0.40470864503756465,-0.5378507996003764,-0.1428897535524827,-0.17097494428335866,0.05219558718100925,-0.13624783495583037,-0.5807135549324128,-0.26621437024732025,0.9052682586254056,-0.2946158278443597,-0.39076075971664764,-0.280648783641612,-0.045155815015600675,-0.26336458590209966,0.08232441362004143,-0.36064892694354095,0.2085193842263078,walking,ELEC292_Walking_LeftPocket_Data_Christian.csv
-0.858186650048905,-0.3537309319357245,-0.5372154601524852,-0.35345132046364525,-0.33133730714875886,-0.7314963264212925,-0.2547833458541584,-0.8584211744157135,-1.6317603366532278,-0.23384841888663882,-0.5787293764015599,-0.4899104771267335,0.06656422778067106,-1.9583878578546376,-0.34908910629859125,0.47079708899120076,-0.48877272412378486,-0.21613958824853077,0.07351007359134112,0.21543414431299776,-0.04383625187798329,-0.5116471414202729,-0.2959763492397682,1.382454889026406,-0.29861469425193793,-0.37282237041111543,-0.14383484220720585,-0.5047946544224884,-0.09915995878949613,0.22148758230375562,-0.35653004907971225,0.03364408148389351,walking,ELEC292_Walking_LeftPocket_Data_Christian.csv
-0.8710356605393552,-0.3998241525603215,-0.5547531959680945,-0.20934224170864094,-0.390257113991656,-0.7558069810361409,-0.26087794128678754,-0.5435993632840271,-1.5871432777089423,-0.30842380531231195,-0.7942917267301275,-0.23981936341281676,-0.2378053351214633,-1.9370309365325615,-0.37291984259362837,0.6979478709606547,-0.4863913990502647,-0.1845148906672832,-0.15571639808648266,0.06542052918909852,-0.13178792517328072,-0.4975413421187536,-0.28339279326117073,0.9672031960742361,-0.3762972389263076,-0.4311118779301815,-0.36119007436901024,0.12932818361919807,-0.35288424045089484,0.14872052091522128,-0.3693578472305353,-0.28100045638580917,walking,ELEC292_Walking_LeftPocket_Data_Christian.csv
-0.8567892240468092,-0.3650206817632206,-0.4697390215409677,-0.22931012600713796,-0.3143656700406296,-0.7428648813713962,-0.2563477186540545,-0.12245166951485915,-1.5972527593732626,-0.2920747249242541,-0.5454982364654698,-0.4420899405557001,0.04775943166050792,-1.917506244122702,-0.36793906450027547,0.07791877713104357,-0.6953311095991417,-0.2613492316618733,-0.16696498679578411,-0.0022172651315240993,-0.1101523521030057,-0.5766183228491163,-0.31326398981513787,0.7200319826209947,-0.3614514574124413,-0.44384396925848274,-0.2857148459114024,-0.22647735426619992,-0.2546958329482969,-0.03704705847129234,-0.37194597121160605,0.6038350279613223,walking,ELEC292_Walking_LeftPocket_Data_Christian.csv
-0.839857713597437,-0.23685355792434534,-0.4087131814143118,-0.5276358431943953,-0.17212033883686637,-0.7129431373366922,-0.23585824859872928,-0.306849938224343,-1.6389979948555367,0.04622742331745283,-0.42782906363947215,-0.7431080253069443,0.33908206489726495,-2.0334710827080555,-0.23417134863933578,0.22914797937890516,-0.5281453630907711,0.12356109352647136,0.066045529245152,-0.11568406609330616,0.09375697260934464,-0.5277030513824007,-0.13967673058416336,0.8064435544568317,-0.09632051436698831,-0.20717678542035878,-0.031691176755695785,-0.4607201620150219,0.004141460111502486,0.5287483439007714,-0.31130459071438293,0.3357073297589479,walking,ELEC292_Walking_LeftPocket_Data_Christian.csv
-0.9038560367287708,-0.41500385723948496,-0.49185849085881667,-0.2516776467072742,-0.3255931990466502,-0.798805002884318,-0.2627155507623228,-0.1810533010835662,-1.589041832901204,-0.49697692203782134,-0.9027463259317049,-0.1363148392915562,-0.37395488242904357,-1.9103490987509704,-0.4204760168911922,-0.04194009090439674,-0.37819622593410485,-0.4480251042725609,-0.45142720728029145,0.2766995243416745,-0.41953352949296935,-0.21074509193596272,-0.3759060260596105,-0.5117941945667409,-0.43159498750648323,-0.5780446027593018,-0.4653735979592304,0.6376587513798905,-0.48969844567676607,-0.05910082679899466,-0.3945627721469599,0.18253040377061175,walking,ELEC292_Walking_LeftPocket_Data_Christian.csv
-0.7944825971302586,-0.30670680762898533,-0.4165448765727764,-0.2759503334055786,-0.25632680624690196,-0.6686155312294921,-0.24776768678025646,-0.3082044739259917,-1.6317523071426752,-0.19132866826015424,-0.5543927671241832,-0.339419980474114,-0.03507340275614358,-1.9260184755178709,-0.33422770659277506,0.4782755944962545,-0.5357798283460324,-0.19116628820439566,0.0003048226034532972,0.008141545249529652,-0.0033024380181154163,-0.5956969038575023,-0.2860729435807523,1.401344423679307,-0.26130599784953884,-0.3670515580993098,-0.23795242881000403,-0.02291577439955911,-0.224440718088292,0.058291988625801185,-0.3551726438241482,0.35164669508826824,walking,ELEC292_Walking_LeftPocket_Data_Christian.csv
-0.938263460001713,-0.33479118562861865,-0.505614652397652,-0.5083078619881523,-0.2575628232431021,-0.8009762505726171,-0.25205460712395933,-0.8168736024309631,-1.5671148684139293,-0.36374524473350883,-0.7080801217519669,-0.43157442981501737,-0.04627160582214501,-1.9024285246551902,-0.3887589801300577,-0.18267068700996758,-0.5942108117729542,-0.22662053606751364,0.23596981738519027,-0.23470854338855493,0.2580783349715078,-0.47228741119174306,-0.30005763864747226,0.2892560768158104,-0.39079468639157683,-0.45810292737398006,-0.10184450327770667,-0.20861125957345378,-0.08127804172365119,-0.011176796943835715,-0.3747534593487967,1.053106269559953,walking,ELEC292_Walking_LeftPocket_Data_Christian.csv
-0.8505154046816463,-0.24762997752580376,-0.357859228079748,-0.4945208596275996,-0.14064909867306097,-0.7311791778697336,-0.23781156406384685,-0.16045498328046262,-1.6287730318534015,-0.002384761342559426,-0.6094135067853197,-0.5407076271738201,0.08898180328542812,-2.038490628085959,-0.25699682067758856,0.15117637736130898,-0.4594816394856873,0.1360716462343544,0.017351847545112042,-0.08956880670860355,0.05010999160420883,-0.6144179648097149,-0.13303076643191236,1.0115033683017471,-0.13912066016256328,-0.20267702283345435,-0.21011183740065306,0.09633687044815686,-0.20684949147515017,0.5472857493905467,-0.30989499278759003,0.21314689605626397,walking,ELEC292_Walking_LeftPocket_Data_Christian.csv
-0.8519599770399555,-0.26919177611713696,-0.3736048265036793,-0.352142427819106,-0.1975643106520613,-0.7596981495494737,-0.24159274987642573,-0.2575823904690495,-1.6186403756217425,-0.05246544500691953,-0.7050530475729051,-0.4743875802895595,-0.012091330914473838,-1.9999183870475379,-0.2792469758829632,0.27284586321581555,-0.5914285882485195,0.14619853810574954,0.1518077820618262,-0.23027113161435497,0.20016214860236162,-0.8032536642329661,-0.12760478145915746,1.29153565840466,-0.18288017019202657,-0.21454465374042242,-0.10834461449905868,-0.7023039260772468,-0.050743643747052404,0.3525470172197899,-0.3135919757620101,0.2367751979890816,walking,ELEC292_Walking_LeftPocket_Data_Christian.csv
-0.8168787948076475,-0.27478530296747056,-0.37998417791365524,-0.28291655083308975,-0.22419036419556632,-0.7468048419758526,-0.24254597811404682,0.12268102402489676,-1.635457567753927,-0.027842034928263523,-0.6261890983253039,-0.4102466742876834,-0.019168708222634168,-1.9713088909344565,-0.2684675482128232,0.3938136792411793,-0.4949437014250223,0.07382497772573973,0.1260725171547718,-0.04248859543921701,0.10218820623952687,-0.5719705595133079,-0.16547285201624942,1.5183554490165014,-0.1730310278646925,-0.2170934704798919,-0.1343683732476464,-0.5008864046117664,-0.09045385905358468,0.28487623574651016,-0.3143772893195151,0.3747330552792172,walking,ELEC292_Walking_LeftPocket_Data_Christian.csv
-0.8674750254077327,-0.31152654731546187,-0.48119335527826035,-0.5046865923220676,-0.23865401044601764,-0.7530746245036432,-0.24852382684212873,-0.5054816690715596,-1.5855709948935246,0.12673380129498962,-0.5146407493565044,-0.5546448512205462,0.1497357600466094,-1.9502573408214936,-0.19371010534643335,0.3156252641732952,-0.23043981879981176,0.24223723698250002,0.6098936179265102,-0.04372525114929416,0.42467976412328207,-0.3704916433497348,-0.07408849410383077,0.9482702507962276,-0.16070221860346146,-0.13906530612373977,-0.1315045174434599,-0.8484723243771581,-0.06188493792009939,0.3455986757375392,-0.288943382711572,-0.05373628347104662,walking,ELEC292_Walking_LeftPocket_Data_Christian.csv
-0.9606175415812221,-0.28264048205137765,-0.5541284141352011,-0.6800782048443559,-0.24426328034837483,-0.8250307467701834,-0.24386537681254625,-1.268673759085436,-1.5526966071704185,0.01487391433113842,-0.6205750093122843,-0.8803289488967848,0.3415094007487228,-1.9153495577350086,-0.24903161964527126,-0.3817344026595133,-0.1638473047743344,-0.019689963299554837,0.22762044679206747,-0.17096985184252958,0.22508001479570747,-0.14811404312614582,-0.21127033134680365,0.5619526331057093,-0.25716349338641126,-0.24538383592372187,-0.02245069797747744,-0.28375301115813273,-0.00023621783928846934,0.13452333176096787,-0.32288749475439116,0.9290380178560561,walking,ELEC292_Walking_LeftPocket_Data_Christian.csv
-0.8392313475751363,-0.3002147799834164,-0.409129702648445,-0.20487746353577008,-0.272210748375555,-0.7553190602063939,-0.24673580860517277,0.06992792924382076,-1.6045613775957026,-0.08601421269798949,-0.5179611963729116,-0.47567651903403935,0.0878880908254008,-1.9611743731819264,-0.29343424492176007,0.41850314454220977,-0.456589809263367,0.0548841042674671,0.01161930256211787,-0.22034878790304924,0.10260162459894046,-0.6214708643519098,-0.17503406145963077,0.9491293456907417,-0.23053937283508336,-0.2687487560215097,-0.16151215954064227,-0.39697935315594934,-0.12397745295254171,0.2394392463070097,-0.3296306390813401,0.13362660742955582,walking,ELEC292_Walking_LeftPocket_Data_Christian.csv
-0.837242520797993,-0.2617531682847206,-0.44725783644247075,-0.2872940695287102,-0.27800879177558,-0.7566486443839279,-0.2403074234178039,-0.021114335829100432,-1.6147330716151238,-0.1311730915741657,-0.6900776984277069,-0.3242587287975101,-0.11840722737129267,-2.0044989583718094,-0.3116216785629828,0.4662713133991044,-0.4440774876672062,-0.17197182222888205,-0.07127197151475108,0.25286844082995497,-0.1562986366858885,-0.5881239749650402,-0.2782900070130723,1.4687319767901312,-0.2721676236564681,-0.30050112628790693,-0.25047745577340824,-0.22577024027447443,-0.22125957098840882,0.4924481572191326,-0.33838055622292523,-0.2883948591887987,walking,ELEC292_Walking_LeftPocket_Data_Christian.csv
-0.8474444801782011,-0.29186187436682837,-0.3724429515341787,-0.34242753588664065,-0.19961385158254205,-0.7222746229102033,-0.24538555516604163,-0.29709060698460915,-1.6232164139449383,-0.2856635049055673,-0.671088475632537,-0.228320920989994,-0.18136272187341954,-1.9685414613635197,-0.3659485322315134,0.7283868935507197,-0.5214841339742403,-0.17961167902804412,-0.12274250132885989,-0.04148472193356651,-0.06381815017152254,-0.4905534463810481,-0.2814056267084677,1.1279801531709575,-0.26522541327982546,-0.42214017734911036,-0.3399364494553647,0.02907971617339206,-0.3252305865403106,0.31459080280494117,-0.36748807273701894,-0.44110081580120786,walking,ELEC292_Walking_LeftPocket_Data_Christian.csv
-0.8183296796482111,-0.29518450288391834,-0.3652634409353501,-0.25733497158740276,-0.22002386324974235,-0.7690540311278021,-0.24592570642853107,0.15584551862103838,-1.5946737845925365,-0.13644503063145672,-0.8211753455598345,-0.4173775631683284,-0.11691836747542642,-1.942336766853216,-0.3136768793548573,0.2797585917328629,-0.518364988925646,0.09966403556548069,0.035236633106415706,-0.027488688818642044,0.0352832975801491,-0.6853369830585998,-0.1521958543768847,0.9268403464189172,-0.2540420533989872,-0.26837053504174646,-0.15343253467266102,-0.29307635339300264,-0.12402518652099953,0.37048434368930844,-0.3295235399705293,-0.1368940042499852,walking,ELEC292_Walking_LeftPocket_Data_Christian.csv
-0.8719604886613398,-0.3660364192530238,-0.548549221914078,-0.2214858566970901,-0.3814162214605344,-0.7574171197172632,-0.25648618727591943,-0.5823135148915863,-1.6268171603650041,-0.2851465815614395,-0.782116754514806,-0.4437590692545305,-0.07617581832612208,-1.9641326599338758,-0.3657871232736128,0.02678514642199251,-0.6543171100376504,-0.032042050550830564,0.2140656618396956,0.03176894429592801,0.12877227444142078,-0.7357473394230165,-0.21705552503258196,1.9385740570106904,-0.27170366524195066,-0.3720479379946824,-0.09043239210461093,-0.0023561067827833158,-0.08576976142572504,0.24125388478161786,-0.35634880279222525,0.9593853307463467,walking,ELEC292_Walking_LeftPocket_Data_Christian.csv
-0.8545982991738185,-0.3434040261141214,-0.5073958286839878,-0.2183445144473525,-0.34863705053994726,-0.7101985827610412,-0.2533117087142948,-0.5722338963647531,-1.590687099456918,-0.3702446771385862,-0.9355374066117769,-0.2359989128807172,-0.31545185625494016,-1.9515551698308802,-0.3905170163347371,0.30378763471867204,-0.42541217859592345,-0.16375669981187585,-0.3086972056648974,0.08642912773103788,-0.24263421928512596,-0.44950362027560814,-0.2749134871864069,0.23072967016107418,-0.3440432530968501,-0.45878115608382564,-0.33741642384320064,0.419185922752095,-0.3518446770901195,0.2103818954701097,-0.3748846021062941,-0.3404834573211353,walking,ELEC292_Walking_LeftPocket_Data_Christian.csv
-0.8111888308293724,-0.2277047931270726,-0.47192027744003634,-0.34261659811973544,-0.281137038424178,-0.6944997304774924,-0.23416673876551547,-0.547228978116188,-1.6335838191797694,-0.2900557225397889,-0.6937981992403331,-0.3772257454716467,-0.08007084550205876,-1.9111506991152258,-0.3673144813265851,0.05613362156346951,-0.6657689866258878,-0.18827071117397148,-0.10221265015221319,0.11484311190687342,-0.1174623444833358,-0.7516407398739209,-0.2849083799596337,0.620301184934629,-0.22130028730431098,-0.4238637843696701,-0.2639678164522203,0.24172461075357915,-0.26884435464785666,0.26417092062910963,-0.3678502405369223,0.35843747938282705,walking,ELEC292_Walking_LeftPocket_Data_Christian.csv
-0.8016711840977733,-0.28898392554044744,-0.4308874561490332,-0.2990159302151881,-0.26096074635125566,-0.7045143052452448,-0.2449144423231992,-0.3260841688872212,-1.6258822770912318,-0.2706139952694512,-0.8946785732610482,-0.42346988288808524,-0.15117626082387248,-1.998773242941443,-0.36119336461151713,0.29183763299227283,-0.5162821038985642,-0.24333846795946007,-0.399655459715363,0.09565312463467501,-0.3071337836896741,-0.5042692235070197,-0.3064757993111819,0.0989351789881386,-0.2762341390611759,-0.4224795250348666,-0.3416267974444093,0.19910694858182995,-0.3394806169717602,0.41302918640722813,-0.36755948824327334,-0.6470683710257175,walking,ELEC292_Walking_LeftPocket_Data_Christian.csv
-0.9004605124921162,-0.13687230530498515,-0.27735005941746527,-0.7167708280471414,-0.005936729273663993,-0.8814587890313629,-0.21571777031984707,0.11922618854970607,-1.0889163847876215,0.6811659968155932,0.37546573501603114,-0.409681025244862,0.5104209250512983,-1.7920558017157493,0.1750252599779716,1.4394149924480546,0.18516073565516292,0.5472182233832436,0.36691468691938445,0.010367525547107445,0.23969999964006042,0.046669493334276335,0.12055372338603201,0.2035965203942749,-0.02725629874369907,-0.2873257900094616,-0.198589373608236,-0.002386210310805105,-0.18855755087563816,0.3047949703404659,-0.33480774270314595,0.49967386986430623,walking,ELEC292_Walking_LeftPocket_Data_Christian.csv
-1.2080838527253275,-0.4014506286915012,-0.528386306275137,-1.182925667558487,-0.06774656855521485,-1.128639474340477,-0.26107885485800936,-0.7409216676513778,2.1827720047225907,-0.6396905981866196,0.6779331167781526,1.124897338939959,-0.4972621303174596,2.5314516034981946,-0.44437248038509364,0.14164535674182122,1.432725118788628,-0.6378206436165406,-0.2785378095231749,0.7729185498069634,-0.5181275998133875,1.7069935700317849,-0.4251671367538698,0.13258568930327524,-0.5498300164386657,-0.7021075691672249,-0.3258740722929891,1.6425460937798357,-0.4318465564888299,-0.14752080121135785,-0.40789420023941664,4.466786184434572,walking,ELEC292_Walking_LeftPocket_Data_Christian.csv
-0.7770165968851245,-0.4474829715493953,-0.28002456428806277,-0.041178625142771604,-0.21692258423508945,-0.6515870947684094,-0.2663652857530077,0.11421992695770954,1.7578307915651352,-0.4579798631460445,0.39061444115369187,0.9064825779427464,-0.48309326288024745,2.0457581821408635,-0.4121328246662661,0.037747235686015436,2.368621372393513,-0.5631751646431364,-0.09675308454981124,0.9500076510667661,-0.4734032249829811,2.844070498272251,-0.4075286272053317,-0.9548778681613495,-0.5592809457009997,-0.686202648187773,-0.3427051159087871,0.7056713108114073,-0.37817455336157646,-0.169667372775058,-0.4065919004164621,1.8966746100991685,walking,ELEC292_Walking_LeftPocket_Data_Christian.csv
-0.9107203198688617,-0.4503059958044308,-0.6164641038971872,-0.5098639898830056,-0.3479898271150822,-0.7461217527816111,-0.2666643523214996,-1.620640191090089,1.3433042467755258,-0.5778248324788295,0.15786311015748322,0.733486663028929,-0.4746117001031879,1.5244889771172454,-0.4352934321326579,0.26167796341508187,2.891676420686535,-0.43962328819204216,0.11096457970753722,0.6883458463480201,-0.22252077859230424,3.349636644477616,-0.37338910651023566,-1.2721730619810354,-0.52097980927549,-0.5234939510831315,-0.3735296009112221,-0.6064849344487484,-0.3098949401746348,-0.039727389780183975,-0.3863968365727677,-0.5748235774135994,walking,ELEC292_Walking_LeftPocket_Data_Christian.csv
-0.6319218497860887,-0.32270438938837326,-0.49380956398505355,0.03501346927075578,-0.4157954725556849,-0.5933171513321533,-0.25024486396027856,-0.19508161452014167,0.8993449719354393,-0.4729215010102593,-0.12921553368812613,0.6746962416318889,-0.5817813981357703,1.0482239019299484,-0.41542147989740097,-0.36372005154822357,3.07334621832999,-0.46497644587196696,-0.021759354817140666,1.2470814564702126,-0.5514015326472598,3.5111382951385286,-0.380897334662008,-0.12176800173984771,-0.49885041694663557,-0.518117572157677,-0.49309507866311775,0.6697680234201474,-0.5184320430670184,-0.11244586289937998,-0.38551583202773376,-0.3474485353798061,walking,ELEC292_Walking_LeftPocket_Data_Christian.csv
-0.6298340452471595,-0.22125813931886887,-0.39306623275539593,-0.47587641125223584,-0.17528454238076827,-0.5536125949421619,-0.23295649878350957,-0.710816743439503,0.6263889023190581,-0.35598643092405285,0.40256271585257114,0.44254826084189086,-0.12374172145554592,0.6885725801514557,-0.38663198287818756,0.7161065777990403,3.150382346263572,-0.45491238566350145,-0.03820394413139212,1.1508114446874778,-0.5208962514499126,3.56070360378162,-0.377947976359582,-0.5507318925451005,-0.38986528862648734,-0.504676754629572,-0.45760567061815777,0.33536664438830055,-0.4598369396339268,0.09267842685643772,-0.38325353310071436,-0.34548430338856395,walking,ELEC292_Walking_LeftPocket_Data_Christian.csv
-0.7826193203662273,-0.24472978708709375,-0.23188347954634259,-0.1955843259052761,-0.1297227084662865,-0.733874940354261,-0.23729004326593522,0.6429021956186229,0.545622394153186,-0.2635260165793205,0.34976894277805803,0.5038887398734497,-0.19835407236223232,0.6364303910822631,-0.35891363409175775,0.7268527657195498,3.1816237155969773,-0.039700022913727276,0.733938724982409,0.6676282255859125,0.2009576664256551,3.7250004130415957,-0.22061125276858667,0.11933447465072301,-0.36466554323507244,-0.28454257023729024,-0.09664107820139686,-1.1352255744013733,-0.007427950484981935,0.31686153455259686,-0.3340425015328459,0.09811234900623064,walking,ELEC292_Walking_LeftPocket_Data_Christian.csv
-1.0093432058322311,-0.229685066638096,-0.0288184208467804,-0.3897221895587726,0.0968099930493473,-0.847853242890974,-0.23453545736207526,0.274153569685126,0.6260514669770207,-0.30985423436378606,0.7845074631998602,0.4499758834587636,0.0727101856851031,0.6020379223972614,-0.3733491172279738,1.3441621387857072,3.0447504215233403,-0.22648746975942216,0.022331348151057532,0.9676118091764558,-0.40173773820581454,3.569056577025177,-0.30000610055738147,-0.9071606465789172,-0.45365728377548575,-0.38461311854989805,-0.24305104241698805,-0.2524335727918613,-0.21221893222575688,0.06276716941874112,-0.35925449281300903,-0.5764453856943473,walking,ELEC292_Walking_LeftPocket_Data_Christian.csv
-0.04333895095659138,0.06238930696531,0.09261943889865785,-0.05673990418846023,0.09349297308323973,-0.050688214083757725,-0.16471158907216626,0.9658737694782601,-1.1021520229798483,0.21006495843516165,0.17497207990552613,-0.6449539857905198,0.583360954622989,-1.601255851452019,-0.14833535597172195,0.9097381519099134,-0.07298405118223034,0.23356468372511882,-0.006990287371020173,-0.031111362634362906,0.008743076342527191,-0.3556383018164945,-0.07907415206009862,0.6124549462723472,-0.12353843109316144,-0.2065534853238255,-0.010811979790629853,-0.761272276474482,0.04633424056078658,0.25989996451843733,-0.3111099067777958,1.1641190113988176,walking,ELEC292_Walking_LeftPocket_Data_Christian.csv
-0.480482761053371,-0.1927740291655405,-0.2927613450437818,-0.09459598773562863,-0.21085935911128045,-0.36351864508365134,-0.22742781248442312,-0.015560447182947383,-1.5992656208711495,-0.15272066290250502,-0.5407642658754008,-0.6262133801490358,0.19037246624469822,-1.9238617891301775,-0.31993198893554725,-0.3870748450003134,-0.5434820829673835,-0.1065184070940646,-0.2294864321999468,-0.02959827796540935,-0.1399686024084061,-0.5319607925426615,-0.25063133544959987,-0.30420821494662764,-0.1600264668834703,-0.35100525918082803,-0.20229163910063072,-0.8578904296667497,-0.1284591201332676,0.30156864551821777,-0.35131546190859486,0.41216538256459834,walking,ELEC292_Walking_LeftPocket_Data_Christian.csv
-0.6658892239287535,-0.27937122160795097,-0.4086967397929114,-0.18594215017146717,-0.27770765306641304,-0.5488797629995528,-0.2433189862211338,-0.15583994366255097,-1.621338813809198,-0.227202699037753,-0.8264027159299012,-0.537054089697448,-0.028616971512865505,-1.9180788157932416,-0.34682732054044474,-0.41497757496351434,-0.6230926582680443,-0.12416510058913224,0.3350891814061473,0.0023801844507417708,0.22196058342776218,-0.6400944195973883,-0.25825865135468024,1.020992156578758,-0.2522843310915378,-0.36548508250530154,-0.10233318800445126,0.06457572635702316,-0.10205720063890993,0.3087068670512097,-0.35480146088560277,0.7145851445999526,walking,ELEC292_Walking_LeftPocket_Data_Christian.csv
-0.8039431849357741,-0.32445664423968523,-0.46049334646609924,-0.6250901713695216,-0.18446702501192166,-0.6447805994012374,-0.25051052731959744,-1.295204025647388,-1.6015539011187154,-0.23980977909942733,-0.6664211806306284,-0.45820630548481045,-0.003962578100503786,-1.8975616659656165,-0.3510987463567243,-0.14968275092889521,-0.5104336324285454,-0.22036641808301544,-0.20243334041910843,0.11574514317986329,-0.18454264309211604,-0.4579540992258995,-0.29762761793564757,0.2796194397090925,-0.3277730596633467,-0.4019450977424763,-0.24426608750648607,0.011527263354024443,-0.23300233341821094,0.021681971034138,-0.3631399662421735,0.29961278380922346,walking,ELEC292_Walking_LeftPocket_Data_Christian.csv
-0.7410047178889706,-0.29211205310758576,-0.4731917632798946,-0.6612301511516167,-0.18371193099122382,-0.59636665641621,-0.24542636616657942,-1.025562706739222,-1.623748124272803,-0.34257371777670587,-0.7026927298990466,-0.42546356406251734,-0.04807093919827514,-1.9638082025859016,-0.38288235973729845,0.03543131017757551,-0.6210853065504577,-0.24276848156571315,-0.23379760655796314,0.16513862806133847,-0.22668001999776835,-0.6099002086486262,-0.3062588350389291,0.6462621288213165,-0.28294084575752393,-0.4713658475939722,-0.3121164296904722,0.3088367508346792,-0.3195943340898381,0.20160948255170016,-0.377278516545496,0.4727127998170825,walking,ELEC292_Walking_LeftPocket_Data_Christian.csv
-0.789276771038155,-0.31922530517870645,-0.4436735616957276,-0.20487746353577008,-0.30054025807378987,-0.6329729156310213,-0.24971407527898273,-0.46925072504807475,-1.6232758192497942,-0.4069627161825071,-0.8278562448742763,-0.2613140313763967,-0.2392095208731976,-1.9820350659863746,-0.40004281938905917,0.07327110939954048,-0.54411827847822,-0.23991493907988276,-0.0906816701945441,0.004766202556385392,-0.06239624087935525,-0.5433689389518512,-0.3051706667374017,0.1344261491086175,-0.29891100215128935,-0.5065193236421244,-0.24355206379194594,0.2804329883404727,-0.2523201015377438,0.20029208323284564,-0.3835687197633268,0.49560317540247284,walking,ELEC292_Walking_LeftPocket_Data_Christian.csv
-0.7996140049637369,-0.3509013814451571,-0.52033538941257,-0.14658811174666475,-0.38142521066184065,-0.7082347014803897,-0.25438398639319026,-0.45614042352939094,-1.596916890727582,-0.42258094430126947,-0.9825570692795028,-0.16216778778094215,-0.39651358185304164,-1.9065701261334191,-0.40388549733443957,-0.21666852108423554,-0.5711426485301515,-0.4130616210145691,-0.5145699131793262,0.28812040370658965,-0.46646906750908296,-0.499848973052665,-0.3652445456858119,0.05252280815745682,-0.39970724708352645,-0.5352777572229758,-0.4639607668416241,0.49014319483261387,-0.47738617386944154,0.05396871471257105,-0.38827998110334067,-0.20993777716301187,walking,ELEC292_Walking_LeftPocket_Data_Christian.csv
-0.7842959257967839,-0.26035241881720733,-0.4741837414827199,-0.26289049361453026,-0.3076327483535714,-0.672762858160107,-0.2400631297249298,-0.6634495425114516,-1.6281635723574626,-0.3189784112813907,-0.7763159737124004,-0.3153196172114222,-0.1708419145531308,-1.9596666012351758,-0.37606265685144197,0.16797391100391637,-0.4743532456665312,-0.09348185046093734,0.10894077534167558,0.07236035012255836,0.04134050622765214,-0.5003365007178171,-0.24491585991648027,0.3295593712102401,-0.21888463014403495,-0.4332541142181892,-0.1622188633326542,-0.044874388428087886,-0.15083230913256168,0.22025252443483653,-0.3697986763363569,0.30159824619691766,walking,ELEC292_Walking_LeftPocket_Data_Christian.csv
-0.7787806400763483,-0.2888142335947005,-0.44356943137804106,-0.4513419460250236,-0.22428475094440029,-0.6865588192157919,-0.24488656994063382,-0.5017352096677916,-1.6132006099445864,-0.4070268787082979,-0.7671147350630751,-0.14180441790300477,-0.29800890803664826,-1.9411152807417347,-0.40005886120039696,0.4648664953617606,-0.5593850645031074,-0.3156626632581382,-0.3983941116572097,0.18195714604884872,-0.343451980608912,-0.5323183128159644,-0.33294134109213175,0.09699513015323029,-0.3225885719365236,-0.5084649603378035,-0.4415212684411405,-0.11664882637486174,-0.4109379129884904,0.13600516555707737,-0.3838997940749315,-0.486951482145303,walking,ELEC292_Walking_LeftPocket_Data_Christian.csv
-0.7877118176548736,-0.3225180352410764,-0.4970430840198781,-0.1394037455288709,-0.36454346571690543,-0.6508064213919207,-0.2502165445457556,-0.5618192840263703,-1.611899045643244,-0.4313546289165343,-0.94089812824725,-0.40496110017796744,-0.18971727303359784,-1.919166701865264,-0.40598939182867455,-0.7088760240335604,-0.5584599599777124,-0.29408849766308093,-0.26843761205825906,0.12384887542703944,-0.23195423893256253,-0.5187325428647125,-0.3252678030762483,0.10677162443160881,-0.3365180480675452,-0.5218777780759986,-0.3397282793588698,0.617177358649187,-0.36876484805522064,0.16223995994443194,-0.38613343820742424,0.539377521237185,walking,ELEC292_Walking_LeftPocket_Data_Christian.csv
-0.7859475771991662,-0.2905050126612008,-0.40178577576238644,-0.26950767303588313,-0.2462139398543026,-0.6835703041845228,-0.2451638165060719,-0.22900039905272868,-1.6306275226846263,-0.25995508064526873,-0.8292964387544709,-0.5968830802553768,0.01537849008182732,-1.9396265945513351,-0.35775536156538806,-0.39241050987050846,-0.590246146185508,-0.19142289180617872,-0.322289642490259,-0.020185145514600805,-0.20577732528586767,-0.6436046183087986,-0.2861759829036718,0.07575857967560576,-0.2549146459598899,-0.41612384030221466,-0.23753345615376248,0.10229465180839507,-0.23335343015065477,0.15677695146825643,-0.3662128960968791,0.4126811927832092,walking,ELEC292_Walking_LeftPocket_Data_Christian.csv
-0.5043278215962823,-0.3096953858619965,-0.4410538623884542,-0.00028300200455320127,-0.36162197099861415,-0.42326454897081195,-0.2482375442105176,-0.21943479146558667,-1.6024678946035884,-0.36819767239102275,-0.8154279052814085,-0.2145691554122574,-0.2682034824976943,-1.9563075143648505,-0.3899656528865131,0.5051777014519948,-0.5299448194390244,-0.23486944729514714,-0.426397920619924,0.25250471855656786,-0.39246087560723575,-0.6273861994868362,-0.3032385742488013,0.4565843505571732,-0.2883377386027667,-0.45794196979507745,-0.3834154942258246,-0.26924393992046275,-0.3443681830025163,0.31275815369080123,-0.37472230454211575,-0.7344314355215623,walking,ELEC292_Walking_LeftPocket_Data_Christian.csv
-0.6276601837986188,-0.36476615368343535,-0.4340004042813836,-0.3948559573810854,-0.2338942213131922,-0.4738741356489558,-0.25631296164162726,-1.1051842553167948,-1.5836551403088255,-0.4613469197809952,-0.9651147213234011,-0.17107908031791513,-0.3805030442740384,-1.8924848642111753,-0.41288388720778213,-0.098718507186722,-0.6366588722390615,-0.3280219265237144,-0.3048284444303479,0.24403726403600462,-0.3079167735697681,-0.5428489093844545,-0.33725262198999817,0.6221783921584997,-0.4013647522797502,-0.5379727994534004,-0.45824229003843864,0.3262010653442759,-0.4597603982433986,0.03455848701437095,-0.3887014424581433,-0.16700848436715945,walking,ELEC292_Walking_LeftPocket_Data_Christian.csv
