mean_x,std_x,max_x,min_x,range_x,median_x,var_x,skew_x,kurtosis_x,rms_x,mean_y,std_y,max_y,min_y,range_y,median_y,var_y,skew_y,kurtosis_y,rms_y,mean_z,std_z,max_z,min_z,range_z,median_z,var_z,skew_z,kurtosis_z,rms_z,label
0.8240815313052748,-0.09718665296364468,0.8244361727811325,0.8237232291435906,0.07270709341256641,0.8240567390041406,-0.39230184207198293,-0.014206168282984545,-0.2778084162003559,0.8240816159115314,-0.7139038782897925,-0.6140636011324065,-0.6745429210272458,0.00019103089386585473,-0.5763417416392724,-0.27009173325628394,-0.5535932978907981,-0.957586228664769,-0.28218415422131854,-1.0684069866925603,-1.9772713501774901,-0.4590423697888292,-1.2570574269197223,-0.3107228695670388,-0.5440986567400794,-2.2232192597150147,-0.3700623289946477,0.03702896134274852,-0.5594354995041575,1.1658075813055777,0
1.349206088414585,-1.0304500571785373,1.347988630909994,1.3504347063477848,-1.1863550705369883,1.3491701193989099,-0.6792298534499365,-0.01419656364492628,0.01590505332578784,1.3492083744413643,0.8890214767299165,-0.6776613591987269,-0.5296958905018871,1.0959186598329174,-0.6665884226258005,1.1426830112500963,-0.5577916583849765,-1.0538599470215915,-0.7230915670649932,-0.2999219845809451,0.4231714880720833,-0.5691133482371338,-0.19202651144739485,0.7272659733059345,-0.6524701193974524,0.37114177086007594,-0.38527048807184655,0.6980099273212443,-0.5854408950837018,-0.7771796115702856,0
1.5196608458779235,-1.0304500571785373,1.5184988701988942,1.5208391047120617,-1.1863550705369883,1.519621264392813,-0.6792298534499365,-0.01419656364492628,0.01590505332578784,1.5196639205390712,0.6486240138001828,-0.7201228459817819,-0.5627458779124632,1.0548547611607024,-0.6868052131722538,0.9012543574497373,-0.5589631500159432,-0.7699751058512788,-0.4504856492477241,-0.43085726463451485,0.6396513658003619,-0.7177623752521411,-0.23354027764758425,0.8457309113237172,-0.7650404561226809,0.6592872021244001,-0.3964587227355262,-0.01731833983270563,-0.5054069499602378,-0.78643981725632,0
0.6815916216831757,-1.0304500571785373,0.6801568603618015,0.6830174794210327,-1.1863550705369883,0.6815698015061217,-0.6792298534499365,-0.01419656364492628,0.01590505332578784,0.6815908188920128,1.0653401969058254,-0.5402929963311704,-0.46711605618897517,0.731476916058176,-0.5419460643671044,1.3770108621262807,-0.5450519744322847,-1.4203356885490217,-0.31678562613451705,-0.1834795319234771,0.24939196774417488,-0.6107954089427523,-0.28356968673238053,0.6765334374398898,-0.6714389745789322,0.19256535125429527,-0.38949172286445033,0.7255558802382251,-0.5791195392330594,-0.7286848156374742,0
-1.4118848999358375,-0.09549657156264352,-1.412254837433532,-1.4115857025441474,0.07498527239337414,-1.4118623517140163,-0.39126168388366545,-0.014196944916526448,-0.2778084920309789,-1.4118881194417945,0.8322093009078531,-0.5579275373825042,-0.44180748710853934,0.9683882317658173,-0.566592791260889,0.9444175852193069,-0.5474523889306696,0.08274249130198899,-0.5098979892130668,-0.3096394963266319,0.38091673526068626,-0.1297429965621892,0.03220198650122657,0.3642984611116409,-0.24793700423522594,0.5315985069211215,-0.28938800841969925,0.022109264614741893,-0.5042086065363094,-0.4296607857661386,0
-1.0215025558191786,-0.09725398370701253,-1.0217487040370132,-1.021315393361701,0.07260921246817081,-1.0214882994430987,-0.39234324170111184,-0.014181221619159527,-0.2778081286307057,-1.0215101010233512,1.3195503700257756,1.3765344546128562,0.7610286928868677,-1.1784827900943065,0.8803555827266248,-0.014641081116427316,1.0592687341235736,0.1664892524231208,-0.45450324306264106,1.449989466323128,-0.09483283570967667,0.5724199916260999,0.7132082600058229,-0.003974957855711177,0.4411812946985929,-0.5472170485500502,0.058716145452276776,1.0141232007173986,-0.4166940133719637,0.2193437648619622,1
-0.1990912918774067,-1.0304500571785373,-0.20081270929751635,-0.19740524546106558,-1.1863550705369883,-0.19909444762904557,-0.6792298534499365,-0.01419656364492628,0.01590505332578784,-0.19909616927947216,0.9997617652531319,-0.6620468141935446,-0.5140509272610979,0.9983919718746401,-0.6341747174848371,1.2491957323019267,-0.5570323201222909,-2.0477027975751105,0.4318062890310836,-0.23940456090877268,0.8265157056603123,-0.5962368252097097,-0.11857907015446789,0.7514751875544072,-0.6251288032450817,0.9271518384014236,-0.38811334695539496,-0.9147822087253875,0.15051172433866208,-0.5994168438692706,0
-0.4050574571456074,-1.0304500571785373,-0.40684591510493745,-0.40331056015123373,-1.1863550705369883,-0.4050562478300121,-0.6792298534499365,-0.01419656364492628,0.01590505332578784,-0.40506328748086784,0.31251750227322217,-0.505749691876644,-0.49645035527161313,0.5971638715640212,-0.5407764951405933,0.59591807101828,-0.5396969388710394,-0.44277219060340206,-0.7513239605507339,-0.5564245333939521,0.5604496139442112,-0.49534402477470374,-0.16222175817894596,0.664072814409455,-0.5877143843636762,0.637294383909661,-0.37572908414747536,-0.02375896911503089,-0.5207671740174814,-0.7038667019762069,0
-0.36500058914172295,2.0693947219630946,-0.3642183552827124,-0.36780964382534265,1.3795351582271766,-0.3624434615815363,2.4862851116789355,-0.6120894009409067,-0.39000577457498964,-0.3650010439377772,0.6345812423904706,-0.6079921204168193,-0.517962182058979,0.7597083107012071,-0.5909007756095085,0.9623215876484602,-0.5530392441432208,-1.2488463612201364,-0.37892568505343877,-0.42489424439742834,0.17954317972974726,-0.34514407946071257,-0.20054214798735204,0.5225557211328281,-0.5072602713639238,0.23997502236433166,-0.34812336937048316,0.3420036088171627,-0.6792037548029719,-0.5307764465310673,1
-1.199859591499294,-0.8127871631472722,-1.2011394410386897,-1.1985310858511935,-0.6731750671652673,-1.1997847222010785,-0.6636223559437048,-1.4121081407520966,1.156229669839817,-1.1998689984854078,0.8191824903036855,-0.7268205415223349,-0.5482742761908422,1.163502919976318,-0.6956604968527104,1.0468216638818306,-0.5590286492313234,-0.632528439800157,-0.7668097969837699,-0.3397177294783298,0.7941106977979582,-0.7457673827324062,-0.16328621274644062,0.9435468153753285,-0.7937553807369474,0.7888736427714695,-0.39736377446537624,0.91776060577986,-0.5937231715025467,-0.6616211609873203,0
-1.2683681898454928,0.7508831664742421,-1.2672121668937004,-1.2695329185029756,1.1229451565413162,-1.268675385175037,0.3661035099316479,0.018186772176103667,-0.2725988399055349,-1.2683691403301252,-0.7838421250571748,1.6979256112903238,1.8014030728683617,-1.6793135889761241,1.8670264612379108,-1.5357551968560916,1.5888773087629866,1.6775630209093582,1.8031993769807626,1.556887801092721,0.23393945966438917,-0.4485067722419512,-0.1856397713531276,0.29648439787607406,-0.33196190195042363,0.21548002012946413,-0.3682977318452278,-0.9173585942162703,0.7065165911866246,-0.6245511133564878,1
0.2625570095858018,-1.0304500571785373,0.2609858554432551,0.26410666677551825,-1.1863550705369883,0.26254407006277597,-0.6792298534499365,-0.01419656364492628,0.01590505332578784,0.2625542680684837,0.6705062182802599,-0.7248163859384488,-0.5603991362238816,1.0916411584898562,-0.6919847283417749,0.9190064663385554,-0.5590124578225573,0.02010426243428992,-0.3605266475597152,-0.419257928667582,0.04173028129042898,-0.593357763351246,-0.37607088032785346,0.6097800929560301,-0.6792227477406544,-0.11849476262190281,-0.38782855771918867,1.010743584375092,-0.5377976051862523,-0.5672241800818834,0
-0.014431971292123286,-1.0304500571785373,-0.01609328340120779,-0.01280048056643205,-1.1863550705369883,-0.014439040552316951,-0.6792298534499365,-0.01419656364492628,0.01590505332578784,-0.014435994340289816,0.29479359776336794,-0.6195110977609115,-0.521873418206615,0.8178820923658388,-0.605603889488443,0.5305903048899153,-0.5540676760044163,0.7322753054941349,0.1243949770021306,-0.6057255735874986,-1.8522364149455698e-06,-0.46486781444706626,-0.21012225178410326,0.5599376008342909,-0.5406192972505112,-0.19751089683772174,-0.37101485502973336,1.345417371212451,-0.2841088226967118,-0.4863282009973398,0
-0.3323300939612496,1.727657049158623,-0.3286953887641915,-0.3323087274994516,1.3795351582271766,-0.3340349374158857,1.8268028272770869,1.2337542924724347,-0.11066832969724538,-0.3323315953941633,0.418802977362585,1.9099386932987392,2.0165212661410403,-1.739198444605877,2.062511136742491,-0.6786833336550826,1.9792173130089699,1.5164439098660447,1.4842578556439168,1.8714948537852456,0.26061025766057466,-0.06742601710647865,-0.050453927077612905,-0.18769986587306406,0.10693812326439592,0.41579904386522115,-0.2681878576196169,-1.4430207894995881,0.8836549169255005,-0.36047406206043375,1
0.22704560178093963,-1.0304500571785373,0.22546288892473418,0.22860575044962717,-1.1863550705369883,0.2270334148557128,-0.6792298534499365,-0.01419656364492628,0.01590505332578784,0.2270426959647948,1.112785710523861,-0.61007953448044,-0.4749385284842473,1.075386669703534,-0.6157958111938515,1.2989015559279122,-0.5532327443721036,-0.6989876911322548,-0.7559678918872879,-0.17259158755881857,0.4657342559244799,-0.6341845985624196,-0.21438008274338122,0.7593965832448208,-0.6898191409765609,0.44710259520571516,-0.39149037394953506,0.5402547368882957,-0.6150391524510959,-0.8299519295257647,0
-0.9968053719664524,-0.7823452025459287,-0.9986585589849934,-0.9954658553011165,-0.9297699628983476,-0.9966637852536688,-0.6589513920682738,-1.7216283095975968,0.20545990060353023,-0.9968138637984647,0.6617465187970568,-0.7040617285115321,-0.5551189534368891,1.058276745917841,-0.6809573750067374,0.8934434539174688,-0.5586736519288191,-0.19595641005119846,-0.7198424066033632,-0.423183119761893,0.11041011693744573,-0.7602652886308695,-0.4847517966730093,0.6809836561614171,-0.7983340652133197,0.06060844981540687,-0.39768249745063117,0.059090425483262383,-0.486108069295672,-0.6599438978617055,0
-0.8362653815724435,0.6879583469190378,-0.8352529129997974,-0.8378417543121006,1.1229304743996569,-0.8361555803697754,0.29355601215432564,-0.03615041600204823,-0.28204922166750573,-0.8362704525989741,0.26310871751946097,0.14934750774155287,-0.14639439367889798,-0.686937111953868,0.009086763688501628,0.48159451415310245,-0.27446288641232464,-0.28770894696896965,-0.5784958236469993,-0.05360734227486334,0.5032639233137705,0.2646025677680137,0.4008752663548954,0.1594175339311329,0.12917747905376126,0.763851865366551,-0.12339915272592913,0.11719588271542106,-0.5166805361956286,-0.12211661295613589,1
1.6758582022615862,-0.09718665296364468,1.67649021247376,1.6752483728135157,0.07270709341256641,1.675815262783197,-0.3923018420719829,-0.014186959006868,-0.277808416200356,1.6758621662518853,-0.9756249599757258,-0.5571601003623873,-0.6718204934642682,-0.1386113136327508,-0.5469073225154862,-0.3876396355588728,-0.5473526150807513,-0.7276421025144724,-0.5863885334200437,-1.0013264574067073,-1.9420693590936853,-0.13909219868383177,-0.7958405283842777,-0.6069988945007198,-0.04295021674155841,-2.17074322485188,-0.2924056966273227,0.41658415123363607,-0.2989117576724327,1.1821963353144487,0
-0.47792686596118455,1.8022542577855032,-0.4778918481419792,-0.4814125760681941,1.3795351582271766,-0.4760775582441385,1.964194969860805,-1.135815312235621,-0.18035750513447493,-0.4779282130551664,0.9559834027737886,1.4868947418150715,1.8600716710336376,-0.06670178322000071,1.602203231080109,-0.21712851524310703,1.2326897090030144,1.770090674173379,1.959255752039255,1.489683146576042,0.29258443969442777,-0.3018200708416448,-0.07706531664357787,0.18344873624769703,-0.18217337723798338,0.34664677451236775,-0.3381223171280154,-0.6764014301240083,0.3442177332839909,-0.5445205613377986,1
-1.20162094778966,0.7031844715120988,-1.2004289925490683,-1.2027911849762807,1.1229402624940963,-1.2015602414151916,0.31087131306927634,-0.028905427300070174,-0.2613639104078359,-1.20162404081403,-0.2443163432037309,1.783725499609263,1.8600716710336376,-0.9008113632414083,1.765107116711208,-1.3248601242956335,1.7429212586181388,1.782243610251855,2.014011905018226,1.671575901297541,0.20364188980446635,-0.34466159272701574,-0.28963708791853954,-0.04173252204443484,-0.14730994438617595,0.290545336645128,-0.34801701605588253,-1.9811898440274713,2.1543955658489455,-0.5416951799671055,1
1.157444486268329,-1.0304500571785373,1.1561646117099813,1.158729758187973,-1.1863550705369883,1.1574125812807685,-0.6792298534499365,-0.01419656364492628,0.01590505332578784,1.1574458850814442,0.7843822790564583,-0.7113765211826102,-0.5469053482017309,1.1327049755755187,-0.6884760126952034,0.9999560395314568,-0.5588286782190367,-0.3404671730956254,-0.8277824785118157,-0.3579278621988215,0.39275982351396016,-0.6932636356283267,-0.3337055479358085,0.7450668694123603,-0.7526125875367333,0.43615491227663694,-0.3953542619128946,-0.10838667292320066,-0.5642231868798955,-0.8612197111423704,0
-1.4472593743655817,-0.09724902674307029,-1.4476440900878706,-1.4469464537379078,0.07262389460983015,-1.447236079834568,-0.3923401939163916,-0.014196596776698213,-0.2778080428101082,-1.4472559269727991,-1.8041821988007114,-0.4231036394434956,-0.6849496225694285,-0.6607560689531048,-0.4561480621861018,-1.1323931308957838,-0.5233759139443667,-0.47538589467725956,-0.6323425560683674,-0.587589227990523,-1.6578409303426929,-0.19142962513318593,-0.6856908621180309,-0.31308104092381295,-0.1912659960776634,-1.9488927046336624,-0.3085139800398396,0.8893379961955352,-0.3573561599397944,0.9331826103133386,0
0.01781238699469153,2.1882055195414494,0.01942968311731309,0.015600252494280799,1.3795351582271766,0.021071614654746246,2.733590968329629,-0.17871733912318166,-0.4669247811355168,0.017812683056241983,-1.1043720536889803,1.7664279188865308,1.8014030728683617,-1.1831253912582722,1.7701195471482112,-1.8396712820713612,1.7114361254328025,1.8413167879150343,2.0386557561532705,1.6387872091799895,1.0842507114473319,0.10533362554431441,1.1364140577158635,0.34365673754458015,0.4457611176042171,1.3406694912909314,-0.19954162265743508,0.5344731854551983,0.011779174156690258,-0.06271473627922573,1
-0.5955264019993464,-0.09721506117819932,-0.5956338199195713,-0.5954651743059509,0.07266794103480817,-0.5955211495488923,-0.3923193097845571,-0.014196719591971834,-0.27780864115385173,-0.5955325211711319,-0.8042138044909674,-0.5778341722131399,-0.6395084869265143,0.12634119806820474,-0.5710470947956324,-0.3554545321455408,-0.5498913309033143,0.043866243373170896,-0.36707126217225783,-1.039267275811946,-1.7334704569368193,-0.27919480158010435,-0.8004134980935703,-0.38771620520739813,-0.20691225581679426,-1.9615681512145724,-0.3325366594687079,0.5749323553139355,-0.1756039129412312,0.9810200457246516,0
-0.5638644728489512,2.0693947219630946,-0.5631469677864294,-0.5666147752503327,1.3795351582271766,-0.5613031307410902,2.4862851116789355,-0.6120894009409067,-0.39000577457498964,-0.5638647267297281,1.1768491030022408,1.8844350602632822,1.9969650667526149,-1.071910845857993,1.9154799501509148,0.07684641117237112,1.9305389281326064,1.6120969617621839,1.5625366593817371,1.9562071006878357,0.44036594213167785,-0.23231165553528482,-0.06854965472502192,0.08999403699404013,-0.1082602342641594,0.5836951182882311,-0.3201700090126923,-1.1618404903308148,0.5930651789345033,-0.5140091191720149,1
-0.027825890729883094,-0.0972218210821841,-0.02774849793766328,-0.02793235612562762,0.07266794103480817,-0.027832695637617717,-0.39232346625256653,-0.01418951631584614,-0.2778079496430885,-0.027829614210167386,-0.04571591789258605,-0.04649081197756555,-0.14837359498762379,-0.037829485416496965,-0.11937668983136179,-0.062355392847207064,-0.386338419354187,0.6324399812410775,0.08199409297650352,-0.32920971385618264,1.4180142629844565,4.852188846562426,4.931973942223388,-0.7180191777686632,3.5583297746174227,-0.8944621478623169,7.364199494879235,1.092175220780612,-0.4675243553056229,3.564115149347859,1
-0.46471662225777594,2.1333157722912186,-0.4636826615345709,-0.46721220953783765,1.3795351582271766,-0.46187329616131323,2.6181815685593044,-0.43263438428496215,-0.43246506619639646,-0.4647167935506455,1.1160578252233826,-0.584830023799328,-0.42018118511685243,1.1652138715616112,-0.5865566681685007,1.1852880996708284,-0.5506802698960552,0.32591686855708624,-0.33374343012369795,-0.1665003663726661,0.8260796375400741,-0.1109869880616644,0.3987463572199061,0.5261158961100499,-0.14161925235328615,0.8942284412952866,-0.2832058786758526,0.44602246344499585,-0.41191878149463945,-0.32976455745114264,1
-1.3943626647371439,0.6899038284670975,-1.3929634670141706,-1.3952061609423776,1.1229451565413162,-1.3943831032534169,0.2957599216057536,0.004370112418690737,-0.2800089525149593,-1.3943532409263684,-0.8010581782718047,1.749434441266819,1.762290674091511,-2.081397246665942,1.9121383192368613,-1.7686628465160885,1.680715640396712,1.5399521738655846,1.474748565838862,1.6155927806684582,0.40271356280005965,-0.2624854044310274,-0.11538570645198394,-0.22330161564528245,0.09320203864543636,0.47320425204448485,-0.3282516998018443,-2.5118473441204143,3.6433847396298487,-0.5355645680547122,1
-0.4892933211316958,-0.09554193807826888,-0.4893630951668932,-0.48926659043626397,0.07489962656702799,-0.4892903439338686,-0.39128962922150706,-0.01420017407292022,-0.2778115559939035,-0.4892990101297245,-0.6296067196099105,-0.46161822255098706,-0.5301898049424272,-0.12074720375891485,-0.42939222914341474,-0.28928800104589375,-0.5315976075749204,0.18447711347609652,-0.17204903355126808,-0.8897167902224388,-2.1542194518068833,2.6148512271546793,-0.21061166537175435,-2.8281768096257656,1.9490228853765692,-0.6849323061523869,2.434131285988111,-0.2904141842281695,-0.41341203394091547,2.5515621319472683,1
-0.4583245688529007,2.1985549210939963,-0.45657806823086666,-0.46011202627265946,1.3795351582271766,-0.4583222306406069,2.7555737111430236,-0.01419656364492628,-0.4732259861529537,-0.45832450178418516,1.0184834891073804,0.6590394773606749,1.5276162814304073,0.18224783222484797,1.2695451451254407,1.046111563273737,0.14698872904008708,2.755996660504748,5.8340241535178246,0.6531177121522722,-0.02414344723293078,-0.3959037420202578,0.08579640983329456,0.470933141522478,-0.293370093805125,-0.19092619543776607,-0.35867982110793223,1.9452932991905534,0.7369927460790741,-0.43774331655550397,1
0.23627856781020387,1.9289818892860875,0.23967207553214254,0.2357059337148054,1.3795351582271766,0.23413554589712543,2.20600514080815,0.8804611292141478,-0.28689035206583513,0.2362787824762909,0.1842237279530119,2.1711594738589373,1.9578526679757642,-1.653648744090861,1.9956787734066557,-1.5201332543537125,2.504940660059021,1.0725879687815774,0.6386501013553374,2.1406260776225463,0.11296410900176779,0.508583245209532,-0.012133511890608071,-1.9143863425697276,1.399436557569933,0.2598607398988669,0.017161525870679997,-3.215705860818005,4.603133547019144,0.11044677559984739,1
-0.2526424948471388,2.1882055195414494,-0.2505448624234456,-0.25420671158249125,1.3795351582271766,-0.2559114959603467,2.733590968329629,0.15032421183332903,-0.4669247811355168,-0.2526425346571108,0.5613917565271828,0.6430619730542728,1.0269776069271113,-0.8152616627263922,1.0366343818451254,0.674027343357188,0.1309194243544062,1.478795006365577,1.989926051654827,0.5199673148394355,0.13007711319127094,-0.12062666559068537,0.19437087723214366,-0.29450520007098613,0.3358725654119108,0.18861454925323182,-0.286404558405947,-1.227588059099384,1.3814444782386168,-0.35680842958444375,1
0.2696592911467743,-1.0304500571785373,0.26809044874695925,0.27120685004069645,-1.1863550705369883,0.26964620110418863,-0.6792298534499365,-0.01419656364492628,0.01590505332578784,0.2696565824892215,-0.6431785969854023,-0.6728143390250606,-0.6763673905776383,0.30304400429368455,-0.6370485159280631,-0.17594362380612993,-0.5575748552258861,-0.10496169135101999,-0.12276168701099056,-1.0983903049833237,0.30753091747055117,-0.663186784436418,-0.24940066466148383,0.7183655252527215,-0.6811850362142583,0.25432961238765056,-0.3935992499297963,1.236972289041832,-0.13085895118445265,-0.7938053195280143,1
-1.2485528229357272,-0.7204703092521353,-1.2501611456749977,-1.2468123266373954,-0.9297699628983476,-1.2487894101313377,-0.64757566982978,0.5836962736513601,-0.39000577457493285,-1.2485623096609775,0.6403074171102807,-0.7141526130332045,-0.5586390752948841,1.027478883103594,-0.6779499294917972,0.8998342239524708,-0.5588773643486931,-0.89401025865076,-0.05323023763231206,-0.4351116197395055,0.4792357465629384,-0.596220976832385,-0.22396017385083306,0.7698101088464006,-0.7033589752076751,0.43503946789984194,-0.3881117903077929,0.6152230274475567,-0.6782307462910812,-0.7989851695308541,0
1.427422781782415,-0.09717395195610475,1.4279738456215878,1.4268862676770113,0.07270709341256641,1.4273852418063078,-0.39229403227334003,-0.01421776661221933,-0.27780599235221354,1.4274256105723506,-0.8350888837568805,-0.5277088297194114,-0.6072843043928574,-0.037919108244041884,-0.5114354616591975,-0.42323669809374176,-0.5432012444328764,-0.22417260693844,-0.48099389961152544,-0.9824722760485173,-1.9912536966120429,0.3396789701166935,-0.7956015127412225,-1.0237545408472444,0.26347255086302057,-2.4769655615986377,-0.08322956096901302,0.18318123000144074,-0.48034076511166723,1.342357316344867,0
0.9094328141591714,0.7215641252053475,0.9146084393840392,0.9102233439067355,1.3795351582271766,0.9088379948313261,0.3319763159662309,3.1593650584248745,1.8714130183051043,0.9094338408893935,0.8054464581121991,-0.7251140964573137,-0.5482742761908422,1.1523814491189797,-0.6934884431322065,1.0255191196714646,-0.5590150470571535,-0.3144723928844209,-0.689413843037694,-0.3470418141672333,0.3394107338590291,-0.7491551637387939,-0.36298872024268686,0.7609986641066023,-0.7823151930965154,0.309245812009435,-0.3974474024994962,0.6253187084629263,-0.5131754618676778,-0.8527891586780139,0
-0.22750041812129645,-1.0304500571785373,-0.22923108251233307,-0.22580597852177842,-1.1863550705369883,-0.22750297179469614,-0.6792298534499365,-0.01419656364492628,0.01590505332578784,-0.2275054269624233,1.0569895231369673,-0.6782325240523339,-0.4984059826705537,1.2122662231621806,-0.6625784846498288,1.2207922497295436,-0.5578160849241277,-0.40268361680159914,-0.7982696505009526,-0.21027604105118436,0.6569349403241375,-0.45299812851656296,-0.054711745347591496,0.6925542354475465,-0.5425815905975279,0.6584970432940965,-0.3690565848240728,0.3530074600244055,-0.5763946819125984,-0.6357810686410271,0
0.3155400300306563,2.1882055195414494,0.31782260187288847,0.3138079496317657,1.3795351582271766,0.31225898735266444,2.733590968329629,0.15032421183332903,-0.4669247811355168,0.3155410139067881,-0.5354965531159441,-0.4472601317671538,-0.40649183062475863,0.06418923572373941,-0.3598278647165066,-0.1688427785576296,-0.5286582502436742,1.476030760087257,2.0139861022207053,-0.8556174627037291,0.5573766300534259,-0.3924261923835722,-0.021713628376658658,0.5341262898087992,-0.4058750215318657,0.5988398749913992,-0.357996573206044,-0.02344728360941201,-0.35051413748684884,-0.6277994967929799,1
0.766819000414845,-1.0304500571785373,0.7654119800062515,0.7682196786031713,-1.1863550705369883,0.7667953740030734,-0.6792298534499365,-0.01419656364492628,0.01590505332578784,0.7668185919408662,0.7441285779824983,-0.7092676402576096,-0.5533588925078916,1.0711092499470247,-0.6819598674677688,0.9992460066422842,-0.558787961097749,-1.3721486384149644,-0.44398687671539605,-0.37937548710967745,0.23265698206149157,-0.5668181429454954,-0.30166543341373864,0.6605126288220747,-0.6707848728978629,0.12645519693040608,-0.385013507490944,0.6995495415821642,-0.6322226190430096,-0.6948406523296216,0
0.6176710876344238,-1.0304500571785373,0.6162155206284639,0.6191158300344288,-1.1863550705369883,0.6176506221334079,-0.6792298534499365,-0.01419656364492628,0.01590505332578784,0.6176699891053727,0.5233637544917331,-0.7058569356154535,-0.576435213754312,0.9864150252246552,-0.6851344056822656,0.7869307667250991,-0.5587152886196004,-0.6181179334835477,-0.8468095248579672,-0.49727009912285147,0.6805418643016771,-0.726945413849715,-0.20054214798735204,0.8916572099094966,-0.7785148774565769,0.6552047004436645,-0.3967975175890427,0.8173531231766548,-0.5944503703918067,-0.7551322196506943,0
-0.45179046981680615,2.156955696263635,-0.4494734749271625,-0.4530118430074812,1.3795351582271766,-0.45477116511990057,2.6676427398894442,0.3180709620115134,-0.44752451938230575,-0.4517905676730961,0.9678723745899607,1.8514228692640968,1.8600716710336376,-1.2686750917732883,1.8369519104840466,-0.4421542496170531,1.8682289351505683,1.3476583306975094,1.1439013013999622,1.8843629156717314,0.2345523393238953,-0.37553450934698973,0.1666950077200853,0.38726894467649786,-0.18217337723798338,0.1330398669321785,-0.3545941461717171,1.5740777578074625,0.6229961100383468,-0.5762415067194953,1
-0.41807946047691874,-0.09721062230151446,-0.4181290751336672,-0.4180707204885234,0.07270709341256641,-0.4180779773517428,-0.392316580432235,-0.01418995316672594,-0.2778062679331058,-0.4180848572213219,-0.8659859007210577,-0.5339896103010772,-0.6610098136258983,-0.22118326816712555,-0.5215445500647783,-0.2769262844281002,-0.5441392905027811,-1.1566736963284239,-0.34021173943184374,-0.9887597572698236,-2.0562687717849624,-0.3928444149023616,-1.2124430684847902,-0.34299107734463513,-0.4929694598008835,-2.2769175630559833,-0.35807905410549645,0.2649694598595553,-0.6194625572173048,1.2407329877387139,0
0.07079540743954597,-1.0304500571785373,0.06916183624324232,0.0724017186157065,-1.1863550705369883,0.07078653194463472,-0.6792298534499365,-0.01419656364492628,0.01590505332578784,0.07079177870856357,-0.010844859106929484,0.5715045935534941,1.0035100781398245,-0.37810272246581833,0.9312062579355427,0.12229181737682705,0.06122023842789054,1.8161030816745525,2.8597197463948563,0.33431183860926933,0.060640946782465115,-0.2497686398047548,0.5722525786145275,0.4727132290110889,0.004244662272738797,-0.0947899192173388,-0.32489963336919675,3.188057534308786,2.5912092068558303,-0.40934282265067157,1
-0.6536373117796428,-1.0304500571785373,-0.6555066807345836,-0.6518169744324712,-1.1863550705369883,-0.6536308342794545,-0.6792298534499365,-0.01419656364492628,0.01590505332578784,-0.6536442922066902,1.2937058521539226,-0.6048786422609005,-0.4358261297073966,1.1523814491189797,-0.5974169208369431,1.5261286038799222,-0.5527447626746872,-0.9518717287322532,-0.6181711300291219,-0.07583154779461034,0.5854171221864307,-0.39232543007981563,-0.027035901214131897,0.7059049022222866,-0.5353865071943392,0.5136341639256647,-0.3579766883784574,0.6329338658337029,-0.6238374109793684,-0.6203433678892187,0
-1.1285100612926375,0.70188508312176,-1.1272516869412899,-1.129659302761955,1.1229402624940963,-1.128763411786952,0.3093876741554537,0.013530032415683024,-0.26069636721398065,-1.1285141423577751,-0.02409006457548842,1.9227984908418083,1.8014030728683617,-1.6279838992055977,1.8570016322320588,-0.9882801221567209,2.00394134409583,1.6067312460162673,1.4732746117940294,1.843677843500005,0.39753481542930474,-0.2034457854087635,-0.19947769341985738,0.041931632360911845,-0.15339302803030772,0.57460826426633,-0.31202428136498284,-1.6591220923841283,1.0436821341158895,-0.4888986102214358,1
-0.7855550814736009,-0.7471839480458952,-0.7869416568531109,-0.783880372330766,-0.9297699628983476,-0.7857304608127377,-0.65279641191991,1.1074221849455443,-0.18035750513455304,-0.7855626028231288,1.3858360460207668,-0.640541559413838,-0.4514710929481859,1.1327049755755187,-0.606940527513395,1.5190277332368263,-0.5556973057315066,-1.3899078790552089,0.02634657576215011,-0.031376293497642996,0.48765594630290426,-0.4144785051127495,-0.1334814594779917,0.6124502241889465,-0.5321160182826448,0.6092436708632005,-0.3622296910276716,0.036735406001645037,-0.5621035217430522,-0.6560858194177299,0
0.36909123300038843,-1.0304500571785373,0.3675547549988177,0.3706094157531914,-1.1863550705369883,0.3690760356839656,-0.6792298534499365,-0.01419656364492628,0.01590505332578784,0.3690889843795504,0.7311424073058028,-0.683499389195387,-0.5375183814474044,1.0591322625037638,-0.6660871843623233,0.9459896122569084,-0.5580301887282981,-0.3059683697661478,-0.7269501173084861,-0.38469295574927226,0.005848635017581807,-0.7112298240781036,-0.5060409007122016,0.6240207928649175,-0.7695537238031047,-0.04869719780674852,-0.3961927540736245,0.33068017034733277,-0.6654889934764485,-0.564780701403742,0
-0.7434101507103344,2.0693947219630955,-0.7407618003790337,-0.7441193568797879,1.3795351582271766,-0.7459585378178188,2.4862851116789355,0.5836962736511453,-0.3900057745749727,-0.7434097064858303,0.5916076001474511,1.8700590589894943,1.9578526679757642,-0.5500576400817734,1.7801444080222173,-0.5253051236907207,1.9033073871367288,1.6611176643382701,1.703796600061561,1.8486530916310209,0.24458480940337285,-0.1923446497303801,-0.017455784728081312,-0.07199405179145392,0.042182380433159146,0.28646283496439245,-0.30878375732610497,-1.1253213935060626,0.794671772631415,-0.44929358036561245,1
-1.3053062325335256,-0.09723969514069698,-1.3056447227051382,-1.3050352703365002,0.07263857675148949,-1.3052859476527303,-0.39233445634533115,-0.014196376497581454,-0.27780819466338846,-1.3053132906898115,-0.9082176385526621,-0.36780513057348707,-0.5871734560407784,-0.4787852598480966,-0.4081511323843739,-0.166574321669159,-0.5096918735093178,-0.801937791015349,-0.7364623371889282,-0.7978591125010371,-2.214420611708091,0.1997722819694012,-0.4545566063520458,-0.8379258506299907,0.3364751141820302,-2.7430521030587176,-0.1558813950742143,0.7903072346219944,-0.33322487492925845,1.4842289538775302,0
-0.008466054780906413,1.3370954999931628,-0.008988690097503613,-0.01280048056643205,1.3795351582271766,-0.007336909510904312,1.1673205428752393,-1.915344160970648,0.3681958615218024,-0.00846775386833539,-0.3165957777937188,-0.3587546090381273,-0.2774209072010535,-0.08723373255610815,-0.2199811383813217,-0.01972505373371855,-0.5072412544601479,1.831123623311229,2.765368863758973,-0.7103679063811025,-0.8826380580587772,-0.5807652853739624,-0.8487956140565616,0.07931351206237461,-0.5798652031781487,-0.97055187720402,-0.3865355764767747,-0.8546828068292566,0.27969803022359824,0.21228663798619152,1
1.6190927877315375,-1.0304500571785373,1.6179631764507527,1.6202416704245568,-1.1863550705369883,1.6190510989725901,-0.6792298534499365,-0.01419656364492628,0.01590505332578784,1.6190963224294002,0.8527556374100558,-0.4472498064863702,-0.45929358389370306,0.6673146406719138,-0.5227317662816825,1.2065906438811944,-0.5286560827251029,-0.819962553935965,-0.8068399401552374,-0.2630061657066854,0.4777407148372938,-0.34511811937036785,-0.10367670620954282,0.6489420601461038,-0.5406193050479717,0.3993900307277632,-0.3481176499356399,0.5286391117630279,-0.6940996370282893,-0.6023273089832396,0
-0.24880726280421375,-1.0304500571785373,-0.2505448624234456,-0.24710652831731306,-1.1863550705369883,-0.24880936491893405,-0.6792298534499365,-0.01419656364492628,0.01590505332578784,-0.24881237022463662,0.8329866669014528,-0.6673109635905385,-0.5355627540484638,1.0240568983464555,-0.6575660542128258,1.1213804670397303,-0.5573080567346698,-1.3089769730683163,-0.5836086804838789,-0.3288587181780756,0.5856067565123964,-0.6492059398409072,-0.14093264145045425,0.810396139661268,-0.682166186786497,0.5237745663252812,-0.3926336999404742,1.2250741971938595,-0.3104727915660209,-0.7958086739918644,0
-0.08119341796526425,2.1333157722912186,-0.08003462313454537,-0.08380231321821417,1.3795351582271766,-0.0783582199250307,2.6181815685593044,-0.43263438428496215,-0.43246506619639646,-0.08119343675544338,-0.04274446556990544,-0.6240444683315036,-0.5705683502077353,0.5466895556029513,-0.5942423866059655,0.3026532240487328,-0.5544460575569338,-0.036470044379072135,-0.28723819784321913,-0.7818564246978142,0.271265143104873,-0.34925667300389174,-0.03129371948411049,0.44690193920591387,-0.3476602721189393,0.13303988263127012,-0.34902530336841153,0.6504195386271203,-0.40370462902792126,-0.5722513793875804,1
1.0716481187224935,-0.0957268530359442,1.0720861469684608,1.07121406240176,0.07466471230047853,1.0716180667066773,-0.39140352103117915,-0.014200548891100605,-0.2778014513082227,1.0716493272821954,-0.8997012955475712,-0.724482568084687,-0.743724805719715,0.2915363434917091,-0.6923487134527132,-0.38389816939294724,-0.5590094781794029,-0.9921530174694405,-0.46805452144763127,-1.1800862921877988,-1.6277025243902514,-0.7797970948418188,-1.2632715290959726,0.049836539865231816,-0.812894154281728,-1.8669851431198763,-0.3979502916524616,1.2073793780758215,-0.24140216714193827,0.8459005802651812,0
-1.11859528013492,-0.7245331290202984,-1.1201470936375857,-1.1168789783016442,-0.9297699628983476,-1.1188204174919825,-0.6483999975282216,0.678184383815368,-0.36162389514887955,-1.1186042571323014,1.1861694802899707,-0.6351334828279953,-0.4710272923366112,1.2293761469478734,-0.6425287629018166,1.284699882360642,-0.5553088484813045,-0.3636733964842002,-0.7964014635348917,-0.13710781869781632,0.20236131504439794,-0.32497910736108004,-0.18776869317741626,0.5715081695102618,-0.5353865071943392,-0.05133106580745749,-0.3435819615912621,0.6844243576358453,-0.6828484544503736,-0.5278302178374699,0
1.2213650203170812,-1.0304500571785373,1.2201059514433188,1.222631407574577,-1.1863550705369883,1.2213317606534824,-0.6792298534499365,-0.01419656364492628,0.01590505332578784,1.2213667148680842,0.4490937840148375,-0.5142295643029956,-0.488627882976341,0.7511533488083607,-0.564167831868582,0.5483424137787335,-0.5410915937826044,-0.11185619101834836,-0.7059835427135834,-0.4921729188416669,0.4919137079219682,-0.5339353200971764,-0.2069288880816193,0.7165854377641105,-0.6537783149621301,0.5282521474211685,-0.38105057906496825,0.27669621075618717,-0.67691810825701,-0.7488970090842061,0
0.8521884247777336,-0.12632866326222802,0.8577716929544058,0.8534218777853099,1.3795351582271766,0.852020946500025,-0.40994125398584846,7.014094748243946,11.02634457465425,0.8521886228235668,1.1306800467487506,-0.6548739545933354,-0.48667225557740046,1.1737688742477337,-0.6450349860873567,1.3344057737055486,-0.5566242851210705,-0.6969325021865532,-0.7549190989431082,-0.16887771992535625,0.23376169429360663,-0.42713089428882106,-0.1771241348131704,0.6284710328067615,-0.5707078264279434,0.02636811870891534,-0.3645516637605115,0.9305207914714063,-0.5784409454555198,-0.6105159459560253,0
-0.29852323373102085,-1.0304500571785373,-0.3002770155493748,-0.29680781117356053,-1.1863550705369883,-0.29852428220882254,-0.6792298534499365,-0.01419656364492628,0.01590505332578784,-0.2985285711698011,1.0974136502375103,-0.5811429220990172,-0.46907168358791573,1.0616987306749797,-0.6081101047069445,1.3344057737055486,-0.5502688864720271,-0.8174344718367331,-0.8100910378401484,-0.17563589108243852,0.29975695822654036,-0.4763691661918163,-0.24312038144433548,0.6462719076928707,-0.6243438835670369,0.1936188937448514,-0.37284700612760124,0.5633783167101798,-0.6801564721516444,-0.6730201574043858,0
1.5693862018386537,-0.09717354222113724,1.5699835388177996,1.5688078111099242,0.07270709341256641,1.5693455014957747,-0.39229378032718065,-0.014187707980121141,-0.2778115114607249,1.569389679035466,-0.8807798204420048,-0.550547150797544,-0.6635741710366727,-0.09371411160069575,-0.5486305172674748,-0.38523744438204005,-0.5464751887641989,-0.5816211670917186,-0.6102086195397514,-1.0066625866563625,-1.8195432697314953,-0.21263897905688703,-0.9775165775322487,-0.36067065690035666,-0.33561642359556565,-2.224244347601994,-0.31466250016093894,0.5026539397219839,-0.6221163534945336,1.065321213932918,0
-0.809986936545679,-0.8063689060429837,-0.8118077334160755,-0.8087310137588898,-0.9297699628983476,-0.8098777171905326,-0.6626883443012089,-2.1409924402730063,0.5797870157811478,-0.8099945953360904,0.9327517793562174,-0.5659551347399244,-0.48080539203082384,0.9350852130743007,-0.5934069828609715,1.0439812614494555,-0.5484704710606214,-0.518912699141413,-0.7815225189986742,-0.2590127131761843,0.5431879149314941,-0.6329920107837562,-0.20479997894663002,0.7844068379241843,-0.7023124195356789,0.5066544086215812,-0.3913949008370071,0.5466311374031796,-0.582465783513615,-0.8081557717028401,0
0.48983001953691985,-1.0304500571785373,0.4883328411617887,0.49131253126122104,-1.1863550705369883,0.48981226338798045,-0.6792298534499365,-0.01419656364492628,0.01590505332578784,0.4898283295320927,1.2096536585397641,-0.4561369088845763,-0.4123587128215803,1.000958480839132,-0.5477939104996593,1.2420947939399096,-0.5304931128696618,-0.46747473028985853,-0.8496226880472102,-0.08468309082978674,0.4219399595504244,-0.17907954360344921,-0.04087381059156232,0.5376864860063377,-0.42026518833824295,0.45449060121752854,-0.3048329679944036,0.3933698462993029,-0.6819630539271333,-0.4714909284714754,0
-0.5897167777308908,-1.0304500571785373,-0.591565341001246,-0.5879153250458673,-1.1863550705369883,-0.5897116549067407,-0.6792298534499365,-0.01419656364492628,0.01590505332578784,-0.5897234624200501,0.7719073750826089,-0.5235599011770365,-0.47689415588318784,0.8940213551953619,-0.5820454839620133,0.8621997043505529,-0.5425659170767813,-0.2884253717077752,-0.8108071392060376,-0.3311500465230091,0.3961374828326129,-0.3758356878118431,-0.23566918678257356,0.5448068359607814,-0.5451979817268835,0.6691642149766045,-0.35465602620884584,-0.24610596476760044,-0.527172996963663,-0.6233180745804989,0
-1.0048877534274734,-0.7098877647924406,-1.006473600778319,-1.0032760460587926,-0.9297699628983476,-1.00518632082938,-0.6453774626339358,0.2335841223479046,-0.45893319603831784,-1.0048962294251211,1.1200457064807465,-0.6955746914715277,-0.5042728275668852,1.2293761469478734,-0.6709325141327313,1.306002426571008,-0.5584451939487178,-1.0539390485934015,-0.5253672760945368,-0.17767735213680438,0.44160790848175685,-0.3385352442337111,-0.07174301842750587,0.611560180444641,-0.4935242023398855,0.5070494860743465,-0.3466567571915352,0.39462205322964794,-0.6124193646418011,-0.597580622963524,0
0.5395155855547497,-0.09567932652203567,0.5397804344189102,0.5392385516207765,0.07474301705599501,0.539496728730502,-0.39137425091164396,-0.01416431122762744,-0.27780201197177756,0.5395143864900063,-2.4847941764627417,-0.45826692912558975,-0.799961981924249,-0.8034769747865662,-0.5265365689490105,-1.9089809207684765,-0.5309249020161275,-0.013243651847523385,-0.636860988733182,-0.2788869499815332,0.7788644933949874,-0.5969143826774348,-0.08379536573247555,0.8024107779786329,-0.6411873595630756,0.7990255388685444,-0.3881797832796209,0.2366541457109844,-0.48584766093080684,-0.6362419627871996,0
1.7469338558290415,-1.0304500571785373,1.745845855917428,1.7480449691977646,-1.1863550705369883,1.7468894577180176,-0.6792298534499365,-0.01419656364492628,0.01590505332578784,1.7469379820026802,0.8749446022368949,-0.7233197381214701,-0.5394739901960999,1.187456813276288,-0.6928201201362112,1.091556918689002,-0.5589984682917861,-0.6749884450289074,-0.761338607511182,-0.30981216916401055,0.28358471867248125,-0.7217489064778777,-0.37798689950104125,0.7432867819237494,-0.7785148852540376,0.22799090883192338,-0.39661083654793117,0.7540017578327133,-0.629855412058367,-0.799833989571968,0
-0.45356894891733207,-0.09721437800410805,-0.4536301433390877,-0.45354964375406853,0.07266794103480817,-0.45356674183507606,-0.39231888971903767,-0.014187832636176961,-0.27780840049516,-0.4535744928647267,-1.016720984619633,-0.6295367872658075,-0.7120509604461766,-0.022334445050932003,-0.6039879310753679,-0.4657533456033381,-0.5548845289981192,-0.7614839244518737,-0.567648029243107,-1.0622640920389492,-1.7442796974242931,0.027076958476598273,-0.8055281993718432,-0.43967576344730674,-0.17186984395243513,-1.9948043841195922,-0.232435007305607,0.5347567936352272,-0.5847965488218109,1.0544889446307864,0
-0.2914209521700484,-1.0304500571785373,-0.29317242224567064,-0.28970762790838234,-1.1863550705369883,-0.2914221511674099,-0.6792298534499365,-0.01419656364492628,0.01590505332578784,-0.2914262567490633,0.34649967103075663,-0.5413247459293251,-0.5042728275668852,0.6647481317074219,-0.5606591162220105,0.6271617867257353,-0.5451986223247243,-0.34795555768852926,-0.6759923381925159,-0.5543486518463384,0.4288289148120143,-0.5599178789541136,-0.26419659710788873,0.6765334374398898,-0.6595343848036652,0.4949336846365848,-0.38422549926212446,-0.08056552326628737,-0.5547012329058925,-0.7706508076111482,0
-0.6566202700352513,2.1569556962636343,-0.6555066807345836,-0.6589171576976494,1.3795351582271766,-0.6536308342794545,2.6676427398894433,-0.3464640893012774,-0.44752451938231474,-0.6566198439681505,1.3269490505477954,1.9232176365589786,1.8014030728683617,-1.7905282975495076,1.8887469984429497,-0.19653607164083475,2.004749203090269,1.198338625005131,0.8165600717184764,2.0255537003496515,0.27701616683247,-0.29951833741272627,-0.25727763607452386,0.15585735895391106,-0.27263518396828285,0.36995652672746127,-0.33756544530787314,-1.3961805216812415,0.7561713492677599,-0.5380865381069175,1
1.640399632414455,-1.0304500571785373,1.6392769563618652,1.6415422202200916,-1.1863550705369883,1.640357492096828,-0.6792298534499365,-0.01419656364492628,0.01590505332578784,1.6404032656916134,0.8191824870531415,-0.6715053558667974,-0.5316515179008278,1.099340644590056,-0.6689275610788225,1.0375905591333747,-0.5575133860897681,-0.581036279588419,-0.8986621660736827,-0.3366351543040227,0.8391736501038055,-0.43541688281277685,-0.012133511890608071,0.7963334357690517,-0.5926855228309755,0.989047799214451,-0.3660301318585096,0.1496712588862722,-0.6511626007717304,-0.5200554817842793,0
-0.5968190592918633,-1.0304500571785373,-0.5986699343049502,-0.5950155083110454,-1.1863550705369883,-0.5968137859481534,-0.6792298534499365,-0.01419656364492628,0.01590505332578784,-0.596825776840788,1.5418029631781334,2.1187821944786887,2.2120832600252935,-0.6954921146399904,2.025753340094597,-0.0857629120053119,2.3955650477267714,1.4068060353203546,1.278309862157082,2.275094361758939,0.27716233818766617,-0.12087522317963732,-0.1675440310164192,-0.11649628144736036,-0.017340580139366374,0.48439820085943025,-0.2864864383201957,-1.4542157587255238,0.8284106225025248,-0.40486008230199055,1
0.9940920103659631,-1.0304500571785373,0.9927589657247852,0.9954255430888741,-1.1863550705369883,0.9940635673282778,-0.6792298534499365,-0.01419656364492628,0.01590505332578784,0.9940926534044753,-0.7833390349202203,-0.6465681254788154,-0.7123507957738189,0.13776198958877062,-0.6355113714438663,-0.23040709103282947,-0.5561052221569031,-1.4385496474405872,-0.39375151455037155,-1.1154379771753555,1.172371640235759,-0.5769398213290984,0.07621629334724397,0.9533373071728468,-0.6537783227595908,1.2906259678792775,-0.3861275125734841,-0.026509439975209374,-0.5494950047833435,-0.31259767790279536,0
-0.5956449817945918,-0.09723701487943005,-0.5957524719180287,-0.5955836984833817,0.07264836484592906,-0.5956397333332561,-0.3923328083659343,-0.01419656364492628,-0.27780791089327567,-0.5956511014638585,-0.14107025208506063,-0.4140711816659492,-0.49482166666898214,0.16915106935322638,-0.45579293144263466,0.31020737129113013,-0.5212921647876625,-0.4180574138507078,-0.6391471877813731,-0.700925951781904,2.931447068298292,1.0483227100781085,1.7537107090262343,0.7389135292909759,0.5346080975293268,3.3372957578990414,0.4309550472386304,0.34785210839127656,-0.6694660203518231,1.6341017790357548,1
1.5338954281037562,-0.0971828290363207,1.5344811697224918,1.5333274794217953,0.07270709341256641,1.5338555449433275,-0.39229949076557674,-0.01419656364492628,-0.2778042764243129,1.5338987431216413,-0.7143094901456023,-0.6031866095379043,-0.6826662963766912,0.06602576940944092,-0.5961397567547837,-0.16450164018198526,-0.552581779635929,-1.1253345409248816,-0.5163344545319843,-1.0570280782878692,-2.0650412870420447,-0.3723639269077181,-1.1710313369408871,-0.4484822797685461,-0.38999628830153665,-2.3050283565261065,-0.35394004307905247,0.031199246825040987,-0.3757291756466675,1.25064583709325,0
-1.1267628920090942,-0.7936900825796296,-1.1286725839205327,-1.1253992036368679,-0.929760174803908,-1.1266327508005443,-0.6607635041933215,-1.9153441609705006,0.3681958615217157,-1.1267719666903122,1.2960576663098933,-0.5970288713268962,-0.4573379564947625,1.0240568983464555,-0.5907336908769903,1.504826059669556,-0.5519711306179556,-1.5549930557721465,-0.2714319361528759,-0.0733721803603808,0.4568884692034819,-0.6431815589083829,-0.2346047322150789,0.7618887131559869,-0.7040784858872322,0.3912908799044095,-0.39218834109611805,0.8821902972222198,-0.5618972872057328,-0.8374041406988307,0
1.7669622898309838,1.4506363475216453,1.7671596358285404,1.7622453357281211,1.3795351582271766,1.7681958508422555,1.3486781710857467,-1.7216283095974065,0.20545990060342856,1.7669676535529837,0.6332178536810672,-0.6981098388021652,-0.55101215081931,1.0377448373750098,-0.6734387373182713,0.8771114785259171,-0.5585189028596067,-0.16488792318657183,-0.5991506357143331,-0.4380817646053151,0.4427973558588809,-0.7160294288904758,-0.315184019744685,0.7850298717282456,-0.770600293120657,0.4381974788357973,-0.39639018909108453,0.20276940355128095,-0.6091784376366098,-0.894015769850014,0
-0.8992626081810475,-0.7936991140491927,-0.9006151497123777,-0.8974833045736175,-0.9297699628983476,-0.8993645574753398,-0.6607649130048452,1.886951033681292,0.3681958615220956,-0.8992706671214057,0.6329451704132613,-0.5146557174491195,-0.49645035527161313,0.7639858120442684,-0.5733572770470362,0.8004223396842756,-0.5411603066668531,-0.4891378749610248,-0.8187429133629981,-0.3993661945620006,0.2287633290098898,-0.27859072240787336,-0.17925304394815972,0.4976344750719585,-0.47586355441927436,0.2696060569961721,-0.33238411465244383,0.33177834252763677,-0.6653062095204635,-0.5063068082262608,0
0.042386281195656225,-1.0304500571785373,0.04074346302842562,0.04400098555499365,-1.1863550705369883,0.042378007778984164,-0.6792298534499365,-0.01419656364492628,0.01590505332578784,0.04238252102561244,0.49486917458106,-0.7019952712072614,-0.5660704333005151,0.9633166077173319,-0.6717679377953216,0.7705988251930079,-0.5586228329594903,-0.19187865433376863,-0.37823546587120965,-0.5122697402922752,0.4902180388157631,-0.7095578042483031,-0.2826116763527054,0.8050558745428956,-0.7653020940659974,0.45877064113405014,-0.3961213436427214,0.5977654187440711,-0.6481413518386143,-0.8829171022217663,0
0.19025578329510234,1.4506363475216453,0.18993992240621332,0.18600465085855789,1.3795351582271766,0.1915227596486496,1.3486781710857467,-1.7216283095974065,0.20545990060342856,0.19025492993714171,-0.3953751285372983,1.4672084628405713,1.449391483876706,-1.2857850971455334,1.489423633884964,-1.329120592506354,1.2011078345246065,1.3060334235611972,1.1440978703010907,1.3041741958371718,0.6858514385505279,-0.28506417858793365,0.6233464993686656,0.585748890639466,-0.04742907812695607,0.6374260757397873,-0.33400958372186196,2.2252075488493754,1.3315811890974378,-0.5083874443619532,1
-0.7300578613757063,1.727657049158623,-0.7265526137716254,-0.7299189903494315,1.3795351582271766,-0.7317542757349935,1.8268028272770869,1.2337542924725373,-0.11066832969720541,-0.7300590985321653,1.5038349493180194,2.4928179183648003,2.3294204563558454,-0.9521412161850389,2.176126157600226,-0.6147757518131752,3.220224674055444,1.1657339507710551,0.6722953278430281,2.669286513383843,-0.012516826807594833,0.10268143756579527,-0.2346047322150789,-0.5259168282342064,0.2423365123603015,0.22364501564138944,-0.20070515900792563,-1.7232237170276896,1.19932005957449,-0.1432646974683649,1
0.18525280160860985,-0.09718761022979529,0.18539959988506863,0.18508332580840112,0.07270709341256641,0.1852415307471097,-0.3923024306867959,-0.01419307128529123,-0.2778095033871418,0.18525001785865267,-1.0132204668733087,-0.5990262932549957,-0.7211315759434848,-0.003625139290021268,-0.6154000505455275,-0.4157750252707265,-0.5521722210889731,-0.8531107199985968,-0.7891185061894096,-1.0351171099419665,-1.8932723635610604,-0.43854118590850305,-1.1190556113944794,-0.3272166578242889,-0.44717640825849925,-2.114186556499914,-0.3665789338108058,0.1453951834177148,-0.36766258050029,1.0957201020981637,0
0.5401567502649061,-0.09719962711954196,0.5404189545385211,0.5398823090817397,0.07270709341256641,0.5401379535439181,-0.3923098197187182,-0.01421240469316414,-0.27780904313630855,0.5401555532357194,-0.8966007742389764,-0.5881523087541707,-0.6570608293822137,-0.06655292855558952,-0.5483704133763397,-0.3467492484198158,-0.5510425125437058,-0.977031928853775,-0.17810216212839852,-1.0474904197663542,-1.9158146322310219,0.35660830434750707,-0.5815163331421769,-0.9854909145453148,0.3669058349191737,-2.104211730457317,-0.07379284208554594,0.0690840079825212,-0.30674934871238996,1.2875856210015753,0
1.3564409222006377,-0.09717176684930057,1.3569688906159914,1.355925387620356,0.07270709341256641,1.356404786851816,-0.39229268864920636,-0.014195316616037585,-0.27780953286096993,1.3564434271025072,-0.6473792131004369,-0.5400523129412644,-0.6164468807234647,0.024317194198716165,-0.5314185470967587,-0.14525222362028564,-0.545017653906343,-0.5830003693892069,-0.49336329879222873,-0.976766867918526,-1.756568451264709,-0.383644556769487,-0.90963897730763,-0.1975575518034853,-0.41377891749862816,-2.0432985013820555,-0.35624503704739086,1.3163410298220874,-0.11578373590775332,0.9851466103906271,0
-0.8822313487020349,0.6879598875003311,-0.8807222667805079,-0.883282938043261,1.122950050588536,-0.8823194321389576,0.293557756392046,0.0077525565900311635,-0.2820474387601617,-0.8822364222127784,0.3189083415948827,0.6182506885773041,0.39335671690173885,-0.3832356588082501,0.4109163514320275,-0.5238849563339936,0.10633223509364127,0.579010380253695,-0.047697531912116745,0.44228331730941955,1.0787142822163642,0.7718406993342076,1.7644428108668784,-0.9086360202512552,1.7519956209337926,1.5500621857363943,0.20129303397750362,-0.8663930246952158,0.9186050626791534,0.3894416821507262,1
0.19153419397607743,-1.0304500571785373,0.18993992240621332,0.1931048341237361,-1.1863550705369883,0.1915227596486496,-0.6792298534499365,-0.01419656364492628,0.01590505332578784,0.19153112386110585,0.5741495564704676,-0.7162027833128933,-0.5615724977430498,1.0386003131676562,-0.6826281824967255,0.830955954783637,-0.5589097347300018,0.709263979071287,0.4167782852435774,-0.47058198633717435,0.5992231483249189,-0.7671131069110446,-0.27058333085750635,0.8540973302125534,-0.7939516048083631,0.6092436630136546,-0.39779750271660486,-0.984047953263795,0.362734898150848,-0.8311428817830931,0
-0.13429284750987336,-0.09722762532936632,-0.13425018484905635,-0.13436782583987802,0.07262878865704993,-0.13429736353882565,-0.3923270350910273,-0.014191075697815267,-0.27781302516739564,-0.13429703507446297,-0.6494281991410801,-0.5373034137493519,-0.6069622892612498,0.18260999492987476,-0.5542302817700702,-0.2607699592209401,-0.5446226940858915,0.04272777106563776,-0.46867730023403154,-0.9743072589223927,2.232760278908438,1.3647344655355553,2.1181303327001197,0.7305866770089392,0.7646601341139,1.44793924931251,0.7393945057389956,1.0121756286329942,-0.5340142627216998,1.3373958689359076,1
0.09707384921514392,1.9289818892860875,0.09758020945805902,0.09370226841124113,1.3795351582271766,0.09919505611028528,2.20600514080815,-0.9088542565040006,-0.2868903520658353,0.09707369070572779,-0.44529479583292353,0.8657916340378269,1.161915412547638,-0.5757224849670365,1.1051375765720646,-0.7546623718886303,0.37161244463852006,1.8937159631636031,2.666339357087589,0.6187930739456173,0.6134299779323378,-0.21563368324645482,0.28165620252390233,0.06952305209533127,0.12198235666326951,0.5607804494130622,-0.3155130322890624,-0.30182819559049084,0.7302691556465246,-0.4806536971781813,1
-0.2333242890012938,1.4506363475216455,-0.22923108251233307,-0.23290616178695664,1.3795351582271766,-0.23460510283610878,1.3486781710857472,1.6932351823075527,0.20545990060342825,-0.23332634970409788,0.02389058388116138,-0.669160372371413,-0.5873866842928154,0.6467827117324444,-0.628159814504399,0.3892835005280029,-0.5574001626172642,0.19400142781718602,0.2392518970502733,-0.7589811336249087,0.23017829287809405,-0.248439397742572,-0.10261225164204817,0.42020058443611663,-0.37186190566040006,0.4407154590243592,-0.32454471352901365,0.1625901366222696,-0.6157525387281654,-0.4852957510799546,1
0.6104682713359256,-0.09566785463678858,0.6107563362170269,0.610170396504167,0.07474301705599501,0.610447923806741,-0.39136718550705857,-0.014179131220896188,-0.2778162460702925,0.6104673917093026,-2.400570992039964,-0.4581176185711443,-0.8404851878155455,-0.9951545439345031,-0.5237229375809312,-1.4718035130667286,-0.5308947415258929,-1.0653047115737617,-0.6891021637101654,-0.3211374820262063,-0.05497956525273958,-0.20771034272522332,-0.31542354295971525,0.3279667324441573,-0.4348493969017423,-0.09302874802117057,-0.3132532137155345,0.25015045524338114,-0.6578842723030556,-0.3185607810648461,0
-0.1936935578910677,1.727657049158623,-0.19370811599381219,-0.19740524546106558,1.3795351582271766,-0.19199231658763294,1.8268028272770864,-1.2621474197622877,-0.11066832969724495,-0.19369484666334527,-0.28726273445959105,1.8802400223096634,1.9774088673641896,-2.149836941808713,2.109293778330314,-1.5208434226807275,1.9225770622161384,1.692708269246433,2.0089671068447648,1.778769474059256,0.16787556605820278,-0.31336196517716325,-0.10793452447952141,0.12292567675365887,-0.15666351694200226,0.2312832438328096,-0.34087586851069723,-0.9196225027157712,0.4161433789678508,-0.5043292876523859,1
0.8165349713416521,-1.0304500571785373,0.8151441331321808,0.8179209614594188,-1.1863550705369883,0.8165102912929618,-0.6792298534499365,-0.01419656364492628,0.01590505332578784,0.8165347928860307,0.5861472659446112,-0.6233968601684621,-0.5238290269553105,0.9470621597242856,-0.632503909994849,0.7741492605145558,-0.5543929161006557,-0.010941624341456199,-0.6359515442368721,-0.453519903522843,0.44353800728501575,-0.7273922102411161,-0.3192289528113494,0.7996266008060293,-0.7838130804099669,0.42300267949965026,-0.39681295543802425,0.469832176511801,-0.676142735623489,-0.9029474602424684,0
1.512558564316951,-1.0304500571785373,1.51139427689519,1.5137389214468837,-1.1863550705369883,1.5125191333514005,-0.6792298534499365,-0.01419656364492628,0.01590505332578784,1.5125616061183333,0.5169899592456336,-0.7127778053013766,-0.5717417303771486,1.0001029642532093,-0.6837977596902751,0.7805400305495577,-0.5588539514113621,0.07389384537954145,-0.47239702837741265,-0.5010235536008883,0.24951883397117045,-0.7466156881449637,-0.40236293257187256,0.7290460607945454,-0.7830281587825569,0.2253570408312144,-0.3973852387971847,0.26311121136191495,-0.5580024027563383,-0.7774815819195324,0
2.1713771778508115,-0.09569844198972437,2.172173056105202,2.1706181139217717,0.07466471230047853,2.171323715101531,-0.39138602371972964,-0.014213498366836053,-0.27781056815405997,2.1713834123050817,-0.8464567702478447,-0.7269271879916525,-0.7383502049013482,0.32530530553217646,-0.6943520247987403,-0.3403292349209749,-0.5590294292632492,-0.7583699840473489,-0.5879523321899441,-1.2059667151857192,-1.8748463321120312,-0.7779905323308585,-1.3710948407289323,-0.050112340237011645,-0.8056976595381654,-2.138709667958342,-0.3979333076843173,0.8085074242382898,-0.17120665950809144,1.0602265316587942,0
-0.3471002798563256,-0.0972103491896098,-0.3471268303153357,-0.34711244059663815,0.07266794103480817,-0.3471002858301971,-0.3923164125022504,-0.01419687542596355,-0.2778090741187032,-0.3471053790197716,-0.9842658010486174,-0.5893312601593743,-0.6897329022141063,0.01760694504342505,-0.5927208734514082,-0.4164552914615827,-0.5511691359477604,-0.7712071544390623,-0.7264054411108589,-1.0330778661264322,-1.743639052728055,-0.2339471653505224,-0.9862004234247405,-0.40069276840847334,-0.3115401108413369,-1.9178841100343709,-0.3206194091127221,0.1291759522203376,-0.47417644065158493,0.9974100229839579,0
0.24948881151361252,1.3370954999931628,0.25388126213955087,0.2499063002451618,1.3795351582271766,0.2483398079799507,1.1673205428752391,1.8869510336807962,0.3681958615218028,0.24948796429866138,-0.4340513915006639,-0.6189076529016335,-0.6257168358401388,0.34804314872266034,-0.6025630182632568,-0.002683045452994175,-0.5540161859386352,-0.23897952075581552,-0.5026995165565513,-0.9712416905216339,0.15398852342379304,-0.379804880958414,-0.14838383611221617,0.406849907051218,-0.3901766513633501,0.12382132892969709,-0.3554674145293768,0.3363194781223012,-0.49640056292118634,-0.5398042647453208,1
-0.20514144611227678,-0.09720215497064495,-0.20512179864121963,-0.2051955557922714,0.07266794103480817,-0.20514446930742788,-0.39231137404994193,-0.01419051450196442,-0.27781100854900626,-0.20514593984817675,-0.7275115650334657,-0.5833215289889159,-0.6771511811149462,-0.12218145455256617,-0.5546704606500827,-0.21001571337257577,-0.5505131522657757,-1.600676980083319,0.16187002910899007,-1.0379621457443373,-1.9466335778748063,-0.43762126437383086,-1.1330772872054797,-0.3071389278350874,-0.4705478305718506,-2.209183643835405,-0.3664178372783495,0.3088080078906892,-0.4926491711025307,1.141661043308299,0
-1.4841304043933816,-0.8167395812734165,-1.485870232267479,-1.4824631545179223,-0.8979489993072683,-1.4841060988694643,-0.6641840252471478,-0.013065859315485333,-0.2774083510045286,-1.484086140910962,-1.4357408354459626,-0.7120117768753216,-0.8042649338319301,-0.021360464791276755,-0.6829623479782424,-0.8207002216953585,-0.5588403118254595,-1.6422394117304602,-0.15806416641321253,-0.894453149534384,1.3268309751450047,-0.707365035052165,0.09324756642715834,1.1117652315912774,-0.7597422648654818,1.405199351502851,-0.39602563211891717,0.3347251496594682,-0.6071701068395887,-0.19915542903895692,0
-0.3912790309173209,0.5032423313317228,-0.3926367284975291,-0.39621037688605554,1.3795351582271766,-0.3908519857471868,0.09566183072223533,-3.8121503579731817,2.8847800153748238,-0.3912834964448243,0.8245085217224385,1.372781568127478,1.703622075926235,-0.48589536469551126,1.550408159055283,-0.04741835951422143,1.053526574797691,1.5642372353378016,1.6237917621096414,1.3431225382575411,0.5083873374980417,0.22420910925102847,0.9554566289701808,-0.5793194528925341,1.0128644095244506,0.5885677787992701,-0.1438776728378183,-0.6615639272763911,0.965253288747923,-0.1536065291573114,1
-0.07835250534087523,-1.0304500571785373,-0.08003462313454537,-0.07670212995303596,-1.1863550705369883,-0.0783582199250307,-0.6792298534499365,-0.01419656364492628,0.01590505332578784,-0.07835682412692986,0.9497258264144605,-0.6325749129146787,-0.4984059826705537,1.0445888068892868,-0.6298306259779064,1.192388902595003,-0.5551176839712368,-0.8184077107797063,-0.6566198327609151,-0.2624891566751601,0.2910765434136748,-0.6645788062073603,-0.360061467802833,0.7130252627868887,-0.745260520295404,0.2884382359649242,-0.39369018355242724,0.28435562151388427,-0.6852825855499298,-0.7832785619108837,0
0.7597167188538725,-1.0304500571785373,0.7583073867025474,0.7611194953379931,-1.1863550705369883,0.7596932429616607,-0.6792298534499365,-0.01419656364492628,0.01590505332578784,0.7597162775201284,0.8371790593907167,-0.6900894456972985,-0.5238290269553105,1.127572039233087,-0.667757983885273,1.0262291525606373,-0.5582697727445228,0.03696017900846708,-0.5872645933120815,-0.3285567841968689,0.26255503929854884,-0.4900941506884815,-0.3076263872397532,0.5715081695102618,-0.6090379849337346,0.35099265985335587,-0.3749492025135688,-0.0791490105382511,-0.5680586409938694,-0.6655747187107206,0
-1.4110388230073085,-0.7117113056825219,-1.412856329619636,-1.4094065274727339,-0.9297675158747377,-1.4107180060032898,-0.6457615105346187,-0.34646408930131906,-0.4475245193823105,-1.4110484725166843,0.8519035235298585,-0.7269723739824883,-0.5453408537426764,1.180612843762011,-0.6964959045812238,1.0809056804432795,-0.5590297572763117,-1.0165026520917957,-0.7701157257330656,-0.3222063826320838,0.26480272990748405,-0.7845002390846537,-0.4307838955370434,0.7563704334531663,-0.8205734093064941,0.23299526117308875,-0.39798706367691394,0.020862915075033992,-0.5664120079305182,-0.7949702399182225,0
-0.2559095443651862,-1.0304500571785373,-0.25764945572714976,-0.25420671158249125,-1.1863550705369883,-0.2559114959603467,-0.6792298534499365,-0.01419656364492628,0.01590505332578784,-0.2559146846453744,1.075395121188887,-0.6614427875192586,-0.4710272923366112,1.2379311496339958,-0.6441995783588433,1.1781872967466538,-0.5569993969829112,0.4700455768593308,-0.1928707112846377,-0.19900902580821755,0.3815765581487479,-0.6402215669730402,-0.3041136814568362,0.7219257108401017,-0.7174220931228829,0.40129958654912673,-0.39196305497955053,0.18718028222356758,-0.623472644956031,-0.8201271696514063,0
-0.8261659525815954,-0.8127752929477727,-0.8274378170027266,-0.8250614569368394,-0.6731652790708278,-0.8262126402597655,-0.6636206535941924,1.3839997780408655,1.1561651631752126,-0.8261736877198912,0.15443393543202077,-0.6449123198790121,-0.5754574000548416,0.7237774299579761,-0.6330051562253647,0.5064474259660952,-0.5559957686527087,-0.19403865843749862,-0.5533541269791488,-0.6852324628652805,0.5590952716546049,-0.61910211004581,-0.20160661524414608,0.7834277908664641,-0.6996306194078356,0.6127993895243393,-0.3902320062079195,0.24133799770486272,-0.6570151061635985,-0.7915944164037374,0
-1.4827474462104748,-0.09724844779498559,-1.483143715965506,-1.4824240413851653,0.07262298175531944,-1.4827233974101486,-0.39233983794963834,-0.014194667763194451,-0.27780856031524737,-1.4824935065212486,-1.451538431874301,-0.5397168584190615,-0.727211666576458,-0.5114529232646874,-0.5214144971233309,-0.789485726702417,-0.5449697493612157,-1.19959700831389,-0.28511637882336,-0.8184976404354924,1.2402500487659005,-0.23311695282456285,0.5819146172173526,0.754181647969553,-0.19667070844451762,1.3096522935894273,-0.32039144854268825,0.813479823806007,-0.2110385243662363,-0.14544559164258408,0
-0.8795506687341883,-0.09724790633948012,-0.8797506104422953,-0.8794054965001535,0.07262878865704993,-0.8795393915026948,-0.3923395050350316,-0.01420376689902511,-0.2778054766498399,-0.8795578239654678,-0.8517384147680706,-0.5827833282554701,-0.6878594011693899,0.0018557636973618793,-0.5880439748430338,-0.30232998173832726,-0.5504531289623023,-0.9646015275918575,-0.642993393786245,-1.044866395696744,0.9230140011617344,0.48038921773090637,0.8128416947924181,0.3305913460977032,0.25653062761407935,0.9100887939930684,-0.0005605807818741366,0.42268069219617205,-0.5483435219875109,0.12567214694225315,1
0.04283472542629746,-0.09563617159326294,0.0429380642680525,0.04270437005637224,0.07482132181151151,0.04282644250568957,-0.3913476718278858,-0.01419656364492628,-0.27780673865250377,0.042831313315636846,-2.7192213057418764,-0.4844365335950224,-0.8330146083445044,-0.9799028354607476,-0.5203190522276303,-2.0424938529068117,-0.5359615867767641,-0.15979494051988477,-0.6433922159807454,-0.1684762693672898,0.0692714799265674,-0.5555433240330205,-0.3676542092198958,0.560638953522297,-0.6379366995937611,-0.04964035213451831,-0.3837139349290687,0.6129817723288465,-0.5929355475507828,-0.5749909905839897,0
-0.6665051502147968,-0.09721372961838047,-0.6666356853116858,-0.6664229666669418,0.07266794103480817,-0.6664984075907602,-0.3923184910436704,-0.014193726081051457,-0.2778086036225235,-0.6665115463818951,-1.10582580939058,-0.5071839411644125,-0.6773326806375352,-0.37767047691248834,-0.5049278212454175,-0.559800168709484,-0.5399364858869725,-0.8055921149718384,-0.553513949364217,-0.9197242775858495,-1.8355173878009476,0.5026907866963474,-0.7036481241306439,-1.2535756638314555,0.48887382324516526,-2.0940201313575137,0.013425715159305558,-0.11104952369639945,-0.31450088324499187,1.2743533704198944,0
-0.702109923935083,-0.09724346780186267,-0.7022520990871005,-0.7020171639039553,0.07262878865704993,-0.702102423483434,-0.39233677598724576,-0.014183030495696284,-0.2778106913430843,-0.7021164555821766,0.33490190677446585,0.5089203942071086,0.2725021589494643,-0.05546311328048823,0.24364782730157167,-0.19474160064426654,0.0033027397850728607,0.7104698174614164,0.06109611043598496,0.3304398318841232,1.8642175282803317,4.0331636591474265,4.835080888530135,-0.07888997567623701,3.029090483664821,-0.5599713987654853,5.277023225995965,1.198877957013068,-0.4027805915999475,3.0336811017703593,1
-1.1278631160084691,-0.09723506881745565,-1.1281438263851504,-1.1276445813409792,0.07264836484592906,-1.1278465887221214,-0.3923316118116924,-0.01419420932529403,-0.27780645621093525,-1.127870814194748,-0.7205375662936307,-0.5308502884452773,-0.618209142381382,-0.009695097183980969,-0.5262814643745669,-0.2221329519874051,-0.543674000015692,-0.7686946804364265,-0.5710185052241544,-0.9792162589349636,-1.9637797993333583,-0.48795814306087487,-1.249998724976974,-0.313946999608638,-0.537391717764659,-2.1477184346984823,-0.3746280577792997,-0.18856534874959227,-0.3946721518394413,1.151449136619837,0
-0.2630118259261586,-1.0304500571785373,-0.2647540490308539,-0.2613068948476695,-1.1863550705369883,-0.26301362700175934,-0.6792298534499365,-0.01419656364492628,0.01590505332578784,-0.2630169990661122,1.122772469272105,-0.5359992049632608,-0.45538232909582194,0.8820443677521008,-0.5613274392180058,1.3557083179159146,-0.5444333911944848,-1.0055064825200377,-0.6338261954542481,-0.15240332502169224,0.31252260886306865,-0.7466519082707137,-0.3860767624620452,0.7499621153111196,-0.7883917707344348,0.2927841213059123,-0.39738614747143125,0.07937655237728994,-0.5497895862364869,-0.8301721103886829,0
0.09920453368343574,-1.0304500571785373,0.09758020945805902,0.10080245167641935,-1.1863550705369883,0.09919505611028528,-0.6792298534499365,-0.01419656364492628,0.01590505332578784,0.0992010363915147,0.8823409162612385,-0.5505262597303434,-0.47689415588318784,0.9761490301599635,-0.5980852438329384,1.0191283496364627,-0.5464723666638932,-0.4423911531878957,-0.8384619430949247,-0.28159241641329197,0.5738724700024407,-0.48864907699769367,-0.15051274524720545,0.6818736999057226,-0.5936012644047264,0.6625795449748321,-0.3747321811448028,0.04878197520761679,-0.5779477233076168,-0.694599563288911,0
-0.8018051246600156,-0.7169917914452938,-0.8032822431331286,-0.8002108155087156,-0.9297699628983476,-0.8020653838819706,-0.6468612524911307,0.49259590855267466,-0.4134340764034414,-0.8018127035839999,1.630289550866865,-0.6224853815160583,-0.4162699303189713,1.3662557004065201,-0.6224790570878813,1.7178513663353745,-0.5543176071006491,-0.6929268584662849,-0.685636014283305,0.10084674071121907,0.657837630375669,-0.3630359194374601,0.02512242335030336,0.7085750440653614,-0.5052979858143677,0.5233794829853565,-0.35198729508368126,0.627540047727359,-0.6122918626680187,-0.5740902892266885,0
0.7176092014308052,-0.09717845875296494,0.7179292823101908,0.7172824507596015,0.07270709341256641,0.7175865442370405,-0.39229680349683627,-0.014202050990954047,-0.2778051539870055,0.7176088044615418,-0.7790591468246576,-0.519378933021784,-0.6572979485982023,-0.19391969399906175,-0.5236979210798771,-0.22716054860276633,-0.5419130658068847,-1.1824277008755952,-0.40079400577534813,-0.9716500385865168,-2.177803968595516,-0.4810747615662953,-1.2849414009415547,-0.3232330950878132,-0.5520392787464052,-2.5672314450882094,-0.373578060293485,0.7932578265178789,-0.50607469890254,1.3364867963883993,0
1.4629137202430813,-0.09717722954266601,1.4634764315318767,1.4623668160455376,0.07270709341256641,1.4628753067286746,-0.392296047658358,-0.014178852758237681,-0.2778152650471647,1.4629167110578922,-0.9349003634993966,-0.5110785443941489,-0.6140669509237574,-0.15496435897407926,-0.49437104502598866,-0.40723980862176967,-0.5405794399944864,-0.21183830268732085,-0.36257861783826417,-0.9572027679385998,-1.9333496353084358,0.20765256392319018,-0.6057674115097232,-0.9767111358231463,0.34555145972137713,-2.0441658447963507,-0.15204220713642388,0.033984946957109075,-0.13591000167846684,1.2570038466136177,0
0.5251993817105627,-0.12632866326222786,0.5238558076803096,0.5197132643219339,1.3795351582271766,0.5253229185950437,-0.4099412539858484,-7.042487875533795,11.02634457465425,0.5251981013106048,1.0655106131807768,-0.7138034827361325,-0.5140509272610979,1.2550410734196886,-0.6842989899867137,1.234993991015735,-0.5588715484056583,-0.4086684450760456,-0.6565535745529649,-0.20759367971847625,0.6330416882429677,-0.33237932291950995,-0.05684065448258079,0.6622927163106856,-0.521650438170301,0.8033599167753689,-0.345271549956502,0.15547167719072102,-0.6572525543593669,-0.5613755522467007,0
1.7098599460807653,1.6447566955716353,1.7103228893989069,1.7054438696066954,1.3795351582271766,1.7113788025109544,1.678419313286671,-1.3997903972974552,-0.02628107362234884,1.7098652555631226,1.0066127273693126,-0.645695457141349,-0.4984059826705537,1.1344160087473643,-0.6473741245403787,1.1852880996708284,-0.5560477838738226,-0.510487629298968,-0.812568214171387,-0.23395812654149098,0.4173122807374733,-0.6838656496701563,-0.3343442209935377,0.717475481508416,-0.7327279917561852,0.44142528705925804,-0.39485312917413945,-0.7293295456803431,-0.1311080840894077,-0.8639726572460565,0
0.8378418160245693,-1.0304500571785373,0.8364579130432933,0.8392215112549535,-1.1863550705369883,0.8378166844171998,-0.6792298534499365,-0.01419656364492628,0.01590505332578784,0.8378417361482441,0.3708700402397036,-0.5165051237929736,-0.5120953185124024,0.6484937041110137,-0.5641678278850627,0.6179306819772793,-0.5414569800367074,-0.39106405410556816,-0.7669365501077945,-0.5322165165377468,0.5697143153440215,-0.48929677846388064,-0.1494482906797108,0.698784552267843,-0.6053750400817479,0.6578385762939193,-0.37482957860446203,0.19037811191879997,-0.6438705346609843,-0.69646500942869,0
0.9305537614773056,-0.09718050727391876,0.9309430632520742,0.9301640075275797,0.07270709341256641,0.9305267170314019,-0.3922980631252682,-0.014224751877791134,-0.2778043452918363,0.9305543286382532,-0.9157691933821391,-0.6107954389741801,-0.6935003915977632,0.1324623923169193,-0.6183712599773723,-0.4558469647020345,-0.5532983805773684,-0.3610590580962276,-0.7565171958881471,-1.0697531740458885,-1.7576049962077125,-0.25333579200699846,-0.9775962155751354,-0.333691655506558,-0.3554923690682283,-1.978679156347853,-0.3258478493459055,0.37596916459411506,-0.5596395567088942,1.0058232900309847,0
0.6247733691953962,-1.0304500571785373,0.623320113932168,0.6262160132996071,-1.1863550705369883,0.6247527531748206,-0.6792298534499365,-0.01419656364492628,0.01590505332578784,0.6247723035261106,0.5243862862721536,-0.6903231304627392,-0.5699816694481512,0.9684495848530397,-0.6761120372692909,0.8266954865729166,-0.5582776907254557,-0.6662838536546283,-0.879565515377822,-0.4956391904334024,0.5565202193388601,-0.6357018053831303,-0.1930909660148895,0.8070139713108755,-0.7117314361785659,0.48347634823661395,-0.3916108350197833,0.7750050746444258,-0.6113587574122152,-0.8036871000658883,0
0.22059837391335205,-0.09721478771538411,0.2207565945354869,0.22041848163020705,0.07266794103480817,0.2205863257924468,-0.3923191416396058,-0.014205855840866708,-0.27780642606106404,0.22059574713877872,0.5021900808075663,-0.11392519280141943,-0.2980925404474185,-0.15093051586903614,-0.22520205825019898,1.0782812336507297,-0.41842924686312927,-0.7442758521497757,-0.6668962975274557,-0.21530444404871424,2.4525942821756,4.983339313235809,4.040499294742423,-0.9356364117243106,3.1704546397109623,2.0710683163920502,7.7287159197132675,0.5470388492008754,-0.6489514254459362,3.9083752043422897,1
-0.9860146702038429,-0.09725285700353892,-0.9862492619439517,-0.9858379868589383,0.07260921246817081,-0.9860011605085574,-0.39234254894993914,-0.014200586267547161,-0.2778090775160499,-0.9860221321577093,0.20679902099870984,0.4052376930542615,0.22650483569767704,-0.5243099848460705,0.29591649993313723,0.1996534389658151,-0.08640306822439749,0.5843506878800199,0.1383069199495605,0.19465887507414817,1.09601922123896,1.8057224864204335,2.0862470975724037,-0.7036835806033913,1.79912085302975,1.0710062885814804,1.2504754440617882,0.5829796421850634,-0.46088943626335843,1.1636088867742511,1
0.9514783210001284,-1.0304500571785373,0.9501314059025602,0.9528244434978048,-1.1863550705369883,0.951450781079802,-0.6792298534499365,-0.01419656364492628,0.01590505332578784,0.9514787668800485,0.8864310563850966,-0.7068595917136392,-0.5336071266495233,1.1575143854614114,-0.6819598515336917,1.107178861191381,-0.5587375271299052,-0.7340058069330183,-0.7491804345013463,-0.30315380872110637,0.23539779090050605,-0.6880324446403406,-0.39895667414909985,0.6907741479589355,-0.7528088155068794,0.21706034563961701,-0.3950806163463264,0.03229273812590607,-0.5821088150063527,-0.750942238490428,0
-0.6667011272794089,-0.0955524543212474,-0.6668285964412015,-0.6666219876120427,0.0749192027559071,-0.666694367497615,-0.3912961069325656,-0.014196283519079379,-0.27780866389238734,-0.6667075219043084,-0.6351092852771586,-0.5034383142518546,-0.5271014549083547,-0.014177136013300855,-0.4475670836429997,-0.25965389637732667,-0.5393077580820259,0.3884901796012127,0.1805446663974068,-0.93559821616517,-1.599359716730161,2.129705622894979,-0.06392602933261843,-2.6262938463512246,1.890795051824707,-0.5103340108542628,1.6862091373758064,-0.5282570098984876,-0.22786561384258164,1.952203627306568,1
-1.095285587391803,0.7185135642005913,-1.0938600929935058,-1.0962884359986074,1.1229402624940963,-1.0953833904738166,0.32845801046414985,0.07225705818566655,-0.26878929590283085,-1.0952898597437437,0.5568994238405529,1.807323176965484,2.1729708612484426,-0.7981517389406994,2.0123868642406144,-0.6957253757952675,1.7862234826837162,1.6584963129202348,1.7845471465541767,1.7747044805270245,0.4087468140701026,-0.239745236926746,-0.029164810349121193,-0.10759588644493921,0.06115126290575121,0.522589324155053,-0.3222021057798555,-1.8063076673192358,1.8279340766572272,-0.5182644137694964,1
-0.13455817303935497,-0.09561869057790605,-0.13451253097629884,-0.13463607617197917,0.07482132181151151,-0.1345627072866116,-0.3913369049362744,-0.014184548040469364,-0.27781032794459587,-0.13456236040853456,-2.655748690319046,-0.4237389316326528,-0.8507133179236173,-1.0854356117822324,-0.5148293324450383,-1.9980426789742307,-0.523520247957307,-0.5728267962584566,-0.8382187642207992,-0.17943351748784211,0.3662666486704586,-0.5350984041563382,-0.14743454962586236,0.6310241764335849,-0.5543401612263226,0.2505103373762513,-0.38119971954764853,0.9596443507096202,-0.33705198518261026,-0.7388475653871559,0
-0.6039213408528357,-1.0304500571785373,-0.6057745276086544,-0.6021156915762237,-1.1863550705369883,-0.603915916989566,-0.6792298534499365,-0.01419656364492628,0.01590505332578784,-0.6039280912615257,1.2673147742015856,1.8006652190024262,2.1143022630831667,-0.3002524672577259,1.8650215002169634,-0.2287028914744868,1.7739651315662992,1.4799066635004672,1.4521072182483667,1.8835725224032285,0.28891268124612135,-0.1441246158502515,-0.16860848558391384,0.015230277591114599,-0.11480121208754847,0.5012549709781047,-0.29401243896314877,-1.140253642797294,0.35554385341712513,-0.4252358755502331,1
-0.31195450473681663,-0.09558878170410469,-0.31196659526034926,-0.3119800976268893,0.07486047418926975,-0.3119552707313756,-0.39131848302208627,-0.014197372993850358,-0.2778053071902162,-0.3119594536082974,-2.479563039291778,-0.4912288806254924,-0.84871980255179,-0.9247737415428027,-0.5445038502261547,-1.6941018086337882,-0.5371877493925626,-0.6757507990093329,-0.8093260000163441,-0.293572373129779,0.2100716375258906,-0.36431235775701065,-0.09682912882982025,0.5025108614142303,-0.428798479732071,0.3126063948864035,-0.3522570064699561,0.49027313484309937,-0.4908169078502395,-0.5577881233162472,0
0.7313075926099828,-1.0304500571785373,0.7298890134877307,0.7327187622772803,-1.1863550705369883,0.7312847187960102,-0.6792298534499365,-0.01419656364492628,0.01590505332578784,0.7313070198371773,1.3321530893548026,-0.6332171045505569,-0.45538232909582194,1.142115494847564,-0.6121200426829161,1.4906243861022856,-0.5551661114304512,-1.183945482078364,-0.33077910908120484,-0.059164313934813605,0.40306265578253525,-0.5766254454596007,-0.22183126471584375,0.7023447272450648,-0.6524701193974524,0.339798709076024,-0.38609366154762875,0.7014926873713921,-0.5890187317381078,-0.7795509910873231,0
1.7113487765916056,-0.0971850140358443,1.7119923647540864,1.7107284878212472,0.07270709341256641,1.711305110965725,-0.3923008343078183,-0.01416288750355065,-0.27780796113899003,1.7113529029342007,-0.5635228771857315,-0.6329459619668827,-0.6774966116292558,0.22727671495208512,-0.623215721340578,-0.07143269946066812,-0.5551457011072687,-1.1681009718698567,-0.542925049092464,-1.036709635918037,-1.855795381714599,-0.5842540432494224,-1.1945176058564149,-0.19597213950048958,-0.5899994068086738,-2.1034429773384495,-0.38690151989019655,0.15413523395930956,-0.3150833954412274,1.0507050582553359,0
-0.16995429664806636,-0.09552425223532027,-0.16992004351733492,-0.1700219352067994,0.07493877894478623,-0.16995805689937452,-0.3912787350734131,-0.014186416828441685,-0.27780829644536487,-0.16995863716163537,-0.6646736475481093,-0.5191970824554976,-0.5402218090732033,-0.0027287070481916437,-0.4610125367501508,-0.3101955619508458,-0.5418843827031132,0.3040370551888305,0.08129963191161288,-0.9579445643373397,-1.6073838745467592,2.0206421477810106,-0.30450895947706297,-2.799439068381979,1.8702043248323588,-0.3205171731223162,1.5338279466265785,-0.6791697032705423,-0.11340290390442981,1.8891590356391466,1
-0.41839489515172745,-0.09557608065897763,-0.4184416139290557,-0.4183890239924463,0.07486047418926975,-0.418393388002317,-0.391310659828967,-0.014193637821461652,-0.2778100018402797,-0.4184002914775191,-2.4268169771969395,-0.46353041237516807,-0.8191682747395448,-0.8708228390245629,-0.5297928808472077,-1.751743815796331,-0.5319777952604585,-0.4445773372272708,-0.7767938047860611,-0.3101147154480848,0.21078074499483967,-0.5232848816524294,-0.2948372008709155,0.6015804140321134,-0.6232793937355935,0.22105906126833086,-0.37965430018898727,0.30109213469849083,-0.6394134847934793,-0.6572757732928116,0
1.1381262804224839,1.869189221753444,1.141955425102573,1.1374292083924384,1.3795351582271766,1.1361061881565306,2.090595741037826,0.9902202389205139,-0.2383654473555631,1.1381295285296682,0.8408260885949135,-0.7265272311467866,-0.5433852263437359,1.175479825833027,-0.6938225966631656,1.064573772770649,-0.5590264614037839,-0.596504180106568,-0.6706610573059072,-0.3281288453638973,0.04473749757063242,-0.7544252798921807,-0.5081698225364903,0.655172366356242,-0.7937553807369474,-0.013139948398994137,-0.3975664031076816,0.38105368732971645,-0.5816638782681981,-0.6028170237642501,0
-1.1279530812037484,-0.0955740325054271,-1.1282307420907358,-1.1277376184866543,0.07488005037814886,-1.1279365493015092,-0.3913093982613558,-0.014198244514620616,-0.27780802699851415,-1.1279607741724567,-0.9573473636138844,-0.5648528168060926,-0.6224274454891914,-0.11165507600666401,-0.5099723628313054,-0.4198566224158639,-0.5483334377593738,-0.46615094372255916,-0.09876723934445146,-1.0129543386928768,-1.6612651777041725,2.7257638299823115,0.058428839538886945,-3.5406755963124277,2.6379649305103263,-0.20931595438056036,2.621192047569163,-0.6880105248668532,-0.088569492740063,2.3650641143576085,1
-0.14752872774474685,1.8022542577855039,-0.14397596286788295,-0.14770396260481808,1.3795351582271766,-0.1493795303391571,1.9641949698608054,1.107422184945768,-0.18035750513447504,-0.14752973733961672,-0.33709754080378374,1.710738127506186,1.8014030728683617,-1.1745703885721497,1.7684487316911843,-1.3916080577807253,1.6115419245093776,1.6252141523881642,1.6507532305692785,1.5837197606204216,0.11087678687322826,-0.24069033164174022,-0.26760285553066143,-0.22330161564528245,-0.00033403389982449087,0.24708646753615507,-0.32245853840186145,-1.8715788560642905,1.8209020123603685,-0.42934922636856354,1
-1.1836237591615895,-0.7629232588411894,-1.185509330350166,-1.1822006697582936,-0.929760174803908,-1.1834497991318453,-0.6556522825240799,-1.3997903972974475,-0.02628107362235286,-1.1836330478474943,0.6171640941641987,-0.7100619841405011,-0.562159178502634,1.0428778553039937,-0.6839648364557546,0.8756912773097294,-0.5588036761624915,-0.41697798501089406,-0.7337636709385061,-0.4473218984318302,0.22903069111702962,-0.745407325512027,-0.40470473325482575,0.7343863338705365,-0.7883917687850696,0.16464633003796106,-0.39735455830408,1.195152331334711,-0.405605656185536,-0.7599272703076237,0
1.6830133217802896,-1.0304500571785373,1.6819045161840902,1.6841433198111608,-1.1863550705369883,1.6829702783453038,-0.6792298534499365,-0.01419656364492628,0.01590505332578784,1.6830171522160402,0.855175631728292,-0.7062996431163379,-0.5375183814474044,1.146392914604073,-0.6831294287272413,1.0872964504782814,-0.5587251975051426,-0.8581699583608267,-0.7220792863145851,-0.31984782864401884,0.588923318597225,-0.7420912105952931,-0.2655803905834917,0.840639856278668,-0.7809873752221643,0.5971278655006659,-0.39726671395315205,-0.07091503172354842,-0.4668378832460616,-0.834372508166716,0
-0.8668335977262135,-0.7823452025459287,-0.8686444798457089,-0.8655324798803155,-0.9297699628983476,-0.8666947655218337,-0.6589513920682738,-1.7216283095975968,0.20545990060353023,-0.8668415042798436,0.8978152419151717,-0.6805038071402214,-0.517962182058979,1.1087510822755489,-0.6590697849373345,1.149783814174271,-0.5579108800459586,-0.8873617122695442,-0.6635478752606059,-0.2954587896901082,0.5553406840177194,-0.4887660311654245,-0.06748520015752728,0.7740823209410984,-0.6103461785490473,0.39497829628283393,-0.37474978310209567,1.0667836607848755,-0.520183587239977,-0.7005710790298806,0
1.4239220904360148,2.195970683002333,1.4261391572507398,1.421436538999567,1.3795351582271766,1.4272935608544488,2.750078025439675,-0.09625897182438979,-0.47165825846231957,1.4239268865558818,0.8051737797202094,-0.5873490334504545,-0.4905834917250365,0.988981493395871,-0.6122871194483956,0.9822039983615599,-0.5509556611615114,-0.34388230996969943,-0.7913383517385497,-0.33077715973910143,0.5724651308121463,-0.7433314317646634,-0.275586271131521,0.8405864533622304,-0.7870966529732559,0.5871191529687894,-0.39730019352245116,-0.29403405580252717,-0.4160057910731823,-0.8479931252343691,0
0.1501989152912179,1.4506363475216455,0.15441695588769244,0.15050373453266683,1.3795351582271766,0.14890997340017376,1.3486781710857472,1.6932351823075527,0.20545990060342825,0.15019793106526116,-0.8796875372294773,1.6559615834998815,1.703622075926235,-1.6878685916622465,1.7851568225251433,-1.7146964192415401,1.5154781078328792,1.519904507860647,1.5258960850675878,1.5090539701088692,0.1908647967583079,-0.38395977518564384,-0.00787569362062948,0.4486820266945248,-0.3345783008772399,0.18097632106181166,-0.3563085575969883,0.6546800941500659,-0.14358728909970964,-0.5615291135924012,1
0.3483525708423488,0.7215641252053475,0.35334556839140935,0.3493088659576568,1.3795351582271766,0.34776964255972764,0.3319763159662309,3.1593650584248745,1.8714130183051043,0.34835123899998915,-0.7658455437806033,1.8731113465679976,1.938296468587339,-1.533879196004459,1.955579361778785,-1.6862930043880782,1.9090766184437578,1.6673693602016626,1.7386293195558538,1.7568473084250122,0.37928564500870776,-0.29922509635816585,-0.18244640765064365,0.05884252716366575,-0.15535536036462758,0.48479328223696844,-0.3374943147807845,-1.8512527809363537,1.625440384178558,-0.5614987855158722,1
-0.6632964147025653,2.0693947219630946,-0.6626112740382878,-0.6660173409628276,1.3795351582271766,-0.6607329653208671,2.4862851116789355,-0.612089400940998,-0.39000577457497265,-0.663296364558628,1.6800961175759928,2.147826070043536,1.9969650667526149,-0.8152616627263922,1.8653556617149611,-0.12055704610458477,2.4559697076881988,1.2457449329536878,0.8885329659972344,2.333283240185898,0.1628694335333849,-0.16654762373667253,-0.27718295298276296,-0.007020837236838624,-0.16516678811240804,0.3471735496824187,-0.3010219476396676,-1.2920474528974932,0.5102017004557521,-0.4019667391927388,1
0.11379058434596401,-0.09564668750023861,0.11391700147590589,0.11363935680552657,0.07478216943375326,0.11378078030959268,-0.3913541486790773,-0.014194384580870245,-0.2778083556485024,0.1137874851568068,-2.3433392099825467,-0.5849100077303562,-0.8676714169453513,-0.6887367481213562,-0.6067940774107272,-1.5413182385168107,-0.5506890848339334,-0.7958012838131374,-0.7927903625754162,-0.39153305539154193,-0.11766473645088711,-0.4792946458626184,-0.471127651232875,0.3984851552835144,-0.5823525307391703,-0.05738755557047821,-0.37330277032415854,-0.1362847491454956,-0.5275886230534825,-0.4037656307730654,0
-0.11386391314573743,-1.0304500571785373,-0.11555758965306626,-0.11220304627892702,-1.1863550705369883,-0.1138688751320939,-0.6792298534499365,-0.01419656364492628,0.01590505332578784,-0.11386839623061877,0.8832271202225684,-0.45811621460617635,-0.45342672034712644,0.8127491152301309,-0.5461230870755941,1.149783881893192,-0.5308944578505816,-0.6608064225992994,-0.8609776464096315,-0.2518193266516032,0.4853583580333261,-0.386146737371245,-0.10367670620954282,0.6703031206195932,-0.5563176596215662,0.508103034452062,-0.35674792808770306,0.4369333036086649,-0.6626816255951107,-0.634063734370875,0
0.4827277379759474,-1.0304500571785373,0.48122824785808455,0.48421234799604285,-1.1863550705369883,0.4827101323465678,-0.6792298534499365,-0.01419656364492628,0.01590505332578784,0.48272601511135493,0.7907560759278297,-0.7119440105626282,-0.5414296175950404,1.1335604921614415,-0.6839648364557546,1.0198383825256352,-0.5588390847356264,-0.40984105585991776,-0.7040980404695952,-0.3545395854262889,0.4226205635332954,-0.6862373830055833,-0.24865554900209746,0.782092725250006,-0.7275606204453269,0.3816772526748441,-0.3949836495979365,1.2005481030267264,-0.27616555517263314,-0.8671923327576377,0
-1.4118679595973969,-0.09725852051180747,-1.4122411780897168,-1.4115654767832937,0.07260921246817081,-1.4118454121409816,-0.39234603113717786,-0.01419484856406177,-0.2778084101340638,-1.411871208081792,1.2322914403624639,0.9352455783246824,0.5371514493113259,-0.23560263063577105,0.5049360983878105,0.011145268306899703,0.4540200858510724,0.34184283208573507,-0.31831963091492577,0.9823133745751927,1.244154405183029,1.9511387545341992,2.4359757610289767,0.09518792171511883,1.4269311523046218,-0.001185702388409206,1.4397366666705034,1.075168932174402,-0.47097603919113207,1.3096487975708702,1
2.3132816130772156,-0.09566020147295076,2.3141239924415107,2.3124805036061677,0.07482132181151151,2.3132252382946534,-0.391362471961651,-0.014278002468021796,-0.27779344415006424,2.3132884986846753,-0.7552529628461916,-0.7345922198847807,-0.7311021053695456,0.38672204301313595,-0.7001543746597025,-0.26645656040210536,-0.5590639107242843,-0.6008973544404023,-0.4036088180069221,-1.1824688689308045,-1.8783305033503206,-0.7925297314236324,-1.3896098482063386,-0.039520601110514426,-0.824858889769558,-2.1405035089641893,-0.39802498705422923,0.5000932086712989,-0.3153958521697474,1.063190184085886,0
3.058293340505536,-0.09565228041862935,3.059378224623606,3.057272133675086,0.07482132181151151,3.0582211852639194,-0.39135759338319187,-0.014278249280296283,-0.2777999891909239,3.0583036502044103,-0.8813522698237164,-0.4283502902717966,-0.4834840521311523,-0.12412794651393783,-0.38882829933275453,-0.437022721387323,-0.5245591514594824,0.5663756892743661,0.437599618633348,-0.8679689122141786,-1.8312320838774598,0.5524970890648009,0.11472263214871287,-1.3247869724524464,1.0440888727663409,-2.080221006594197,0.04553459811898385,0.4786178272683321,0.02991679575712321,1.289302605123822,0
-1.272927859538573,-0.8082350897659758,-1.2743167601974046,-1.2716629680655192,-0.6731799612124871,-1.2729366665091326,-0.6629627176871099,0.633141244397445,1.2840116577949876,-1.2729375641325782,0.5324983814817876,-0.7173940970061691,-0.5752618335848986,1.0112244351105477,-0.6889772589257191,0.8004223735437361,-0.5589271454743584,-0.34764589613745445,-0.7189578283215561,-0.49290868600818216,0.6809088298541773,-0.7227743251623899,-0.21757344644586515,0.8591705840644118,-0.7651058670705339,0.7124913765563595,-0.3966487138896179,-0.20335985446582014,-0.42295695300608466,-0.7539023591453616,0
2.561618592570078,-0.09569844198972437,2.5625414916622593,2.560744235842209,0.07466471230047853,2.561556859384677,-0.39138602371972964,-0.014213498366836053,-0.27781056815405997,2.5616266185951346,-0.8800854276209631,-0.4685258527305613,-0.6497951694790249,-0.23222188788074807,-0.5098073017265796,-0.21664830767531595,-0.5329585030585123,-1.0759380219220487,-0.6683989783154675,-0.91369389774787,-1.7927656448515412,0.8414587868200863,-0.30183209784407405,-0.682233744934892,0.31590401534745094,-2.8057592987325597,0.2556205346969334,0.7975880546411215,-0.6345986646612981,1.3773629051239187,0
-0.20008561129594274,1.2103956467689168,-0.20081270929751635,-0.20450542872624378,1.3795351582271766,-0.19909444762904557,0.9749715432580329,-2.1409924402734304,0.5797870157814271,-0.20008812926578298,-0.11944464027323091,-0.15130608464616044,-0.06816955882470654,0.050501296695185174,-0.06810458218414482,0.03353125600300574,-0.4347986459382468,1.710414596049949,1.9543905803393926,-0.45304082346944363,0.20127948237637103,-0.2992192946283238,-0.05896956361757009,0.2929242228988522,-0.25150780454559246,0.09748261752442411,-0.3374929070522719,0.41625609549601666,-0.3835779834692573,-0.5097716510054341,1
1.1006262337805497,-1.0304500571785373,1.0993278652803478,1.1019282920665474,-1.1863550705369883,1.1005955329494674,-0.6792298534499365,-0.01419656364492628,0.01590505332578784,1.100627369715542,1.0305740887419075,-0.6120255214229254,-0.4905834917250365,1.0103689185246252,-0.6164641421568854,1.2562965352261013,-0.5534102908770892,-1.0484788490422832,-0.6253732368888275,-0.2164758096009289,0.15027120893708096,-0.6250974196205833,-0.3965084261060023,0.6462719076928707,-0.7185994609437593,0.08299634352052476,-0.3907454545243917,0.4553817416561607,-0.6866205343527542,-0.6628687902152793,0
1.8166218508518137,-0.09572234617383873,1.8173024365288475,1.8159675567207183,0.07474301705599501,1.8165759758342148,-0.39140074545716524,-0.01419656364492628,-0.27779566610611434,1.8166264595009116,-0.7955438835387906,-0.3626779501455368,-0.3736004075978805,-0.15387587198847108,-0.28913794098405016,-0.41261816385454436,-0.5083108693946626,1.0920907030778013,1.1113841448439477,-0.7938743224750272,-1.8324234274463356,0.8836030668093281,0.3998721011033891,-1.4459858777209271,1.308380369909523,-2.073952170917808,0.2896535881520481,0.34861994742166025,-0.06508580580398836,1.4243593603214535,0
0.4259094854881679,-1.0304500571785373,0.4243915014284511,0.4274108818746171,-1.1863550705369883,0.4258930840152667,-0.6792298534499365,-0.01419656364492628,0.01590505332578784,0.42590749974545267,0.4424132495505125,-0.6166511566076623,-0.5529677782182505,0.8529574973164231,-0.6390200791233992,0.6584055024331905,-0.553821308101176,-0.3810445442967073,-0.8562470180311496,-0.5277505057381459,0.19406455179031612,-0.6165459397189497,-0.3419018550846319,0.6498321038904092,-0.6876606196593982,0.15806166003618863,-0.390007777085481,0.492771238287187,-0.6017851946064873,-0.6924826699704093,0
0.43325590364291033,-0.09549208859663737,0.43348645625949916,0.43300990334593686,0.07497793132254447,0.43323937248521177,-0.39125892234604914,-0.014194197665176192,-0.27780947489158253,0.43325422752653003,-0.660860885188778,-0.4642167893564921,-0.5668899064192285,-0.021322771804180025,-0.48016529742979497,-0.19235004768671693,-0.5321136167344095,-0.22527383283756,-0.5695087419423557,-0.8975291231950316,-1.453189195330952,1.6569550955988108,-0.2633044124687291,-2.183891664738561,1.4431551570916106,-0.5270506234076502,1.0674929425561408,-0.6237263575392558,-0.17519589805669253,1.5835834085909484,1
-0.13446052967255753,0.9069529297849828,-0.12976677626047461,-0.13350359607446166,1.3795351582271766,-0.13517526825633183,0.5572994298035291,2.7190278354228714,1.2659065986603995,-0.1344634268095698,0.03813787546176996,-0.6453162754965924,-0.5869955606780518,0.5364235809348976,-0.6062722124844382,0.4041952747033671,-0.5560226544886565,-0.7833072371289161,-0.1918296012564879,-0.7462222400263528,1.193913019596176,-0.4363872025169195,0.38065060419389835,0.9738083239020308,-0.4817504266628639,1.164200178252514,-0.3662010822794465,1.593985286004303,-0.01781775589726521,-0.25746750893711323,1
-1.1085100365253113,0.7971112234261148,-1.1073588040094202,-1.109778795036466,1.122950050588536,-1.1088774231970127,0.4210632034586133,0.013343573279899596,-0.28548078802500615,-1.1085137509915812,0.5618314415765332,1.9890706294019767,2.0165212661410403,-0.8665915156700228,1.8920886134229262,-0.821410305373722,2.1332550111152977,1.4517110825286121,1.2268639224822033,1.976646415882064,0.3409276851388689,-0.21378139924547487,-0.08558095318353505,0.03570134737109035,-0.07882583405890861,0.42009225213074114,-0.3149874757493778,-1.2578539662613861,0.8176572501929553,-0.48924452583363115,1
-1.1989868895492233,-0.09551375378832114,-1.1992875429787098,-1.198750556008808,0.07496814322810491,-1.1989688592624603,-0.3912722681291662,-0.01419254850406941,-0.2778075413975792,-1.1989945423647421,-2.501764115645893,-0.5227382753217933,-0.8738334672459832,-0.9647022817551949,-0.5581618798559573,-1.6838872219922036,-0.5424386215365445,-0.9800147502444528,-0.666521666998896,-0.2923374462293853,0.007841864501173641,-0.38900843936226503,-0.24875694284876515,0.446754245801523,-0.48118093132835155,0.06536549436614733,-0.35731934424268397,0.36811338620942113,-0.5912973325409555,-0.4560550017880886,0
-1.224220408583652,-0.7169798337789426,-1.2260055176016544,-1.2226717197868193,-0.929760174803908,-1.2239319514863936,-0.6468587828780727,-0.5209890358427791,-0.4134340764034019,-1.224229800681147,1.1071617865441847,-0.539921592395393,-0.44560422940160926,1.0052359413889174,-0.5770330455579717,1.2918007530037376,-0.5449989960696534,-0.6454295542570831,-0.7473061015563154,-0.16152181823389505,0.06928418950735685,-0.2268096305655034,-0.2778216307989795,0.37213817980298836,-0.4442051858857524,0.2618361408993986,-0.3186486327289084,0.01750554826053031,-0.6173921859376292,-0.39956022439196737,0
0.3264775436345538,-1.0304500571785373,0.32492719517659263,0.32800831616212217,-1.1863550705369883,0.3264632494354897,-0.6792298534499365,-0.01419656364492628,0.01590505332578784,0.32647509785512374,0.7714642885420282,-0.47511283078740735,-0.4632048200413391,0.8717784134806852,-0.5660057161240497,0.8252753192161895,-0.5342240218267329,-0.33385926381564407,-0.8449779652516213,-0.3146938852623425,0.16836787471657141,-0.551910558888194,-0.32848971452766745,0.5848588468951605,-0.6316697947140268,0.11196892292650672,-0.3832820440219895,0.39647853479780676,-0.591827038700379,-0.6448980175840837,0
1.3563083699755574,-1.0304500571785373,1.3550932242136982,1.3575348896129629,-1.1863550705369883,1.3562722504403224,-0.6792298534499365,-0.01419656364492628,0.01590505332578784,1.3563106888621022,0.8633558892221994,-0.7224084793715906,-0.5414296175950404,1.1771908590048723,-0.6924859666052522,1.0851661486539999,-0.5589891555769416,-0.6978230753962218,-0.6790725066517529,-0.3159960276911152,0.15253019031463336,-0.632507735289897,-0.4103463513450569,0.6088900492117246,-0.6996306194078356,0.14225842063375152,-0.3913559345289641,0.06742686443240999,-0.5727359066075436,-0.667255589316894,0
-1.3460103316532992,-0.806364631968994,-1.347494065805183,-1.3440848427873469,-0.9297650688511278,-1.3460886108171868,-0.6626877132770652,2.1125993129833676,0.579787015781289,-1.3460202963420427,0.8268173942641578,-0.7084240220955197,-0.5394739901960999,1.1344160087473643,-0.682461105731246,1.0560527009113654,-0.5587707705802054,-0.8045108131230622,-0.651601659504276,-0.33510828562466144,0.1420692779823427,-0.7030757641289264,-0.4308903397248629,0.6747533499512789,-0.760657998641772,0.07904552582036968,-0.39583165142381843,0.5770488924354688,-0.6156150783229928,-0.678724075208216,0
0.6673870585612308,-1.0304500571785373,0.6659476737543931,0.6688171128906764,-1.1863550705369883,0.6673655394232965,-0.6792298534499365,-0.01419656364492628,0.01590505332578784,0.6673861900505372,0.8480860715496225,-0.6674072960301504,-0.5296958905018871,1.0411668221321482,-0.655895238755799,1.1355822083259217,-0.5573129155513107,-1.2501725040572407,-0.6038500703850274,-0.32081777144554235,0.3254526810337984,-0.5973078115783982,-0.22821800481011104,0.7183655252527215,-0.6681684817685073,0.22232808164103496,-0.3882182575954947,1.113510120271139,-0.4365807483633843,-0.7659728072688767,0
-0.41926202026755227,-1.0304500571785373,-0.42105510171234584,-0.4175109266815902,-1.1863550705369883,-0.41926050991283736,-0.6792298534499365,-0.01419656364492628,0.01590505332578784,-0.4192679163223434,1.1310549775061463,-0.5719285275156901,-0.4651604287900346,0.9556171216171321,-0.5840504449829605,1.348607447272819,-0.5491977332772322,-0.9734117511865714,-0.651200306624851,-0.15607792446851748,0.5329967445181917,-0.6798551036154346,-0.227153537553317,0.8006056505162891,-0.7279530724868887,0.5178483554741401,-0.3946261990912849,0.6809386518710339,-0.525970486473932,-0.8438138936865,0
-1.1634538999593658,-0.09725620305802266,-1.1637462555942781,-1.163224802692354,0.07260921246817081,-1.1634366248951855,-0.3923446062617923,-0.014200274467088674,-0.2778091568517325,-1.1634615992771697,0.9893137943590826,0.7383167190780656,0.17967899395831105,-0.46282921466956617,0.24390287610674533,0.5342169578573157,0.22945735191464725,-0.14253144046677177,-0.6931353917630688,0.7227017053012491,0.9625876231674008,1.6764486004429588,1.6522448378952816,0.17383334389361701,0.8875386007277177,-0.5665949711163133,1.090857101833235,0.9253958619274333,-0.5927191881032616,1.0369250131363548,1
-0.8424017426541355,-0.762933463945074,-0.8437784032827442,-0.8406818384521918,-0.9297699628983476,-0.8425475091440388,-0.6556540812745075,1.371397270008312,-0.0262810736220443,-0.8424095290373144,0.5246930498694599,-0.6527436800064902,-0.5414296175950404,0.9376516812455166,-0.6457033090833519,0.7336744400586445,-0.5564959223538181,-0.13270024077510248,-0.7229153831331719,-0.4910784119871429,0.8330853474869595,-0.62104013583645,-0.09728995342597617,0.8509821744549447,-0.6851750348308273,0.8955453909947326,-0.39039989367430145,-0.19250071562459578,-0.41668132438338906,-0.6023576475605051,0
-0.5378701223357919,1.9289818892860875,-0.5347285945716126,-0.5382140421896198,1.3795351582271766,-0.5399967376168523,2.20600514080815,0.8804611292141478,-0.28689035206583513,-0.5378709726939696,1.531444714576571,-0.6342990713508323,-0.3986693583294865,1.3748106215060907,-0.6091125812338989,1.6326412572128313,-0.5552470263340302,-0.16184095554130615,-0.4174563312443175,0.04689033807852856,0.8674519515278052,-0.4711456127960026,0.10282768291320893,0.7781765264089668,-0.5086992927230378,0.8705236135898141,-0.372022873119455,0.3259271148838948,-0.5514051756379803,-0.5180975044448144,1
0.6105688060734513,-1.0304500571785373,0.6091109273247597,0.6120156467692507,-1.1863550705369883,0.6105484910919953,-0.6792298534499365,-0.01419656364492628,0.01590505332578784,0.610567674684635,0.6303888564022948,-0.7097303406634112,-0.5652881860709879,1.0326118602393017,-0.6846331674187884,0.8969938892390168,-0.5587971706206979,-0.9478518543388331,-0.716342844976909,-0.44023345252173557,0.6678982170336072,-0.7389233921146883,-0.20479997894663002,0.8641548332765858,-0.7609196365850884,0.6901034907007875,-0.39717780427249877,-0.14627608142379886,-0.15628957757339715,-0.7681668750060833,0
-1.305413688462639,-0.7345113782668565,-1.306997892104631,-1.3036137927588212,-0.9297699628983476,-1.3056064584626388,-0.6503783840044814,0.8804611292141764,-0.2868903520658273,-1.3054233888617206,1.0459461604051623,-0.6650321941228272,-0.4905834917250365,1.202000268890765,-0.6538902697678133,1.1568846848173666,-0.5571911592805899,-0.24381748883334034,-0.7844991012067077,-0.21505791928848803,0.7899716070402429,-0.4519154153360446,-0.016391330160586665,0.726375929561629,-0.5438897783647451,0.8678897455891051,-0.36887454845536705,-0.026237031603538057,-0.49777707186308984,-0.5605249320018239,0
-0.4182028162357321,-0.09723786811917126,-0.41825255126545613,-0.41819390329450035,0.07262878865704993,-0.4182013023200828,-0.3923333329875105,-0.014190077675300306,-0.27780898292485945,-0.4182082135225724,0.29144975071715834,0.25210186221535474,-0.08274256192884523,-0.5313019523659611,0.03307255303102896,0.4087822158333723,-0.20464710643659892,-0.06136736738880559,-0.5511257352711615,0.056317503122944916,0.49994148014305684,3.994622805051546,3.487344919977818,-1.1018804472317345,2.952719846214343,-1.1247892984108327,5.186842538646752,0.918733252849538,-0.5256812464925992,2.8116966180398255,1
-0.24075944449410602,-0.09722837646155094,-0.24075143813048705,-0.24080297053353217,0.07262878865704993,-0.24076170633027524,-0.3923274969355922,-0.01419662613177651,-0.2778117230230124,-0.24076409125779244,-0.9070171265065903,-0.4720635914189723,-0.5738745351043801,-0.09923340106086896,-0.47091654561635765,-0.4621925746814364,-0.5336420969752564,0.1643278892459359,-0.22051209971477714,-0.9160395044178479,1.5359111869868363,1.2056696376770444,1.3292848098025472,0.381205281613584,0.536683843928498,1.2684717865512343,0.5782525037869471,0.5554829197176303,-0.6714171515026902,0.8752386760120305,1
0.010568059802499771,2.195970683002333,0.012325089813608914,0.008500069229102587,1.3795351582271766,0.013969483613333606,2.750078025439675,-0.09625897182456469,-0.4716582584623151,0.01056836279307901,1.1919979268784513,-0.6133491370407377,-0.46711605618897517,1.1575143854614114,-0.6251523490718625,1.3628091208400892,-0.5535294860268117,-0.6559870632501436,-0.8074692049520343,-0.1310697351419037,0.29366865713653495,-0.7321177808593999,-0.328276824565866,0.7450668694123603,-0.7492766857278206,0.24484767502582494,-0.39697029233500064,1.4860162407172044,0.22562277166576475,-0.810948215868609,0
-0.6436941175942813,2.1333157722912186,-0.6412974941271753,-0.644716791167293,1.3795351582271766,-0.6465287032380419,2.6181815685593044,0.4042412569951095,-0.4324650661963965,-0.6436938537568234,0.9350153278253299,1.9101555801306254,1.8014030728683617,-1.3285599474030414,1.798523314313203,-0.17743479868420678,1.979633302551367,1.5025363265585343,1.2966381124742832,1.942862710204547,0.4307676365306812,-0.27311987464135173,-0.04832501794262361,0.04905198231535552,-0.06574384722228796,0.5684186697549365,-0.3309945111408528,-1.7746996338402115,1.4696932706811445,-0.5457816250759276,1
-0.3517903454383141,2.1985549210939963,-0.35000916867530407,-0.35360927729498626,1.3795351582271766,-0.3517902650194173,2.7555737111430236,-0.01419656364492628,-0.4732259861529537,-0.35179036326187646,1.1479267777096713,2.3982159921450354,1.879627870422063,-2.055732401780679,2.0073744497376884,-0.6353682038803127,3.0020727040280426,1.0075366082679313,0.44296961015913594,2.5087977086090323,0.21950911437729118,0.16040834774552926,-0.01852023929557596,-0.5882199327762221,0.42090537068549616,0.4905877953708238,-0.17460693724254572,-1.3400341761587402,0.7617803002999827,-0.17824671414099474,1
-1.1633518772713116,-0.09723373725146034,-1.1636441628400094,-1.1631228816503814,0.07264836484592906,-1.1633345946160185,-0.39233079308456104,-0.01420697873476869,-0.27780639857488304,-1.163359576558939,-0.9294534137038841,-0.6140445549338739,-0.6831522331748968,0.11388113664961963,-0.6059012074166557,-0.4608320465321565,-0.5535916015914348,-0.2704688675267806,-0.6014593678088489,-1.0707730599431393,-1.88872025269677,-0.2828307321146656,-0.8905344757383903,-0.2940291859262597,-0.3311418664084353,-2.341497597564748,-0.3334510730883128,1.2047646493354043,-0.3567762318926864,1.112268379533874,0
0.14366481625512315,1.8022542577855039,0.14731236258398825,0.14340355126748863,1.3795351582271766,0.14180784235876112,1.9641949698608054,1.107422184945768,-0.18035750513447504,0.143664504871309,0.40676094270739843,2.279379860208734,1.8600716710336376,-1.0205809929143623,1.7884984534391968,-1.5385955315695456,2.7372259894811215,1.0339719371047824,0.4970769600988074,2.2830365554869623,0.3131869581499281,0.07802949583391018,0.07728077329333738,-0.8285320408231304,0.6563808530360852,0.3749608810310131,-0.2113565196509803,-2.071876181278073,2.8290943464211136,-0.2592629504703333,1
-0.9149300564215518,-0.0972255429457554,-0.9151414824335249,-0.914774454463969,0.07264836484592906,-0.9149180521478616,-0.3923257547051877,-0.014199962516929605,-0.2778097127508719,-0.9149373212396859,-0.8798298170233486,-0.567282961239665,-0.6219766317650388,0.016979442474144315,-0.5347098781129125,-0.4209620576212757,-0.5486343691241,0.16316128421139667,-0.09509915380844501,-1.025644841230339,-1.7163542098444438,0.002545813208494828,-0.5883837565861243,-0.6337780853922563,0.10421027523280688,-1.9442206549649992,-0.24213307356395078,0.45912295333236014,-0.1272408663631156,1.0253700626931768,0
2.880908283853448,-0.09569844198972437,2.881935109496106,2.879939596281243,0.07466471230047853,2.8808397839208597,-0.39138602371972964,-0.014213498366836053,-0.27781056815405997,2.880917777568598,-0.6625445590478412,-0.3448160156177584,-0.44335898234677074,-0.20443326345627522,-0.3388630807885354,-0.08106271944440248,-0.5033509946912275,-0.11274842792205936,-0.2443728897582949,-0.7652048091701394,-1.5973615370341088,1.8425582937558374,0.25995826194809946,-2.395300343308711,1.9200607149819424,-0.8962363336054452,1.2974453354616304,-0.2451242000627765,-0.34453816610784227,1.7758217188383705,0
-0.042130869379915836,0.9069529297849828,-0.03740706331232031,-0.0412012136271449,1.3795351582271766,-0.04284756471796751,0.5572994298035291,2.7190278354228714,1.2659065986603995,-0.04213344695253801,-0.6142618773481706,0.5714098485164735,0.518516422828053,-0.5671675638674661,0.5537705631173453,-1.174322215185265,0.06113041322733099,1.0950708216546858,0.7387337263178739,0.27587144345442094,0.19984451655921862,2.266892177284239,0.4115198120298419,-3.7211769684570495,2.987587563770766,1.0469929266282316,1.8860965225626882,-1.9193104893218706,1.5238093609866745,1.4622010091579967,1
1.5054562827559785,-1.0304500571785373,1.5042896835914858,1.5066387381817055,-1.1863550705369883,1.5054170023099878,-0.6792298534499365,-0.01419656364492628,0.01590505332578784,1.5054592916975955,1.2035866268909707,-0.6181595271702832,-0.46711605618897517,1.1318495405761484,-0.6201399345689365,1.3841117327693766,-0.553951984372696,-0.7784351108025501,-0.7256529754954371,-0.12561086699912058,0.6058075694890419,-0.5476057662432866,-0.15796392721966798,0.7388365525920638,-0.6400422459380919,0.629261080227862,-0.382761949952179,0.07906444924938344,-0.5414194336449188,-0.7223366607847355,0
0.2561649561809266,0.9069529297849828,0.2609858554432551,0.25700648351034,1.3795351582271766,0.25544193902136336,0.5572994298035291,2.7190278354228714,1.2659065986603995,0.2561634890638272,-0.4548831095782942,-0.6051429124841707,-0.5537500254477777,0.17369284993536355,-0.5070261559581973,-0.05096877790603901,-0.552770030885464,0.9721313308359425,1.959863869810252,-0.9714329384787901,0.5143234165944264,-0.5147355290994504,-0.17605968024567575,0.5456968797050868,-0.5092225725084011,0.5370756099332711,-0.37849356735821565,-0.6425215151812697,0.1425759591054415,-0.7303234099500363,1
-0.968793953332745,0.763017503798518,-0.967398337607946,-0.9699052063804948,1.122950050588536,-0.9689654633551676,0.3803935150432824,0.04833520656366373,-0.2789617377459604,-0.9687986207983982,1.0741135082455602,0.9333136668345825,0.8235931034470958,-0.3045299686007871,0.7631229129041925,0.09956910580973392,0.4516805977531812,0.8267379981340763,0.27782994319151133,0.9392457687090151,-0.6560913422501609,0.6629004424789964,-0.1121923427495,-1.2468528977311306,0.8473774990485734,-0.222532642844457,0.12100916953589541,-0.8836999247101188,0.11162255789626328,0.5400164712151334,1
0.3122729805126089,-1.0304500571785373,0.3107180085691843,0.3138079496317657,-1.1863550705369883,0.31225898735266444,-0.6792298534499365,-0.01419656364492628,0.01590505332578784,0.31227046901364813,0.72449593854353,-0.6563764357653527,-0.5316515179008278,1.0557102777466252,-0.6604064309293249,0.8756912773097294,-0.5567128418293131,-0.19771747857678798,-0.8080023927623942,-0.3854050070115684,0.25962612424133963,-0.4183377041051045,-0.23779809591756285,0.5982095030597424,-0.5857520754217382,0.1991500212560677,-0.3629461834306675,0.45724389195028015,-0.6820515362317395,-0.6162635941366692,0
-0.4538754797308576,-0.09557054955960838,-0.4539336843127567,-0.4538591717018928,0.07489962656702799,-0.45387321196729524,-0.39130725292189467,-0.014203847206770606,-0.2778070669601022,-0.4538810231428306,-2.703676365268155,-0.5088057507718394,-0.8584795597299633,-0.9605660067339181,-0.5458518970503136,-1.9887846898140435,-0.5402055633963506,-0.4679596028697966,-0.762393214644883,-0.18380023419550456,0.47924834422276236,-0.6060593344998321,-0.20272449176201565,0.7518101608640353,-0.6770815835708522,0.39587425914116825,-0.3890546314594468,0.8601092205186484,-0.5809695492201226,-0.8066483352661432,0
-1.035299717978063,0.7680329011794067,-1.0341814984016418,-1.0366469128221403,1.122950050588536,-1.0350152766218093,0.3863282341722361,-0.014373284256998521,-0.28275688817954087,-1.0353041107075256,0.9327262180805993,1.8033571972818325,2.0360774655294653,-0.7382669648974985,1.8837345680059467,-0.08505281986208323,1.7789176203395864,1.7421651441958161,1.8794437958992414,1.826393449989113,0.14236761624062105,-0.08305857205486664,-0.3116713171340928,-0.36570878449668986,0.07724206172344678,0.26486509224003224,-0.27368346156302625,-2.2370550519827117,1.9599035647315115,-0.3351961208905987,1
0.49451752536716187,2.028765904334907,0.4954374344654929,0.49131253126122104,1.3795351582271766,0.49691439442939306,2.4038498261287047,-0.7065775111053275,-0.36162389514885673,0.49451871673219644,0.00013374389841697812,1.8122597927637683,1.8405154716452123,-1.3200049447169189,1.8302686805240937,-1.2282886424598136,1.7953333083254375,1.4207447180369235,1.248991988345075,1.7207865207654651,0.15771536905305203,0.07484042628344928,1.1151249663659706,0.03392121744184598,0.6603054085402761,0.05270681441509669,-0.2127128343152447,2.32680697566598,1.9104769678315576,-0.22601894932308747,1
-0.3198300784139382,-1.0304500571785373,-0.32159079546048736,-0.31810836096909517,-1.1863550705369883,-0.3198306753330604,-0.6792298534499365,-0.01419656364492628,0.01590505332578784,-0.31983551443201447,0.6214587243914202,-0.646903273227209,-0.5257846543542511,1.000958480839132,-0.6447008245893591,0.7720189925497349,-0.5561271346388346,0.11212071239986154,-0.5804796765274318,-0.43885484470584274,0.5757515269655668,-0.6912916473263594,-0.2250246284183277,0.8270666759153118,-0.7460912222761917,0.5859339107985612,-0.39525266904037654,0.3757624002072509,-0.6247206595849871,-0.8244277704030376,0
-1.0687514641302431,0.7742853273760318,-1.0675730923494258,-1.0700177795854877,1.122950050588536,-1.0687503990685192,0.3937499381743709,-0.010608146321082453,-0.28384467531903396,-1.0687556286688913,1.2353873809052884,2.2800344230350684,2.0751898643063162,-0.9435862134989165,1.9572501613017348,-0.48106687497623996,2.738656768896598,1.1982622851440685,0.7280371154124372,2.393720043782799,0.6251533542764185,0.12414529343383277,0.10176325372431304,-0.383509659382799,0.3443758521772378,0.9613921538088235,-0.19119062566269943,-1.452469455445404,0.8711675109410403,-0.21869626687702903,1
-1.163504049744274,-0.09551262708245567,-1.1637931689358336,-1.163278214410337,0.07496814322810491,-1.1634867595291736,-0.3912715740846742,-0.014197450690375977,-0.27780835114412966,-1.1635117429035382,-2.6442573294745424,-0.5339717806465422,-0.8740091059290548,-0.8573894500387398,-0.5792704289946041,-1.8280823399232666,-0.5441366680674254,-0.6186099158469389,-0.8185810599037546,-0.22159694260187573,0.7154987499979963,-0.663880890290627,-0.15670796574598364,0.8437119646343998,-0.7163439552986322,0.7285317350387546,-0.3936447100705782,0.3307168455702226,-0.5354529354691053,-0.7092405035715398,0
-0.48935617484964833,-0.09557041299392498,-0.4894259715114389,-0.4893294277515381,0.07489962656702799,-0.4893531984871526,-0.3913071688033547,-0.014198804834268629,-0.27780658070621295,-0.48936186413729155,-2.4408425255987964,-0.3469993495160147,-0.8166449059049021,-1.2167977930646814,-0.460067152021462,-1.472441289866941,-0.5039696614717724,-0.903456977141733,-0.7761514709955459,-0.24980255830621562,-0.08706050287045691,-0.49091257732411736,-0.18095905680282937,0.46901694692240686,-0.4558807135588464,-0.13990631411954813,-0.37507166355294075,0.992953254590438,-0.12859299500926036,-0.4315590433182467,0
-0.6370179729269673,2.028765904334907,-0.6341929008234711,-0.6376166079021147,1.3795351582271766,-0.6394265721966292,2.4038498261287047,0.6781843838152907,-0.36162389514889626,-0.6370181990988398,1.2250257243114078,1.7193964369088635,1.8600716710336376,-0.994916066442547,1.7834860230021936,0.03211108864627871,1.6269253347042312,1.5022082904603926,1.3817637934436735,1.7889588195210604,0.3163114126534115,0.044011080693695394,-0.181381953083149,-0.7840298111672239,0.4647300078742698,0.5428701250295129,-0.22556960894677305,-2.532905593579378,3.128935818115973,-0.28608715739316315,1
1.121933078463467,-1.0304500571785373,1.1206416451914603,1.123228841862082,-1.1863550705369883,1.1219019260737053,-0.6792298534499365,-0.01419656364492628,0.01590505332578784,1.1219343129777553,0.7699645655124461,-0.7092867604030539,-0.547492028961315,1.1104621154473944,-0.6846331594517499,0.9914350353910947,-0.5587883447351423,-0.42074252739751505,-0.7848401013897565,-0.36555629514412874,0.23723262093551442,-0.7536061676874336,-0.4197135604215194,0.7370564651034529,-0.7995768517795098,0.17755228638125334,-0.39754879373317503,0.887010331677498,-0.5879132357370485,-0.7681667632619039,0
-0.4050574571456074,-1.0304500571785373,-0.40684591510493745,-0.40331056015123373,-1.1863550705369883,-0.4050562478300121,-0.6792298534499365,-0.01419656364492628,0.01590505332578784,-0.40506328748086784,0.5960143469224345,1.7205983759260641,1.7231782753146605,-0.4396985296808646,1.5580938814762673,-0.5721706972519036,1.6290651401062823,1.6030906660134794,1.5236879629068598,1.6843560783810003,0.8835646226482154,-0.24800747162831518,0.024057968782808713,0.11758545672845956,-0.07163075845318063,1.0891348774359417,-0.3244292003469467,-1.852428673793092,1.6293624109928107,-0.38831620500304836,1
0.4744890913652192,1.3370954999931628,0.4741236545543803,0.4700119814656864,1.3795351582271766,0.4756080013051552,1.1673205428752391,-1.915344160970411,0.36819586152166206,0.47448906064474883,0.6038984319551033,2.0237085048988974,1.5862848795956832,-0.9521412161850389,1.5412187059097902,-1.0983431769517173,2.202108581667622,1.0595899806082916,0.5256980646187244,2.020343971224613,0.21141298440260514,-0.11107080771584069,0.08473192988720116,-0.5704190578901128,0.47127094671035574,0.24590122536592685,-0.2832338868118435,-2.317205898433271,3.47002416823934,-0.37928288077521694,1
-1.2150584653699976,0.6987548765520499,-1.2139277035649827,-1.216281544014139,1.122950050588536,-1.2150542876846278,0.30581817866071903,-0.03369444649517096,-0.269727806941891,-1.2150613347970782,-0.41968411203376144,1.8917087064230746,1.8405154716452123,-1.876077998064524,1.9388712709448264,-1.3681752456055383,1.944373982806556,1.6232694291574554,1.676349703136093,1.7858180784173079,0.34628038312580317,-0.402601893100557,-0.1654151218814299,0.19056908620214072,-0.24169632221558762,0.3974804744158031,-0.35997926243191697,-1.5080149524983397,1.2711518254839573,-0.634426224271771,1
-0.08545478690184767,-1.0304500571785373,-0.08713921643824955,-0.08380231321821417,-1.1863550705369883,-0.08546035096644335,-0.6792298534499365,-0.01419656364492628,0.01590505332578784,-0.08545913854766764,0.6772549247804905,-0.6224188904956331,-0.49645035527161313,1.020634913589317,-0.6234815495489128,0.8281156200701829,-0.5543120898617216,0.6430727717098638,-0.08882011715349594,-0.4052315850196539,0.6282752283394256,-0.6517582356073846,-0.20479997894663002,0.8088830647654407,-0.7203001260942853,0.6623161534650337,-0.39281705914217396,0.23944128463101058,-0.6688010067853467,-0.7693791412320689,0
-0.12096619470670987,-1.0304500571785373,-0.12266218295677042,-0.11930322954410524,-1.1863550705369883,-0.12097100617350653,-0.6792298534499365,-0.01419656364492628,0.01590505332578784,-0.12097071065135655,-0.235594142200297,-0.6101771857926442,-0.6192632915339781,0.24469911523254084,-0.5768659767595307,0.2302246380664633,-0.5532417192012422,-1.818427114674576,0.2709902843439748,-0.8729387340568903,0.3911548469007852,-0.6192760966004782,-0.26770929971848095,0.7041248147336757,-0.6819699558923031,0.3282096788835404,-0.39024715294929996,0.5498706074305513,-0.601605258337672,-0.808434059340915,1
-1.0536520120144046,-0.7629232588411894,-1.0554952783127542,-1.0522673214225422,-0.929760174803908,-1.05348080649249,-0.6556522825240799,-1.3997903972974475,-0.02628107362235286,-1.0536607427363054,0.5499155150806112,-0.6920334841387492,-0.5455364202126195,0.9898370099817937,-0.6594039464353321,0.8139139465029126,-0.5583344383023101,0.44312357135821995,0.14439939194204607,-0.48214784860380727,0.253543067404884,-0.6110927481474641,-0.2633450309160332,0.6569524538448529,-0.6446209382119248,0.20020357159616964,-0.3895188003776917,0.6920261817662489,-0.4193036117026415,-0.731593065155706,0
0.36198895143941595,-1.0304500571785373,0.3604501616951135,0.3635092324880132,-1.1863550705369883,0.3619739046425529,-0.6792298534499365,-0.01419656364492628,0.01590505332578784,0.3619866699588126,-0.7207518321289982,1.6203154555107726,1.3711666863230048,-1.5937638884611078,1.482740372056857,-1.6671208297209148,1.4541318241098167,1.5171007238659195,1.3506756251849537,1.4688488535526159,0.4877874785769106,-0.023359644736989645,0.0017043974868223525,-0.6060208925435981,0.44641524657639853,0.6250468867170001,-0.2520567961488435,-2.704354260522573,3.5061212021195094,-0.34906536883837547,1
-1.3615501236545207,0.696678785446489,-1.3602823418824124,-1.3625453219853152,1.1229451565413162,-1.3617133045267906,0.3034542924949706,-0.017221377521588508,-0.2654741718490443,-1.3615457205676074,-0.7592331472214707,1.8351691950455742,1.9578526679757642,-1.7905282975495076,2.0224117251146208,-1.7686628465160885,1.8378404883729778,1.6179095272276016,1.7430442340024508,1.7136025852781263,0.3258763585320202,-0.42217599908921627,-0.1696729401514085,0.3231857102052379,-0.3417733608880466,0.3674543505568786,-0.3636516117070221,-1.2036894873208983,0.6976747906335504,-0.6433657829018018,1
1.3199726484151584,-0.0957268530359442,1.3204915045502628,1.3194652271747462,0.07466471230047853,1.3199373336258833,-0.39140352103117915,-0.014200548891100605,-0.2778014513082227,1.3199749875839237,-0.6837099214716956,-0.44291961106035505,-0.5732715167301031,-0.5857523277565087,-0.37538287012671906,-0.22285574142836576,-0.5277402637078115,-1.1027274089359633,0.21450094625131336,-0.8770473158619637,-1.930928417815981,1.3787410356969276,0.5948367906159806,-2.2434586216423353,2.014251294676225,-1.8923557543407816,0.7541733458097712,-0.1270520688349191,-0.08417961391682037,1.7259427583224465,0
-1.447368466850625,-0.09549150779241776,-1.4477499364515014,-1.4470587957527474,0.0749950604878137,-1.4473451677047395,-0.3912585645657223,-0.01419679901333518,-0.2778083164274161,-1.4473649253656338,1.2780124918371003,-0.560227685571581,-0.4092349459720948,1.181810126414921,-0.5804459017966824,1.3676495338922854,-0.5477488729671708,-0.2791820582255606,-0.7103050085974941,-0.07629261414316883,0.6746945332047026,-0.23398344604722524,0.0986454928675141,0.5772127211532754,-0.3635798640429652,0.4416676395939205,-0.3206293634589785,0.5325673520349663,-0.6366167002370694,-0.4759931403946037,0
-1.0860810403506544,-0.8205847702352851,-1.0874659481794229,-1.0842181461158442,-0.929760174803908,-1.086150625538476,-0.6647205790340247,2.3829146848989686,0.8644732960576472,-1.086089954709063,0.7808715760460798,-0.6636305396128722,-0.5257846543542511,1.039455829753579,-0.6522194622778251,1.0134476802095544,-0.5571173875406547,-0.6357785620281025,-0.7906158805032203,-0.3562445925211585,0.1704809782118906,-0.4927239272603936,-0.3448503977895959,0.4727132290110889,-0.5593068892549535,0.19414566891490234,-0.37534153743613424,-0.3783724839933795,-0.3046205438860187,-0.6155636759513888,0
-0.7937227020175527,-0.7546225123950024,-0.7954671471360577,-0.7924006247510396,-0.9297503867094684,-0.7935427941212996,-0.6541664674273845,-1.262147419762394,-0.110668329697204,-0.7937302639754996,1.4703654406357196,-0.6302606396305839,-0.44560422940160926,1.1934452662046424,-0.6137908422058658,1.6326412572128313,-0.554940686537514,-1.506009267805311,-0.21324722570442256,0.014784376756921012,0.4959312699455983,-0.357155494721462,-0.06322738188754869,0.6542823226119365,-0.5196881448232843,0.43190516240827204,-0.350734529564814,0.6226396093252071,-0.6301802428888124,-0.610493081709731,0
1.6037718737407254,-0.09572070732027892,1.604383186918764,1.6031804726060488,0.07474301705599501,1.6037305183494572,-0.39139973615752377,-0.014172031775788407,-0.2777986220411993,1.603775508639089,-0.8688874431222121,-0.4616767661499227,-0.6272780478560586,-0.3007586710205866,-0.4771840873728074,-0.3973653190999362,-0.5316092867161379,-0.5334215762417995,-0.5996331551822659,-0.9063895432499377,-2.3653066073209374,0.17913331261885945,-0.9676057779044474,-0.7228820255488658,-0.0633353052034636,-2.8402175489299473,-0.16579337319975634,0.4725258672726159,-0.6459081359161027,1.6035628848681884,0
0.48769933506862806,1.9289818892860875,0.4883328411617887,0.48421234799604285,1.3795351582271766,0.48981226338798045,2.20600514080815,-0.9088542565040006,-0.2868903520658353,0.4877003206308137,-0.44579275845243427,1.8236645925591288,2.0165212661410403,-1.653648744090861,2.0458030459085323,-1.4753979656870806,1.8164467731121792,1.645409625188143,1.7908748059068078,1.7073864215058503,0.16515096400169968,-0.46998603585620946,-0.04726053799653021,0.37480833225622145,-0.3044897716998077,0.15147695863623292,-0.3718381242529921,0.25027400617642426,0.21804195325681125,-0.5996259313679737,1
-0.24099539248321974,-0.09560073161349789,-0.240984405827778,-0.24104196901197125,0.07486047418926975,-0.24099768182988882,-0.39132584345703186,-0.014196875017571454,-0.27780674822103224,-0.2410000387796578,-2.5979072167090407,-0.507949656161801,-0.8737778522151449,-0.8752536414991279,-0.5755839288827388,-1.8015520304312271,-0.5400637646086353,-0.6525193428069619,-0.8697563598074006,-0.23824362535864355,0.3098350156735058,-0.41285792405436844,-0.07756527503901083,0.6281064465451466,-0.5092618639125115,0.13278409733136579,-0.3619266576361277,1.180084038271378,-0.38723851963895906,-0.6314450087625503,0
-1.2616920451781788,0.7685893828715732,-1.2601075735899963,-1.2631427562728201,1.3795351582271766,-1.2615732541336244,0.3869877403427345,0.014349665485893441,-0.2684718656379835,-1.2616930585618094,-0.7639027390862566,1.8754423162622378,1.9774088673641896,-1.5595440408897223,1.9940079579496288,-1.752330938843458,1.9134870087402365,1.6567019454689216,1.7282224641615156,1.759518323933745,0.17812725976639845,-0.2486166169499045,-0.19202651144739485,-0.009690947249438281,-0.11087664098843628,0.2631530827492989,-0.3245920823212801,-1.3209552715766257,0.8890477684122029,-0.4652185731630281,1
-0.524668203786032,-0.09724298947507047,-0.5247526120644903,-0.5246278562459683,0.07262878865704993,-0.5246644530424184,-0.39233648188584913,-0.014197748315911193,-0.27780420850079696,-0.524674038882669,0.5013630272890641,-0.06561652828991339,-0.2633303486367286,0.027493032327995798,-0.23034913960577388,0.7360434510802872,-0.3957747474114062,-0.25448476670130377,-0.6862180676717798,-0.17593028650174242,2.15765078906786,4.004115530954673,3.843495181034045,-0.36390811330085776,2.629231275568171,0.7759021594009128,5.208987267497241,0.815523371413158,-0.5997970241698767,3.0975188826048625,1
-0.9754132784471046,0.6899004549045201,-0.9745029309116502,-0.9770053896456731,1.122950050588536,-0.975357392129431,0.2957560977578573,-0.03276121310413538,-0.2800107900501229,-0.9754182326452249,1.1002119918381388,0.9119243917228768,0.7571019956860576,-1.123240535628519,0.866211794789252,0.15424559983291555,0.4259595349013045,0.6107939785579699,0.13211372158399015,0.9244346859261384,-0.2694040066299901,1.5552354101867125,1.391883356943369,-2.1190967008444175,2.412635036082781,0.2161384949791872,0.9485733178197712,-0.5674341621878652,0.23140107688198266,0.9956226039853743,1
0.2965059154472501,1.6447566955716362,0.29650882196177597,0.2925073998362311,1.3795351582271766,0.29805472526983917,1.6784193132866716,-1.3997903972976662,-0.026281073622258695,0.2965057609308713,0.62554886614055,-0.6944096709484832,-0.5498387706498966,1.0240568983464555,-0.6697629528732587,0.8891829179878271,-0.5584097594331683,-0.23588498377692496,-0.5648658310529031,-0.44192859635755394,0.45648489210713045,-0.7355626657256547,-0.30049453465842446,0.8038098095873125,-0.7753752104405883,0.44552227288444024,-0.3970781460634444,0.6026809224807373,-0.4671782513991449,-0.9100665512450508,0
-1.4828432464501333,-0.09726010543848351,-1.4832395651258634,-1.4825197912000696,0.07260858099747851,-1.4828191947785818,-0.39234700561973357,-0.014193507113683739,-0.27780818365420507,-1.4825768315478622,-1.0797002310972557,-0.646624875667192,-0.729913604513931,0.0786138809216371,-0.6389645956710415,-0.48463073557392317,-0.5561089382965787,-0.7515413290269832,-0.7671937023603159,-1.0514227264203777,1.6330721420952123,-0.5494762511844548,0.33352417054000516,1.1089188868482946,-0.6100026536235683,1.7923062655546937,-0.382989044192522,0.09850860695263533,-0.5399131053422668,0.08160861877660361,1
-0.9621462173581858,0.7446948560897427,-0.9610041927938632,-0.9635150306078146,1.122950050588536,-0.9622184334473296,0.3588531977393754,0.015820226275612526,-0.2709710418566652,-0.9621509777337378,0.5713310982428729,0.765392370394639,0.8138150037528832,-0.13257505098483213,0.7211856010867773,-0.14398983288517625,0.2586662157532842,1.4316120104938963,1.310411560196115,0.6492495128148362,-0.9885816156208184,1.0007701842297407,-0.44653783836312344,-2.1368976606117935,1.2960237223542799,-0.6413180631335659,0.3888084808616997,-1.553933974118741,0.9942031963375054,0.9296122841059165,1
1.3350015252926402,-1.0304500571785373,1.3337794443025857,1.3362343398174283,-1.1863550705369883,1.3349658573160845,-0.6792298534499365,-0.01419656364492628,0.01590505332578784,1.3350037455998889,1.2563152173113314,-0.4697488833561884,-0.4006249857284271,1.043733290303364,-0.5461230870755941,1.3770108621262807,-0.5331958537583869,-0.47726471669075043,-0.8003140295123736,-0.06488888083511583,0.33225727871275584,-0.6377713301204538,-0.3246576761812918,0.6970044647792321,-0.7117314400772963,0.32544411512793225,-0.3917733435984446,0.22691862207093352,-0.6040691958870776,-0.7948328159749415,0
-0.3624437677797728,-1.0304500571785373,-0.3642183552827124,-0.36070946056016445,-1.1863550705369883,-0.3624434615815363,-0.6792298534499365,-0.01419656364492628,0.01590505332578784,-0.3624494009564411,0.6113697360315786,-0.7123986138826867,-0.5648970531311017,1.0445888068892868,-0.6866381284397357,0.8643299384559132,-0.558847252828905,-0.3090998728546338,-0.7195714528404737,-0.4505226400082182,0.08219662717091498,-0.7377628193438768,-0.4666560436470016,0.6631827600549911,-0.7741324160769377,0.03953747441155183,-0.397144009712912,0.3617236697459511,-0.5369742193061677,-0.6334800739360146,0
-0.9151277425160133,-0.09553971913027158,-0.9153360738791448,-0.9149752088522498,0.0749192027559071,-0.9151157188809478,-0.3912882624023961,-0.014194820606287023,-0.27780921366890016,-0.9151350045834685,-2.6780400716637676,-0.5015717927340014,-0.8663453285691962,-0.9016335925140508,-0.564081779885179,-2.020108821740468,-0.5389906552072689,-0.35954699939589124,-0.8184309706864028,-0.19494928762591746,0.19572188943055788,-0.5601993883896103,-0.26024514293740597,0.6487969980609866,-0.6367225979358607,0.054838751058256925,-0.38425810055788767,1.1409126402601681,-0.4133956319022162,-0.6674455406426145,0
-0.10107980633598695,1.5527539254394898,-0.1013484030456579,-0.10510286301374881,1.3795351582271766,-0.09966461304926862,1.5190444278895578,-1.5516352881206177,0.07704643326067245,-0.10108131351479625,-0.5322649902671744,1.4936919823612391,1.39072288571143,-1.080465685371011,1.3991999178870629,-1.2943264753368113,1.2436594564376002,1.4963527992337062,1.2875500314939337,1.328675971236343,0.07484658807959707,0.32091297610336567,0.6786981368783873,-1.0154412695679105,1.1633069930319264,0.19888663759581515,-0.09352720962013525,-1.120525365617869,1.4142019504737915,-0.019508258266196798,1
-1.1634335991339657,-0.09557579084925884,-1.1637228124744368,-1.163207657855902,0.07488005037814886,-1.1634163190815277,-0.39131048131978696,-0.014199131641793783,-0.27780911904138544,-1.1634412925507718,-0.7917913252620282,-0.522444483568786,-0.5667581797382054,-0.128904512796546,-0.45904174635755424,-0.3298701399880804,-0.5423929852816818,0.33077857041087455,0.25938301472342085,-0.9757533966396341,-1.6979274770074608,2.227101345443298,-0.22057022752240882,-2.5706972955875576,1.753680402657017,-0.3476620328827164,1.82717716157992,-0.39583105896524223,-0.36456421716121395,2.065178298048917,1
-0.3118835512794252,-0.09552964675033282,-0.31189547994651823,-0.3119092431369078,0.07493877894478623,-0.31188428843413246,-0.39128205801549326,-0.014196874939298686,-0.2778095035428232,-0.3118884997928809,-0.6036102266123592,-0.3025526494385382,-0.37531291040191567,-0.2131028136616267,-0.2790338558786803,-0.3820061810335811,-0.49069473979606215,0.6210072247087717,0.16402097745530458,-0.7113306258344807,-2.1053689833166604,2.381539661993569,-0.34834256554493154,-3.5033845395665386,2.3606021595104156,-1.1279630895708317,2.0601628773080076,-0.7552237097768824,0.07222583136789235,2.384976438936942,1
0.539545990463727,-1.0304500571785373,0.5380649942877179,0.5410138141174685,-1.1863550705369883,0.5395271806778689,-0.6792298534499365,-0.01419656364492628,0.01590505332578784,0.5395445304772571,0.8797164172121903,-0.7246058679149318,-0.5394739901960999,1.1883123298622107,-0.6929872048687293,1.0929771199051896,-0.5590105881521861,-0.5463298891996005,-0.6756351543686632,-0.3072820875301589,0.33435470435154757,-0.7539334131547661,-0.3826705040392725,0.7554803897088609,-0.7903540640814515,0.3072704110089033,-0.39755586802963727,0.12673025282060088,-0.4989793146120251,-0.8499449283470832,0
-0.9153563851340328,0.7036178617274916,-0.9141138878301647,-0.9166538318916583,1.122950050588536,-0.9153443794109981,0.31136640449247643,-0.014197610659427092,-0.2743222919390119,-0.9153613819651483,0.5425532805223425,0.9238832432709588,0.7531908154891568,-0.6783821908542976,0.7759881743958135,-0.17736378693042437,0.4402994522148691,0.8764840807243905,0.45430671523606136,0.810631108443104,1.6296446590389686,0.4413504747995319,1.90282215842717,-0.44581276392481467,1.4968972674927215,1.9069516452124757,-0.024461301920556677,0.06868701677301427,1.0353675580134318,0.45143968667847995,1
-1.1279661037511084,-0.0972567322689778,-1.1282469219087072,-1.1277475045297902,0.07260921246817081,-1.1279495672380837,-0.39234493164493095,-0.014193180243974327,-0.2778085992780502,-1.1279738020561165,0.6639425489515028,0.446722861175081,0.021798701250081414,-0.6961897612474885,0.15459176844092895,0.35615721573988235,-0.05144510857711476,-0.22527258633042715,-0.6599098917736764,0.34758501070109865,0.9445061770546701,2.5947893422618282,2.440309816609609,-0.7159806692630016,2.025726412016228,0.18011509244370558,2.4009345412069294,0.6924299610057433,-0.5539615733405372,1.7438031213933134,1
2.66804871796867,-0.09564681766165209,2.66900632002685,2.6671429782290836,0.07466471230047853,2.6679847898831897,-0.3913542288463236,-0.014222214336074245,-0.2778324622395852,2.668057233075666,-1.0336689862505404,-0.4827021464070758,-0.6362064423842778,-0.24607781362019443,-0.49549149745982496,-0.5539434978062803,-0.5356431352630457,-0.5905339941614279,-0.6128484175260828,-0.9108820571634484,-2.429584764178519,0.23888077199645397,-0.6942950445890371,-0.7916684461373059,0.15516318718209837,-2.941168108589193,-0.13653123977302808,0.6796131288213152,-0.5339193783019994,1.670990445604746,0
-1.461183770755566,0.6861935270738012,-1.4601018723790815,-1.4623738965946296,1.1486052578705266,-1.4611431340267276,0.2915589197088946,-0.027630152565822016,-0.27394063965804977,-1.4611185193637548,-0.9870534464982249,1.2967488202344142,0.9565753189691723,-1.876077998064524,1.183665616238933,-1.761562043591914,0.9393893473854004,1.1449587719274807,0.6833154932724982,1.1006447362601615,0.36336741782645415,0.4116463791486241,0.7744992002244981,-1.0510431891026626,1.248339923064882,0.4942752176364076,-0.04215062136777776,-1.5960369282997822,1.8346883644032053,-0.004274610967017684,1
-1.2343944491360492,-0.09557720776642661,-1.23470676352873,-1.2341475469990497,0.07488005037814886,-1.2343756689942056,-0.39131135407371087,-0.014196003336117742,-0.27780803913948265,-1.2344020041560055,-0.8473154420388412,-0.45014649845437466,-0.5881453389623122,-0.2992091792220129,-0.44405317348729206,-0.2739926372736138,-0.5292611371776516,-0.7486911908711373,-0.6040342874455964,-0.8938420080657108,-1.7019523805422117,2.8259659353161233,-0.15329814797473587,-3.0895466018881352,2.176323548990835,0.13818546400072615,2.79533196493385,-0.5780195048937063,-0.27920110802993264,2.450311040660524,1
0.8307395344635969,-1.0304500571785373,0.8293533197395891,0.8321213279897752,-1.1863550705369883,0.8307145533757871,-0.6792298534499365,-0.01419656364492628,0.01590505332578784,0.8307394217275063,0.966222695225718,-0.648426404837491,-0.5081840823647663,1.1053290975184105,-0.6500474165243597,1.242094861658831,-0.5562256939141738,-0.9518376601698832,-0.7686236256675504,-0.25578595753472866,0.23028642985322076,-0.5992271470016752,-0.3407309539500741,0.6596225850777693,-0.6941361870222755,0.11723664322883304,-0.3884048746001753,0.5715380285813413,-0.664370350166096,-0.7100992779416359,0
-1.0130127479276265,-0.8067414435427366,-1.0142886425716444,-1.0117962443089668,-0.673184855259707,-1.012998654137942,-0.662743299481105,-0.01419656364492628,1.320254491935765,-1.0130213268831747,1.05896640491027,-0.45569580784525177,-0.4377817571063372,0.6887020658006678,-0.5085298826991866,1.3770108621262807,-0.530403283750997,-1.0042360036502482,-0.6707170718819903,-0.16167571595314825,0.5934493910861878,-0.6302578518740303,-0.15477056351718405,0.8185845505970049,-0.6966871715898498,0.5344417380077892,-0.3911734063529763,1.0182514599154981,-0.4843110233184276,-0.7802965476985416,0
-0.8796460265309459,-0.09554852792316074,-0.8798428110130473,-0.8795039777408158,0.0749192027559071,-0.8796347570318153,-0.3912936883898675,-0.014196812676092418,-0.2778085310989769,-0.8796531788927339,-2.397719444111575,-0.48905596964486975,-0.8285533391688727,-0.7878538843273901,-0.5540151956302747,-1.5696768234444134,-0.5367991294860762,-0.5692751133010671,-0.802218109689263,-0.3344466674314759,-0.06377631480760175,-0.3762046400269893,-0.26932735034987293,0.43517661076008335,-0.4853127979182903,-0.14769296937277063,-0.3547317709092184,0.5147277782267388,-0.6097011165310818,-0.40095454559745214,0
-1.0925386556951648,-0.09552049694756613,-1.0928046918688077,-1.0923337478937922,0.07494856703922578,-1.0925228851723583,-0.39127642185994826,-0.01419807322238623,-0.2778096365173118,-1.0925463185202506,-2.4413904860685904,-0.5600610400319072,-0.8749956199678565,-0.7834742366210279,-0.5945491136067085,-1.604731793898562,-0.5477275215340983,-0.8098468157238817,-0.8108064750910461,-0.33412183470406587,0.11514073194143574,-0.5902452521882866,-0.4024056066856756,0.5876312812749976,-0.6791279237966257,0.09734005407334503,-0.3875161423339176,0.07867875285815158,-0.6052992231570078,-0.623052866931092,0
-0.2462504414422636,2.0693947219630955,-0.24344026911974143,-0.24710652831731306,1.3795351582271766,-0.24880936491893405,2.4862851116789355,0.5836962736510543,-0.39000577457498975,-0.24625084452874868,0.4203265452154395,-0.6474841074448392,-0.5494476563602555,0.7870842295515916,-0.6231473880509152,0.7400652100936465,-0.5561649177315523,-0.6621598764020776,-0.5893044020387329,-0.5455375762650374,0.3574586931981486,-0.5308287268366542,-0.05684065448258079,0.639151557738427,-0.5046438802345682,0.32004468337161507,-0.38064900056511736,0.9879194900557432,-0.15654340766732608,-0.7329794046236379,1
-0.057045660657957915,-1.0304500571785373,-0.05872084322343284,-0.05540158015750132,-1.1863550705369883,-0.057051826800792786,-0.6792298534499365,-0.01419656364492628,0.01590505332578784,-0.05704988086471651,1.4114675320704468,-0.6304268170532524,-0.44560422940160926,1.2892609209910741,-0.6325039020278104,1.547431080371367,-0.5549535252437613,-0.7806993176803207,-0.7064051477580612,-0.016604564994933714,0.3614101061312981,-0.3228382590502425,-0.1462549142879275,0.5732882569988728,-0.5111848580579572,0.4393590160522367,-0.34308820543292645,0.2822415993765355,-0.6675702485047127,-0.5768651607039565,0
-0.9317768447141463,-0.7169917914452938,-0.9332962680686678,-0.9301441367594173,-0.9297699628983476,-0.9320343494288461,-0.6468612524911307,0.49259590855267466,-0.4134340764034414,-0.9317850045121373,0.5139905326897338,-0.7051176387371039,-0.5613769312731067,0.988981493395871,-0.6727704063552374,0.7869307667250991,-0.5586984247398374,0.32906770894420984,0.00432179398648178,-0.5022392215440572,0.18457871727897754,-0.6357816023631713,-0.351407443746579,0.6649628581537604,-0.7046213887132807,0.14620923833390662,-0.3916171396464541,0.5352320033831155,-0.6315072357871865,-0.6930847517338127,0
0.11390724270181603,-0.09551237060366762,0.11403386475076845,0.1137557141789824,0.07493877894478623,0.11389744052788615,-0.3912714160950629,-0.014190463000161175,-0.27781114252896427,0.11390414412327739,-0.5696228874517844,-0.46479316778413404,-0.5526454460324766,-0.02430651439640502,-0.4674126261269946,-0.18838536302666303,-0.5322274078151208,-0.38600804188366417,-0.6028558924050738,-0.8814177224709503,-2.090089665310014,1.7872998696963793,-0.2446460539762667,-1.8615823854867843,1.2177537833424776,-1.7962547068819688,1.2272319888099905,0.11730700494432013,-0.5942077428962693,2.041514831425834,1
-0.021534252853095726,-1.0304500571785373,-0.023197876704911965,-0.019900663831610262,-1.1863550705369883,-0.02154117159372959,-0.6792298534499365,-0.01419656364492628,0.01590505332578784,-0.021538308761027598,0.9263780036133825,-0.5959958902102334,-0.4925391191239771,0.93679620545287,-0.6037660052329753,1.1426830112500963,-0.5518660011235016,-0.7967602353528639,-0.721404535352271,-0.26873610022842775,0.6179971781315655,-0.5622256648278368,-0.1537061089496894,0.7668729623681608,-0.6580299583447936,0.6565216422935648,-0.3844916244930897,0.22747075297872466,-0.6226767120501772,-0.7255417121115705,0
0.06781244918393764,2.156955696263635,0.06916183624324232,0.06530153535052828,1.3795351582271766,0.07078653194463472,2.6676427398894442,-0.3464640893013659,-0.44752451938230575,0.06781276429113353,1.273084780767299,-0.6507666992865474,-0.4710272923366112,1.2635960761058112,-0.6492120087958464,1.4125150799039172,-0.5563738547039582,-0.6906055917372808,-0.7740248173314602,-0.0925342126767547,0.34074754022254733,-0.2548842235023122,-0.0845164986160404,0.49051410389719813,-0.4124159993552548,0.2821169417738585,-0.3262575256793438,0.399225932196105,-0.6086532590853271,-0.5207850336846326,0
1.0361731890056047,-0.09572617017665262,1.0365996053667803,1.0357495483826484,0.07466471230047853,1.036143823792551,-0.39140310048966187,-0.014180001062736251,-0.277802715549261,1.0361742363443962,-1.7676912894718033,-0.542946227721255,-0.7721873562123115,-0.5161398259264746,-0.5589246919291825,-1.0919597882791303,-0.5454275332408755,-0.8898796388704738,-0.5969106453378739,-0.6714733058514611,-1.5247039414876002,-0.27471640241395456,-0.9820576717215077,-0.37707116064529317,-0.32635406963290975,-1.5861531356531093,-0.3314015354079256,-0.4599249959197674,-0.2594419570657251,0.8052642044888669,0
-0.11414800440817627,0.23505627460936512,-0.11555758965306626,-0.11930322954410524,1.3795351582271766,-0.1138688751320939,-0.15164402592845783,-4.826231501005872,4.917405678102529,-0.11415178210967822,-0.610570537031692,1.0489156130187387,1.625397278372534,-0.7981517389406994,1.5445603208897665,-1.3923181245293583,0.5964318949200136,2.1347089980420835,3.5715262475299068,0.8196207943440575,0.3787871418560131,-0.46150888395772827,0.05918502026732961,0.330306102600315,-0.20637501077944417,0.3496757219282285,-0.37046764617096756,0.01737955471804611,1.1046061421906623,-0.6865777293303016,1
-0.9886235058946807,-0.7245331290202984,-0.9901330144983013,-0.9869456028808431,-0.9297699628983476,-0.9888513977601472,-0.6483999975282216,0.6781843838149069,-0.36162389514897864,-0.9886319220782779,0.5608225321153333,-0.45884253271090253,-0.4788497832821284,0.7083784985508527,-0.5474597410346231,0.6285819540824623,-0.5310410218358241,-0.3174025626031759,-0.817735773653903,-0.41317841053770576,0.45616978962916116,-0.02358406727008509,0.024057968782808713,0.4380015017628593,-0.30710617842408455,0.39238393455561166,-0.25214134101337793,0.3720075395788573,-0.6774576540963676,-0.3499418025065973,0
-0.6828987118108493,1.068154779001204,-0.6839250539494003,-0.6873178907583622,1.3795351582271766,-0.682039358445105,0.7716311722341296,-2.4113078121890483,0.8644732960578149,-0.6829025054955334,0.8812549806375631,1.7577486829441509,2.0751898643063162,-0.6356073405967896,1.8971010438599292,-0.13475872813672024,1.6957198243832174,1.8406575194358603,2.259929397710289,1.7684056349785304,0.2644828460511138,0.1029175415130686,1.0725466821517895,-0.4636137236921908,0.9997824538776724,0.3022660508181921,-0.2006017169823213,0.4490315733992899,1.5629725505026797,-0.23161258514679392,1
0.6816415335910693,-0.09548648922515175,0.6819529556659971,0.6813221719910171,0.07497793132254447,0.6816197600389905,-0.3912554730764501,-0.01419419745677296,-0.27781621219039315,0.6816409750657567,-0.5921178436164704,-0.4797908637890958,-0.5604146159273007,0.10966800709621059,-0.5002159075026058,-0.3057419424470264,-0.5351036935231032,0.23289778137209027,-0.36074386089212657,-0.9019194235821651,-1.8802559260922256,1.3487246455209116,-0.24666962923713193,-1.485754958172441,0.9403127811510866,-1.5065124601741224,0.7226187984571708,0.043926672493536545,-0.5657753566485019,1.6770541611721235,1
0.6821185317332353,-0.09717709292499989,0.6824271300298644,0.6818021190714727,0.07278539816808291,0.6820966960545126,-0.39229596365241975,-0.014208786411075272,-0.2778115625065186,0.6821179744795648,-0.917818177530864,-0.5501370821054942,-0.6786792563079143,-0.24030238317952302,-0.5329066504751471,-0.39938485816366903,-0.5464197362178331,-1.2813956075743103,-0.25076465702286577,-1.0026863444778666,-1.7191742375287653,0.21535095692634051,-0.41108947478444124,-1.0481354964240341,0.5176694398807529,-1.857660887434368,-0.14826247562460262,-0.26842454451519826,0.16747921506792454,1.0869446940809424,0
0.17022734929316014,-1.0304500571785373,0.16862614249510077,0.17180428432820147,-1.1863550705369883,0.17021636652441166,-0.6792298534499365,-0.01419656364492628,0.01590505332578784,0.17022418059889252,0.7434468966299729,-0.6506988400818541,-0.5238290269553105,1.0428778553039937,-0.6512169777838321,0.9282375710870114,-0.5563696144999913,-0.2424565232764278,-0.7628857122165436,-0.3745931037727026,0.17247979845751304,-0.6659632655753398,-0.37170661152540563,0.6809836561614171,-0.728868813085957,0.08431326182178762,-0.3937796886164034,0.9137654540896679,-0.536583646245994,-0.6940115580865641,0
-1.1152429996618576,0.7704448274122698,-1.113752948823503,-1.1168789783016442,1.3795351582271766,-1.115269351971276,0.38918816767765474,0.030233809827180293,-0.2695807351232502,-1.1152468057995641,0.39491524307374876,2.179174500200677,1.9774088673641896,-1.533879196004459,1.9889955434467028,-0.9691078459111757,2.521853216461772,1.47976884045963,1.2529258170005635,2.1695986890951118,0.3762989189113595,-0.13476400130173438,-0.06642074559003262,-0.10759588644493921,0.038257824928968225,0.4631165279468281,-0.2910139464717013,-1.4701728670621668,1.0550005903362016,-0.43308476588634337,1
1.9230473422544412,-0.0957268530359442,1.9237624949638517,1.9223617488192457,0.07466471230047853,1.9229992464261911,-0.39140352103117915,-0.014200548891100605,-0.2778014513082227,1.9230524382967744,-0.654616478053298,-0.5002851509444939,-0.6204924732366806,-0.1639028184553416,-0.49811506715620135,-0.09277605278594481,-0.5387705981254837,-1.1526866589196396,-0.4533708308974351,-0.9357944476759275,-1.774412379264709,1.5228023147447785,-0.0053218959853184285,-2.06938072425098,1.5175284126222408,-1.5391572768993105,0.9117138847016368,-0.00132781031080025,-0.42497560208033525,1.6993908449281416,0
2.2778053438797348,-0.09569379841495358,2.278636149949943,2.2770146895046715,0.07482132181151151,2.2777496949414937,-0.3913831638633915,-0.01419656364492628,-0.27780418232743104,2.2778120666528285,-0.7208987921984601,-0.5992426919751186,-0.6521721711902542,0.20502018907647418,-0.597232699004499,-0.31639236277515326,-0.5521938334680102,-0.08668174971977066,-0.5924904953163638,-1.0540747364092062,-1.9419616331760006,-0.462596355223912,-1.270760347530386,-0.324152359208246,-0.5426495766567536,-2.0716457859684714,-0.3706454084421357,-0.4627149228762434,-0.30024228586975776,1.1350787580454773,0
0.1769034939604742,0.5032423313317228,0.17573073579880497,0.17180428432820147,1.3795351582271766,0.17731849756582432,0.09566183072223533,-3.8121503579731817,2.8847800153748238,0.17690121229363137,0.004810113757105413,1.6781940065087348,1.1795158726356523,-1.0205809929143623,1.2070568414283818,-1.559187975171818,1.5542058642550214,0.9005584031102111,0.23701106435649175,1.570064476686488,0.434070191895986,0.4438962637303064,1.0086794081021107,-0.5882199327762221,1.05211033884447,0.5149510998884057,-0.02292527842744657,-0.13715375001424968,0.43038110402843793,0.0180111046802415,1
0.645944388812304,-0.09569612486167915,0.6462439618936134,0.6456359939252662,0.07474301705599501,0.6459233587899812,-0.3913845966629023,-0.014188095831646295,-0.277807381330526,0.6459436691063514,-2.3343759321735975,-0.3845946283092173,-0.8300579943165776,-1.1822220649527853,-0.4782795312726281,-1.2728043525243335,-0.5140808045560632,-1.337176095854389,-0.5764430925835589,-0.3200288340969028,-0.22484803146869795,-0.49067753152140114,-0.3199646466659487,0.37058688976928295,-0.46896163994082146,-0.30086326052522266,-0.37503652702643653,0.3488614229838553,-0.322715726887576,-0.3229149459332483,0
-1.1754419413154542,-0.7345113782668565,-1.1769838400672192,-1.1736804444230697,-0.9297699628983476,-1.1756374658232835,-0.6503783840044814,0.8804611292144147,-0.28689035206576113,-1.1754511646377244,1.210608021534823,-0.5968466616578595,-0.4573379564947625,1.0052359413889174,-0.5870579064319779,1.3841117327693766,-0.5519526427722546,-1.0103898671240485,-0.47976071310659707,-0.1186189100629808,0.619035977454688,-0.5623353225300874,-0.1909620568799002,0.673863295596815,-0.6125701156874759,0.6891816321908119,-0.3845042053592293,-0.5667091818913721,-0.18421388645477946,-0.7250612389138137,0
1.576479098365703,-1.0304500571785373,1.5753356166285275,1.5776405708334875,-1.1863550705369883,1.5764383127241142,-0.6792298534499365,-0.01419656364492628,0.01590505332578784,1.5764824359049734,0.7461395400853019,-0.6958707403398786,-0.5453408537426764,1.079664171046595,-0.6767803522982476,0.9836241318588262,-0.5584540416707282,-0.6049104231276261,-0.7883028422831679,-0.3775884661237513,-0.2235289545472153,-0.6442144911117963,-0.528394472008188,0.5154353711783844,-0.7034898010021114,-0.3331552244669669,-0.392265955220188,0.7228895628517816,-0.5605575264160787,-0.3594826184867475,0
-0.13416151338850338,-0.09719512158557803,-0.13411868656296333,-0.13423662585919366,0.07270709341256641,-0.13416601919644602,-0.3923070493346161,-0.014203735156166894,-0.27780672135913703,-0.13416570035622066,-0.7322564754331007,-0.5451822756298011,-0.6571837811229251,-0.10293428944655765,-0.5413700793479298,-0.1978240643606044,-0.545740079832784,-1.2604072771455301,-0.35307459597825575,-0.9965770386598272,-2.001120528482861,-0.5417537387568744,-1.2870605139374254,-0.22749424094211138,-0.6237004371159174,-2.3247808280204443,-0.38204047218557446,0.4476922787161478,-0.5949593561044579,1.1792089394452672,0
0.5821596798295615,-1.0304500571785373,0.580692554109943,0.5836149137085378,-1.1863550705369883,0.5821399669263447,-0.6792298534499365,-0.01419656364492628,0.01590505332578784,0.5821584170016839,0.6715969123449534,-0.6639500474307377,-0.5199177908076745,1.0309008678607325,-0.6455362243508338,0.8891829179878271,-0.5571343291093531,0.3722621145460752,-0.24805906917778045,-0.41448114788218127,0.5576806900047533,-0.6893956711632429,-0.23992700505255216,0.8141343278966682,-0.7457445491259839,0.5750033397567089,-0.3951532092029683,0.20706625370383921,-0.6226971597698965,-0.8352702899213429,0
-0.09255706846282011,-1.0304500571785373,-0.09424380974195372,-0.09090249648339238,-1.1863550705369883,-0.09256248200785598,-0.6792298534499365,-0.01419656364492628,0.01590505332578784,-0.09256145296840541,0.5255792457044295,-0.6976569251057243,-0.5735017726559011,0.9616056153387625,-0.6777828367922405,0.8380568254267328,-0.5585060761534811,-1.1072946412141655,-0.7460196267005955,-0.4955675009785449,0.5083994410518364,-0.6955204497382893,-0.2919788917738176,0.7720352182071641,-0.7467911116207581,0.5250915003256357,-0.39546820816683664,-0.6881104902276363,-0.17467800923068225,-0.8658565594323312,0
-1.3298171343001013,-0.7919426651979438,-1.331153506627038,-1.328464434186945,-0.6731799612124871,-1.3297537148404337,-0.6604899148844376,-0.7309779506106316,0.9724919518870314,-1.3298270209254461,0.8839429111594914,-0.7241773324710907,-0.5414296175950404,1.184890345105072,-0.6939896973297608,1.107178861191381,-0.559006682990023,-1.4526681287675178,-0.41976835535214585,-0.305012325174743,0.1608798610626786,-0.7474011184632553,-0.4634626799445176,0.6667429456423714,-0.7747865216567372,0.13040601463056115,-0.39740480025405744,-0.9707072366625016,0.255824035411425,-0.7020780080742701,0
-1.1280212776719598,-0.095516843688734,-1.1282988490967027,-1.1278058998969156,0.07495835513366535,-1.1280047410733263,-0.39127417148619337,-0.014200781118560069,-0.27780870583338885,-1.128028970491418,-2.41980980693402,-0.5459097519111592,-0.8560118059261589,-0.8117239066517422,-0.5728128096323745,-1.6588449003565102,-0.5458409827342954,-0.6937641628604162,-0.7716050640683001,-0.3415058458843532,0.10749823750360822,-0.35668444553163087,-0.19662187777008697,0.45857171286256404,-0.45782911962848255,0.2512397171733148,-0.35063344986997175,0.28813204494923245,-0.6148880551118432,-0.500083102930435,0
-1.2283965492745261,0.7630188627672979,-1.2274264416827698,-1.2297719030519976,1.122950050588536,-1.2281932463667289,0.38039512086616223,-0.07672994390585414,-0.2789616887715809,-1.2283985968540707,-0.6977107761757705,1.898226054077288,1.879627870422063,-2.132727099609572,2.0224117251146208,-1.530784560318356,1.956803060811708,1.6709967135744435,1.6900933171999628,1.7861214147232516,0.24004634671959832,-0.22166003130173267,-0.2761184984152683,-0.0007904673657502354,-0.16909142159120524,0.35230959385371036,-0.317211370732768,-1.7510430996369377,1.1756564484484873,-0.469301315247222,1
-0.7104555642674223,-1.0304500571785373,-0.7123434271642171,-0.7086184405538969,-1.1863550705369883,-0.7104478826107556,-0.6792298534499365,-0.01419656364492628,0.01590505332578784,-0.7104628075725925,0.8215683896649728,-0.703219260580034,-0.5336071266495233,1.1130285836186102,-0.6732716525857532,1.0525023333087389,-0.5586533072806945,-0.7582710129833573,-0.5152903873578801,-0.3376772302964674,-0.14746690909806104,-0.6148678886400866,-0.47091387460627954,0.5181055024113008,-0.6701307829129847,-0.17117215403426553,-0.38985884977734186,0.4918836901280834,-0.5396633986403395,-0.4182256676149479,0
-0.23971634240616904,1.869189221753444,-0.23633567581603723,-0.24000634505213486,1.3795351582271766,-0.2417072338775214,2.0905957410378266,0.990220238920319,-0.23836544735562376,-0.23971732337472304,0.2647311325388396,-0.660110712519307,-0.5701772359180942,0.7460203716726529,-0.6328380874269237,0.6243214520122812,-0.5569258563957985,-0.8943958589118153,-0.5352954896719633,-0.6300434491509311,0.8168688349576675,-0.4005710488572439,0.0357669944038486,0.7432867819237494,-0.5242668292996566,0.8402341158825694,-0.3595875831013069,0.3267442191220513,-0.6549582732739232,-0.515688139607382,1
0.12363638225318091,2.1752217813528176,0.12599858267287573,0.12210300147195399,1.3795351582271766,0.12050144923452319,2.706112539812885,0.23358412234795398,-0.4589331960383141,0.12363686217517057,-0.7205712167132807,1.8234084658173042,1.9578526679757642,-2.269606653068219,2.115977040158421,-1.5229736567860879,1.8159715765642634,1.6353687298204194,1.7779018010854373,1.700517735157345,0.514740423246253,-0.49127453588692716,0.15711494199123224,0.48784397266428176,-0.26197335346809375,0.5478744812954511,-0.3751257194772781,0.24659431210806734,0.9476885320471453,-0.7122394250216425,1
-1.2323028068423665,-0.7546435550822761,-1.2338205864968526,-1.2304819105444955,-0.9297699628983476,-1.2324545141545846,-0.6541702914173126,1.2337542924726639,-0.11066832969715643,-1.2323122822211072,0.6307296922027413,-0.6072702594329108,-0.517962182058979,0.9402181902100085,-0.6261548494999325,0.7741492266550951,-0.5529715939854292,-0.26205548435907183,-0.8201249264365089,-0.4267673383454044,0.41204140950169876,-0.626389705509009,-0.31507757555686544,0.6809836561614171,-0.694070778511129,0.4820277184813603,-0.39085383839755267,-0.4999844526056351,-0.35823388882646695,-0.8194018926632125,0
-0.9506096383989595,-0.09553630488240879,-0.9508294993564782,-0.9504466566440813,0.07493877894478623,-0.9505968432849594,-0.391286159300704,-0.014195038442972699,-0.27780818752868386,-0.9506170029473054,-2.409693461995126,-0.5351808781150103,-0.8610585435954442,-0.8163724636340154,-0.5762166790515982,-1.6752987698062891,-0.5443139836625847,-0.7294122939184243,-0.7754247070958736,-0.3436197653575886,-0.1762672024748666,-0.4721777887922636,-0.41655473064728854,0.43256532346543936,-0.5738636536810859,-0.2029091864851229,-0.3721867739002307,0.3228128095455391,-0.6507392220859594,-0.35562752389546737,0
-1.1917061617551925,-0.7140783017551053,-1.1933243992453642,-1.1900108605159698,-0.9297699628983476,-1.1919723618000366,-0.6462567455122735,0.40424125699523444,-0.43246506619638025,-1.1917154249815545,0.8761716338723113,-0.7067967272841699,-0.5355627540484638,1.159225418633257,-0.6839648364557546,1.107178861191381,-0.558736154226279,-0.8512298293602326,-0.7847567141236544,-0.3086389412531158,0.37828281357070365,-0.694821108785945,-0.3452868240353757,0.7388365525920638,-0.7551504855286654,0.3984023290010058,-0.39543316334264034,-0.214278689909378,-0.4932575355661654,-0.8548540897185136,0
-0.4451143251494919,2.0693947219630955,-0.44236888162345833,-0.445911659742303,1.3795351582271766,-0.44766903407848796,2.4862851116789355,0.5836962736510543,-0.39000577457498975,-0.4451147505950449,0.4449191241831892,1.6937387645887318,1.7231782753146605,-2.226831802810711,1.9071259047339353,-0.4954815753399924,1.5814967999175304,1.4171869395653738,1.3172299018593492,1.634431355566811,-0.05264193816322518,-0.31528263085445657,-0.04938947251011826,-0.0319420620773915,-0.006875000027022612,0.02900200240871594,-0.3413277955519529,-0.9488429058401554,0.9202010568370796,-0.37852961328123774,1
0.25583935402479385,-0.09550465439578365,0.2560122281821979,0.2556458389542583,0.07497793132254447,0.2558265438655097,-0.391266662930514,-0.014196252549535876,-0.277808059306149,0.25583688515386926,-0.5837004836354293,-0.2619749070141657,-0.38814345840841546,-0.0157906732553181,-0.328531401292843,-0.35897278457882476,-0.47732540669120194,0.4384112091891139,-0.175028840624081,-0.6638260338442923,-1.4405408824819128,2.3300018177384754,-0.23596218270517627,-3.4027027946059554,2.35566735794066,0.07009663541570064,1.981123516322236,-0.9503636524452387,0.2107579498558762,1.999787924132063,1
-0.575512214608946,-1.0304500571785373,-0.5773561543938377,-0.5737149585155108,-1.1863550705369883,-0.5755073928239155,-0.6792298534499365,-0.01419656364492628,0.01590505332578784,-0.5755188335785746,0.47820189274539526,-0.5326989932139548,-0.4847166281784599,0.8247260618801159,-0.5751951533354654,0.5504726478840938,-0.5439488678033924,0.23392393542845658,-0.524773638026623,-0.4844834713558798,0.11735054177312709,-0.4042423851614941,-0.2691995373819034,0.5385765297506432,-0.5612233968878383,-0.03552784210411203,-0.36029419210273883,0.5971747168502506,-0.6590697878356854,-0.5335903383808995,0
-0.20551618423123522,-0.09560974523386351,-0.20549363633396414,-0.20557322972510847,0.07486047418926975,-0.2055192124889038,-0.3913313952499601,-0.014194197968365433,-0.2778051674338683,-0.2055206781738698,-2.6481848952610636,-0.44245968966018595,-0.8316270487605548,-1.0877918314085384,-0.4980625564051034,-1.9056009339716826,-0.5276421940060818,-0.5439567534336686,-0.7851872760339985,-0.1903942143718261,0.07710017306769493,-0.6234115926228538,-0.4190403867449479,0.578718217743493,-0.682799590108326,-0.022633487389533257,-0.39060284378427473,0.35297491259112207,-0.5929975254502508,-0.6047916460087529,0
3.0937704593411923,-0.09563725791375526,3.0948669343750983,3.0927388144981722,0.07482132181151151,3.093697378836596,-0.39134834090680387,-0.014178631920014634,-0.2778219132319603,3.0937809322825767,-0.6069668723076934,-0.24295254363096513,-0.32001541863641947,-1.2185778484596521,-0.03541770322530141,-0.06300377612345828,-0.47064727532349854,-0.3691712247185292,0.6507152263466314,-0.6453856857044931,-1.4473679869228622,1.6577498092798242,0.36116912891878244,-2.1706352480005453,1.8171463363357394,-1.0228729306345974,1.0684418427192683,-0.21230185375684524,-0.28932713984275754,1.5807787000515774,0
1.7256270111461243,-1.0304500571785373,1.7245320760063152,1.72674441940223,-1.1863550705369883,1.7255830645937797,-0.6792298534499365,-0.01419656364492628,0.01590505332578784,1.7256310387404667,0.8407920033895969,-0.7040256999199966,-0.5336071266495233,1.1378379935045027,-0.6781169982902382,1.0766451445136378,-0.5586727924055107,-0.5614741254958325,-0.6490954712774285,-0.3274359648931006,0.40279381847664547,-0.6707461990597499,-0.3128422190617318,0.7520982213584685,-0.744959636270717,0.416615543808891,-0.3940817327659143,0.20795533124949672,-0.6524680824424003,-0.8497180406096149,0
0.0921022521224633,-1.0304500571785373,0.09047561615435484,0.09370226841124113,-1.1863550705369883,0.09209292506887264,-0.6792298534499365,-0.01419656364492628,0.01590505332578784,0.09209872197077691,0.6773571852722566,-0.620652578821225,-0.5003615914192492,0.9847040328460859,-0.6198057651039003,0.8316660553917309,-0.5541643533994961,0.1124355338915991,-0.5126182719746574,-0.4048523948062487,0.3495504327541814,-0.5745820496681381,-0.24631374514681942,0.6952243666804628,-0.6622815939299965,0.28685791045477127,-0.3858724636475498,0.6240726348972955,-0.6093128562111894,-0.7615027276761338,0
-0.550796274776762,2.195970683002333,-0.5489377811790209,-0.5524144087199762,1.3795351582271766,-0.5542009996996775,2.750078025439675,0.06786584453471213,-0.4716582584623151,-0.5507960379459719,1.9780399744658292,2.213042561416081,2.133858462471592,-0.7468218859970688,1.9689458216986906,-0.03889734690899409,2.5938323364538483,1.1671872205716307,0.8242924624681562,2.464347687393787,1.1829945965140862,-0.13817014812638473,0.3252989159269791,0.10779491188014932,0.12067422347827672,1.382811410700458,-0.2921099709357355,-1.5264953297090198,1.2363087196369695,-0.14129924931430415,1
-0.37806878721391207,1.5527539254394898,-0.37842754189012073,-0.3820100103556991,1.3795351582271766,-0.37664772366436156,1.5190444278895578,-1.5516352881206177,0.07704643326067245,-0.3780708458000529,1.2548666387487628,0.27697967257460065,0.5146050934291915,0.05392328145232373,0.42912812518826365,1.391212535693551,-0.18659367600789595,1.1344269488276901,1.2416350285958122,0.3852287886064105,0.23431738117688564,0.07797060443216147,-0.07600086207608321,-0.5437177031203156,0.3528791233476436,0.3698248329349485,-0.21138161104403538,-1.4588666250931674,1.1338811191787523,-0.24419934603025972,1
-1.421300198425833,0.6788835814878962,-1.4202451063844697,-1.422470865764064,1.1229451565413162,-1.4213001796294458,0.28330874603009565,-0.01739499555959501,-0.27735259881600366,-1.421282824610966,-0.7355444918704901,1.1314474261081686,1.6645096771493846,-2.132727099609572,1.8386227259410732,-1.2204777050680846,0.7056987099191925,1.8647108316460261,3.044290333134024,0.9110453657077331,-0.1427487910356785,3.0110325241799134,4.979098548618171,-0.695025351855411,3.5703891400874483,-1.08512522942941,3.129792100504985,1.9370421939132425,0.4400044796371809,2.081973852061615,1
-0.27252888321786173,2.028765904334907,-0.27185864233455814,-0.2755072613780259,1.3795351582271766,-0.27011575804317195,2.4038498261287047,-0.706577511105143,-0.36162389514889626,-0.2725294309996333,-0.046478424176252336,1.8322482295122609,1.9578526679757642,-1.3285599474030414,1.9321880409848737,-1.1338474285888145,1.8323996390429675,1.451381012515391,1.3371801942038701,1.7397079245389344,0.06854120395364217,-0.18374242580873196,-0.3138002294414069,-0.25890345029876777,-0.0025579320509500044,0.2182455878098452,-0.30623148117276244,-1.7203844104176353,1.3643387454087361,-0.37163691356263995,1
-0.7021824585431087,-0.09555440045008533,-0.702321479881082,-0.702092839532781,0.0749192027559071,-0.7021749500520293,-0.39129730568541843,-0.014197466299517198,-0.2778081998734251,-0.7021889880245971,-0.558891744082544,-0.46884209666921656,-0.5204651755008682,0.07059745146294377,-0.45845400198947656,-0.17550282441806633,-0.533019979675731,0.12868843274436426,-0.2433044034236885,-0.8832302343512038,-1.5547510486048841,2.385736627063907,-0.12718282118929528,-3.0812065081284636,2.1862420046832116,-0.1527592546304107,2.066656288667217,-0.6754548219806025,-0.136842858253911,2.091799616156129,1
-0.09898923692724446,-0.09552281824924314,-0.09893189167278085,-0.09907784788095018,0.07493877894478623,-0.09899450765231771,-0.39127785175580837,-0.014197186236757706,-0.2778091639656914,-0.09899326970204966,-0.7341549488230649,-0.515414962403116,-0.6305420365732026,-0.2777978492334768,-0.48445702955936015,-0.2403300799995665,-0.5412824011673122,-1.1372069781808114,-0.2308171227856351,-0.9635849937251346,-1.632945913979117,1.608436700321584,-0.34107679842533617,-1.814125948217993,1.123621973108957,-0.5876682071893629,1.0101429380810776,-0.15176051448488304,-0.5340226736004773,1.6598903129856255,1
-0.3324721395924691,1.6447566955716353,-0.3286953887641915,-0.3323087274994516,1.3795351582271766,-0.3340349374158857,1.6784193132866712,1.3713972700078136,-0.026281073622258476,-0.33247387761230807,1.307510038503322,-0.5826880273639988,-0.4377817571063372,1.220821225848303,-0.6124542121479523,1.4409184270384578,-0.5504424785747888,-0.4806449565165734,-0.8268551700784939,-0.06492380460737258,0.5316160938976342,-0.46045877192592843,-0.1696729401514085,0.6525022351233256,-0.5837897898721821,0.6748270343179471,-0.37029544504700823,-0.12451622619398643,-0.55020857308635,-0.6852811599659673,0
1.4263974809147115,-0.09572617017665262,1.4269509125403232,1.4258585525516834,0.07466471230047853,1.4263598456284232,-0.39140310048966187,-0.014180001062736251,-0.277802715549261,1.426400305586483,-0.9189931793101,-0.5280581981036735,-0.6322574581405933,-0.07369860513974476,-0.5257837634762069,-0.3825801539126903,-0.5432541740060317,-0.2562668922853099,-0.3973085595389861,-0.9779297355899821,-2.301553493869202,0.2091504708889213,-0.9414267381468375,-0.8551124397876075,0.0499282998475745,-2.6148976550545484,-0.15130902779686986,0.34503104891693326,-0.5911564709924787,1.5582132199035679,0
1.0651148259756873,-1.0304500571785373,1.063804898761827,1.0664273757406562,-1.1863550705369883,1.0650848777424042,-0.6792298534499365,-0.01419656364492628,0.01590505332578784,1.065115797611853,1.0224279197038608,-0.4838687686414784,-0.4495154841994904,0.8418360264590847,-0.5484622255286161,1.2989016236468334,-0.5358575792029214,-0.811540429909002,-0.7901209933583699,-0.18975474170899914,0.43764372304722804,-0.614345906085798,-0.2706897750453259,0.6943343229361574,-0.6766063478391556,0.499542955600212,-0.38981224454301605,-0.2679757114544086,-0.4538544886957745,-0.814046558396888,0
-0.7374839136023575,-0.09721738287257103,-0.7376375507038002,-0.7373807590279327,0.07266794103480817,-0.7374756656326281,-0.39232073733017797,-0.014201178523985261,-0.2778083501570142,-0.7374905770063434,-0.8599037444937776,-0.6044694860015973,-0.7033567523829065,-0.0678207427828397,-0.5876763238984817,-0.29517655592181063,-0.5527055413525821,-1.0632559149337175,-0.4859498790183415,-1.0690956251312371,-1.7449959302454585,-0.2832587169998384,-0.9030902329282233,-0.3379683132576093,-0.30656617308567174,-1.9717007217298526,-0.3335582857281569,0.5007988725807011,-0.32509856659741676,0.990125145930209,0
-0.5769326709211404,1.5527539254394898,-0.5773561543938377,-0.580815141780689,1.3795351582271766,-0.5755073928239155,1.5190444278895578,-1.551635288120508,0.07704643326062,-0.5769348505803892,1.0847035556855928,1.913210460024668,1.9774088673641896,-0.8409265891982075,1.8536600013180053,-0.07582173204335751,1.9854961917124172,1.5562829466980994,1.4309938905995223,1.9709727569497417,0.2998899241860991,-0.08608687212565426,0.5797038367227864,0.007219862672048736,0.35091689238031193,0.37456580357824776,-0.27473431740334586,-0.11748533169324242,0.6277148461881608,-0.3833976222153003,1
1.1148307969024944,-1.0304500571785373,1.113537051887756,1.1161286585969037,-1.1863550705369883,1.1147997950322928,-0.6792298534499365,-0.01419656364492628,0.01590505332578784,1.1148319985570176,0.7083399266612553,-0.6454042995276967,-0.5296958905018871,1.0095134427319785,-0.6497132470593235,0.8991240556254557,-0.5560284973626382,-0.31931460484369634,-0.8119478425422257,-0.3925152161630799,0.5484040736914146,-0.5135624343676497,-0.17286630385389246,0.7245958420730181,-0.638734050373414,0.6242567278866966,-0.3783315251373934,0.19178557443455949,-0.6505091378368693,-0.7209619178818373,0
0.8946600685123489,-1.0304500571785373,0.8932946594729267,0.8960229773763791,-1.1863550705369883,0.8946337327485009,-0.6792298534499365,-0.01419656364492628,0.01590505332578784,0.8946602515141463,0.9691539513709846,-0.6768682893765229,-0.5120953185124024,1.106184614104333,-0.6535561162368542,1.1781872967466538,-0.5577573498384611,-1.097361725253753,-0.4823566273147103,-0.2570751232460782,0.59336551360171,-0.6355609923092963,-0.1930909660148895,0.8078150117417663,-0.712320124962417,0.5975229409910447,-0.39159970206047146,0.3718896553542999,-0.6129076160949525,-0.7834023602061876,0
-1.0820753447721163,0.7051080380447122,-1.081071830467213,-1.0835081115382965,1.1229402624940963,-1.0818893306581407,0.3130696795948351,-0.024022524142650825,-0.27200235303691545,-1.0820797821130863,0.5981781553824603,1.819946489010112,1.9578526679757642,-0.5500576400817734,1.7801444080222173,-0.5153639437287663,1.8095531722276212,1.5919713770150155,1.5073252745239158,1.7941775947962209,0.4008375103551623,0.10713036835843223,-0.09622549885848153,-0.5615185780064248,0.35353322112998253,0.6661352636359709,-0.19875143360781117,-1.7948824048427088,1.3834356175378086,-0.2456099147972245,1
0.14181822304927036,-1.0304500571785373,0.14020776928028408,0.14340355126748863,-1.1863550705369883,0.14180784235876112,-0.6792298534499365,-0.01419656364492628,0.01590505332578784,0.1418149229159414,0.5472569292009742,-0.6931253332287215,-0.5641148059015746,1.0026694732177013,-0.6777828447592791,0.7720189586902743,-0.558369556132491,0.016121554950957965,-0.6972021933932951,-0.4836530400286281,0.4921175880844521,-0.7353272950123675,-0.2941078009088069,0.8075479991489826,-0.7741978348222514,0.4662244947780148,-0.3970709606513437,0.5726284716636868,-0.5728264651664441,-0.899914823755755,0
-0.34743440873842896,-0.09558762084263106,-0.3474580151991067,-0.34744948695494454,0.07486047418926975,-0.34743439029187734,-0.3913177679953031,-0.01419662592846607,-0.27780741686392335,-0.3474395076996265,-2.490833467155644,-0.4295017231610024,-0.8338166994348002,-0.9956923624863249,-0.5179205912055482,-1.7200263723753604,-0.5248161564012027,-0.6741823660689616,-0.8157941156002495,-0.26430560807117887,0.2815100497758806,-0.529842355088452,-0.24694050771092144,0.4700294955551532,-0.4971698504748315,0.3071853140827306,-0.380520514190193,-0.3937526790198505,-0.025785052311136224,-0.70063205930659,0
-1.454585751144783,0.6955482520892066,-1.453494601826221,-1.4557707256840253,1.1486046461146242,-1.4545381533773754,0.3021682348743782,-0.040172843515696915,-0.2722520782690891,-1.4545364818419313,-1.0203198588558677,1.6424880624531135,1.7231782753146605,-1.4397744928033205,1.7534114563142522,-1.8041670642937249,1.4921822104206706,1.767079955003765,1.9498208928945142,1.4954994438554492,0.46562197330198696,-0.2007805515833994,1.0831912785839335,0.4771634265122995,0.3149414363770658,0.34256427283163216,-0.31125174128169775,3.5814132552311966,4.245929506987697,-0.4892510933730053,1
1.754036137390014,-1.0304500571785373,1.752950449221132,1.755145152462943,-1.1863550705369883,1.7539915887594302,-0.6792298534499365,-0.01419656364492628,0.01590505332578784,1.7540402964234179,0.8950544069206726,-0.5223970385678339,-0.4788497832821284,0.8692119045161932,-0.5788709457475165,1.234993991015735,-0.5423856095286708,-0.8196793729471724,-0.8200042282437044,-0.2672355322545367,0.4560882939449753,-0.419285253586346,-0.1696729401514085,0.6409316452270379,-0.575286503106855,0.4909828757671688,-0.3631209965411014,0.28194706869579295,-0.6697224007895685,-0.6612676910572417,0
0.7530999448214822,-0.09717613693484517,0.7534316514054984,0.7527625657673329,0.07278539816808291,0.7530766091594071,-0.39229537581558166,-0.01419656364492628,-0.27781330634008994,0.7530997082631157,-0.7703065738419337,-0.6075544391554792,-0.6657667497993961,0.021423074434036096,-0.5729903829711467,-0.274811079690822,-0.5529982713267098,-0.49533331078397524,-0.38710299051479496,-1.0704601769031126,-1.8079136724286278,-0.2416021196697288,-0.9243776492905985,-0.8192869429958637,0.034076467856416076,-2.044934723507952,-0.3227055222907737,-0.5865222505148318,0.7742016567074868,1.0504138565730707,0
-0.6962510011454774,-1.0304500571785373,-0.6981342405568086,-0.6944180740235405,-1.1863550705369883,-0.6962436205279303,-0.6792298534499365,-0.01419656364492628,0.01590505332578784,-0.696258178731117,1.6107591722244012,2.074961912904178,2.055633664917891,-0.9521412161850389,1.9422128859248027,0.014358996687190819,2.30558560471959,1.2600975309601767,0.9011553804945529,2.242291261548691,0.2558153904352803,0.48903567759226957,1.860243772698594,-0.6505231221995046,1.6211759397066412,0.27540057994195977,0.004833289836705479,0.9481647201919379,1.602862886356345,0.06785469873103131,1
0.8595722790308407,-0.09717354225443214,0.8599385418764401,0.8592035608317194,0.07270709341256641,0.8595466955565878,-0.39229378034765366,-0.014208162609844553,-0.2778065624077427,0.8595725243925189,-0.8815588999929344,-0.531940717479599,-0.6170177180998506,0.009795399813837037,-0.5290701031427076,-0.48554484789710933,-0.5438364259605507,0.1346730569199693,-0.3611883340608943,-0.9855543034073196,-1.9374059465220834,0.1749843720939477,-0.7358660775973126,-0.7253067438188827,0.08084859974524199,-2.2466975652273784,-0.16776092100978135,0.3685165888927966,-0.5211219301716982,1.2512564841925609,0
-1.0569904186763488,-0.09725487149933125,-1.0572481190282021,-1.0567927998644635,0.07261900056261038,-1.0569753977389205,-0.392343787557693,-0.014204390593946441,-0.2778073033826096,-1.0569980336957596,0.4506006555749535,0.2552275847141254,-0.06898703636719604,-0.4701157096427451,0.032874922672701486,0.40548714856381013,-0.20240345226435238,-0.027778694036445763,-0.5339403079525907,0.10145620504811308,1.7461323068052204,2.0014643615858247,2.3887484220664414,0.18672999138191407,1.330635632518572,1.3842464332680429,1.5076310797266959,0.7297206061201543,-0.5975547873344083,1.5119329536818906,1
0.2097160347721669,2.1752217813528176,0.21125370231732585,0.20730520065409253,1.3795351582271766,0.2128291527728875,2.706112539812885,-0.26197724963780644,-0.4589331960383141,0.20971671663613192,-0.31442800502535595,-0.15963073497281066,-0.17963991025892692,-0.3935016946662179,-0.07662571233364233,-0.07511163990012885,-0.4383062314738009,0.7810378649944727,0.5862705453764062,-0.5075857217902998,0.7129116018536489,-0.5788144180031601,-0.02597144664663725,0.7988255603751386,-0.6030202849463436,0.711174442556005,-0.38632836573275336,0.8686799288596361,-0.3593762613633775,-0.6762136900135077,1
0.4401140486101128,-1.0304500571785373,0.43860068803585944,0.44161124840497357,-1.1863550705369883,0.440097346098092,-0.6792298534499365,-0.01419656364492628,0.01590505332578784,0.4401121285869282,0.5052308234548986,-0.6567884461727821,-0.5553145199068321,0.922252749838393,-0.654558600730847,0.7713088919416411,-0.5567368400759166,-0.44260252014088686,-0.826579668732233,-0.5020058087860724,0.08655732705046383,-0.694579397743757,-0.4454733837956288,0.6596225850777693,-0.7584994705018312,-0.01577381639970311,-0.39542099560750216,0.8975688358181714,-0.5992097174747733,-0.63048317148653,0
-0.4117336018129215,0.5032423313317228,-0.40684591510493745,-0.4104107434164119,1.3795351582271766,-0.41215837887142476,0.09566183072223525,3.783757230683329,2.884780015374826,-0.4117381371715201,0.7805171034767288,1.7205808955665933,1.7231782753146605,-1.1916803939443947,1.7049579992694024,-0.4321420579013163,1.629034012417503,1.4341812508652731,1.2089098049527418,1.7117862300291933,0.7295866366601872,-0.2190685251753518,-0.055776199915086144,-0.07199405179145392,0.018634829079115997,0.8771082992906782,-0.3164831996078745,-2.231492075244532,2.5075112170293092,-0.44488822089491614,1
1.2499687050332728,-0.09718378501668287,1.2504620001450497,1.249484609236367,0.07270709341256641,1.2499349171944742,-0.3923000785921783,-0.014201802626186822,-0.27780530412934734,1.2499707245393208,-0.6490613617559634,-0.6210653310930606,-0.6740130722269916,0.15137658230693535,-0.6054160107853035,-0.14783511638979113,-0.5541990789116986,-0.9227829131725206,-0.5619451724069188,-1.058119710862099,0.6512241575319986,-0.25486163669532436,0.08879849503697758,0.4058660907273144,-0.24370722493216662,0.7361606772174765,-0.32625155815282886,-0.4231627745574026,-0.11223370397509493,-0.4989733752701252,0
1.690115603341262,-1.0304500571785373,1.6890091094877944,1.6912435030763389,-1.1863550705369883,1.6900724093867165,-0.6792298534499365,-0.01419656364492628,0.01590505332578784,1.6901194666367778,1.210437610135688,-0.5552176960084396,-0.44560422940160926,1.0599877790896863,-0.5877262294279731,1.369909991483185,-0.5470981777223988,-0.6226257223239618,-0.7981891257976405,-0.11082745234765855,0.6390475414817063,-0.6317155458036615,-0.16647957644892455,0.8317483104798877,-0.7135563706774923,0.5958109236507656,-0.3912919466599467,0.6427911909381151,-0.6417045842299806,-0.7522745081031915,0
1.0153988550488804,-1.0304500571785373,1.0140727456358978,1.0167260928844088,-1.1863550705369883,1.0153699604525157,-0.6792298534499365,-0.01419656364492628,0.01590505332578784,1.0153995966666887,-0.9380775524456119,-0.7173813643971199,-0.7466523702424641,0.26608654036129487,-0.6898794996509479,-0.41786936411539843,-0.5589269648272936,-0.7202500492026632,-0.75275011791624,-1.158007681925377,0.9882214207516097,-0.7610374481267925,-0.09835440799347082,1.0147503785807155,-0.8061832386013866,1.0443590586275227,-0.39769660601685175,0.018315669872931154,-0.630867630350193,-0.4952407317256606,0
-0.05534111308332447,1.727657049158623,-0.05161624991972867,-0.05540158015750132,1.3795351582271766,-0.057051826800792786,1.8268028272770869,1.2337542924724347,-0.11066832969724538,-0.05534210670792439,-0.6068757754159801,1.9059866131905863,1.9187402691989137,-1.5509890382035998,1.9422128699907255,-1.825469608504091,1.9716431816612778,1.5305327037603516,1.5504846462036732,1.796485120671347,0.04760650814723317,-0.46160944584881314,-0.09409658972349223,0.5385765297506432,-0.45362420642736967,-0.0724020255122209,-0.37048410853657,1.7917153238279477,0.3611991154261538,-0.5185562494660689,1
-0.9220183265386915,0.8081619535953892,-0.9205080326442475,-0.9237540151568364,1.3795351582271766,-0.9220914093188362,0.4344097356906708,-0.03195121791035079,-0.2785061110365472,-0.9220229148767263,0.5668276623102866,0.9652242136572518,0.7747026049760325,-0.7382669648974985,0.8060627092156006,-0.3282680791459878,0.49066991744274074,0.7610057926329693,0.2600478725033119,0.8593144568672892,2.1256969395173098,0.7765040180829519,2.541495508010329,0.014340297507759307,1.5511874302116144,2.1426830510632118,0.20485848044774085,1.1999891643021436,0.3483712995907132,0.9475581763555789,1
-0.7774727000125801,-0.7204703092521353,-0.7791266150597853,-0.7760701815730899,-0.9297699628983476,-0.7772079252370263,-0.64757566982978,-0.6120894009412128,-0.3900057745749329,-0.7774801712080862,1.2543383436643887,-0.6061963627865762,-0.4475598568005498,1.180612843762011,-0.6129554504114295,1.4054142092608213,-0.5528702536680137,-0.5216244016764306,-0.6939416679316548,-0.09691822627443376,0.003971480508917086,-0.3892784402576875,-0.3501300972345799,0.45936255162619033,-0.5527397348688909,-0.031577024403956946,-0.3573730516441263,0.343459655745092,-0.677822245433142,-0.45360561486406137,0
0.1489205046102428,-1.0304500571785373,0.14731236258398825,0.15050373453266683,-1.1863550705369883,0.14890997340017376,-0.6792298534499365,-0.01419656364492628,0.01590505332578784,0.14891723733667916,0.9828899640592066,-0.6596513385857201,-0.5081840823647663,1.084797188975579,-0.6460374785483881,1.2065906438811944,-0.5569001973407088,-0.9009499486334515,-0.6972318622759321,-0.24815720577744588,0.42669731795170956,-0.635071545114539,-0.2814407775973912,0.742396738179444,-0.7185340616920972,0.43583358004964307,-0.3915609304017277,0.2699734080684108,-0.6438769747364899,-0.8288796742677879,0
0.14976228146469833,-0.09718139625999594,0.14989755601223279,0.14960321080066974,0.07274624579032465,0.14975173674954162,-0.39229860975886466,-0.014187396496790745,-0.27780601271314953,0.14975934036638622,-0.9833989609776009,-0.6282843471141422,-0.7053854024851899,0.0243812192455217,-0.6074168229709246,-0.43517324569697985,-0.5547864660855089,-0.6997466866392648,-0.5778165690706543,-1.071802305781366,-1.6848182928147482,-0.07685556014956764,-0.852405161399995,-0.3640013978131713,-0.2562888019354494,-2.047497317632667,-0.2715170215926921,0.43156006094802646,-0.5948640019553443,0.9802655538208125,0
0.6106739184533896,-0.09549167891741062,0.6109623104491594,0.6103755928405966,0.07497793132254447,0.6106536099138667,-0.39125866998019276,-0.014193825007483781,-0.27781509997307047,0.6106730398485406,-0.7755724028890973,-0.5491191651298666,-0.6079371002712617,0.061620564715615285,-0.5314335569973911,-0.36377716693249024,-0.5462815592719197,0.027007571804565263,-0.3248262944994155,-1.005136614147886,-1.3887847931778186,2.0493490387235087,-0.07856910013408469,-2.290715078646331,1.635178432365457,-0.04552032962479046,1.573375777525139,-0.492750558593572,-0.28557856515619623,1.7925382144863673,1
-0.3829145316519182,-0.09557969976344396,-0.3829496519528453,-0.3829192013035961,0.07489962656702799,-0.3829137807771777,-0.39131288902273825,-0.014199925307803065,-0.27780699153019683,-0.3829197797909922,-2.538897362655889,-0.4147143661836184,-0.8560762052224314,-1.0856917935560066,-0.5193611512813759,-1.459261122367074,-0.521442499581024,-0.9211769775929568,-0.829447855123472,-0.23416420281812833,0.07230693416461935,-0.5575449753683481,-0.4221793260424062,0.48019489729837217,-0.6123231389195074,0.0672776751246908,-0.3839491645782919,-0.6060289182233668,-0.1561786726624159,-0.5780578679308364,0
-0.160881017079375,2.1041804308193033,-0.1581851494752913,-0.16190432913517452,1.3795351582271766,-0.16358379242198237,2.5577290258224696,0.4925959085527754,-0.4134340764034257,-0.16088122874204425,1.0167357976839264,-0.5317537059850135,-0.4651604287900346,0.7947836748585154,-0.5526392323030287,1.2491956645830053,-0.5438086306863809,-1.0296677850437876,-0.616200493555522,-0.20666166146260354,0.05838434720520465,-0.31188762726039376,-0.20586443351412467,0.4584725291022016,-0.46343569655483513,0.013198763006278846,-0.3405277441694157,0.4473578019098719,-0.6352849420856881,-0.44548154127523626,0
0.22292627847557553,2.156955696263635,0.22546288892473418,0.22150556718444897,1.3795351582271766,0.21993128381430013,2.6676427398894442,0.3180709620115134,-0.44752451938230575,0.22292695172482058,-0.9354598754759701,1.9610623238821132,1.879627870422063,-1.8333031478070156,1.9639334071957646,-1.889377173416268,2.0782154649509534,1.6286101025326627,1.7334112447505117,1.8575522407749478,0.35321985440626585,-0.26262592482816427,-0.16222175817894596,-0.06309365678903277,-0.053315958168006224,0.4277634010720081,-0.32828830092241085,-1.5610993181750206,1.4693279546886382,-0.5290456999152623,1
-0.49028483587727667,-1.0304500571785373,-0.49210103474938754,-0.4885127593333723,-1.1863550705369883,-0.49028182032696377,-0.6792298534499365,-0.01419656364492628,0.01590505332578784,-0.4902910605297212,0.8103886991140776,-0.7048400311519087,-0.5375183814474044,1.1455374796047026,-0.6829623599288003,1.004926608350271,-0.558691990040194,-0.07598862065277837,-0.7083018373467341,-0.34373500401620105,0.21561975333670397,-0.7726536114731664,-0.4396188773297585,0.735276377614842,-0.8105002948812683,0.16728019803867003,-0.397873865028762,0.7769487079585393,-0.5575851153860694,-0.751697312560456,0
-0.4844609649972793,1.4506363475216453,-0.4849964414456834,-0.4885127593333723,1.3795351582271766,-0.48317968928555116,1.3486781710857467,-1.7216283095974065,0.20545990060342856,-0.4844634405783926,0.87750162190797,1.8819798046095317,2.0165212661410403,-0.9179212870271012,1.9021134583628552,-0.5007362081036666,1.9258774903343168,1.4296010957185528,1.2955647343337702,1.9030614440153892,0.16370121134602314,-0.262453952610773,-0.227153537553317,-0.023041582193703457,-0.12265043226037911,0.2681574350904643,-0.3282435062820804,-1.4714826716696918,0.9314521856293884,-0.46842014244255753,1
1.9939984414663723,-0.09570718682156117,1.9947366622421188,1.9932918602594563,0.07466471230047853,1.9939488159536383,-0.39139140939453587,-0.014209513165856596,-0.2778127736022729,1.9940038626184073,-0.744987121235759,-0.41730618168294215,-0.4148671707852789,-0.04703685417367015,-0.3452606844493508,-0.32934931105344256,-0.5220452601450494,1.2647623500953054,1.3681663862452393,-0.8538774894759662,-1.9214018609039747,1.5934574566609616,0.49271777586752236,-2.232320501800859,1.9433146139686908,-1.7703319900066699,0.992668328077826,-0.0060603007743094215,-0.1853254527416481,1.8306165766446143,0
-0.371392642546598,1.8022542577855032,-0.37132294858641657,-0.3749098270905209,1.3795351582271766,-0.3695455926229489,1.964194969860805,-1.135815312235621,-0.18035750513447493,-0.3713939580522467,1.094277886110888,-0.626209935095367,-0.4749385284842473,1.1096065988614716,-0.6224790570878813,1.348607447272819,-0.5546215445485033,-0.7705248486567345,-0.755390425373787,-0.18480720894755906,-0.11061017566567868,-0.3185440271357904,-0.30932951327881475,0.357897479894101,-0.4531009324901019,-0.3081334156638651,-0.34209108364141455,0.5207416744505778,-0.6356088552641265,-0.34120305241991605,1
0.0641192627722319,0.5032423313317228,0.06916183624324232,0.06530153535052828,1.3795351582271766,0.06368440090322208,0.09566183072223525,3.783757230683329,2.884780015374826,0.06411652163975844,-0.6532646842378188,1.5899904169115495,1.8600716710336376,-1.0633558431718704,1.796852498856176,-1.4420240158742652,1.4026678305774305,1.990085448969631,2.5607692656733767,1.4352811031841715,0.13834767162664774,0.03238002939610003,0.042153721808816484,-0.6327221624321285,0.4908938957754442,0.143575354634106,-0.23030004265780918,-1.6221442077891555,1.7422246160518304,-0.2508923058921271,1
-1.374746163011552,0.6997177766276701,-1.3737810664492631,-1.3760356674806489,1.1229451565413162,-1.3744971349828374,0.3069155233315456,-0.02681495243607034,-0.2761293937099059,-1.3747400026017953,-0.9207592791678579,1.9132017581854774,1.9969650667526149,-1.6108738938333529,2.0207409096575937,-1.8609737585628061,1.9854794816426424,1.7704334807969082,2.045857180466396,1.8028163342753212,0.29677499945810765,-0.06224799094535451,-0.18670422592062225,-0.2144012206428613,0.04283650160787994,0.537075613858044,-0.26634133103689017,-1.6246647578001971,1.127361947856618,-0.3645243843923182,1
1.5382688235676714,2.1041804308193033,1.5398126501100067,1.5350394712424182,1.3795351582271766,1.540927657517051,2.5577290258224696,-0.5209890358426279,-0.4134340764034257,1.5382739500475606,0.7575919252809071,-0.6381360091933013,-0.5081840823647663,1.018068404624825,-0.6330051641924033,0.9509602487946439,-0.5555271339956477,-0.2183532876034786,-0.6844136082665616,-0.36530233651391225,0.4399828214407173,-0.7824952796634814,-0.3506410358393795,0.8115531986508967,-0.8118804424885844,0.4255838731231725,-0.39797270292594206,-0.9910986002628498,0.3576051069018516,-0.942053264460088,0
1.7101966672262803,-0.09571579077683967,1.7108425949088244,1.7095737979829861,0.07474301705599501,1.7101530303519972,-0.3913967082585995,-0.014236660851931131,-0.2778057107098943,1.7102007888174091,-0.722648287946878,-0.46238637628173146,-0.5320750090159333,-0.1824328785611625,-0.41895549627737216,-0.27235574397433204,-0.53175065273559,-0.11329382351334316,-0.25832874765937763,-0.9029865703702199,-1.9648199283038263,1.0321356113204256,0.38040113256815694,-1.8285014395787038,1.5775283126716104,-2.0305046208538995,0.4164847248362153,0.07215083035166492,-0.031783032919207845,1.5849493023970318,0
0.4188072039271955,-1.0304500571785373,0.41728690812474695,0.4203106986094389,-1.1863550705369883,0.41879095297385405,-0.6792298534499365,-0.01419656364492628,0.01590505332578784,0.4188051853247149,0.3754714275631432,-0.6988804390530786,-0.5760440808144257,0.924819218009609,-0.6727704063552374,0.6527247991468218,-0.5585403849957669,0.5274501219426537,-0.12310923188204836,-0.5758405755409989,0.204569309214082,-0.6021196328738226,-0.2852728191160917,0.6729732518525096,-0.6698691352228424,0.0987995515247786,-0.38868272722078107,1.0108356803941663,-0.4870167158319762,-0.6937040397481599,0
-0.028023960461989968,-0.09551728714092665,-0.027943523013245614,-0.028133543874703487,0.07493877894478623,-0.028030741665422,-0.391274444649124,-0.01419656364492628,-0.2778120343739517,-0.02802768348743699,-0.10413800736723797,-0.24324457147759235,-0.30490737730133216,0.0868480240947625,-0.27746320203033265,-0.061845190029740454,-0.4707517784517797,0.3276410675877776,-0.2055647900846558,-0.5376964467434308,-1.4144274188921329,2.073102854557132,-0.19560212760429563,-3.6855495845422297,2.588333828491971,-0.31024667038798737,1.6064030074962163,-1.2032127079545645,0.5914365947313416,1.8206757954539659,1
-0.6465350302186703,-1.0304500571785373,-0.6484020874308795,-0.644716791167293,-1.1863550705369883,-0.6465287032380419,-0.6792298534499365,-0.01419656364492628,0.01590505332578784,-0.6465419777859525,1.1824202117225442,-0.6531948728650102,-0.45538232909582194,1.246486070733566,-0.6325039020278104,1.34860751499174,-0.5565233841014039,0.06913204865318527,-0.32100847154731793,-0.14112130836636005,0.2605135151061235,-0.09204941733347645,-0.07067856386001121,0.3427667150205914,-0.2953323871521417,0.3106944417646887,-0.27679035750918224,0.08850751198835168,-0.5593905872122885,-0.3790224263914633,0
0.11710228321708635,2.195970683002333,0.11889398936917155,0.11500281820677577,1.3795351582271766,0.12050144923452319,2.750078025439675,-0.09625897182456469,-0.4716582584623151,0.1171027990605794,0.1857916266753616,1.6524253947857237,1.2733856893808781,-0.6612721854820527,1.2170817341705422,-1.451965221230815,1.509351259267743,0.9165478851746623,0.29297608817932125,1.5583155705290646,0.1087988048235539,1.2813332956586532,0.009155604837883642,-2.466213888445447,1.8180594657601796,0.74936557566356,0.6533700169760628,-2.01963875654586,1.670388892729639,0.7038976950252718,1
-1.1486947452721767,0.7166046775336196,-1.1471445427712872,-1.1502498450649916,1.3795351582271766,-1.1486493732844114,0.3262595516976184,0.022989476318845396,-0.26662174501293195,-1.1486985212848588,-0.08285502243382026,1.9626692933229841,1.9774088673641896,-1.3200049447169189,1.9472253163618058,-1.2140869688925433,2.081357974188258,1.5498221267596073,1.457303221561363,1.8845304436535766,0.3810446921578452,-0.19599463241134513,-0.1462549142879275,0.06062257221164322,-0.13442417674755816,0.5208773068147737,-0.30985583309099124,-1.5324220682698284,0.8997836352599073,-0.48138541156982645,1
-0.9421461931327209,0.7276968679751774,-0.9411113098619933,-0.9436344957972759,1.122950050588536,-0.9419773437238157,0.3390679493345984,0.01030568436915052,-0.2702157084411389,-0.942151062406018,1.1985973535762073,0.8427369115980752,0.6573654086454807,-0.27116559682204816,0.6145879876210691,0.17199770872173376,0.3450305281180942,0.5823294410713784,-0.014408119859212164,0.8822345308121875,-0.05912817057080268,0.5707980084955322,0.48177386424168617,-1.5494680254387878,1.434757837816234,0.17689381153153028,0.05763577942558944,-1.4600504795452847,1.5244263601422081,0.20600586515902125,1
-0.8557966536976734,0.6818879881291271,-0.8544352932383006,-0.8570122816301414,1.122950050588536,-0.8560415689597147,0.28669532747765025,-0.018567716271627635,-0.2671648119303096,-0.8558017495651291,0.6576223064700586,0.7455841619970095,0.07263501709117148,-1.8076381397486483,0.415093342272363,0.5199390666441929,0.23724522147323424,-0.6296394483733595,-0.6788634353853092,0.6477364694589332,0.779146114577552,0.3746082057067052,0.6520867473124223,0.3552273274408679,0.13964304357118376,0.6092436630136546,-0.06360651278223814,0.6476314199765606,-0.5860610741994444,0.005455907094715555,1
-0.8794409321117849,-0.09722042156281788,-0.8796407936543215,-0.8792958020489207,0.07264836484592906,-0.8794296669592464,-0.3923226057313548,-0.014193538995618305,-0.27780959931978333,-0.8794480869419249,-1.0018393198147155,-0.5405130084972816,-0.6711998972340002,-0.1734688009025227,-0.5395693453932313,-0.5010315387840475,-0.5450833105994346,-0.5675689210019833,-0.6184587121130191,-0.9784720202625854,-1.677880633726503,0.17629412117241136,-0.8271980204602278,-0.836540248829257,0.1064720222578264,-1.5999128870946215,-0.1671407041307905,-0.06746984196526479,-0.46774890532514024,1.0420425615088327,0
-1.4272703759971257,-0.8171170313155862,-1.4289837528958012,-1.4255949434213868,-0.9041080263014296,-1.4272659707879316,-0.664237125436735,-0.007067395033538598,-0.2775255819221703,-1.427280455717414,0.010324990718434724,-0.6200757158095666,-0.5688082892787378,0.5466895556029513,-0.5927386558814569,0.37508186082019324,-0.5541156141624642,-0.3233280865784081,-0.381784749880036,-0.7533529888955411,1.3063857235863323,-0.4510865839151977,0.3050742537659821,0.9666879739475871,-0.5229586337349788,1.3143307798856583,-0.3687348119892809,0.8801870896692232,-0.4879698645258851,-0.17140805855495636,0
-1.1554135040623457,0.7036180451804018,-1.1542491360749914,-1.1566399937526222,1.1229402624940963,-1.1553963896460095,0.31136661408954475,-0.014195982005425363,-0.27432299295281737,-1.1554172820607442,0.06891612512213306,2.0029433204641798,2.0751898643063162,-1.5595440408897223,2.077548412119423,-1.2410701486703568,2.1607269412051537,1.5825865627960027,1.6790224333961703,1.9414088843958501,0.26136849910356635,-0.18440508310783466,-0.16647957644892455,-0.01325112222666012,-0.09256188748802564,0.42913959816206726,-0.3064293704299703,-1.2093062356497333,0.552148613369111,-0.44839321849835634,1
-0.34113692309685545,-1.0304500571785373,-0.34290457537159985,-0.3394089107646298,-1.1863550705369883,-0.34113706845729835,-0.6792298534499365,-0.01419656364492628,0.01590505332578784,-0.3411424576942278,1.159992647207944,-0.4125271907637466,-0.40649183062475863,0.7776737510728225,-0.49917334482117576,1.5900361687920992,-0.5209300564659443,-0.8846846529713794,-0.7691754429916109,-0.09480629798750376,0.6197398831863836,-0.366582937937994,-0.02597144664663725,0.6400416014827325,-0.4863291267341575,0.6196474588854559,-0.3527348219479857,0.44255727004771844,-0.6405351057168985,-0.5906539576972505,0
-0.7376637171974237,-0.09555624414001183,-0.7378143091172171,-0.7375635831133207,0.07489962656702799,-0.737655478421484,-0.3912984413368905,-0.01419796437520256,-0.2778111235313689,-0.7376703787511593,-0.528604419343125,-0.37101188502691074,-0.46443584811830485,-0.03309130560667887,-0.3903339262124386,-0.20521133101891026,-0.510545929310496,-0.07840958615083347,-0.4887591178900287,-0.7741141266711278,-1.6734826093057236,2.3960429620857746,-0.17227518553173893,-3.309668512267211,2.326431067817615,-0.32532712361184496,2.0826382646028425,-0.7338490451845335,-0.062318581501963476,2.158264691256658,1
-1.1619476041821624,0.7275060199109313,-1.1606432537872013,-1.1630301695253025,1.122950050588536,-1.1621434060076075,0.338846887472444,-0.0465147232238646,-0.2755279854481754,-1.1619511442048178,0.5420011219240677,2.3902347939699538,2.1143022630831667,-2.748684845413826,2.343207050005738,-1.1402381647643558,2.9839646914534206,1.255500559127565,0.9261779536074818,2.4212013189569825,0.19689495274965818,-0.16043049487180913,-0.24631374514681942,0.024130757474802644,-0.169091405996284,0.36666418780180215,-0.29913396263128206,-1.3410449052933908,0.5666410332001738,-0.4103010465755926,1
0.9585806025611008,-1.0304500571785373,0.9572359992062643,0.9599246267629831,-1.1863550705369883,0.9585529121212146,-0.6792298534499365,-0.01419656364492628,0.01590505332578784,0.9585810813007863,0.8058213856190504,-0.7267849676178796,-0.5504254700597259,1.159225418633257,-0.6966629893137418,1.039010692630641,-0.5590283872042585,-0.7892673178932044,-0.8533454011008579,-0.346868553412203,0.09196650139805367,-0.7749227641994557,-0.4996541733072338,0.6881040167260191,-0.812724232019697,0.031635870409424914,-0.3979008312996083,0.6375145347651302,-0.5965337820697703,-0.6449079595164332,0
0.8587979725507476,-0.09570486521733719,0.8591666805433961,0.8584267616066931,0.07466471230047853,0.8587723924820808,-0.3913899795943232,-0.014175146154899456,-0.27781630169216526,0.858798215112224,-1.650063950885614,-0.6568075138063901,-0.8092738581293091,-0.2889004735972668,-0.6349904904468384,-0.9923964167841273,-0.5567379477247144,-1.0341696352442493,-0.5675570580250082,-0.7715735378831252,0.4541799839612965,-0.5387151160788237,-0.19765756569589515,0.6846757472375463,-0.6246305728019896,0.5290752390209359,-0.381659282064467,0.2822231610351049,-0.6560733602310541,-0.7552376393781474,0
-0.06414794221893036,-1.0304500571785373,-0.06582543652713702,-0.06250176342267953,-1.1863550705369883,-0.06415395784220543,-0.6792298534499365,-0.01419656364492628,0.01590505332578784,-0.0641521952854543,0.6412276883989348,-0.38562064439812327,-0.44560422940160926,0.6553376736252908,-0.5086969554811469,0.7478761136259148,-0.5143423923170695,-0.40212660633183894,-0.8343050440917252,-0.3387533620276616,0.4554673099621306,-0.6349419782179697,-0.266112617867239,0.7343863338705365,-0.7032281572106995,0.4661323087307786,-0.39155064723439864,0.12622834551678794,-0.5677335243364212,-0.8309406260069174,0
0.32665504648747,-0.09566614877937975,0.32685066928223877,0.32644095850682836,0.07474301705599501,0.32664075936355724,-0.39136613488133737,-0.014199054147119769,-0.2778081560195015,0.3266528932801506,-2.8357812838877967,-0.44534094036019284,-0.8254005898385278,-1.0177311746475037,-0.5064259391912661,-2.1185561515540203,-0.5282540396993399,-0.15019283503135142,-0.6572253203777588,-0.09596176833020188,-0.04394206277292147,-0.39861460664389314,-0.28532478179703835,0.4539753073791332,-0.50895833606133,-0.22796446575157678,-0.3592083567632427,0.7477100823407713,-0.5962297081565143,-0.4252527813797941,0
0.11427175481845378,-0.09718522025636361,0.11439540373190635,0.11412320413313713,0.07270709341256641,0.11426194275197354,-0.3923009611113351,-0.014198746359910254,-0.2778068616866495,0.11426865666894269,-0.7601590978709151,-0.5655899038175032,-0.6450118944969083,0.10959117296071634,-0.5724776761556735,-0.24085090833901848,-0.5484251653591299,-0.4924558058002877,-0.6271136155085228,-1.0224275968998617,-1.9834043327480382,-0.44094830923644746,-1.18541947971788,-0.3586055805581582,-0.4648885272167235,-2.279697181423372,-0.3669985218416991,0.2626172376231879,-0.42806171458933956,1.1729140253325998,0
0.3981955973554306,-0.09718378501668287,0.39841164630710246,0.3979631491331993,0.07270709341256641,0.3981798612528404,-0.3923000785921783,-0.014201802626186822,-0.27780530412934734,0.3981937631449293,-0.894379853049518,-0.577995182051625,-0.6457700735851556,-0.016802305708794,-0.5484404436452142,-0.39874710887426834,-0.5499098870673135,-0.36723802942472084,-0.27653539309330605,-1.0363844599146348,-1.8434331350006294,0.06359191627973002,-0.7004454464824176,-0.8036991773814114,0.16022526743271573,-1.99557313723846,-0.21745735411407358,-0.011727331318575302,-0.17629538711277679,1.145145144010831,0
-0.9860916556587879,-0.09553084206564787,-0.9863230874450476,-0.9859182127761116,0.07493877894478623,-0.9860781302438503,-0.3912827943095905,-0.014202695334559746,-0.27780612886198264,-0.9860991139032985,-2.562667321428258,-0.35523379491875645,-0.818366183649249,-1.182362883341809,-0.46826298001983196,-1.819292085352065,-0.5062718843128867,-0.6516493732056483,-0.7966621405938589,-0.19542399701279478,0.16455408177000552,-0.7113756547232153,-0.420123881606157,0.6616136980060303,-0.744385708079837,0.12312469743777078,-0.3961989179150732,0.15954649962607056,-0.4190774045068071,-0.6992558035799509,0
1.4486380302681992,-1.0304500571785373,1.4474529371618525,1.4498372720602797,-1.1863550705369883,1.4485999539786867,-0.6792298534499365,-0.01419656364492628,0.01590505332578784,1.4486407763316933,0.7857797432195462,-0.706336886418815,-0.5478831619012011,1.1138841002045328,-0.6856356519127813,1.0432712285602828,-0.5587260246260776,-1.0619958763816064,-0.7700286598217623,-0.3569668497121043,0.6501885339840247,-0.7090041314906274,-0.22608908298582234,0.8420817283911365,-0.7577799603096154,0.6879963900205835,-0.3960973971863928,-0.1602572025191871,-0.4808991314433575,-0.7753884910996187,0
1.271080991243888,-1.0304500571785373,1.269838104569248,1.2723326904308243,-1.1863550705369883,1.2710466779433707,-0.6792298534499365,-0.01419656364492628,0.01590505332578784,1.2710829158132488,0.7835642503815776,-0.7238838666319144,-0.5519899645187802,1.1335604921614415,-0.6929872048687293,1.020548483133729,-0.5590039319274036,-1.2417386035307585,-0.49868984316223414,-0.3587304355242921,0.4582276094937383,-0.6653926401250687,-0.23034691394510032,0.7895690990682668,-0.7218045545025221,0.40419684507844084,-0.3937429106823963,1.0548979556890767,-0.45438219360930415,-0.8548410300390046,0
0.7881258450977623,-1.0304500571785373,0.786725759917364,0.789520228398706,-1.1863550705369883,0.7881017671273113,-0.6792298534499365,-0.01419656364492628,0.01590505332578784,0.7881255352030796,1.0191217084221182,-0.6068970060950409,-0.4827610194297644,1.0069469337674866,-0.6091125892009374,1.2065905761622733,-0.5529364659646395,-0.7509985860402552,-0.7007795845335427,-0.22169173979478674,0.42922971635020185,-0.5056927702433512,-0.22396017385083306,0.5928692405939097,-0.5733242097598383,0.47162392947791165,-0.3772271692235081,-0.18449719219971392,-0.4129244970106304,-0.7282543515070871,0
-0.19198901031643426,-1.0304500571785373,-0.19370811599381219,-0.19030506219588736,-1.1863550705369883,-0.19199231658763294,-0.6792298534499365,-0.01419656364492628,0.01590505332578784,-0.19199385485873438,0.9128124006990235,-0.6643536681424196,-0.5199177908076745,1.0950631432469946,-0.658067292476303,1.171086426103558,-0.5571556249334655,-0.9695946609450781,-0.749720943782314,-0.2859984819404303,0.3624962318933312,-0.6755425646109707,-0.31667425740810745,0.7130252627868887,-0.7185994687412199,0.3232053226176021,-0.3943734546808569,0.34744805087218045,-0.5113806927548185,-0.8344476035760532,0
-0.28559708129005107,1.4506363475216453,-0.2860678289419665,-0.28970762790838234,1.3795351582271766,-0.2843200201259972,1.3486781710857467,-1.7216283095974065,0.20545990060342856,-0.2855992541371515,-0.05117357720237925,2.0003492917577086,2.0165212661410403,-1.2857850971455334,1.9739582680697707,-1.1878138558633629,2.1555794163408315,1.5093343489440845,1.4290358193403143,1.929362013905049,-0.12808977664017368,0.08626752253098728,-0.2986849580868937,-0.6060208925435981,0.26182868241571744,0.0421713424122608,-0.20782999137304786,-1.523638917357618,0.9216623308545597,-0.09970405062582743,1
-0.7699726837483712,2.1041804308193033,-0.7691801735938504,-0.7725200899405008,1.3795351582271766,-0.7672649309420567,2.5577290258224696,-0.5209890358426279,-0.4134340764034257,-0.7699718874931963,1.0460958895572645,2.3419941721129693,2.0165212661410403,-1.1831253912582722,1.9539085463217585,-0.74046069832136,2.8754973443581573,1.2556885415969834,0.8236279806126099,2.431990450107583,-0.3646917236823179,-0.1633601155710028,-0.5369101212374446,-0.178799385989376,-0.19852585298629855,-0.20936330284091215,-0.30004042838720774,-1.229169234206159,0.42095582282954935,-0.09132805496124206,1
0.0565908443176011,-1.0304500571785373,0.05495264963583397,0.05820135208535007,-1.1863550705369883,0.05658226986180944,-0.6792298534499365,-0.01419656364492628,0.01590505332578784,0.056587149867088,1.1258741335659626,-0.5862097600783268,-0.46907168358791573,1.0189238804174716,-0.5997560592899651,1.4054142769797426,-0.550831679348927,-0.9234517039520456,-0.739250529769778,-0.16157379863070226,0.2299347619206811,-0.5498580610238325,-0.27154134123718143,0.6364814265055107,-0.6346132327851868,0.13830761863268806,-0.38303519037932426,0.7175162124342471,-0.5801486366437417,-0.6838274609670966,0
1.04380798129277,-1.0304500571785373,1.0424911188507144,1.0451268259451216,-1.1863550705369883,1.0437784846181664,-0.6792298534499365,-0.01419656364492628,0.01590505332578784,1.0438088543496398,-0.8649201061669164,-0.6194827974812734,-0.676758514192402,0.16770437661037108,-0.6109504774399244,-0.36596219622621284,-0.5540652671269054,-0.07045067805934677,-0.4763079236426511,-1.085728965001933,1.0260970837541543,-0.38679508548763003,0.1752106442600425,0.8108411641859603,-0.4882260247282425,1.0575284300292507,-0.356877737201103,0.4307818378803094,-0.6100301703333567,-0.3670493400860899,0
-0.028121931112880274,-0.09562674822897128,-0.028041740199725655,-0.028231266733974587,0.07478216943375326,-0.028128708072609455,-0.3913418678226489,-0.01420191786476845,-0.27780956580159216,-0.028125654652170595,-2.55183720007714,-0.44498020790387377,-0.8386380302420091,-1.0019416476219265,-0.5208192547760957,-1.7439631826218558,-0.528177766057248,-0.6546473925593616,-0.80162510398007,-0.23998710429438883,0.4176938884581333,-0.6830294951607045,-0.20505080832740472,0.711361643006611,-0.6487852578330022,0.3946914758411664,-0.39480646207727704,1.0032888035392415,0.309366220429908,-0.8634613780894154,0
0.22074332391996565,-0.09718665424551481,0.22090164375790447,0.2205633324759337,0.07270709341256641,0.22073127055971806,-0.39230184286019437,-0.01419656364492628,-0.2778084178721349,0.220740697808393,-1.1837749888613733,-0.6202042060045249,-0.6996419546041711,-0.08202239153705312,-0.5817289176686583,-0.6660705322070716,-0.5541264911895015,0.01947873150951096,-0.2390583389248069,-0.9886429288567561,-1.6899810649190714,-0.25225204687542996,-1.0030263836407434,-0.4823092471313343,-0.26189913723782526,-1.9514159882329398,-0.3255604238942312,-0.07907569581506432,-0.3131735019141017,0.9488272697960494,0
0.3416764261750347,1.2103956467689168,0.3462409750877052,0.34220868269247856,1.3795351582271766,0.34066751151831504,0.9749715432580329,2.112599312983577,0.5797870157814271,0.34167571346394116,-0.9088978694768622,1.8774441572711371,1.9187402691989137,-1.6793135889761241,1.967275006241664,-1.8112678672178995,1.9172778023452597,1.696610197903972,1.8296211966483487,1.7619255563154224,0.10052062249588001,0.15410249101743348,-0.2186379010133598,-0.668323912204347,0.3568036944467558,0.34374951500186035,-0.1775366360611737,-1.7769779178912968,1.3220550782960736,-0.1498585812426327,1
-1.0924782826172412,-0.09725487149933125,-1.0927475340193908,-1.0922701792821765,0.07261900056261038,-1.092462509580982,-0.392343787557693,-0.014203798105067344,-0.27780712704280003,-1.0924859503673823,0.29473239004198076,0.18018109305413774,0.0057216677814482374,-0.14146700613136473,0.03251727434505177,-0.002449432104455965,-0.2543166240032325,0.2643279142928361,-0.228684319794937,-0.014674003097540633,1.1495751930879397,2.0390527632836997,2.601176429924118,0.07030056450005559,1.5467353297110962,0.04655928561972188,1.5591451051044336,1.1105105306579615,-0.42568132936201225,1.3529446282763615,1
-1.340918294556282,-0.09550631926086943,-1.341265147557705,-1.3406400442854165,0.07497303727532469,-1.3408972514224875,-0.3912676884865167,-0.014196594771304215,-0.2778088373980576,-1.3409247758621863,-0.08573031396150722,-0.5836350790790664,-0.58751595846661,0.4787575123843416,-0.5954544799007493,0.3034578264114132,-0.5505480244544847,-0.5136206566293016,-0.7785795668696901,-0.7873494216508888,0.6358328656175974,-0.5288061989130455,-0.09678131554976971,0.6787869926352204,-0.5583153456423787,0.6534447773252807,-0.38038503331408363,0.1010440482521003,-0.4006699846860228,-0.695236287305959,0
1.299490117487778,-1.0304500571785373,1.2982564777840648,1.3007334234915373,-1.1863550705369883,1.2994552021090213,-0.6792298534499365,-0.01419656364492628,0.01590505332578784,1.2994921734962,0.7237460965320033,-0.7143934257104673,-0.5492520898903125,1.1070401306902558,-0.6854685671802633,0.9545106841161918,-0.5588813244265517,0.34341854462988264,-0.2658059125714135,-0.3904799767260448,0.5034616988713388,-0.6948112969032395,-0.2583420906420185,0.8068359620315065,-0.751696846937665,0.4808424763111321,-0.3954326699656068,0.599872600837784,-0.6105313871356187,-0.8674466385494576,0
-1.1751152332208554,0.7242294689421483,-1.1741419919049885,-1.176520528563161,1.122950050588536,-1.174927263556134,0.3350553574191224,-0.0791352701530767,-0.26300816201995075,-1.175118610223003,-0.10188432350862302,1.9363707485121495,2.0360774655294653,-1.4825493430608285,2.0290949550745734,-1.1523096042262657,2.0301651098835873,1.6900629535882656,1.9418695243043869,1.8534727773958544,0.3007063028538646,-0.1608215340262525,-0.1537061089496894,-0.2144012206428613,0.0631135484553073,0.48452989465194296,-0.2992551969774216,-1.6980748698311534,1.3967482224205734,-0.44059463312080815,1
-0.773086321557164,-0.09724790633948012,-0.7732515795144218,-0.7729725727805736,0.07262878865704993,-0.7730773244795538,-0.3923395050350316,-0.01418936039082746,-0.2778054766498399,-0.7730931144555983,-0.06766190261876585,-0.1804739483555367,-0.45708235488589644,-0.04095408719102174,-0.38251575177552305,0.18042529461024917,-0.44686824650968676,-0.576256514519454,-0.8695834406794922,-0.4672206864639702,0.813856758064803,0.11195163395114517,0.4015929223704311,0.6479576496533319,-0.22941220274038662,0.19586579483600766,-0.1966233331199183,0.6784709127442112,-0.6925269258077361,-0.17827449887012456,1
0.256233815887101,-0.09718665424551481,0.2564036876307403,0.25604333914346633,0.07270709341256641,0.2562210103723264,-0.39230184286019437,-0.01419656364492628,-0.2778084178721349,0.2562313476807914,-1.1976337003452184,-0.5649777583663939,-0.7123554047156351,-0.34962575230079335,-0.5403271481909667,-0.5740857629498977,-0.5483490139577963,-1.220923360796531,-0.22247273199059805,-0.9424166421652475,-1.6660805302299828,-0.17330159112682417,-0.8633197353656729,-0.3353836786807692,-0.2840270205300359,-1.7587802216081665,-0.3030853510061607,0.356486348232783,-0.5413214373969784,0.9437325103831264,0
0.9230691947562386,-1.0304500571785373,0.9217130326877434,0.924423710437092,-1.1863550705369883,0.9230422569141514,-0.6792298534499365,-0.01419656364492628,0.01590505332578784,0.9230695091970974,0.9226628072490964,-0.6620860475144259,-0.5199177908076745,1.0428778553039937,-0.6478753628038558,1.171086426103558,-0.5570344494343413,-1.2697257666718993,-0.49660529628285177,-0.28051489805948765,0.679804596597279,-0.6779904028808887,-0.19415542058238416,0.7875219963343326,-0.6980607800517458,0.7190760622572235,-0.3945180245492022,-0.7674015165651099,0.0869006156299384,-0.7419650486500703,0
-0.18701741322375362,1.9289818892860875,-0.18660352269010802,-0.19030506219588736,1.3795351582271766,-0.1848901855462203,2.20600514080815,-0.9088542565040006,-0.2868903520658353,-0.18701815298074084,-0.5730742696641601,1.7389063826434636,1.5862848795956832,-0.9093663659275308,1.532864660492811,-1.6238056406920889,1.6617881911125252,1.5595942650870804,1.4270893396284907,1.6068276723535095,0.22068006847265134,-0.41406621284646444,-0.2583420906420185,0.27423328304812084,-0.3602843647763026,0.2905453287955822,-0.36215271737381005,-1.1915667820955853,0.6319913297019485,-0.5956830615264203,1
1.058012544414715,-1.0304500571785373,1.0567003054581228,1.0593271924754781,-1.1863550705369883,1.0579827467009917,-0.6792298534499365,-0.01419656364492628,0.01590505332578784,1.0580134831911152,1.2957849879179038,-0.5869631940729965,-0.4397373845052778,1.1138841002045328,-0.5932399140625305,1.5190277332368263,-0.5509137773807992,-1.0046136291421421,-0.6253479122365448,-0.07186289552986193,0.02242882443123077,-0.2260073040447106,-0.17818858938066506,0.13983652911577935,-0.2122618830230337,0.12777214662985217,-0.3184255500151334,-0.5887899575843202,-0.11488258025572491,-0.37394942289338495,0
1.6119905061705653,-1.0304500571785373,1.6108585831470486,1.6131414871593786,-1.1863550705369883,1.6119489679311774,-0.6792298534499365,-0.01419656364492628,0.01590505332578784,1.6119940080086623,0.7903811386693459,-0.7226993675794625,-0.5514032837591961,1.1386935100904254,-0.6934884590662836,1.0326199225956392,-0.5589921937221062,-1.2188448478597167,-0.6349885593724868,-0.35505766390828775,0.23898166440269877,-0.7230500263916185,-0.3925699403994823,0.7245958420730181,-0.7737399640353759,0.18031785406163442,-0.3966588106431592,0.847720286883176,-0.5622284906343537,-0.7637779127950147,0
-0.48318255431630425,-1.0304500571785373,-0.4849964414456834,-0.4814125760681941,-1.1863550705369883,-0.48317968928555116,-0.6792298534499365,-0.01419656364492628,0.01590505332578784,-0.48318874610898344,0.6642687687312435,-0.6872903582895967,-0.5355627540484638,1.0411668221321482,-0.6609076691928022,0.9168762322331951,-0.5581718552630331,0.26677133643830253,-0.1797977339826327,-0.42070762797431555,0.1999117000925157,-0.6733624518666572,-0.3945924053466521,0.6765334374398898,-0.7396614391654225,0.16859713203902452,-0.39424224376490197,0.34994971193966234,-0.6398338179258503,-0.718145327374684,0
-1.3481268123170744,0.7422015923753092,-1.3467836037646255,-1.3490549764899815,1.122950050588536,-1.3482192447111145,0.3559391853024943,0.010552739784491066,-0.2810989207148223,-1.3481230828613329,-0.9734878565860423,1.7244385184340962,1.762290674091511,-1.5167691906322143,1.801864913359102,-1.7686628465160885,1.6359087395058827,1.8096718530111215,2.028797255631824,1.5881252078182726,0.2286875551430307,-0.3059180405190902,0.5243520976986696,0.27156313059488774,0.12263650123037219,0.2137680106387308,-0.33910738679475655,1.9516707884800673,1.9866107649553402,-0.5255779615121182,1
0.5608528351466443,-1.0304500571785373,0.5593787741988304,0.5623143639130032,-1.1863550705369883,0.5608335738021069,-0.6792298534499365,-0.01419656364492628,0.01590505332578784,0.5608514737394705,1.182420201970912,-0.6453090147994166,-0.4710272923366112,1.2293761469478734,-0.6425287629018166,1.2562965352261013,-0.5560221722862267,-0.24948332218715616,-0.7703500690141258,-0.14028801301175117,0.5980545769264255,-0.5756067948912885,-0.15264165438219476,0.7192555796071853,-0.6223815980174807,0.590148104309423,-0.3859836462567156,0.21354192679720813,-0.4847333534174268,-0.7442901933853111,0
2.739001802559602,-0.09569844198972437,2.7399824386399474,2.7380750397928715,0.07466471230047853,2.738936310069187,-0.39138602371972964,-0.014213498366836053,-0.27781056815405997,2.739010643789982,-0.5788004639507219,-0.44514170767106537,-0.5082288802534564,-0.3173934347265146,-0.3722240827474401,-0.19415700012695566,-0.5282119253915838,-0.5782772414173606,-0.16551736765350758,-0.8626680790407965,-1.669260797449978,1.503413079094803,0.06547155296442088,-1.9685658854639112,1.4869410019137541,-1.337335218206261,0.8899227732349296,-0.024111791639932764,-0.48309467825541075,1.6231510242716898,0
0.21625013380826144,2.195970683002333,0.21835829562103,0.21440538391927075,1.3795351582271766,0.2128291527728875,2.750078025439675,0.06786584453471213,-0.4716582584623151,0.21625087926406109,-0.6000589106946566,1.671893606654052,1.7427344747030857,-1.157460546373009,1.7149828601434085,-1.645108184902455,1.5431945198388144,1.6477258784887112,1.7641690393636398,1.5297847246531737,0.6318354645296295,-0.0890629226325038,-0.01852023929557596,-0.012361057262037938,-0.0022963155506502664,0.9850969658152042,-0.27576269760708033,-0.8589078068950569,0.2271658609769755,-0.38054681434514076,1
0.4680970379603442,0.5032423313317228,0.46701906125067616,0.4629117982005082,1.3795351582271766,0.4685058702637425,0.09566183072223533,-3.8121503579731817,2.8847800153748238,0.4680959758734983,0.9726646397539146,-0.7081811038668496,-0.5257846543542511,1.2096997549909647,-0.6854685671802633,1.1781872967466538,-0.5587657249796533,-0.8050231817163176,-0.8060636469146547,-0.2570776732429722,0.7020165256997738,-0.7007017733934825,-0.16222175817894596,0.8843588480231444,-0.7496037375430378,0.7045897725542326,-0.3957204427259011,0.878356823890559,-0.4707973613894544,-0.7310800956576923,0
-1.3415643040463638,0.7120162746536663,-1.3403894725014789,-1.3426648007173012,1.1229451565413162,-1.3418273294830911,0.3209849235990148,0.004588984630204422,-0.26773312468605664,-1.3415616314886976,-0.9227361657153977,1.9394965372551867,1.9187402691989137,-1.713533599720614,1.9739582680697707,-1.889377173416268,2.0362235419625008,1.611833154383593,1.613882690372454,1.8328302971400388,0.11609141816895908,-0.38337190985823333,-0.20054214798735204,0.2680029556176659,-0.3201881184759414,0.15542777633638802,-0.3561900562338435,-0.5805756796322401,0.012094467695082597,-0.5207636984680688,1
-0.42636430182852475,-1.0304500571785373,-0.42815969501605,-0.4246111099467684,-1.1863550705369883,-0.42636264095425,-0.6792298534499365,-0.01419656364492628,0.01590505332578784,-0.42637023074308117,0.6264009783954753,-0.6950748440584494,-0.554532272677305,1.0266233665176714,-0.6742741450467846,0.8920232527012812,-0.558430111368819,-0.28775063321326627,-0.6372738067052676,-0.4415202490391689,0.6747885988880424,-0.6100015867411843,-0.1494482906797108,0.808438042893288,-0.6859599613316502,0.6692959146562766,-0.3894192220051159,0.32310270455993984,-0.5987921347411609,-0.7173776410111592,0
-0.8953421576459124,0.7141249706095074,-0.8942210048982948,-0.8967732970811195,1.122950050588536,-0.8951032896874842,0.32340726604601905,-0.07666514591097028,-0.26402901055148087,-0.8953471328672883,0.49949785037449557,0.5877879569584149,0.49896022343962765,-0.4713519090810343,0.5183494124614418,-0.250076430508905,0.07675467454857955,0.7162139510345099,0.293613036993505,0.44879768017995353,1.4477438908905704,0.958811855633156,1.8070209935666643,-0.7662288513998479,1.6735037622937536,1.2260961390655414,0.352533243700911,0.23793988811515887,0.06345656612542973,0.6695809110311232,1
-0.31897780462662145,1.0681547790012043,-0.3144862021567832,-0.31810836096909517,1.3795351582271766,-0.3198306753330604,0.7716311722341298,2.3829146848991942,0.8644732960578153,-0.318980951776874,0.7282537604606187,1.7903356723827422,1.762290674091511,-0.36954771977969586,1.5778094178251663,-0.5331160526175844,1.755010379557196,1.401216718979633,1.0506725311135212,1.7800753850769113,0.6336560448355638,0.3024568033393242,1.2854377986795091,-0.5704190578901128,1.2090939313651774,0.6607358358044266,-0.10348782683370124,-0.46144330292307784,1.2775602367181673,-0.07952428526887277,1
1.7895475451948761,-1.0304500571785373,1.788473415739653,1.790646068788834,-1.1863550705369883,1.7895022439664934,-0.6792298534499365,-0.01419656364492628,0.01590505332578784,1.7895518685271068,-1.3344760097132482,-0.7035055236012427,-0.7829486781770686,0.03424684870213897,-0.6756107910387752,-0.763893459707356,-0.558660277894028,-0.375921008540777,-0.6737863289724318,-0.9472287378006842,2.283134870541654,-0.7248039439987894,0.5275454360225548,1.4802436812588053,-0.7636668515595152,2.450845921127994,-0.3967221772962869,0.5093974151055988,-0.5967608864619817,0.6278278001803005,0
2.6325720499614333,-0.09569844198972437,2.6335180439053194,2.631676730766792,0.07466471230047853,2.6325088130503524,-0.39138602371972964,-0.014213498366836053,-0.27781056815405997,2.6325804020127053,-0.6641823215873204,-0.40356330379856986,-0.4229495528960313,-0.21976182646216294,-0.3184323115206454,-0.25035337761838616,-0.5187936533729699,0.7518928503527541,0.9050827741280828,-0.8309440860220891,-1.4892850995563578,1.3547996511310396,0.22461734501188751,-1.9819287433106088,1.5945550972202154,-1.1817205470890568,0.7289697503449821,-0.18451405041090665,-0.3029094942315427,1.4300297809485354,0
2.4551877215706384,-0.09565228041862935,2.4560762296677066,2.4543446267337443,0.07482132181151151,2.4551282786666477,-0.39135759338319187,-0.01411487800955624,-0.2777999891909239,2.4551952587184642,0.5468631582900391,-0.5005783152278426,-0.4350043439582929,0.5291356174037798,-0.47499319957316594,0.8488189195465206,-0.5388208441556855,-0.3634772516041696,-0.3518333683419868,-0.43768328007055823,-0.5504613734917331,-0.20778151055175095,-0.38287089345502573,0.06723635076527962,-0.2846830735256276,-0.7663471359763188,-0.31327364737726976,0.538519636319877,-0.5107439688894081,0.02779742963248622,0
-1.4807938377442973,0.6781052559142305,-1.4797389682603566,-1.4819185704409896,1.1196104751169385,-1.4807698727719103,0.28243238365351986,-0.014065150099090356,-0.2778105070697107,-1.4803665377302637,-0.7133776838568382,-0.6109066812513777,-0.6695227179941526,0.06761122048087798,-0.5852200142094716,-0.2236612918559435,-0.553308546256611,-0.9697343028469432,-0.4258384969293806,-1.0649861392806208,0.2755110338357914,-0.37447228595598137,0.0581205403212362,0.4308811093677821,-0.28094222034576455,0.3664008002167767,-0.3543755499726658,0.2271946173913062,-0.24451626775848448,-0.5918284569245689,1
0.13698867158780906,1.9820575742651652,0.14020776928028408,0.1363033680023104,1.3795351582271766,0.1347057113173485,2.3104231691717763,0.7768091343277269,-0.3275656398375821,0.13698873353083904,-0.8211645813627725,1.6002705294533976,1.566728680207258,-2.2610516503820968,1.7801444080222173,-1.7097257827038046,1.4200393401126967,1.388323010955401,1.2589103685703014,1.4453737875507706,0.3680736434873299,0.8956821778676499,0.3497813963579548,-2.840032685460075,2.3020923393233717,0.5087615053770121,0.29956715203431494,-3.6552519922298594,5.963908924735651,0.3753951375905897,1
-0.8440625793790861,-0.09724985245788129,-0.8442509515342526,-0.8439278733169934,0.07262878865704993,-0.8440520629207943,-0.3923407016075074,-0.014198185182595092,-0.2778112020244746,-0.8440696186467542,-0.11499160121426118,0.2853471410525947,0.18263274517361758,-0.898201654197549,0.33145588144115634,-0.24690953187886572,-0.18042075460829987,0.6054073671211568,0.3687142484126175,0.005913035370531718,1.1718014618954695,3.1503036269616502,3.726764996382753,-0.8995311462768929,2.951133780342684,0.2803558696782062,3.3924707709023285,0.8117732167502822,-0.42853035866836153,2.2089405846550334,1
-0.06318101496176134,-0.09718761022979529,-0.06311514085474462,-0.06327715422512217,0.07270709341256641,-0.06318708142082659,-0.3923024306867959,-0.014200056004561342,-0.2778095033871418,-0.0631848929981164,-0.7639024777428293,-0.553396975073212,-0.666893774784655,-0.14511669895557466,-0.5414275973827579,-0.26674354684165996,-0.5468571974852142,-1.312486074724761,-0.24157126633062023,-1.009062976839363,-2.1549421036433944,-0.49775421880636844,-1.3224651819137048,-0.3154391273993202,-0.580825132961285,-2.4632255910125775,-0.3760826357714913,0.45728720178402676,-0.5979269458760723,1.3153783870277118,0
-0.16965152635044312,-0.09719996983110224,-0.16962029680583676,-0.16971619916593128,0.07270709341256641,-0.16965532552937654,-0.3923100304462812,-0.014193383289086446,-0.2778079578893798,-0.16965586699550225,-1.029745507972421,-0.5893681700172496,-0.6677251420971703,0.031987880246004394,-0.5767268961675238,-0.5581313882631648,-0.5511730839336237,-0.005084725941115646,-0.46379135833055984,-1.021070663403012,-1.6401361232762626,0.07162664349869977,-0.7159170777759699,-0.49537909484472303,-0.07586794534383767,-1.9464680113298125,-0.21407465671551518,0.3545188228878724,-0.5773344165996452,0.9813007537472553,0
1.6617064770973722,-1.0304500571785373,1.6605907362729777,1.662842770015626,-1.1863550705369883,1.661663885221066,-0.6792298534499365,-0.01419656364492628,0.01590505332578784,1.6617102089538267,0.6268781533919167,-0.6897472052704753,-0.5414296175950404,1.0291898754821633,-0.6635809691438218,0.8472879301751888,-0.5582581051433336,0.3330040435387056,-0.27171854251002014,-0.4408692367935892,0.18131557692491332,-0.5403071915396017,-0.3451590895824461,0.5919791968496042,-0.6471457584003578,0.1908533260644703,-0.38185956517684744,0.12505103553116534,-0.6073390201477011,-0.6477967277676274,0
-1.2698747952963039,-0.09557958069459163,-1.2701986577502589,-1.2696173967729498,0.07487515633092909,-1.269855255899985,-0.39131281568220616,-0.01419471935484976,-0.27780838137492986,-1.269882165455369,-1.1374866061057318,-0.3944993549926786,-0.5949836098491731,-0.8673652009441315,-0.3389331110574098,-0.5420600968589158,-0.5165742018066141,-1.1941048037292656,-0.08934565492382276,-0.7967587087949529,-1.6760400774356776,2.706269574642453,0.10152951682979844,-2.493024145880666,1.8945254037744677,-0.10051969518447729,2.5878805388910147,-0.2633905380051832,-0.4968908039120813,2.3593976004857895,1
-0.9504190604381587,-0.09722632822259429,-0.9506420086014923,-0.9502529985388184,0.07266794103480817,-0.9504063018740775,-0.3923262375451592,-0.014190763812484995,-0.2778078914795632,-0.9504264280321182,-0.8273118227391456,-0.503563113981705,-0.6302610146802881,-0.19193477477162396,-0.5009862285096665,-0.2702618008621061,-0.5393288702406521,-0.9132046613041475,-0.44425115550421707,-0.9549578547395403,-2.043310147673158,-0.0511969902345148,-0.7470833928675141,-0.35574109244437746,-0.19764006145882437,-2.4856195288679723,-0.2623568502422361,1.2654026745460536,-0.31484096334905737,1.2845925794790853,0
0.36198895143941595,-1.0304500571785373,0.3604501616951135,0.3635092324880132,-1.1863550705369883,0.3619739046425529,-0.6792298534499365,-0.01419656364492628,0.01590505332578784,0.3619866699588126,0.4640909395481453,-0.617595168916071,-0.521873418206615,0.8846108767165928,-0.6186362038444279,0.6484642970766408,-0.5539032847406055,0.19164341656487396,-0.46962300583063077,-0.5165815969766814,0.4267414957224401,-0.5312153445628627,-0.24205592687684083,0.6667429456423714,-0.6387340581708747,0.4764965899889507,-0.38069923295881136,0.13511430178144326,-0.625963383471689,-0.7480090090836617,0
-0.5313360232996974,1.6447566955716353,-0.5276240012679084,-0.5311138589244415,1.3795351582271766,-0.5328946065754396,1.6784193132866712,1.3713972700078136,-0.026281073622258476,-0.5313378977450474,1.6351977164150595,-0.14120216825113102,0.1723716787327288,0.8367030493233769,-0.016142433393839088,1.5545319510144628,-0.43047390824957116,1.7104478147132811,2.1308395972529377,0.26193131404395004,0.40964078239988927,-0.2991456349742017,0.02086460508032477,0.049942047279977704,-0.023881557962755436,0.42244693325043775,-0.337475032891608,-1.0946715364283852,1.1488415969915076,-0.5648682391438904,1
-1.1353992744067807,0.7566333423001056,-1.1336458046535,-1.136759486027133,1.3795351582271766,-1.1351553134687355,0.37286311237252023,0.031466423228348375,-0.24861621225482353,-1.1354029531279157,0.31863120583082405,1.852397078396568,1.5471724808188325,-2.081397246665942,1.728349320063314,-0.8299313264438145,1.8700564317628918,1.347618418921308,1.07329124280917,1.7960646355403338,0.19431713516361465,0.06818319557756465,-0.15689947265217336,-0.9531382499071617,0.6040529446769057,0.3806237042971286,-0.2155282251227532,-2.892373408463765,4.007065011520311,-0.24150346021558908,1
-1.1685669292965222,0.6756895549576918,-1.1677478470909057,-1.1701303527904807,1.122950050588536,-1.1685353347818708,0.279714946204252,-0.058731774202735336,-0.271083546295442,-1.1685707220953825,0.2408542935785893,2.1330071220598015,2.055633664917891,-1.3028949393446738,2.010716048783588,-1.1949146587875374,2.4250732926862497,1.4609765798176835,1.327713888776689,2.1027538723338086,0.2189972675078547,-0.23447439864053005,-0.1558350180846787,0.05350222225719955,-0.13507828232735772,0.3222834719571723,-0.3207640033461607,-1.1591787609131003,0.6373570576078271,-0.4712823298089571,1
-0.2593186395144529,2.195970683002333,-0.25764945572714976,-0.2613068948476695,1.3795351582271766,-0.2559114959603467,2.750078025439675,-0.09625897182456469,-0.4716582584623151,-0.2593186578036987,0.24601878886918552,1.784303564561767,2.0751898643063162,-0.5415026373956509,1.8787221375689436,-0.8178598869819044,1.743977198710829,1.7517897864211136,1.9383269543337793,1.7121788080454148,0.3346759151788537,-0.16456740310083937,-0.1856397713531276,-0.3746092643803779,0.16122832497059206,0.41321785024169894,-0.3004127658293755,-2.302454911371659,2.883153415365848,-0.4502374214727651,1
-0.6104554398889304,0.7215641252053475,-0.6057745276086544,-0.6092158748414019,1.3795351582271766,-0.6110180480309787,0.3319763159662309,3.159365058424714,1.8714130183049458,-0.6104600969922604,0.9848702660143682,1.9151643655916912,2.1534146618600176,-0.7724868124688841,1.9906663429696525,-0.24702307111518515,1.9892496497128251,1.642566684461591,1.671401658843378,1.9563636338979142,0.38343045289670413,-0.34343943563058377,-0.0249069920791426,0.26533284560506626,-0.21029961306839887,0.5011232791479784,-0.34774711259021596,-0.9820801134101588,0.5540433718752683,-0.5964003063442102,1
-0.27522775021103124,1.869189221753444,-0.27185864233455814,-0.2755072613780259,1.3795351582271766,-0.2772178890845846,2.0905957410378266,0.990220238920319,-0.23836544735562376,-0.27522877554719954,0.6687679150661814,-0.725360430222008,-0.5609858169834657,1.0916411584898562,-0.6924859666052522,0.9154560310170076,-0.5590171409065937,0.1397347632297017,-0.3344211365167238,-0.4201987776418715,0.36203490289694673,-0.7102538260905773,-0.3610833450124323,0.7237057983287126,-0.7537376358588117,0.37351225323814585,-0.39615123525335977,-0.5031452394248351,-0.27263170861544656,-0.8538017884004717,0
0.9301714763172111,-1.0304500571785373,0.9288176259914476,0.9315238937022702,-1.1863550705369883,0.9301443879555641,-0.6792298534499365,-0.01419656364492628,0.01590505332578784,0.9301718236178352,0.9643480511903726,-0.6024481670478966,-0.45342672034712644,1.1241500544759486,-0.6069405434474721,1.061023337449101,-0.5525099998062377,0.327516605055285,-0.3332632780698659,-0.2498874527210788,0.5694064437417051,-0.3341246243625248,-0.0249069920791426,0.6587325413334638,-0.4994110979758569,0.627153987397204,-0.3456661497287974,0.37885322444238,-0.6448629191924238,-0.5808094594715719,0
0.7100007479270655,-1.0304500571785373,0.7085752335766181,0.7114182124817456,-1.1863550705369883,0.7099783256717722,-0.6792298534499365,-0.01419656364492628,0.01590505332578784,0.710000076574964,0.6959332028496719,-0.6385321842656682,-0.5140509272610979,0.9513396202740708,-0.6249852643393443,0.9637417888646479,-0.5555554483434277,-0.7043955252469551,-0.6946847685763551,-0.39806991952465354,-0.24292573106971996,-0.5946191772348637,-0.4932674332129665,0.48784397266428176,-0.661627488350197,-0.3515923004719297,-0.3879538295647743,0.6997184330143592,-0.5782850445433767,-0.3341569894948791,0
-0.06331492617443274,-0.09722591819409478,-0.06324913251312136,-0.0634109543705765,0.07266794103480817,-0.06332097245631342,-0.3923259854326565,-0.014192697157499703,-0.2778105709044479,-0.06331880482585803,0.029574574995190533,-0.11394320875735045,-0.21909528704285872,-0.16787261611694113,-0.15440089872547583,0.02408096203623505,-0.4184373800691041,0.1109320240598959,-0.3290948816524188,-0.3752229229735481,1.2003732749772356,4.731552625859013,5.012614541275257,-0.8488505789665025,3.7040313773029907,-1.166975206675103,7.036290865648273,1.0213083732994894,-0.5000953779741282,3.4391643581859634,1
-0.6666216557658241,-0.0972409412581485,-0.6667522775678218,-0.666539378210497,0.07262878865704993,-0.6666149052541746,-0.39233522252868475,-0.014187240190011415,-0.2778110652260658,-0.6666280524178058,0.14471364851735666,0.03882532723997822,-0.0680443783797077,-0.12435842852378254,-0.03384704937695376,0.05725456542057018,-0.3410165157124619,0.5229983830786717,-0.0013338467707924605,-0.19446679085389446,1.109533591603286,3.7742287183228855,3.836866697097357,-0.6075185376166282,2.80418870101566,-0.9399007195229278,4.685022924819765,1.0423814848176645,-0.4971284509583241,2.6827202438508735,1
1.0808818910410465,1.6447566955716353,1.0851186786729394,1.0806277422710127,1.3795351582271766,1.0792891398252296,1.678419313286671,1.3713972700076031,-0.02628107362234895,1.080884622626547,0.7962436769642317,-0.7252792052491375,-0.5488609756006714,1.1558034338761183,-0.6946580203257561,1.0240989861741983,-0.5590164553489501,-0.16864264432521203,-0.5754011387901015,-0.35197023225504315,0.5163121821110216,-0.757382189591772,-0.2985785138990742,0.8399545219456807,-0.8007607701983266,0.5078396507918094,-0.39762725656237113,0.6371133242423805,-0.6025382918896917,-0.8965634520195213,0
-0.03545472471260176,0.23505627460936493,-0.03030247000861614,-0.03410103036196669,1.3795351582271766,-0.03574543367655487,-0.1516440259284579,4.797838373716021,4.917405678102532,-0.03545817670374925,-0.18660801279382494,0.4612046718878326,0.61825300986863,-0.5415026373956509,0.633969370439009,-0.0722713051866748,-0.03894820070645644,1.3603071504159232,1.483218769271258,0.18816925655621305,0.47387232820107383,0.08021153670481848,0.07515186415834808,-0.11649628144736036,0.13179387018311686,0.5620973834134166,-0.21042564595827581,-0.8413963047224047,0.2699456176567673,-0.26806639066468835,1
-0.5257962436821388,-1.0304500571785373,-0.5276240012679084,-0.5240136756592634,-1.1863550705369883,-0.525792475534027,-0.6792298534499365,-0.01419656364492628,0.01590505332578784,-0.5258026326334101,0.8999625740941387,-0.7215007202143342,-0.5375183814474044,1.1840348285191493,-0.6904809976172663,1.1213804670397303,-0.558979280393537,-1.093860835879738,-0.483886220704576,-0.2963851061713468,0.32018647842712616,-0.6628556452617558,-0.2946400281925542,0.7472029754597093,-0.7301770115746825,0.19612106991543407,-0.3935774795833496,1.1312312364880241,-0.49760995605086183,-0.8018902764686777,0
0.35375030482868774,1.3370954999931628,0.35334556839140935,0.3493088659576568,1.3795351582271766,0.3548717736011403,1.1673205428752391,-1.915344160970411,0.36819586152166206,0.3537498291315826,0.5316462659763184,-0.7040906594452594,-0.5711550309673195,0.9864150252246552,-0.6806232135087397,0.8025526076490964,-0.5586743414445567,-0.6004775795367459,-0.793981925274891,-0.49274092205996356,0.5483349711769385,-0.7069595994461313,-0.23779809591756285,0.8188515645160583,-0.7479030753165595,0.5066544086215812,-0.3960076792752901,0.8746881183879336,-0.48504365028087576,-0.8505801743884125,0
1.639246790452948,-0.09572234617383855,1.6398695117054634,1.6386449866251604,0.07466471230047853,1.6392046528936641,-0.39140074545716513,-0.01416045060085087,-0.27780884392000654,1.6392505875378474,-0.6097127935900558,-0.35718175099395216,-0.47533727072412735,-0.4225677197378195,-0.3235818865592871,-0.11901945413843235,-0.5068093164474696,-0.704602285582986,-0.298957935962065,-0.7725333292622163,-1.7049564574428853,1.1252025072171805,-0.29321196809607647,-1.3846870034475023,0.8374375652508937,-1.9799604534102107,0.5014206376112476,0.2062243742334581,-0.5552471166674874,1.4479552693461288,0
-1.3135813122577573,-0.7721286735026178,-1.3155233959385142,-1.3121340180940448,-0.9297650688511278,-1.3134188053174407,-0.6572469429212039,-1.55163528812042,0.0770464332605784,-1.3135911100552664,1.053240235066276,-0.7053572723346985,-0.5023172188181898,1.2293761469478734,-0.6692617146097816,1.2491957323019267,-0.5587039343299302,-0.4497105288431029,-0.2271438053117,-0.21386061658289282,0.20557393790712028,-0.5904017221055359,-0.25770341917045164,0.639151557738427,-0.6280722471643371,0.13303988263127012,-0.38753196030687886,0.8968956474370763,-0.3417922958893767,-0.6889411373054174,0
1.4060243409023645,-1.0304500571785373,1.4048253773396273,1.4072361724692104,-1.1863550705369883,1.405987167730211,-0.6792298534499365,-0.01419656364492628,0.01590505332578784,1.4060268898072665,1.2130961911395088,-0.6753073931569731,-0.4905834917250365,1.2293761469478734,-0.6592368537357755,1.4054142092608213,-0.5576884936062968,-1.2016240696111156,-0.5946455547616204,-0.12667498382997458,0.10997166598718583,-0.6261179646465032,-0.41524284743125206,0.6284710328067615,-0.7170296391319559,0.11987051122954201,-0.3908311149454843,0.28677768181490243,-0.6756184959391304,-0.6317658392531573,0
0.9372737578781835,-1.0304500571785373,0.9359222192951517,0.9386240769674484,-1.1863550705369883,0.9372465189969768,-0.6792298534499365,-0.01419656364492628,0.01590505332578784,0.937274138038573,0.8284534451128305,-0.7207212945351489,-0.5471009146716739,1.1309940239902256,-0.6883089438967624,1.0652838056598215,-0.5589703248724346,-1.8035938493671915,0.11028695539264655,-0.3346373758100988,0.5157598259594562,-0.5908915022938721,-0.22608908298582234,0.7210356670957963,-0.6688225795508462,0.545108917539843,-0.38758139657571145,0.017229628052588274,-0.5438447705826696,-0.7877282535711642,0
0.46873938609510135,-0.09548826465387852,0.46898167046042744,0.4684828679005508,0.07505623607806096,0.46872206825305557,-0.3912565667607808,-0.014205527463198942,-0.27780361330908243,0.4687378691434746,-0.4892563597008739,-0.4705672725825197,-0.551679437938144,0.09782261876157947,-0.4904394588906593,-0.14441252592667403,-0.533354071367835,-0.10729825436411837,-0.5834447910635686,-0.8674611832897764,-1.705024230718357,1.7726380054173039,-0.22074550481469601,-1.761153926226605,1.1586350587238898,-0.9282109247108262,1.2088513354073156,-0.10473089925960959,-0.533936539511379,1.7968228700877045,1
-1.1989140531245754,-0.09557700290917887,-1.1992148015525197,-1.1986776159700008,0.07488005037814886,-1.1988960211303465,-0.3913112278914224,-0.014194836063616073,-0.27780869678738207,-1.1989217063252866,-0.7329008599157752,-0.554618370576524,-0.6111776642805812,0.04869947808742665,-0.5316786509878938,-0.35123475612878097,-0.5470191196319838,0.06010224261549968,-0.32397560750849913,-1.007129844218881,-2.005237467216025,3.19430946132055,0.02268955473805008,-4.321974045065165,3.1901837589999777,-0.23584967990204347,3.477430846239017,-0.6972940001694922,-0.056876550608158015,2.837368118828399,1
-1.2648170506905898,-0.708583271686876,-1.2665017048531428,-1.2631427562728201,-0.9297650688511278,-1.2651243196543307,-0.6451013848540791,0.1503242118333957,-0.4669247811355134,-1.2648265737825746,0.5663442118559634,-0.6761046102983801,-0.558443508824941,0.9521951368599935,-0.6630797229133061,0.8330862566079185,-0.5577238820311193,-0.6799692199731795,-0.7374896075761452,-0.47190957555447005,0.5249230165438168,-0.6200658444905727,-0.1930909660148895,0.7974904947586804,-0.7047325836695711,0.4407944752508072,-0.39031572096113715,0.9326368986658989,-0.5683821418324995,-0.8063513346359819,0
-0.6897169021093827,0.7215641252053475,-0.6910296472531045,-0.6944180740235405,1.3795351582271766,-0.6891414894865177,0.3319763159662309,-3.187758185714567,1.8714130183049458,-0.6897217141818119,0.9975142553812207,1.7613659062403166,2.0751898643063162,-1.7905282975495076,2.1226602701183737,-0.1461200839202668,1.702263233789896,1.5288198378000808,1.5590012201902297,1.7919325521835265,-0.046491689440234255,0.18228053716121845,-0.27633139313555705,-1.3625587966940078,0.8315483927564187,0.17162606768056654,-0.1642952853849499,-3.0859638854730673,4.729319998413286,-0.07425238307421134,1
-0.9819757894271207,0.6987968332661768,-0.980897075725733,-0.983395511248254,1.1229304743996569,-0.9817492667187345,0.3058659808376357,-0.06865079286645112,-0.2599754344419264,-0.9819806911717384,1.1334800634969593,1.1559210467473102,1.332054287546154,-0.6612721854820527,1.2672060066724187,0.08607751592082713,0.7390489932646431,1.1180150513305094,0.8637128110196743,1.1799904353988069,0.3791912725546888,0.9110178080235445,1.1470586541480075,-1.5405677153176336,1.837028488587063,0.8468187858843418,0.3122556193939202,-1.157234243051916,0.8239547991134135,0.3869430677860106,1
0.1493901811254822,-0.09551134633178826,0.14952842850675316,0.14922813703260263,0.07497793132254447,0.14937964863109238,-0.3912707851484328,-0.014200423148663035,-0.27781018738866325,0.14938723953369698,-0.6978201624696566,-0.5586172813027097,-0.6065875965124046,0.1666411406626556,-0.5507913972164092,-0.2744071723013187,-0.547541697828712,0.06011561277346911,-0.2993104104919813,-1.006250114127221,-1.51806873870203,2.164659154727816,-0.27144653313689016,-2.9133371661226053,1.974225194331684,-0.13389387600763716,1.7362693324357066,-0.7892246893714265,0.005046995916292724,1.9317600862124522,1
-0.6323304670967255,-1.0304500571785373,-0.6341929008234711,-0.6305164246369366,-1.1863550705369883,-0.6323244411552166,-0.6792298534499365,-0.01419656364492628,0.01590505332578784,-0.6323373489444769,0.7907560629256533,-0.6875617719192119,-0.5375183814474044,1.0924966750757787,-0.672603345523835,1.0276493537768248,-0.5581815983867665,-0.6290194467072182,-0.809057382139528,-0.3531778518303246,0.3179965977975308,-0.5690977776262012,-0.3181644950715299,0.6124502241889465,-0.6456020868347984,0.36139644787561126,-0.385268753352218,-0.22077791444428407,-0.44635014632896663,-0.7439777198430844,0
3.022816230339657,-0.09566976145548481,3.0238895148721134,3.021805452851999,0.07482132181151151,3.0227447749514043,-0.3913683599011707,-0.014127325977930379,-0.27779015702119536,3.022826376809576,-0.8962543461821634,-0.557299367802838,-0.6797857893363879,-0.07121425383327531,-0.5668754060194535,-0.4191444690779701,-0.5473707528199679,-0.712985614376726,-0.6919491018981047,-1.012993334448199,-2.0617005118421305,0.5322229423444972,-0.45073252102405437,-0.5436082062860258,0.12252941090609111,-2.9216126920929772,0.03231879340927797,1.1930570083837337,-0.4755194350979932,1.460332246933901,0
-0.650228216630376,2.195970683002333,-0.6484020874308795,-0.6518169744324712,1.3795351582271766,-0.6536308342794545,2.750078025439675,0.06786584453462462,-0.4716582584623174,-0.650227636470025,0.9049866022389985,1.9613495841742283,2.133858462471592,-0.8494815918843299,1.9889955434467028,-0.47261686989236246,2.0787770794953238,1.570863522251238,1.5202656215311272,1.9939885988841906,0.27670487141664574,-0.18666885038386616,-0.2388625504850575,-0.07199405179145392,-0.09387009085016408,0.4284034315127786,-0.30710378831109636,-1.6411254771401205,1.0497440060590817,-0.4542822388482839,1
-1.2216635861379799,0.7371599272572914,-1.2203218483790657,-1.2226717197868193,1.122950050588536,-1.2218013175924656,0.35005923264179234,0.025036706650992335,-0.2832891941230169,-1.2216660087499769,-0.61971163534713,2.0253299671164595,2.0360774655294653,-1.9530726958934175,2.120989454661347,-1.696944310352722,2.2053530435502187,1.5920404016298055,1.572011951133902,1.9322979874649915,0.2694050576708152,-0.39458607611976393,-0.181381953083149,0.15585735895391106,-0.22599796764199326,0.2821169496234043,-0.3584216260167093,-0.9877995257907669,0.9412694009921253,-0.603766875488107,1
-0.5603175867616731,-0.09556795473193884,-0.5604104375013127,-0.5602698315106298,0.07489962656702799,-0.5603131173419077,-0.39130565461845274,-0.014192019044525005,-0.2778068635987377,-0.5603235635875319,-2.618959814076193,-0.42790599577743643,-0.8321598209867258,-1.0236860139163693,-0.5110377789628228,-1.9612126601566113,-0.5244597260947977,-0.4404758027829425,-0.8019769264895913,-0.19955948091829817,0.42569450472205617,-0.6599361229152818,-0.28951534678032165,0.718556041256259,-0.7059751597043241,0.44005117023682,-0.3933832317737002,-0.2916800870806454,-0.3753455214019679,-0.8478725401926237,0
-0.7500862953776485,2.1569556962636343,-0.7478663936827379,-0.7512195401449662,1.3795351582271766,-0.7530606688592314,2.6676427398894433,0.318070962011425,-0.44752451938231474,-0.7500853575366258,0.31769492968840946,1.953695193343976,1.7231782753146605,-2.0129575515231704,1.8653556776490383,-0.7312295766431737,2.0638326247190824,1.368341189003123,1.131811404060015,1.9092144160589675,-0.10352630156524925,-0.018838407210644736,-0.36585210585261657,-0.6060208925435981,0.2205550726805515,0.051389880414742205,-0.2503483308265579,-2.1045348517207647,1.859265918340315,-0.1785215762496959,1
-0.948694497598915,0.7031894197788255,-0.9475054546760762,-0.9500246715699561,1.122950050588536,-0.9487243736316536,0.31087696511596713,0.0005143719989642707,-0.2613610855510748,-0.9486994516280047,0.8967006685663594,0.8772343069518593,0.8842172917108222,-0.35329331257992574,0.824441583638432,-0.12197721346131181,0.3849487712883889,0.7715635004535665,0.2780385116735585,0.8387641591796968,0.05592043069267092,0.2330784036180039,0.7425655124424612,-0.5704190578901128,0.8755037816637526,0.1356737506319791,-0.13944912853921962,-0.2940427018387181,0.7472461598839135,-0.07761821836601586,1
-0.14227303938962718,-1.0304500571785373,-0.14397596286788295,-0.14060377933963988,-1.1863550705369883,-0.14227739929774447,-0.6792298534499365,-0.01419656364492628,0.01590505332578784,-0.1422776539135699,0.8831589481866632,-0.6425339435203768,-0.4847166281784599,1.1190170365469645,-0.6326709867603285,0.9964056719288302,-0.5558350749939858,0.10661910725742074,-0.45722339936163287,-0.29923143245397266,0.08686615148119604,-0.3658692092355177,-0.30166543341373864,0.4976344750719585,-0.5510848695653943,-0.005238312998683961,-0.35258489673268095,0.4038761447903145,-0.6906168549758561,-0.4934852254875737,0
-1.3812660579721998,0.7036185039027838,-1.3801751977124095,-1.3824258297108043,1.1229451565413162,-1.3812441581175554,0.31136713818526,-0.014196578186246856,-0.27432235491210477,-1.3812588092432214,-0.9055916781047021,1.7694316781777357,1.8405154716452123,-1.1660153858860272,1.8001940979020754,-1.8751754321300764,1.7168880261990225,1.771781243726714,1.9576629598862039,1.638678043487173,0.43570499878974484,-0.19495027320355318,-0.07067856386001121,-0.15209811610084567,0.06834635410640044,0.505469166451353,-0.3095497446758379,-1.751607894408928,1.7454779137426288,-0.4845057915819033,1
-0.6311333334104571,-0.09723786844381853,-0.6312524018447979,-0.6310615383469393,0.07262878865704993,-0.6311273328399553,-0.3923333331871225,-0.01419656364492628,-0.27780898332703347,-0.6311395926383366,-0.17297186950475574,-0.001282559378280342,-0.22074042516165315,-0.21946729900887468,-0.1457298607785789,-0.2044035077750385,-0.3629796681126781,0.0775515022078022,-0.4917584403389014,-0.31169566880171323,1.616322547091415,1.8342668841037437,2.329092472693826,0.21197699052479577,1.2754234356752003,1.1139018585837284,1.2868152937673911,0.9037682171421271,-0.5209408764095919,1.3440043037169351,1
-1.0485951899271813,0.7416821341696445,-1.0469697609279347,-1.050137244774949,1.3795351582271766,-1.0485093093450053,0.3553325818970906,0.06318445735120157,-0.2652787466772027,-1.0485996419161183,0.9902828910547018,1.9471426582882572,1.9187402691989137,-0.3661257350225573,1.7108058215008417,-0.5075530232667675,2.051073162917705,1.6001791573963449,1.4632034431216268,1.9920021330242446,0.21148351240030402,0.3231491615687435,-0.1835108622181383,-1.0065409594467563,0.6269464138435312,0.5547225428070219,-0.09230911227523178,-1.9683114634092176,1.7081787739282044,-0.05241881082498198,1
0.48102319040131397,1.727657049158623,0.48122824785808455,0.4771121647308646,1.3795351582271766,0.4827101323465678,1.8268028272770864,-1.2621474197622877,-0.11066832969724495,0.481023800056107,0.006977891299705025,1.5333694138757972,1.566728680207258,-2.3209363428387455,1.791840052485096,-0.9776288500515379,1.3083610716688168,1.3904136230988358,1.4468382981725687,1.407277336068705,0.13507690663905855,0.09237268079536048,0.44984022721684674,-1.0332422293352865,1.035757878691076,0.14884309063552395,-0.20519521017887132,-2.2130519705075,4.0160206630602895,-0.20609904844949117,1
-0.31230165995930736,0.5032423313317228,-0.307381608853079,-0.311008177703917,1.3795351582271766,-0.3127285442916478,0.09566183072223525,3.783757230683329,2.884780015374826,-0.3123058477377989,0.6673670372223229,0.5302944786861983,1.048489396413987,-0.3028189762222179,0.9549317959967217,0.30478347508382336,0.022763908043410525,1.8454076720909425,3.075108073637987,0.43126467581507366,0.4152692800069836,0.0525861222547619,-0.09090322602100828,-0.3390074297268926,0.19327910850773786,0.6640281708053128,-0.22203995135121263,-1.257612232255451,0.6219769952611338,-0.28917261037996483,1
0.4969323010978923,-1.0304500571785373,0.4954374344654929,0.49841271452639924,-1.1863550705369883,0.49691439442939306,-0.6792298534499365,-0.01419656364492628,0.01590505332578784,0.4969306439528305,0.28582940005044116,-0.6133595051663119,-0.5480787283711442,0.7579973183226378,-0.6162970733584444,0.5462121458139126,-0.5535304146935569,-0.18392565867645175,-0.6692493094104571,-0.6088299317543865,0.8269660694113794,-0.6833927117513318,-0.13135255034300242,0.8631757862188656,-0.715067343835574,0.8652558775883962,-0.3948267755292142,-0.31642918290495464,-0.23627101884055488,-0.6236202966277993,0
0.08414769677417414,1.068154779001204,0.08337102285065068,0.07950190188088471,1.3795351582271766,0.08499079402746,0.7716311722341296,-2.4113078121890483,0.8644732960578149,0.08414582758303531,-0.5683910610670265,-0.692944155935847,-0.6939679672296843,0.38123643350152525,-0.6673569908843796,-0.10138476139417439,-0.5583637885892924,-0.8315152689514759,-0.6788376599664705,-1.0737259299996675,0.29488536482971284,-0.6483543974931858,-0.2591936568338741,0.6765334374398898,-0.6564601228874343,0.23194171868253266,-0.39257181968524224,0.9933026445049319,-0.22101221453421277,-0.7778965478868201,1
0.28386385426871913,-1.0304500571785373,0.2822996353543676,0.2854072165710529,-1.1863550705369883,0.2838504631870139,-0.6792298534499365,-0.01419656364492628,0.01590505332578784,0.283861211330697,1.054501351907009,-0.6809045350303472,-0.488627882976341,1.206277770233826,-0.653054877973377,1.234993991015735,-0.5579272170477735,-0.12961124601015658,-0.39238739861224076,-0.21180274515244105,0.5605282519775854,-0.5245221833866224,-0.16647957644892455,0.7165854377641105,-0.6289225758408699,0.581588025457573,-0.37981934281360263,0.2614917773029435,-0.6316131970242074,-0.7251003842181661,0
-1.3548455700235211,0.8018518569131894,-1.3538881970683296,-1.3561551597551598,1.122950050588536,-1.3546111734853779,0.42677885452212583,-0.10520484941050574,-0.2824532866759022,-1.3548401487494979,-0.6685344905334912,1.6897860586678428,1.9578526679757642,-1.2943399366585515,1.9255047791567668,-1.7139863186334463,1.5745406870547234,1.7326507404824874,1.9941187383210353,1.5488105410124202,0.251523273376283,-0.32129512240470853,-0.2644094918281775,0.0739732071559084,-0.2168405558032151,0.30450484725329513,-0.3427309208267822,-1.4635618752510673,1.1196336467480006,-0.5451186391015136,1
0.46795499232912485,0.7215641252053471,0.46701906125067616,0.4629117982005082,1.3795351582271766,0.4685058702637425,0.3319763159662305,-3.1877581857147286,1.871413018305106,0.4679541518113572,-0.3118818918312175,1.7340552410749916,1.5276162814304073,-1.5082141879460917,1.5996970078945691,-1.2879357053018095,1.6530937898465965,1.5686510806322689,1.4012660974573905,1.6114906373825388,0.22194824702708282,-0.25232922726006274,-0.18244640765064365,-0.24110257541265856,0.06507585739724528,0.2252253411515423,-0.32558091217647933,-2.3030396993330386,2.8970715497189152,-0.4851022676429986,1
-0.5684099330479735,-1.0304500571785373,-0.5702515610901335,-0.5666147752503327,-1.1863550705369883,-0.5684052617825028,-0.6792298534499365,-0.01419656364492628,0.01590505332578784,-0.5684165191578369,1.0564441614771718,-0.4301516785509748,-0.4397373845052778,0.8247260618801159,-0.5367665571646217,1.5616328216575586,-0.5249608051514317,-0.8688017188342084,-0.8474668571334151,-0.15376350509554967,0.27002985073476315,-0.4775276330335412,-0.2878275113470088,0.5545973171481414,-0.5844438798570604,0.3052950060835986,-0.3730279828279991,-0.041659188574765825,-0.5507939663258486,-0.6608799613365003,0
0.03528399963468379,-1.0304500571785373,0.033638869724721444,0.03690080228981544,-1.1863550705369883,0.03527587673757152,-0.6792298534499365,-0.01419656364492628,0.01590505332578784,0.03528020660487466,1.2308200785840067,-0.661262195593307,-0.45929358389370306,1.2721509972053815,-0.6408579633788669,1.4054142092608213,-0.5569895022852891,-0.3653285821341527,-0.5193378793479008,-0.11607031515074862,0.46737464303330734,-0.4798348863772008,-0.1558350180846787,0.7085750440653614,-0.61649471017897,0.37430241403083586,-0.37338647987641854,0.6416053911592583,-0.6475533697334199,-0.7086446906050237,0
0.043152275526766336,-0.0972218210821841,0.0432527712132529,0.043024840364270144,0.07266794103480817,0.04314396636969316,-0.39232346625256653,-0.01418951631584614,-0.2778079496430885,0.0431488636408922,-0.2487965419394102,-0.23954360475762948,-0.3226412239421819,-0.0592151972276557,-0.26408779512613306,-0.03482586527771648,-0.4694228044497063,0.2004668754716805,-0.19857095177728415,-0.574683161637229,1.9123225649164102,3.8073190988247614,3.0212525388359452,-0.8058575382359233,2.4487614821136505,1.8576352723268743,4.758860197477917,0.49865538104079066,-0.6448174321895894,2.878460420420299,1
0.07842435196192513,-0.09551052692340192,0.07853951780976494,0.07828329132536219,0.07497793132254447,0.07841528660963966,-0.391270280396247,-0.014191894827384796,-0.2778069962934706,0.07842109672492611,-0.8292148896732638,-0.5203920209844671,-0.6495346348803342,-0.17847584919497558,-0.5200814592039247,-0.2815499694215255,-0.542072420548007,-0.9328311604133656,-0.5320027394307452,-0.9741568781158387,-1.8851383417706058,1.3269780565812994,-0.25869957358405243,-1.3735889475639984,0.8504891030037575,-2.4135882031013547,0.7000315048616945,0.423643470271988,-0.6553439302310838,1.6693906924303044,1
1.0370257228862403,-0.0971828290363207,1.0374497369080347,1.0366045692311712,0.07270709341256641,1.0369963699489047,-0.39229949076557674,-0.01419656364492628,-0.2778042764243129,1.0370267734459802,-1.3473111255745402,-0.6371637830055323,-0.7716428716322282,-0.12333398698161792,-0.6351755607688883,-0.6913466872777971,-0.5554571676923742,-1.2179399786632241,-0.634021066486823,-0.9206308173644528,1.4661720538800675,-0.4319992706725155,0.3414432069804782,0.9704133490904961,-0.503348035847527,1.6557146233383975,-0.3654243727990962,0.2905050213134501,-0.5928867022555974,-0.035602941757925215,0
0.07878118265587844,-0.09718433252353925,0.07889325145157992,0.07864308912540577,0.07270709341256641,0.07877214875440545,-0.39230041525059534,-0.01420928543578779,-0.2778083467681943,0.07877792778304112,-0.9917882691104493,-0.623871127057926,-0.710461414045414,0.021896888335690298,-0.6112683821957562,-0.47702025465392156,-0.5544318632961575,-0.4824102595377504,-0.6592696367980633,-1.065115185056165,-1.747607636084848,-0.04862920377851209,-0.7704899983615564,-0.40118575880657803,-0.1786256886009217,-2.262152630175677,-0.26142252292645113,0.8036317083981461,-0.5403710551331526,1.0388380887260202,0
0.3903980776833057,-1.0304500571785373,0.38886853490993023,0.39190996554872604,-1.1863550705369883,0.3903824288082035,-0.6792298534499365,-0.01419656364492628,0.01590505332578784,0.3903959276417638,1.0770993326965606,-0.7138189543537572,-0.5023172188181898,1.2721509972053815,-0.677615760026761,1.2491957323019267,-0.5588718080079054,0.5118467316567552,0.25697530041465627,-0.20139297809531775,0.2913462860783293,-0.24268027642200507,-0.10261225164204817,0.5483670109380032,-0.46605207988673014,0.17228454253028957,-0.3229970502980664,0.5549401667583629,-0.6743247033618224,-0.5001224454192712,0
0.6034665245124788,-1.0304500571785373,0.6020063340210555,0.6049154635040724,-1.1863550705369883,0.6034463600505827,-0.6792298534499365,-0.01419656364492628,0.01590505332578784,0.6034653602638972,0.41524795851647783,-0.6864223922623839,-0.5709594831476215,0.8692119045161932,-0.6575660542128258,0.715212264421193,-0.5581403389937774,-0.673929708751673,-0.40857605539031266,-0.5535184529454344,0.6791168933871443,-0.7133670418880642,-0.1952198751498788,0.8719872256535847,-0.7607888146893825,0.6689008313163519,-0.3962820533789836,0.524159799170932,-0.596203707253073,-0.7531144309596703,0
0.4330856552261465,-0.095673180819662,0.4333158228693009,0.43284002591429926,0.07474301705599501,0.43306912334174774,-0.39137046585373136,-0.014243881884568493,-0.2778078306024979,0.4330839782397818,-2.4382879246245643,-0.37285161856557847,-0.8282606049220459,-1.3185528672616211,-0.45011812938743484,-1.4471545029255812,-0.5110325424327895,-1.3325721028990756,-0.5046400753574029,-0.2641849227856525,-0.004969826788078623,-0.05032050608204347,-0.21641153805915922,0.2644828021577833,-0.3273527372004518,0.4395189184141246,-0.26203828884464286,0.13437606815412598,-0.6681153730088797,-0.24900115513549612,0
0.42150607092036496,2.1041804308193033,0.4243915014284511,0.4203106986094389,1.3795351582271766,0.41879095297385405,2.5577290258224696,0.4925959085527754,-0.4134340764034257,0.42150718222003086,-0.5975707370267904,1.8221423788052082,1.762290674091511,-1.345669789602182,1.7684487316911843,-1.775763649440263,1.8136232808087507,1.480787428504537,1.3853334127096975,1.701105888424573,0.27692314067013407,-0.591651502761897,-0.2706897750453259,0.5118751749808459,-0.5425161699028491,0.27000114426086974,-0.38765787677079344,-0.34126875857349337,0.116308513850731,-0.7358033125638829,1
1.5480699721218132,-1.0304500571785373,1.5469172434137108,1.5492398377727747,-1.1863550705369883,1.5480297885584637,-0.6792298534499365,-0.01419656364492628,0.01590505332578784,1.5480731782220223,0.7371412799208669,-0.7244902107133617,-0.5541411397374189,1.1232945378900259,-0.6928201201362112,0.9772333618238244,-0.5590095473003059,-0.35850379311381614,-0.5960134118696219,-0.38358811435907564,0.34526503219588806,-0.7263810474400849,-0.35548430864204306,0.7592185766179914,-0.7763956039264791,0.3142501682753733,-0.3967778786819591,0.6070313937167883,-0.5752548849782578,-0.8494589583147858,0
0.40147763691842275,2.1752217813528176,0.40307772151733856,0.3990101488139043,1.3795351582271766,0.4045866908910288,2.706112539812885,-0.26197724963780644,-0.4589331960383141,0.40147883307851373,-0.5630977633351316,1.682139668054412,1.8600716710336376,-1.6622037467769835,1.9138091346938881,-1.4981206772541737,1.5611164285454275,1.610595785372313,1.6951584859545934,1.5424060543509257,0.2964612201811317,-0.08313890457782225,0.028315787052787308,-0.5704190578901128,0.4366037330565512,0.39971926496374677,-0.273711395471701,-2.7465649569313406,3.654963212561952,-0.38044679562957406,1
1.1080067631740633,-0.09718050727391876,1.1084538246537063,1.1075645825662366,0.07270709341256641,1.107975957944041,-0.3922980631252682,-0.014224751877791134,-0.2778043452918363,1.1080081364203735,-0.9099987704404566,-0.681718073125534,-0.7329053480269325,0.17698823276019182,-0.6607334106400077,-0.36625376109970803,-0.5579600257329725,-1.2458106732788736,-0.5102020846902336,-1.1443029437315393,1.0025486201101497,-0.6074139816691736,0.024394463623673972,0.9369727082038054,-0.6735959432267472,1.056162389270282,-0.38918076524584727,0.5495671612786366,-0.538232952297738,-0.4606108296701616,0
-0.8690068963173601,0.7051072534005173,-0.8679340313560875,-0.8705026406679999,1.122950050588536,-0.8688254265082413,0.3130687823596524,-0.024021195253510784,-0.2720021200606995,-0.8690119141462729,0.1913644269102428,0.46476358181927263,0.3249100190422502,-0.5586125611813437,0.38668962290960257,-0.39585675104018286,-0.035853820043425945,0.6598211211017572,0.20092394211508327,0.2543311565075468,0.49106587017315284,-0.15798065093349795,0.042153721808816484,0.08643386201681828,-0.037617611391872474,0.59488906514079,-0.29837274245970724,-0.6475516302806335,0.14076098127511932,-0.4546615445246601,1
-0.9642911029216885,-0.7140541641373878,-0.965977386424958,-0.9628050231153166,-0.9297503867094684,-0.9639939391152029,-0.6462517139465787,-0.4326343842853543,-0.4324650661963457,-0.9642994042846378,0.5531876403444012,-0.4552002182151329,-0.49449472787267257,0.6065743500427903,-0.5409435719060729,0.9417291440461879,-0.5303021899850336,-0.822371750197516,-0.8304346670538102,-0.41528682577349596,0.3775089545775039,-0.4358246217867281,-0.15689947265217336,0.682763743650028,-0.5981799488810987,0.1958576862551815,-0.3661020228679086,0.7941191613974051,-0.6461239237764503,-0.6666670840941326,0
-0.808574464014652,-0.09724613091773766,-0.8087512926262098,-0.8084502501338332,0.07262878865704993,-0.8085647072464139,-0.3923384134133582,-0.014187894864572618,-0.2778114098790639,-0.8085813822457908,-0.2274949648988853,-0.3256429126370264,-0.516876252888761,-0.04214504688613964,-0.4333688409971222,0.2390451122062669,-0.49776977926882643,-0.7068639239169727,-0.7884202263352627,-0.652572533846128,-0.7272732211813899,0.24663336924272386,-0.4831576019244452,-0.8019937429670313,0.29249336595903935,-0.6700293154602986,-0.13260707316722378,-0.6676325758535546,0.030108335757629914,0.35406159832853656,1
-1.30149323088331,0.729593062722329,-1.3006037472905483,-1.3029037852663232,1.122950050588536,-1.3013451906747833,0.3412656407428166,-0.10550091398340855,-0.2638655769075188,-1.3014929783655944,0.043935652049396916,2.3285848969384837,1.8014030728683617,-1.4654393376885837,1.8252562341530136,-1.662860226072352,2.8456465617107938,1.1995489578327916,0.7568108725578967,2.3072995695503584,0.3610512405213467,1.463196335010485,4.862008596950957,0.27334321808349865,2.786779310668903,-0.10927619322123815,0.8453069127294321,3.849585212584649,4.045332828572935,0.8216451493866086,1
-1.4597633144095052,-0.8176061651620384,-1.4615227913785958,-1.4581137856198332,-0.9041074145455271,-1.459722707479789,-0.6643057978193405,-0.037250629240037976,-0.27375045755004396,-1.4597729216522524,-1.3573514334559722,-0.5896067215306572,-0.7363266970213262,-0.09749968682752384,-0.6100482416940948,-0.8121792175549962,-0.5511985762909988,-0.28902543317612533,-0.7269376032068875,-0.8915652104574115,1.2148825135020098,-0.6596766682029844,0.08579640983329456,1.0441218433631123,-0.7146094555044122,1.302478373882468,-0.3933657686585365,0.22764828917786437,-0.5535672154053947,-0.29066075937620667,0
0.04948856275662866,-1.0304500571785373,0.047848056332129796,0.05110116882017186,-1.1863550705369883,0.049480138820396806,-0.6792298534499365,-0.01419656364492628,0.01590505332578784,0.049484835446350225,0.6231629537770863,-0.7089919439499146,-0.5670482283497403,1.0309008678607325,-0.6858027207112223,0.8962837209120017,-0.5587823999240769,-1.2095627510119031,-0.645570804879102,-0.44406414007259265,0.5900199276023086,-0.687303347802632,-0.20586443351412467,0.8423487416470551,-0.7455483240798855,0.5383925478583985,-0.3950414204958694,0.9332464032771236,-0.5583030229435448,-0.8127016625973879,0
1.3776152146584748,-1.0304500571785373,1.3764070041248107,1.3788354394084976,-1.1863550705369883,1.3775786435645603,-0.6792298534499365,-0.01419656364492628,0.01590505332578784,1.3776176321243154,0.8455297494122956,-0.6154033053515245,-0.5023172188181898,1.0360338449964404,-0.6315014334678946,1.0191283496364627,-0.5537119556135035,-0.3413725197763008,-0.7842709951722531,-0.3150140751920649,0.41712269731100216,-0.6703038619077504,-0.26110967759322434,0.7698101088464006,-0.7261870119834309,0.3718002358978667,-0.3940542657964734,0.8845294487063733,-0.5139836392549412,-0.8538039235316897,0
0.007663168556554184,-0.09722325506930678,0.0077520282303042125,0.00754624211932126,0.07262878865704993,0.00765563536603772,-0.392324347965598,-0.014192073447896743,-0.2778108670334499,0.007659600672556441,-1.340747327392184,-0.19315816079387468,-0.5929139735020386,-1.3688540769556508,-0.23922273950786213,-0.6040600028301092,-0.45192461855176436,-1.2432247392716074,-0.34283422745949627,-0.5427107992517356,1.2360553596574284,3.132505785565322,2.516711783612156,-0.7385365078390946,2.0892511385480947,0.1476674196372756,3.3583767112215854,0.6548300450862748,-0.6428975715416428,2.206677446670962,1
-1.3763151473745434,-0.09558882906946246,-1.3766736764189653,-1.3760262892821946,0.07486292121287963,-1.3762933528515666,-0.39131851219652125,-0.01419892933365437,-0.2778090151089221,-1.3763205908134184,-0.8420705347980958,-0.5834710891268905,-0.6348364513311968,-0.09513555330565836,-0.5238004648330833,-0.37551176084097665,-0.5505297948235615,-0.38222576857417406,-0.016574665300156093,-1.0459547121507333,-1.7638877996552806,2.144998193847052,-0.07066597607502977,-2.0340083236619018,1.4513797002343658,-0.4761909984167768,1.708037947796206,-0.13715568296065872,-0.5559886132622424,2.050831610561171,1
-0.06826726552429446,2.156955696263635,-0.06582543652713702,-0.06960194668785775,1.3795351582271766,-0.07125608888361806,2.6676427398894442,0.3180709620115134,-0.44752451938230575,-0.06826719976676376,-0.38058928559307886,-0.6594191131014842,-0.6388194909224034,0.4294864654894464,-0.629663543237148,0.02501025186264355,-0.5568871678330941,-0.11780688022696914,-0.3584315836860657,-0.9661758189861857,0.0625124735076536,-0.5945625906623003,-0.3398793901374621,0.5172154586669954,-0.5889571699551835,-0.003921378998329475,-0.38794822649028643,0.5674765303691662,-0.2698651511852692,-0.5839864845316642,1
-0.8180693180066998,-0.7078129062878006,-0.819622775209401,-0.816541204516566,-0.9297699628983476,-0.8184002527662438,-0.6449378211947671,0.0678658445349291,-0.4716582584623096,-0.8180769647585688,0.7161452598988555,-0.5160280492417888,-0.44364862065291377,0.8683564287235466,-0.5486293022940956,0.8274055871810103,-0.5413806870994421,0.014158044006120866,-0.5935944323788688,-0.35735324502237764,0.630501998662503,-0.3946844437230995,0.005962241135399698,0.742396738179444,-0.5419274850177284,0.5070494899991194,-0.35844093019348106,0.8373903064171563,-0.5984696804413759,-0.6069580804325114,0
-0.1738071695203448,2.1752217813528176,-0.17239433608269966,-0.17610469566553094,1.3795351582271766,-0.170685923463395,2.706112539812885,-0.26197724963780644,-0.4589331960383141,-0.1738071889167527,-0.5012481579844068,1.9155837404527165,1.9969650667526149,-2.235386642323729,2.1427099599982316,-1.427822342306995,1.9900556305716701,1.5949527621502062,1.623411964649861,1.81015801548933,0.17722081065110817,-0.3065943453454148,-0.12709470669442507,0.1887889987135298,-0.21684057529686668,0.06324230211702421,-0.3392691718914153,0.03248062652637796,-0.07775361522091348,-0.504181547048684,1
-1.1950584400608104,0.775206904945053,-1.1933243992453642,-1.19640103628865,1.3795351582271766,-1.1948132250535937,0.3948460396722588,0.026021207698583834,-0.26205713797832725,-1.1950611159027653,-0.7197054710161798,1.3356128876994668,1.566728680207258,-2.226831802810711,1.7734611780622644,-1.1835533199337211,0.997207138534093,1.964542916350863,2.722991711031351,1.1441198156167396,0.41542083349298503,-0.4285960047517767,-0.2388625504850575,0.18522882373630797,-0.28290452149024187,0.4892708613704693,-0.3648155128813315,-2.005286344441601,2.1355193562046373,-0.6666781584180131,1
-0.3127277968529657,-1.0304500571785373,-0.3144862021567832,-0.311008177703917,-1.1863550705369883,-0.3127285442916478,-0.6792298534499365,-0.01419656364492628,0.01590505332578784,-0.31273320001127664,0.44425380187945307,-0.6901502761738818,-0.576630780224255,0.9077092942239161,-0.6699300455728154,0.7620777871931851,-0.5582718376834466,-0.9343510430904512,-0.7159804345368127,-0.5383946526158432,0.6090363910162773,-0.6890503154614607,-0.2346047322150789,0.8122652357683727,-0.741100454676441,0.6382162345700908,-0.3951349042116262,-0.23385023303993488,-0.43699691229858145,-0.7998894073270068,0
0.13471594148829794,-1.0304500571785373,0.1331031759765799,0.1363033680023104,-1.1863550705369883,0.1347057113173485,-0.6792298534499365,-0.01419656364492628,0.01590505332578784,0.1347126084952036,1.1159896515622052,-0.6225377572212207,-0.48080539203082384,1.101051596175349,-0.6258206720678577,1.3415066443486443,-0.5543219508346381,-0.9093260827135387,-0.7323376129848407,-0.17275754935809742,0.4779499359602588,-0.39086597876650847,-0.0249069920791426,0.6809836561614171,-0.5157635581292508,0.3965586208117936,-0.35768812093728275,0.9492974055602177,-0.4947836013189721,-0.638242540274174,0
0.20318193573607213,2.0693947219630946,0.20414910901362165,0.20020501738891433,1.3795351582271766,0.20572702173147486,2.4862851116789355,-0.6120894009409067,-0.39000577457498964,0.20318236247436586,-0.36003297042842064,-0.6336428333336412,-0.6333437509905904,0.28353867384085246,-0.5964812708334853,0.04347242750009496,-0.5551980507818248,-1.0585511570633208,-0.1865663726730681,-0.944631781952892,0.7176578574308498,-0.398003291200564,0.07940968242832668,0.6195705741433901,-0.40652910371928336,0.8059937847760779,-0.3590894810015302,-0.007879863821790739,-0.3919254654128796,-0.5702866101543314,1
-1.4480289248632339,0.7212064391368246,-1.446816283714211,-1.449167556466237,1.1742641356879322,-1.4480397020521276,0.3315634683516258,0.03615810530194966,-0.27246909519987783,-1.4479888840276967,-1.1791703080765048,1.214537973389716,1.2342732906040275,-1.1745703885721497,1.2839140975063776,-1.8964780440593638,0.820691036175305,1.5121125029004048,1.5016310063578355,1.0132189585750782,0.5829170116871014,1.739249115602004,3.840131400040935,0.330306102600315,2.1169826201366977,-0.26335762825362935,1.167383849402979,2.550763000048433,1.0622193061853191,1.0401377772948586,1
0.4336859289316859,-0.09719307173401892,0.4339135817724477,0.43344304746053314,0.07270709341256641,0.4336692759556903,-0.3923057889077362,-0.014179725537560969,-0.27780301807228786,0.4336842537412879,-0.8777333800225975,-0.535166926973606,-0.6435394389973398,-0.08928326833285465,-0.53237894172608,-0.40177641958608384,-0.544311943751739,-0.565583085633102,-0.5973307742745194,-0.9894532115502053,-2.0332863716458784,0.4200860986736402,-0.24665369147711508,-0.832876433825161,0.4605187475402048,-2.3592983579878215,-0.037168249782857814,1.02557904331708,-0.24610512662389372,1.4009556965428762,0
-0.48905837450186,-0.09721615340706304,-0.4891311031370176,-0.4890285670196136,0.07266794103480817,-0.48905539794848985,-0.3923199813663025,-0.014194193754141805,-0.27780811087326335,-0.48906406443810047,-0.8770338896421294,-0.5337707047957199,-0.6098662163468164,-0.04893215057356304,-0.5114904740604009,-0.3865979767637525,-0.5441070773230233,-0.07178598690053524,-0.15955160399468352,-0.9879136918334737,-1.9146161342422585,0.3768108846863719,-0.5149772002157883,-1.0524654596106933,0.45701347708896584,-1.9063322160431346,-0.062349175179353976,-0.0572847613570023,-0.24202982429428033,1.2931119864705192,0
-0.6312197385784344,-0.09555033748211283,-0.6313356587975757,-0.6311510815212049,0.0749192027559071,-0.6312137307582408,-0.3912948030248201,-0.014195380884459586,-0.27780815930974767,-0.6312259959096176,-0.5888974331264044,-0.40059379443610404,-0.4353585494129142,-0.4514192537637992,-0.2837907674552351,-0.26391619088270424,-0.5180730785652828,0.4098711367116463,0.5315120852522841,-0.8167761153208767,-1.6473898200040382,2.213423743127335,-0.3041265484064039,-3.2357661279606984,2.1910983411376677,-0.38687123638329274,1.807102166411988,-0.7312969067582832,-0.026005609712525544,2.0297989738258226,1
-0.9288649266137023,0.7369164301218952,-0.9276126259479517,-0.9301441367594173,1.1229304743996569,-0.9288384121341943,0.34977567271231913,0.005024406125807546,-0.26185616416127044,-0.9288697814226013,0.8071370400885078,1.0294263867936946,0.8646610923223969,-1.3028949393446738,0.9931932915009701,-0.36404496881327997,0.5713497681817533,0.6449786358617995,0.1504354517900537,0.9758378914803392,0.3068706679564891,0.8046582667617115,2.2753816123506794,-0.29450520007098613,1.6146349930730945,-0.032893974103403056,0.2266090862108006,1.7067809700289531,0.6631059284870877,0.30813691560826717,1
0.5466482720246993,-1.0304500571785373,0.5451695875914221,0.5481139973826468,-1.1863550705369883,0.5466293117192815,-0.6792298534499365,-0.01419656364492628,0.01590505332578784,0.546646844897995,0.4456171759614082,-0.6711668580727354,-0.554923386966946,0.9205417574598238,-0.6538902697678133,0.7010105569944621,-0.557497288376956,-0.014086813861428507,-0.5474944902264666,-0.5356345759504291,0.13188477904570098,-0.7030796685459122,-0.3981051111295691,0.6792035686728062,-0.7437822587030148,0.05007294641438772,-0.3958318320675318,1.179106165345849,-0.34878684358532164,-0.6702032718538028,0
-0.27640130643794275,-0.095528759039878,-0.2764016750429677,-0.2764374703244801,0.07493877894478623,-0.27640283892036244,-0.3912815112001988,-0.014198431288183403,-0.2778078240984332,-0.27640610402386406,-0.63002763528124,-0.4597794405431295,-0.5513369261871899,0.04506263514518153,-0.47984266025306316,-0.3176466034322809,-0.5312295162350338,0.12258750495770714,-0.36369652221002646,-0.8877997046553437,-2.0338920248488033,1.8833592753264894,-0.4426700637773788,-2.75817794502105,1.754982551290977,-0.7810925391866393,1.3502414096921918,-0.645794126429743,-0.12182925833602284,2.058218485954158,1
1.0509102628537426,-1.0304500571785373,1.0495957121544186,1.0522270092102999,-1.1863550705369883,1.050880615659579,-0.6792298534499365,-0.01419656364492628,0.01590505332578784,1.0509111687703776,0.9579401739895005,-0.5421605614265659,-0.4749385284842473,0.9539061292385628,-0.5920703289019423,1.263397405869197,-0.545316855571427,-0.8276148565809559,-0.8267772760020858,-0.2400151791619359,0.12718475477212635,-0.4320032930000841,-0.19841323885236276,0.5759583882317891,-0.5451979739294228,0.014515712705724961,-0.36542508907993515,0.797152038470958,-0.5817619532315601,-0.5552419790157114,0
1.2639787096829156,-1.0304500571785373,1.2627335112655438,1.2652325071656463,-1.1863550705369883,1.2639445469019581,-0.6792298534499365,-0.01419656364492628,0.01590505332578784,1.263980601392511,0.8755581521853161,-0.7274501535818159,-0.5433852263437359,1.1866012966903652,-0.6959946503836695,1.1000779905482854,-0.5590331350385827,-1.0347016993037996,-0.6948447074255006,-0.30955210122598636,0.25530450462322035,-0.7093357738700626,-0.3905474754523125,0.7165854377641105,-0.7666102896306751,0.20981720078812152,-0.3961117586871957,0.45870783576570656,-0.648636171314381,-0.7734371419968453,0
1.4973471669529432,-0.09572753581262643,1.4979237789287032,1.496787363909509,0.07466471230047853,1.4973080063469175,-0.3914039415215139,-0.014176265646934612,-0.2778141881096799,1.497350315564891,-0.5641397110217132,-0.4436780081452805,-0.5939356152774544,-0.32478240240920325,-0.44400565010232784,0.019808033544006922,-0.5279016430593775,-1.2011142774826031,-0.4082903777112442,-0.8581424129689597,-1.9273308126552613,1.4459258225555947,-0.22410750930589327,-2.098691244283749,1.4046270697945735,-2.3433703108069373,0.8263886425330991,0.1083057604982802,-0.43035867793181337,1.7575905444886795,0
0.5111368642198372,-1.0304500571785373,0.5096466210729013,0.5126130810567556,-1.1863550705369883,0.5111186565122183,-0.6792298534499365,-0.01419656364492628,0.01590505332578784,0.511135272794306,0.6106539694737367,-0.47176593293711133,-0.46124919264239855,0.7588527941152844,-0.5422802178980635,0.7443257121638275,-0.533584930118183,-0.13418800400104505,-0.692204075156121,-0.39408790881048783,0.32572051563152093,-0.17559901408669,0.004897761189306297,0.5492570546823087,-0.40064223927315445,0.10801810522635164,-0.3037821805758921,0.8186751948115849,-0.6016172053320562,-0.45706972509635835,0
1.62619506929251,-1.0304500571785373,1.6250677697544569,1.627341853689735,-1.1863550705369883,1.6261532300140027,-0.6792298534499365,-0.01419656364492628,0.01590505332578784,1.6261986368501378,0.6085066470464017,-0.7103329181570105,-0.5588346231145821,1.0403113055462256,-0.6806232055417012,0.8600694702451928,-0.5588089316753456,0.18813517685369355,-0.2865118665608849,-0.4519646944521868,0.654601656656668,-0.7246790387872101,-0.21970235558085446,0.874746365504995,-0.7778607855223335,0.6476981719319164,-0.3967177141099072,0.532567829830929,-0.663716469141655,-0.7761036193613376,0
0.00745875904979933,-0.09551223404648225,0.0075508239277579025,0.007338662298519236,0.07497793132254447,0.007451195512985582,-0.3912713319765229,-0.01419351333515755,-0.27780512298685966,0.007455191563970866,-0.6960354627922886,-0.4416265217344633,-0.5260183419251444,-0.16773175693464135,-0.41665207405817994,-0.28751293046215187,-0.5274641460880666,0.13341843864573433,-0.11605424725177503,-0.8770186693104188,-1.5353911800269326,2.1620014020311706,-0.37834572116415943,-3.1170718991156465,2.0582623184651485,-0.05918145937269201,1.7324420500315607,-0.8801311238857265,0.10460348143274462,1.9389905623422865,1
-1.1511095166680188,-0.7098877647924406,-1.152828211993876,-1.149539810487444,-0.9297699628983476,-1.1507800071783392,-0.6453774626339358,-0.26197724963775704,-0.45893319603831784,-1.1511186123844324,0.9480556968615593,-0.6444908177392398,-0.5042728275668852,1.0959186598329174,-0.6448679013548385,1.149783814174271,-0.5559675889289938,-0.6311931299989169,-0.7801365612106631,-0.26497153519981076,0.13449786040866943,-0.45062459813460826,-0.2754798269437015,0.5732882569988728,-0.5905924075882528,-0.007872196698484563,-0.36865677871770447,0.6685734790171832,-0.645179232955007,-0.5700913955553647,0
-0.5703985718850458,1.869189221753444,-0.5702515610901335,-0.5737149585155108,1.3795351582271766,-0.5684052617825028,2.0905957410378266,-1.0186133662101706,-0.23836544735562393,-0.5703996054250101,1.2636570286502995,1.7601113346944064,2.1143022630831667,-1.6450937414047384,2.1276726846212997,0.05554388389173534,1.699992691148292,1.565686947620888,1.6306820709357532,1.839755389975481,0.40508525708952425,-0.1039335228950182,-0.19841323885236276,-0.43691236892239355,0.19916601973863052,0.5706574622652666,-0.2808367408129029,-2.3504845896430644,2.7304514306664585,-0.4115156221960307,1
1.4912517196340338,-1.0304500571785373,1.4900804969840775,1.492438371651349,-1.1863550705369883,1.4912127402271627,-0.6792298534499365,-0.01419656364492628,0.01590505332578784,1.49125466285612,0.526806285466206,-0.6971946140058629,-0.5672437948196833,0.970160577231609,-0.6741070603142666,0.791901369403374,-0.5584928300150372,-0.5102383303695749,-0.7596796244616616,-0.4948791794759999,0.2564320902232914,-0.3787121809988933,-0.227153537553317,0.5750683444874837,-0.5622045318651557,0.2373411465140769,-0.3552448073609749,0.3808129735145096,-0.6857569413961992,-0.5875240106504056,0
0.702898466366093,-1.0304500571785373,0.701470640272914,0.7043180292165674,-1.1863550705369883,0.7028761946303597,-0.6792298534499365,-0.01419656364492628,0.01590505332578784,0.7028977621542262,0.3107792063728677,-0.5795229903147667,-0.5296958905018871,0.7708297815585455,-0.6030976742699414,0.4752037441181005,-0.5500850300921588,0.02697819994391385,-0.6374995301246107,-0.5860065843459756,-0.3079787997175844,-0.6775858968372664,-0.6146153808003502,0.4299910868437934,-0.6936783264695672,-0.3621277724747656,-0.39449433528376016,-0.6609776833984525,-0.05919212910131218,-0.29183078625755837,0
-0.7033532827064498,-1.0304500571785373,-0.7052388338605129,-0.7015182572887186,-1.1863550705369883,-0.703345751569343,-0.6792298534499365,-0.01419656364492628,0.01590505332578784,-0.7033604931518547,0.7825863706650406,1.8369596327096707,2.0360774655294653,-1.448329495489443,2.0224117251146208,-0.2497852925820461,1.8411785724117935,1.747264963852309,1.9498269478489976,1.839279585970898,0.1623405708012893,0.14089509916363227,0.7095673447143309,-0.45471324380850275,0.7701938983528973,0.26684049324056397,-0.18361012828653658,-0.27512132957317115,0.6955482566195376,-0.17843924294463642,1
0.3088638853633422,2.195970683002333,0.3107180085691843,0.30670776636658753,1.3795351582271766,0.31225898735266444,2.750078025439675,-0.09625897182456469,-0.4716582584623151,0.30886486818187436,-0.9228725204530562,1.4361835696526648,1.9774088673641896,-1.38844463985969,1.960591776281711,-1.6919737415339076,1.1519058976827639,2.005117412531786,2.967445113292943,1.2586847671896768,0.11115686417140892,0.2304748075970535,-0.09728995342597617,-1.0510431891026626,0.7126333091019948,0.35112435560825506,-0.14075310118389914,-2.532329267658563,2.8647057829650797,-0.09717007496647256,1
-1.340892575661933,-0.09725844795362958,-1.3412426936562152,-1.3406110632822512,0.07260921246817081,-1.3408715338859767,-0.3923459865251826,-0.014196524664809848,-0.2778085442867702,-1.3408990712806281,-0.21240513003821346,-0.12834676184208646,-0.2660498527737894,0.03161651865722187,-0.2334779111673072,-0.19899326962765876,-0.4248645296341811,0.4584160092213511,-0.18753511299614933,-0.4527493587565198,1.4826491167879912,1.5387424406628125,1.8437998619082179,0.22300841461378992,0.9691084289765167,0.5029948914913672,0.9297655375497755,0.8909231960864311,-0.574487288464494,1.0842114802410818,1
-0.4618757096333869,-1.0304500571785373,-0.4636826615345709,-0.46011202627265946,-1.1863550705369883,-0.46187329616131323,-0.6792298534499365,-0.01419656364492628,0.01590505332578784,-0.4618818028467701,1.2822875749174427,-0.6470469907025825,-0.4710272923366112,1.2379311496339958,-0.6441995783588433,1.48352351545919,-0.5561365061776392,-1.0826709482064671,-0.6715093009835639,-0.08725068926792458,0.5259696321056418,-0.5185122673187506,-0.15477056351718405,0.7210356670957963,-0.6249979891468364,0.4867686861810799,-0.3790107117342886,0.4345430519722419,-0.6278775420786289,-0.7306695334031569,0
0.23940357169703175,1.8022542577855032,0.23967207553214254,0.2357059337148054,1.3795351582271766,0.24123767693853806,1.964194969860805,-1.135815312235621,-0.18035750513447493,0.23940353776434137,0.8055487137281492,-0.7144813890285828,-0.5467097817317877,1.1318495405761484,-0.6881418591642443,1.0439813291683766,-0.5588827604740135,-0.9470904438099863,-0.7417324643582789,-0.346715297763239,0.36948669494332037,-0.593814059535788,-0.23247582308008963,0.7254858858173235,-0.6760176629540349,0.27355686292200854,-0.3878739621110591,0.8784317281055372,-0.5619143892784152,-0.7826678690523068,0
1.4557403118291716,-1.0304500571785373,1.4545575304655567,1.456937455325458,-1.1863550705369883,1.4557020850200995,-0.6792298534499365,-0.01419656364492628,0.01590505332578784,1.4557430907524311,1.0855863489119582,-0.615128359316825,-0.4847166281784599,1.0326118602393017,-0.6157958191608901,1.3202041678571994,-0.5536877096809276,-1.1785521242423769,-0.5786944122762576,-0.18780018731632345,0.04272156847709358,-0.6372168063098039,-0.40225648838405303,0.6097800929560301,-0.6953135689760493,-0.026309288402539,-0.3917300040927581,0.5807450063993191,-0.6123134269905384,-0.5809097814666377,0
1.0015351138771116,-0.09717354225443214,1.0019475846277082,1.0011244542234399,0.07270709341256641,1.001506521766377,-0.39229378034765366,-0.014208162609844553,-0.2778065624077427,1.0015360032203415,-0.6712160109253378,-0.5873044928510527,-0.6589255461614959,0.10965521840415991,-0.584377491915531,-0.30276577733297627,-0.5509508316811598,-0.35313535646611066,-0.7018158668351738,-1.0311007087522814,-1.8214330137597932,-0.21505903918455452,-0.8928608303716774,-0.287247766870513,-0.33755509063687594,-2.1542434795502494,-0.31535016454533804,0.8818661514731886,-0.5058615231848935,1.0664849557153557,0
0.880455505390404,-1.0304500571785373,0.8790854728655184,0.8818226108460228,-1.1863550705369883,0.8804294706656756,-0.6792298534499365,-0.01419656364492628,0.01590505332578784,0.8804556226726707,0.9381030379460803,-0.5555184343111517,-0.4573379564947625,1.0625542472609022,-0.5982523285654564,0.9680022570753684,-0.5471377505827487,-0.03646614707145643,-0.6935099633289384,-0.25372984447581987,0.2794575401829545,-0.6581336475637931,-0.3730904034148461,0.6587325413334638,-0.7133666806344132,0.29436444681606516,-0.39326123640032823,-0.4260349351697501,-0.3439537677369951,-0.7721577635772348,0
-1.29733129778998,-0.7291981448537047,-1.2991828367603693,-1.295803602001145,-0.9297650688511278,-1.2970839093406876,-0.6493330951308601,-0.805202261617619,-0.3275656398375726,-1.2973409633046216,0.6938199672529257,-0.6674781036616284,-0.5336071266495233,1.0377448373750098,-0.6585685307397802,0.8962837209120017,-0.5573164826597097,-0.15049217844454785,-0.7094182052301663,-0.4030480202828288,0.4786992614576188,-0.7129704330234544,-0.2908079866738537,0.8070139713108755,-0.771777668738994,0.45410869039667345,-0.3962656497207143,0.5376954530583742,-0.6533524857049741,-0.8890072651180086,0
-1.376401505129676,-0.09550049368989987,-1.3767598942513302,-1.3761127853883706,0.07498282536976425,-1.3763797101311324,-0.3912640999299291,-0.014196964373683923,-0.27780799687407254,-1.3764069441499518,1.0440450553156606,-0.5197456464886752,-0.4404901829978185,0.9523681411438433,-0.5623385679488279,1.2222107579727004,-0.5419708342653917,-0.5543104536025324,-0.7915843115416588,-0.18922838239493955,0.5687803484514035,-0.4875726135879761,-0.006437234643312725,0.7054595726555415,-0.5224015363628668,0.4714737480426198,-0.37456985780110014,0.889759096189095,-0.44787532958077375,-0.6955170758962347,0
-0.24170498124324133,-1.0304500571785373,-0.24344026911974143,-0.24000634505213486,-1.1863550705369883,-0.2417072338775214,-0.6792298534499365,-0.01419656364492628,0.01590505332578784,-0.24171005580389884,0.7827121430024688,-0.7158645679528349,-0.5375183814474044,1.1455374796047026,-0.6829623599288003,0.9985359060341904,-0.5589046043800803,0.8591964705864522,0.4374670228088229,-0.35897951958607904,0.2947042643863734,-0.6250166800576858,-0.3268930326764255,0.7112451752982778,-0.7235706189047102,0.21903574664014874,-0.39073865595429097,0.6159242934422204,-0.683135386225803,-0.7653538779772542,0
-0.7165635264098585,1.2103956467689168,-0.7123434271642171,-0.715718623819075,1.3795351582271766,-0.7175500136521682,0.9749715432580331,2.1125993129834506,0.5797870157813437,-0.7165668442271768,0.772108469421287,1.916314980233612,2.0165212661410403,-0.5586125611813437,1.8319394800470434,-0.6616413253743582,1.991461277781167,1.507249532016339,1.442998313931245,1.9247265000946712,0.15020305762653344,0.18008827415776255,-0.1909620568799002,-1.3269568771592555,0.8578430479710746,0.3199129876167159,-0.16533931778085223,-3.320821797647409,5.234887036207594,-0.14585608099003228,1
-1.4278243542433586,0.6932560583020295,-1.4267102852067655,-1.429003034909729,1.1486046461146242,-1.4277631177934322,0.299563295066333,-0.016432453156718062,-0.27898331114377817,-1.4278032805879783,-1.1189942695258963,1.634657759894507,1.5471724808188325,-1.6622037467769835,1.6464796813505465,-1.8467721527144572,1.4787039494078333,1.5654685245062294,1.5197403128613323,1.4890989137136268,0.42563869847686303,2.780044724997884,6.107421709849633,0.07486327212053058,3.697938441567354,-0.6465857677368007,2.71492008053839,2.891074680556395,1.6879816114704878,1.85599241413423,1
-1.2549874923599706,0.7179905351430268,-1.2537134423268497,-1.256042573007642,1.1229451565413162,-1.255181338905601,0.3278554007586528,-0.024734196551876465,-0.2738117318404168,-1.254989203817648,-0.5900619346737048,1.8433853533143159,1.625397278372534,-1.9359626905211726,1.7667779162341577,-1.5364652297452643,1.8531777846928346,1.5712261603174484,1.4102208086129848,1.7254919773234392,0.5734765745237237,-0.45336553018484627,-0.1164501610194786,0.4460118742412917,-0.3993340281135554,0.6242567200371508,-0.3691182264696203,-0.9529952607572627,0.48812803175425146,-0.6689849042987529,1
-1.4435161348234382,-0.8165580694429132,-1.4452532712902648,-1.4418543662134256,-0.9041068027896247,-1.4434943374405804,-0.6641584564904232,-0.005544268787405,-0.27502488290440086,-1.4435260963947185,-0.8956157553880094,-0.7161652366947342,-0.7356422301126698,0.3003919671267341,-0.6871727884299397,-0.39543069744721865,-0.5589091692796534,0.30044422952735644,-0.33150392591776634,-1.1777682921372106,1.6417068729856774,-0.7525457757931604,0.19862869550212225,1.243491833070386,-0.7917930717950095,1.768673480980705,-0.39752551275201986,-0.15772883554618775,-0.46445935331094396,0.07116114225983813,0
0.007356503361480519,-0.09562831879901741,0.007448270441654019,0.0072366058312982,0.07482132181151151,0.007349002678939376,-0.39134283516666507,-0.014193077339003376,-0.27780733162755566,0.0073529353388541606,-2.4079159035853572,-0.5361882527095773,-0.8669805559167321,-0.8852677380840337,-0.5678207907481423,-1.5552212039225035,-0.544460907416626,-1.070180581761333,-0.6310904208414264,-0.3448390215465711,-0.25498784894974963,-0.379105920847651,-0.2980876791098929,0.35641125135146773,-0.44510068915044027,-0.2293443845075451,-0.3553250877929423,0.3969966869379313,-0.5721377155832733,-0.2617207888773938,0
-0.4252279367787692,1.3370954999931628,-0.42105510171234584,-0.4246111099467684,1.3795351582271766,-0.42636264095425,1.1673205428752391,1.8869510336807962,0.3681958615218028,-0.4252306606851041,1.3634374367307363,2.2771110449781236,2.0165212661410403,-2.1583919444948356,2.144380775455258,-0.43384625957587525,2.732269091366319,1.094210111454268,0.6658072115394524,2.4120863582312846,0.13782724972756297,-0.02633462301165163,-0.23247582308008963,-0.8018306011720663,0.4464151763992529,0.27684919792289475,-0.25317554593563385,-2.812256806893876,3.9671864340932865,-0.29307553899635375,1
1.6048769105502214,-0.09718159982026583,1.6054856910981259,1.6042879261176555,0.07270709341256641,1.6048355664181415,-0.3922987349270985,-0.014197811405787523,-0.2778092401086761,1.6048805499658396,-0.9884071350142695,-0.5958159438825094,-0.7004235537376817,0.0594691885251383,-0.6100303800916005,-0.4994371645024376,-0.5518476083867887,-0.4892119549524091,-0.8045534479567004,-1.0386357980534473,-1.6916368407256759,-0.19081950407100517,-0.8813248360369351,-0.3762185283193701,-0.2650812497307487,-2.007972656584906,-0.30833387142604685,0.4490275101280524,-0.5300013835203105,0.9616760032380568,0
-1.2350584890536016,0.681884048642777,-1.2338205864968526,-1.2361620517396281,1.1229402624940963,-1.2352953774081417,0.28669088297593665,-0.018566479872970016,-0.2671680917918383,-1.2350610540722513,-0.5132407588253709,1.869939135621664,1.9774088673641896,-1.2173452388296577,1.9271755946137934,-1.4100702334181767,1.9030808537750554,1.7811586854643593,2.045017441044427,1.7577992577249233,0.34480751633294826,-0.41330471828954035,-0.2388625504850575,0.27156313059488774,-0.34635205316187956,0.4244118005284342,-0.3620103314527583,-1.4903112713274518,0.8750121754079959,-0.6421033030713043,1
-1.305404860190977,-0.09725837966746428,-1.305743427725326,-1.3051338328323114,0.07260921246817081,-1.3053845710525545,-0.3923459445398074,-0.014198309896652715,-0.27780908778528807,-1.3054119173046506,0.5801948899248313,0.3478454523780925,0.07274617255186772,-0.2000152700703989,0.10121515959309271,0.08084067630370796,-0.1327093552865621,0.20450223188656522,-0.42594398308956066,0.22778186394982744,1.880224469303376,2.570405080897133,3.3494546687726925,-0.1330078098893907,2.1559579775728848,0.7169798881447932,2.3608489791559624,1.1228621460270027,-0.4287519230343945,1.9653177962293547,1
0.14926824721014534,-0.09565098946587179,0.14940614485736078,0.14910647098940813,0.07478216943375326,0.1492576782867456,-0.39135679828129116,-0.014195256232139413,-0.27780638902232313,0.1492653049817189,-2.6996539144744056,-0.4739031635242788,-0.8366591459874497,-0.9673274922439641,-0.5258888088795186,-2.0084486392872316,-0.5339939719535102,-0.2580515526518535,-0.7217042459536891,-0.175162027211047,0.12761498904754867,-0.5390066205704391,-0.3199646466659487,0.565581780676228,-0.6122644006485879,0.09122900996691503,-0.38169604550632497,0.5095667672165233,-0.5768341141664579,-0.6105353758250636,0
2.0649498831345063,-0.09569612486167915,2.0657112631503485,2.0642221883800644,0.07474301705599501,2.064898710590844,-0.3913845966629023,-0.014205031458206218,-0.2778073813305261,2.064955629521248,-0.8733879636754535,-0.36613359151738095,-0.43126612613429427,-0.4629573055564533,-0.27804093979798866,-0.4280410804474073,-0.5092437377998166,0.4028117487496572,0.4262092183756097,-0.7974490274967967,-2.0716358225840636,0.9898649902949923,0.04950597800334005,-1.9663941133692304,1.4755342527085478,-2.0768696901060624,0.3792980215710274,-0.14919218278270885,-0.0400199517405486,1.6437159463051234,0
-0.27647483048430255,-0.09560073161349789,-0.276475392136573,-0.2765109249792315,0.07486047418926975,-0.27647636791071273,-0.39132584345703186,-0.014196875017571454,-0.27780674822103224,-0.2764796284511298,-2.569827027535731,-0.4603567572459149,-0.8402129408629426,-0.8751383597009295,-0.5469298293993964,-2.0329806988514023,-0.5313453485821776,-0.3795949342917933,-0.8571625125480676,-0.23668683948223573,0.27196852042544944,-0.4660568601332565,-0.13792213055198524,0.6272937508552958,-0.5457533558601965,0.20359331161106534,-0.37120724965937457,0.9547189363341819,-0.42239752109105816,-0.6540868754258873,0
-0.5328985252431113,-1.0304500571785373,-0.5347285945716126,-0.5311138589244415,-1.1863550705369883,-0.5328946065754396,-0.6792298534499365,-0.01419656364492628,0.01590505332578784,-0.5329049470541479,1.0864384449141626,-0.6242954766593317,-0.488627882976341,1.1053290975184105,-0.6333393256904009,1.306002426571008,-0.5544665730888088,-0.9206790821612075,-0.7530322532710526,-0.18870243900892564,0.8893598204304173,-0.5273165612184404,-0.04832501794262361,0.8506261558962067,-0.6548248813556347,1.0417251906268137,-0.3801893434629854,-0.0168188494319101,-0.6137609185817643,-0.5258806650369257,0
-0.702240689102318,-0.09557365685340671,-0.7023798031110227,-0.702151018219509,0.07488005037814886,-0.7022331988837366,-0.39130916687683087,-0.014197186120745858,-0.27780821979180126,-0.7022472188307693,-2.4192394128341963,-0.562531186966826,-0.8670215398303025,-0.8135679259036042,-0.5818589755895048,-1.5656803235886758,-0.5480419472584404,-0.9394129091663725,-0.7086088005227391,-0.3463091867477964,0.07853835800628979,-0.502379268441921,-0.36094612134281273,0.5275580288345332,-0.6095032959600741,0.05316313991146443,-0.3767531739903501,0.2722542826297049,-0.6416949125097816,-0.5591568275943207,0
-1.2947744731768633,0.7500893153276742,-1.2934991539868441,-1.295803602001145,1.122950050588536,-1.2949532619005197,0.36517201191751336,0.003051936783795472,-0.2612726302822914,-1.2947743204728899,-0.3307612546017216,1.649705433072912,1.5862848795956832,-1.3542247922883044,1.6197467296425814,-1.3419021325763578,1.5046447816798445,1.3257329829557318,1.0583246333290235,1.5147266364950822,0.3475083072839457,3.018956996098817,5.681639476794194,-0.22330161564528245,3.655422007740719,-1.028497036015984,3.1444853603364007,2.2996722188943464,0.7865918824379609,2.0452755176382102,1
0.4685623925916014,-0.09568082873785207,0.4688040989908311,0.46830627337659086,0.07474301705599501,0.4685451001745853,-0.39137517610298195,-0.014245128410058178,-0.2778012233625429,0.468560874734135,-2.3789576587521126,-0.33037708756858225,-0.8170283875817429,-1.4311416565464399,-0.4185328408986552,-1.2971451061360089,-0.4991726443200912,-1.3709437612868418,-0.47322177102396795,-0.27002457542839614,-0.25113058560460133,-0.11869336635695117,-0.18548422592137082,0.23911586578478422,-0.2897058877138816,-0.528529132459046,-0.2857666648661524,0.6871504679629551,-0.5769405266430444,-0.14714772067419932,0
1.413126622463337,-1.0304500571785373,1.4119299706433315,1.4143363557343887,-1.1863550705369883,1.4130892987716235,-0.6792298534499365,-0.01419656364492628,0.01590505332578784,1.4131292042280044,0.6400006567635187,-0.6710299604403266,-0.5490565234203694,0.9761490301599635,-0.6597380919992526,0.9062249262685516,-0.5574907544496002,-0.7301428204143223,-0.7399950508449082,-0.4321127617588412,0.4257259049709203,-0.5392728154630213,-0.20054214798735204,0.6925542354475465,-0.6321930647525643,0.4254390102457664,-0.3817295809042502,0.4168512789934049,-0.6131253358865613,-0.7542039345393843,0
-0.7731449032423539,-0.09555900969262507,-0.7733070299458616,-0.7730342725237609,0.07489962656702799,-0.7731358984210193,-0.3913001448208163,-0.014191427818650565,-0.27780734136007285,-0.7731516936691093,-0.6699966221317105,-0.46458947435605435,-0.5824223900319206,-0.2736999606849901,-0.44414571860711516,-0.17595987634722687,-0.5321872212952792,-0.8893492222336509,-0.45387203945065036,-0.8992529871710937,-1.669995569773123,2.2939607032496228,0.005911382423498802,-2.5829276675713917,1.901839484224318,-0.6199187569273908,1.9266176208781831,-0.3423023085328266,-0.4186177902090534,2.09206532275049,1
0.28258544358774407,1.4506363475216453,0.2822996353543676,0.27830703330587464,1.3795351582271766,0.2838504631870139,1.3486781710857467,-1.7216283095974065,0.20545990060342856,0.28258490127982333,-0.8337349207523861,1.176389476018525,1.879627870422063,-1.4996593484330736,1.898771859316956,-1.4292425096637218,0.7672746622016485,2.214212495593796,4.145865201747974,0.9617549970846858,0.3400912911267922,-0.312730040832335,0.37426387678893047,0.37480833225622145,-0.04546680037486061,0.31122121300996675,-0.3407267863847336,1.402643674710761,0.6276001114364629,-0.5648669322192111,1
-1.4827547563852945,-0.09559291190074826,-1.4831479370821712,-1.4824344443321913,0.07485794113748606,-1.4827307066648918,-0.39132102698872656,-0.014195236798105556,-0.27780813770278817,-1.4824990174919033,-0.4661955825188943,-0.46161595282598367,-0.5123681529477254,-0.18412322954203594,-0.40178855979207273,-0.10006765377070531,-0.5315971547266681,-0.07002962602604591,0.01962558569709105,-0.8523303221642788,-0.001039068048314378,-0.18719220171283693,-0.015216707095905495,0.1759650095896917,-0.13866813183404134,0.0314196625195162,-0.3072593496624176,0.11606584746755426,-0.39218817266088446,-0.33744368495011795,1
0.5324437089027545,-1.0304500571785373,0.5309604009840138,0.5339136308522903,-1.1863550705369883,0.5324250496364563,-0.6792298534499365,-0.01419656364492628,0.01590505332578784,0.5324422160565194,0.7975388660081048,-0.7144130567324797,-0.5478831619012011,1.1386935100904254,-0.6904809976172663,1.0375905591333747,-0.5588816453993125,-0.7882176043305585,-0.8566755546573196,-0.35099868392908085,0.546218481859367,-0.7632250139561413,-0.28314390998110245,0.8412272857069429,-0.7922117052726576,0.5514302038813629,-0.3977350021576482,0.1043175189939498,-0.341301696995704,-0.8748556395637972,0
-0.9399445064395403,-0.8205927757774153,-0.94182181255536,-0.9386643891796909,-0.9297699628983476,-0.9398467369223678,-0.6647216859573648,-2.411307812189199,0.8644732960579272,-0.9399527626113114,0.6304229367317953,-0.6455504860168463,-0.5414296175950404,0.9504841444814243,-0.6482095243018534,0.8778215791340109,-0.5560381885496499,-0.5872783275921076,-0.8002140939786154,-0.43389478702495915,0.11954614097995139,-0.7352194910157535,-0.44834741493465413,0.6818736999057226,-0.7766179970067784,0.05929150011596075,-0.39706766060960663,0.7137749156391989,-0.5477779577042308,-0.6651539480484886,0
0.04294153058025245,-0.09551346316157586,0.04304506246127082,0.04281097681194071,0.07493877894478623,0.04293324106131262,-0.39127208910480166,-0.01419469607808737,-0.27781303146134173,0.04293811903038183,-0.6830032840542299,-0.3821831053121167,-0.45785518374165657,-0.2279063264111054,-0.34666374367471303,-0.32670264974332497,-0.5134629717904737,0.026815687083014118,-0.1849042211751753,-0.8091442888667748,-1.4328327394943348,1.6069314853863548,-0.21139241258378988,-2.044346861969262,1.3725024131154269,-0.5720555233611134,1.0083820411401987,-0.3072140450270799,-0.34456220535475535,1.5422357509908116,1
-1.4742832188537542,0.6788835509818032,-1.473245370160321,-1.4754382331931437,1.1229460741751698,-1.4742820757760289,0.2833087116736763,-0.017395169645936997,-0.2773526390220865,-1.4741241940950078,-0.8496864787888307,-0.39797564402324975,-0.5433852263437359,-0.3147959228722028,-0.4027676610279147,-0.35871223550031034,-0.5174324636308453,-0.2864837845562844,-0.4650611446022928,-0.8343081807057408,0.4819751225863445,-0.1343872913492234,0.18691966988108238,0.3205156001926382,-0.12068812331844114,0.5414214991990322,-0.29089238288755515,0.42193673796031056,-0.47161352050627925,-0.43655986599802754,1
-0.7768760990414478,0.6248178294155563,-0.7762847668975547,-0.7782002582206831,0.8663649429498953,-0.7768528241034517,0.22338204619096225,-0.12928792656842444,-0.28614004660233094,-0.7768813084444707,0.481099073487767,1.9890968818557824,1.762290674091511,-1.0462458377996253,1.7099704137723284,-1.0401162814664484,2.1333068668512962,1.3215520381093822,0.9805944512392082,1.966902634972432,-0.30993277018843635,-0.13109841393478697,-0.4127945993881545,-0.6149212026647524,0.19825021578519464,-0.2475544202493755,-0.2898281374030696,-2.147076683012285,2.4256810032575693,-0.1141918802751801,1
-0.5248368851405494,-0.09557334924984354,-0.5249182587101211,-0.5247995754609845,0.07486047418926975,-0.5248331308220503,-0.39130897740698517,-0.01420073474874831,-0.27780960242087643,-0.5248427189559165,-2.377248993186401,-0.4250200547306925,-0.8210886158747878,-1.10058492913303,-0.4865603835064279,-1.6348548630379227,-0.5238104208132489,-0.8425699054479886,-0.6840081171168658,-0.31859341440032213,0.2277136575520945,-0.16970542143576445,-0.010420659503574507,0.4188426539283896,-0.31421304915517534,0.46798454250793836,-0.3019894467449901,0.14348916559932523,-0.5847138218011605,-0.4273892190181831,0
-0.5471030883650562,-1.0304500571785373,-0.5489377811790209,-0.545314225454798,-1.1863550705369883,-0.5470988686582648,-0.6792298534499365,-0.01419656364492628,0.01590505332578784,-0.5471095758956235,1.228229671241363,-0.6055611027414853,-0.4632048200413391,1.180612843762011,-0.6263219262654119,1.462221038967745,-0.5528099127695946,-0.8425797029071629,-0.7928631763754143,-0.11067101787600235,0.3528164292144628,-0.3374557556559004,-0.17499522567818113,0.5723982132545673,-0.5281914237911507,0.3924497829236579,-0.3464151826533399,0.2762292811498597,-0.6690461514996364,-0.5864188139230297,0
1.6526155566993277,1.869189221753444,1.6534861429692735,1.6486424034852696,1.3795351582271766,1.6545617541796533,2.090595741037826,-1.0186133662103665,-0.23836544735556325,1.6526208672349108,0.8793074061252941,-0.6292013452801434,-0.5101396911134618,0.9924034781530097,-0.6296635332783498,1.128481337682826,-0.5548583761765915,-0.8502132820198444,-0.7210786177757345,-0.2993736601726144,0.40126742630429646,-0.35178765866589945,-0.10154779707455351,0.6436017764599543,-0.5353865071943392,0.23628759617397496,-0.3495762864541932,0.7268597178222662,-0.6453421669440931,-0.6052006231646779,0
0.021079436512738907,-1.0304500571785373,0.01942968311731309,0.02270043575945901,-1.1863550705369883,0.021071614654746246,-0.6792298534499365,-0.01419656364492628,0.01590505332578784,0.021075577763399096,0.738504649127006,-0.7123755153731306,-0.5455364202126195,1.096774094832288,-0.6802890520107421,0.9637417888646479,-0.5588468414170625,0.006771388208777493,-0.37474504383381035,-0.3825098611828822,0.3904275885596075,-0.6427834375828156,-0.305710366480403,0.7085750440653614,-0.7085917672132122,0.4039334565122221,-0.3921582878994928,0.07641457074366961,-0.581148295537999,-0.8252565098231684,0
0.32846618247162607,1.869189221753444,0.33203178848029685,0.32800831616212217,1.3795351582271766,0.3264632494354897,2.0905957410378266,0.990220238920319,-0.23836544735562376,0.3284665503145064,-0.8705529029256988,1.8887226572733538,1.7231782753146605,-2.808569701043579,2.0207409096575937,-1.8041669965748037,1.9386896408898293,1.499225007205911,1.3747457428837897,1.774564126298661,0.3450177348512078,-0.2556499886929342,-0.23247582308008963,-0.1253967613310484,-0.050699574836111226,0.4248200505002691,-0.3264596971940911,-2.3363138615084296,2.415827928135481,-0.5221877271298557,1
-1.0211377662696675,-0.7098633074572467,-1.0228141328545914,-1.0196064892367422,-0.9297503867094684,-1.0208109874465041,-0.6453722968931559,-0.2619772496380037,-0.45893319603829896,-1.0211463128879783,0.6701313021503129,-0.7098353366669788,-0.5568790143658866,1.0257678907250247,-0.6761120372692909,0.9232670022681971,-0.558799238851267,-1.231056642819703,-0.22862980562343638,-0.41898099271854006,0.5671974916110463,-0.572850777653292,-0.1973487842848681,0.770344134031968,-0.6873989729439385,0.6084535041833511,-0.3856834643913422,0.25157023350195,-0.6767560910400992,-0.756746515108424,0
-0.021818344115534564,0.23505627460936512,-0.023197876704911965,-0.027000847096788474,1.3795351582271766,-0.02154117159372959,-0.15164402592845783,-4.826231501005872,4.917405678102529,-0.02182173924615967,-0.7007442928128031,1.6098125183223169,1.5080600820419818,-1.8247481451208933,1.6448088658935196,-1.613864435335539,1.4362320810446456,1.4323822575822465,1.24001521303562,1.4571184293394945,-0.4971474055909218,0.13781953762187754,-0.4563308305355137,-0.9086360202512552,0.38735014119582717,-0.3226197210659477,-0.1850122668798598,-1.680160349204054,1.2486930132526362,0.14636380305782015,1
-0.2762482241802255,-0.09722946901399451,-0.27625174748347336,-0.2762813520980836,0.07266794103480817,-0.27624971222417233,-0.392328168706713,-0.014210907684673497,-0.27780570204420696,-0.2762530227033813,-0.13696820308503543,-0.19088478691956975,-0.4169543570130368,-0.10119270211092934,-0.33646711344952007,-0.009252094013018346,-0.4510269466837397,-0.31310953884403103,-0.7459769018677977,-0.49680876415969616,1.9443343086045104,2.659201428744094,3.150235917022738,0.16424082704096418,1.8150902707271963,0.8670158085563258,2.50821285083727,0.9889724253505864,-0.5071632400961282,2.0522087448842417,1
-0.8756120192527864,0.7787551988102945,-0.8743281761701703,-0.8768927622705808,1.1229304743996569,-0.8755724293235995,0.39907151728199225,0.0012736178327141321,-0.28772153632475805,-0.8756167763064664,0.3577679953862793,0.5920883106690779,0.4539809051654652,-0.5243927136099581,0.49027976695925496,-0.3575832018380096,0.08088930975653698,0.46852051279580104,-0.13650844164187367,0.42249264009271215,1.2859948058215283,-0.07462524318292914,0.7212764210925683,0.2866938954683973,0.23252505342267854,1.2432162810701497,-0.27073349681131786,0.2357050031844519,0.03035397545933555,-0.040367470350496745,1
1.5328220273116133,-0.09572466788796727,1.5334101037154027,1.5322516612482233,0.07466471230047853,1.5327821408911242,-0.3914021752983239,-0.014168918192900786,-0.2778053156619688,1.5328253379712267,-0.9563912366558416,-0.608528635907198,-0.6628394073311275,0.06642274917560087,-0.5792779299614012,-0.47678641275402417,-0.5530892798031571,-0.18576978568470917,-0.5028703556226854,-1.05929580122993,-2.205024631338902,0.13188461236474647,-1.0528033073911964,-0.9759650294871717,0.07030359469892945,-2.5466314738313947,-0.1877049788036534,-0.03039859834484783,-0.392669212266763,1.4598256689535118,0
2.3842342468397275,-0.09566976145548481,2.385099677424646,2.3834121318091612,0.07482132181151151,2.384176325000973,-0.3913683599011707,-0.014127325977930379,-0.27779015702119536,2.3842414581655533,-0.7300079993052156,-0.7092960096016611,-0.7180432305719736,0.3457434022879256,-0.680994116000901,-0.2561675316201344,-0.5587885302212211,-0.5008452374425004,-0.7182736662015867,-1.1602462650019016,-1.8692598056437149,-0.7082398223679242,-1.307312229684693,-0.12453445254069968,-0.7118106193912551,-2.1213028919387793,-0.39606409575695184,-0.21116638455148629,0.22806053242706453,1.056562804784726,0
-0.625228185535753,-1.0304500571785373,-0.627088307519767,-0.6234162413717583,-1.1863550705369883,-0.6252223101138039,-0.6792298534499365,-0.01419656364492628,0.01590505332578784,-0.6252350345237391,0.7309719812792195,-0.6438913829406816,-0.5199177908076745,1.0531438095754093,-0.6498803317918417,0.8756913450286506,-0.5559272917143416,0.04739165915157341,-0.6717109203070243,-0.38027966825483184,0.43611056781663354,-0.6309060602725424,-0.30283633534137766,0.6996745960121484,-0.7002847152408093,0.5166631172286849,-0.3912262465132738,-0.4213626318368858,-0.39677263961066234,-0.8268580067306628,0
1.0237795472908278,1.4506363475216455,1.028281932243306,1.0238262761495869,1.3795351582271766,1.0224720914939285,1.3486781710857472,1.6932351823075527,0.20545990060342825,1.0237818117724313,-0.925682922674551,-0.6981342192429695,-0.7409495869442081,0.20620174592145596,-0.673311588906998,-0.3999752380676643,-0.5585195891080297,-1.1321408567654052,-0.5190315241706813,-1.1525325426025252,0.8350965121277245,-0.6912108609014813,-0.12070797928945719,0.9275260067575134,-0.755817662576527,0.8415510341838321,-0.3952484667676048,0.5071755817155125,-0.6558529380317517,-0.6183949709138279,0
-1.3763802782636887,-0.09725939968294675,-1.3767419528116365,-1.3760882801896661,0.07260676544456092,-1.376358483173159,-0.3923465716904259,-0.014197869440411088,-0.27780858242361345,-1.3763857365042074,0.5216237866689476,0.67841836814084,0.4090831257628067,-0.16709146567330993,0.3821388584555876,-0.3994486319286901,0.16672719630914917,0.6324038422263569,-0.0008357825191318594,0.5477312601909933,1.18523949663988,2.764559251204068,3.6805572680037164,0.17573854636962571,2.1325182495044217,-0.5952971493680848,2.6880349075376655,1.485501488946903,-0.2526586906408364,1.914528240518811,1
0.7878472981579041,-0.0957253507295397,0.7881929468950913,0.7874970835272774,0.07466471230047853,0.7878232564343115,-0.39140259582960474,-0.01421163178403543,-0.27780405150685944,0.7878472194852946,-1.741982049188562,-0.6523750767663173,-0.8215862603643445,-0.3434661307860127,-0.6348529275756758,-1.0386439366809082,-0.5564733779257608,-1.5459168517248851,-0.18490067820086156,-0.7223454778575391,0.9277216250712579,-0.6506406403332745,0.032520640187168506,0.8955649418441632,-0.638171697512838,0.969444751674234,-0.3927371599285876,0.4377175954783761,-0.16366845767018037,-0.5325325402837198,0
-0.6749441564625601,-1.0304500571785373,-0.6768204606456961,-0.6731175242280059,-1.1863550705369883,-0.6749372274036924,-0.6792298534499365,-0.01419656364492628,0.01590505332578784,-0.6749512354689036,0.9820719483865026,-0.60723133193982,-0.47689415588318784,1.0625542472609022,-0.6149604193994153,1.128481337682826,-0.5529679351142867,-0.2308953277721521,-0.6993421074713789,-0.24135735682572862,0.14990614714173878,-0.4872981543438883,-0.3183773866194938,0.5661679070444291,-0.6117197909096735,0.09221488152300616,-0.3745283810747302,0.41792101998077175,-0.6468062289411806,-0.5996973283316525,0
1.1434972161272008,-0.09719143289483301,1.1439559769340328,1.1430446975739679,0.07270709341256641,1.1434655893867298,-0.39230478120499074,-0.014184340049044036,-0.27781369950861157,1.1434987508271213,-1.3136676691995262,-0.6687791036623433,-0.775565510073452,-0.011052493445500003,-0.6604558006754737,-0.7002751730969742,-0.5573813771346667,-0.7576164126955109,-0.8140284863410255,-0.949658558907412,0.9720999044750458,-0.6758145640080258,-0.0398980034695117,0.9664164599951186,-0.7347414539892156,0.9868907754228683,-0.39438966291184946,0.6014514760981761,-0.6241081815318277,-0.49993694393340493,0
-0.5957984086759567,-0.09556471150194375,-0.5959028331074855,-0.5957401959004738,0.07489962656702799,-0.5957931851392047,-0.39130365692052854,-0.014190431676215509,-0.27780898134677207,-0.5958045268272241,-2.488674795453622,-0.45226859564084226,-0.8532513272006502,-1.088867631685286,-0.5163274304732904,-1.5596003834021528,-0.5297005374523607,-1.0045329391606466,-0.7275977517594665,-0.27460490229915635,0.015326704177506463,-0.5251259969992702,-0.3509078910121855,0.4973548761788186,-0.5811384393154368,-0.028586818421462618,-0.37989961471990114,0.2911146568714717,-0.49614647158840247,-0.5224952805476814,0
-1.077998635047746,-0.7075544864218686,-1.0796509063860975,-1.0764079282731183,-0.9297699628983476,-1.0779831640038597,-0.6448828660148709,-0.01419656364492628,-0.4732259861529537,-1.0780074237781674,0.6441248853432373,-0.6701951233361001,-0.5433852263437359,1.0137909032817636,-0.6622443072177542,0.8693005749936488,-0.5574506149651922,-0.28485312086948184,-0.7521421515073232,-0.42982403629106136,0.3087657331113202,-0.6415322249041662,-0.31433245672515425,0.7245958420730181,-0.7256637321980677,0.19875493791614304,-0.3920633352167799,0.8188341373394905,-0.6348589442866779,-0.7831588812858471,0
-0.8086259993383444,-0.09556242395485441,-0.808799696570761,-0.8085049077641018,0.07489962656702799,-0.8086162371431149,-0.3913022478802828,-0.01419656364492628,-0.2778094875584841,-0.8086329149346715,-0.44348786595117723,-0.2502171976621842,-0.32130049512363645,-0.6186760913603214,-0.15367808118578308,-0.010984657218277976,-0.4732286041263424,0.1449883583011128,0.16415268384572992,-0.6290792792102337,-2.011430384582069,2.715767937878329,0.10511459920403404,-2.7692359369465813,2.0997178882795327,-0.26865217830354887,2.6040881248750685,-0.3493601646466217,-0.41516136155747047,2.535563053677128,1
1.398922059341392,-1.0304500571785373,1.3977207840359231,1.4001359892040321,-1.1863550705369883,1.3988850366887982,-0.6792298534499365,-0.01419656364492628,0.01590505332578784,1.398924575386529,0.7727935757933948,-0.7104685394559648,-0.5414296175950404,1.127572039233087,-0.6827952751962821,0.9928552366072823,-0.5588115424485834,0.07907034403253842,-0.46667514756556294,-0.3640916191553264,0.6743234580542525,-0.6577851495380179,-0.17286630385389246,0.8309561709771599,-0.7168988099261306,0.665213412975541,-0.39323746706394386,0.48847872115285795,-0.6372567958356936,-0.7387202076925198,0
-0.9505267249837883,-0.09724800876836112,-0.9507497656471449,-0.9503605803561757,0.07262878865704993,-0.9505139673890561,-0.3923395680135743,-0.01419416258390077,-0.27780528773826085,-0.9505340929229381,0.3113778599919446,-0.017612441906266384,-0.29868677455626136,0.01043569107516845,-0.257225012018328,0.5232795394504447,-0.37158804234622206,-0.37461049353772213,-0.7559220878747478,-0.19887162298131664,0.6311837336747276,-0.1698621568656293,0.2830940016576515,0.5616115230783375,-0.2387725084034662,0.4127486161672396,-0.3020373416900973,1.054694380298582,-0.4460306325041537,-0.4417119559269083,1
1.5551722536827857,-1.0304500571785373,1.554021836717415,1.556340021037953,-1.1863550705369883,1.5551319195998763,-0.6792298534499365,-0.01419656364492628,0.01590505332578784,1.5551754926427601,0.4897224239725532,-0.6320674444508403,-0.5199177908076745,0.9085647700165628,-0.621643649359368,0.712371929707739,-0.5550792045729329,0.32762605647494863,-0.2923503219807909,-0.506062997280493,0.006029736916745936,-0.6150539171334356,-0.3879927832213954,0.6053298742345028,-0.6832781612038067,-0.12376249862332075,-0.3898754273174437,1.008346178898415,-0.4947861169132464,-0.5450495468401735,0
-1.2343292551200882,-0.09723744174281851,-1.2346446460366187,-1.2340792655887887,0.07263857675148949,-1.2343104709414134,-0.39233307082651137,-0.01419656364492628,-0.27780844721114684,-1.2343368178826866,-1.346406021324605,-0.6309407448670306,-0.7652612636526342,-0.11207765355356335,-0.6319217445455175,-0.7511994971322421,-0.5549931041761234,-0.8795569272166889,-0.691486832671873,-0.918314565307683,-1.7693651717577783,-0.5190805117621856,-1.1674143790466178,-0.22776076812015006,-0.549983088378492,-1.9778511234589955,-0.37908792051257506,-0.07222640015960644,-0.3650151363607741,0.9811595349054766,0
0.8942731190120691,-0.09571374222470568,0.8946534389600579,0.8938914923062022,0.07466471230047853,0.8942467437661266,-0.3913954466340477,-0.01415646761136993,-0.27781673022295333,0.8942735223378863,-2.159370368424013,-0.5826940339341681,-0.8450196405528838,-0.7339541365773531,-0.5786101606745853,-1.3647997282575461,-0.5504431500356495,-1.048786073120952,-0.5870941478824477,-0.48694103188336785,-0.44921557928969,-0.7045145550938757,-0.6947093248350802,0.41696410417018476,-0.7333217391426194,-0.5733565384825565,-0.3958977173203986,0.15905500185516053,-0.3623506522315102,-0.17267092091932373,0
0.16312506773218768,-1.0304500571785373,0.1615215491913966,0.16470410106302327,-1.1863550705369883,0.16311423548299903,-0.6792298534499365,-0.01419656364492628,0.01590505332578784,0.16312186617815475,0.7854048189632389,-0.6943501074907382,-0.5296958905018871,1.1198725531328872,-0.6712666835977674,0.987884667788468,-0.5584079213633248,0.2320460207463615,-0.4393135346616676,-0.35650627301735605,0.3264883346037192,-0.6483081617352108,-0.3407309539500741,0.7130252627868887,-0.7333820929499131,0.35099265985335587,-0.3925684497128786,0.20081178825797555,-0.6756556393832679,-0.7977225647186017,0
-1.1817203545306987,0.6840750585543854,-1.1805361367190712,-1.1829106772507916,1.1229402624940963,-1.1816742799177322,0.2891643440584864,-0.0012779700902307573,-0.2653233685848149,-1.1817239090294742,-0.20120293188201546,2.053454307175738,2.0165212661410403,-1.5509890382035998,2.0257533241605197,-1.287225672412637,2.261931480219078,1.6068917885790825,1.6165150023028916,1.9800276304984412,0.3901907275520147,-0.26869638252448197,-0.11538570645198394,0.04727193726737805,-0.1056438743246463,0.48690037899239935,-0.32986029664592476,-1.4564153544929823,1.065893493070677,-0.5391318899915338,1
-0.5600370631125914,-0.09721581199228004,-0.5601329143253867,-0.5599863052105052,0.07266794103480817,-0.560032601805398,-0.39231977143974656,-0.014190888415567841,-0.2778064920296154,-0.5600430408275853,-0.9300722926146004,-0.6200349979547001,-0.6983422143617575,0.11687768833053333,-0.6194641982435684,-0.4336745370889153,-0.5541121647946914,-0.47577856529076706,-0.7832510135697716,-1.0769958118234828,-1.6344361896229798,-0.4499979917586752,-1.0236924303912518,-0.2206062958964161,-0.46692509917369374,-1.7900057148573985,-0.36855077380880713,-0.0010079400726890578,-0.39660189903284376,0.8722880308381195,0
0.9443760394391559,-1.0304500571785373,0.9430268125988559,0.9457242602326267,-1.1863550705369883,0.9443486500383893,-0.6792298534499365,-0.01419656364492628,0.01590505332578784,0.9443764524593108,0.5616405672913016,-0.6895780265001094,-0.5631369922021042,0.9667385924744705,-0.6699300376057769,0.8479980307832826,-0.5582523061838217,-0.9174012076562781,-0.6656834867088008,-0.4756886775113671,0.6445634673963269,-0.5543902974172965,-0.14838383611221617,0.7901031242538342,-0.6718314363673198,0.6901034828512416,-0.3835775494433234,0.31682618337944685,-0.6859036519751605,-0.706222130820281,0
-0.9074302341436101,-0.7245097890547716,-0.9091406399953246,-0.9060035569938909,-0.9297503867094684,-0.9071768907839018,-0.6483952930142969,-0.7065775111048328,-0.3616238951489629,-0.9074382907113304,0.42543920249226946,-0.5591401812370964,-0.5101396911134618,0.7374653689865304,-0.5798734222744709,0.6853886822110041,-0.5476091738322109,-0.4247252903226732,-0.7617764390038164,-0.5205423654134831,-0.05198901920442592,-0.4974390378547775,-0.3451590895824461,0.5154353711783844,-0.5908933023344481,-0.18170762603710142,-0.37603656237946603,0.7314720396138978,-0.5732641885898468,-0.460858586960819,0
-1.0454843909285918,-0.740479492537722,-1.0469697609279347,-1.0437470960873185,-0.929760174803908,-1.045668473183928,-0.651530329565014,0.9902202389205208,-0.23836544735556092,-1.0454930684982184,1.0144862326428177,-0.5905872246043002,-0.4847166281784599,0.9342296964883781,-0.5965815131084298,1.2491956645830053,-0.5513029228550537,-0.9992456011976084,-0.6358673713474209,-0.22120664456789937,0.4887730503021662,-0.6594220467294678,-0.2898499762941786,0.6925542354475465,-0.6870719240527691,0.5261450467409646,-0.3933485990306017,-0.9902562791302605,0.2235517885820091,-0.846125816068801,0
-0.5968190592918633,-1.0304500571785373,-0.5986699343049502,-0.5950155083110454,-1.1863550705369883,-0.5968137859481534,-0.6792298534499365,-0.01419656364492628,0.01590505332578784,-0.596825776840788,0.5084688578249196,-0.6103218930178137,-0.5394739901960999,0.876911390616393,-0.6321697484968514,0.6640861718600987,-0.5532550060872766,-0.2212059441411145,-0.7989002723745325,-0.4916622213227274,0.3521525600657044,-0.08994830191431959,-0.05896956361757009,0.4317711743324043,-0.35354715215998944,0.4911804184183243,-0.2760678109929729,0.17852566150833,-0.6421964493520357,-0.3951995003103836,0
2.7035252559292475,-0.09565228041862935,2.70449459614838,2.70260879233058,0.07482132181151151,2.7034605499761883,-0.39135759338319187,-0.01411487800955624,-0.2777999891909239,2.7035339340942963,-0.7908785654268378,-0.4133800595776188,-0.43206821722459005,-0.07211068607510494,-0.355059631978169,-0.44590870088612594,-0.52113029120426,0.9038108496626726,0.8320489757891171,-0.8515440733483451,-1.813526581565946,0.6880581395571538,0.450174767905608,-1.3065743385406474,1.2368366412970864,-1.942959075961727,0.13903676501222798,0.740847410434836,0.00244308928441237,1.3284174086161968,0
1.235569583439026,-1.0304500571785373,1.2343151380507271,1.2368317741049333,-1.1863550705369883,1.2355360227363075,-0.6792298534499365,-0.01419656364492628,0.01590505332578784,1.23557134370956,0.923446749093388,-0.5521904212268658,-0.49449472787267257,0.8803333753735316,-0.5944094593879258,1.306002426571008,-0.5466961815913299,-1.2029482772075193,-0.6965489821377242,-0.26056586690542316,0.47152374073970416,-0.4879759750039797,-0.23992700505255216,0.629361076551067,-0.6099537245581202,0.659813977294451,-0.3746307479614836,-0.3043186861567221,-0.4952425776937617,-0.7148460228839366,0
-0.6667600698440787,-0.0955716083011191,-0.6668876243198311,-0.6666808705100624,0.07488005037814886,-0.6667533207337986,-0.39130790506034446,-0.014198462360871656,-0.2778090113534466,-0.6667664647215914,-2.5673902994165254,-0.45211408948779447,-0.8476571768628036,-1.0302168542434662,-0.523002653559498,-1.7343119496860437,-0.5296686556329807,-0.7623118874882098,-0.772059042159718,-0.23486380344292443,0.34590805897648164,-0.7066362105904385,-0.3254139711134289,0.7197817585806445,-0.7289353283491715,0.3324574252779854,-0.39599330219062656,0.14954531001291185,-0.31660146095703906,-0.8411650524255642,0
-0.5602567097529441,-0.09554630833113763,-0.5603495124915977,-0.5602090526591319,0.07493877894478623,-0.5602522134471739,-0.3912923211836884,-0.014198182190489515,-0.27780946118008115,-0.560262686308328,-0.7593596081409536,-0.4894019617127342,-0.6500352074583691,-0.3364613541774333,-0.4896541279829662,-0.20458420725149495,-0.536861238342562,-1.077653712828939,-0.5037195716067109,-0.9364530557517521,-1.2034358557777232,1.548265760548002,0.1028679333708311,-1.951925422377473,1.4976915792120942,-0.5247836431783011,0.9406093312774095,-0.18277327452283895,-0.4088044653986697,1.3802993484142314,1
-0.4185517921114551,0.9069529297849828,-0.4139505084086416,-0.4175109266815902,1.3795351582271766,-0.41926050991283736,0.5572994298035291,2.7190278354228714,1.2659065986603995,-0.41855555560758645,0.46399550951609475,1.9769110194251511,2.0947460636947413,-1.6878685916622465,2.1193186392043204,-0.8356119789409923,2.109290157669083,1.484465013039551,1.417763466508493,1.9513330249964433,0.4358937251271403,-0.4262989946455234,-0.23247582308008963,0.19679941363259568,-0.2874832215615355,0.500069730770263,-0.36440138386390253,-2.0808621575289896,2.1351371313266787,-0.6663692541067834,1
-1.340794620183153,-0.0972400621786022,-1.34114467973378,-1.340513164370157,0.07262878865704993,-1.3407735810250292,-0.39233468202106114,-0.014192018811577159,-0.2778100785761875,-1.3408011177003423,-1.7608361735665954,-0.5479537018258168,-0.7908345286676949,-0.7921950231811342,-0.5209418077466259,-1.0050238624488559,-0.5461224317629821,-2.101289652814118,0.48664875930789947,-0.6771195773088107,-1.3667147602236287,0.09606587240547472,-0.7306557497589385,-0.5216386426203511,-0.06562644865505511,-1.439310740159753,-0.2035925548304886,-0.09719663097226332,-0.4555184040109639,0.7691935946781574,0
0.13031252692049497,2.1041804308193033,0.1331031759765799,0.1292031847371322,1.3795351582271766,0.12760358027593582,2.5577290258224696,0.4925959085527754,-0.4134340764034257,0.13031285308502452,-0.4345108472289378,1.6202599436595257,1.5276162814304073,-0.6270523379106671,1.4276036850520546,-1.613864435335539,1.4540370073281064,1.5173403428273697,1.3179148226061872,1.4763941498315731,0.2739149226671082,1.4995371841459322,0.19437087723214366,-3.988190346392488,3.0503810132549862,0.7348792859605691,0.8855886681111317,-3.4347070213461217,5.143483545490216,0.8551459894687689,1
0.17022734929316014,-1.0304500571785373,0.16862614249510077,0.17180428432820147,-1.1863550705369883,0.17021636652441166,-0.6792298534499365,-0.01419656364492628,0.01590505332578784,0.17022418059889252,-0.6279740464066796,0.015376240724387324,-0.18746241985468917,-0.4876063162808044,-0.06493008380484076,-0.11089990046046233,-0.3539988033337825,0.316681020382676,-0.0475072046824291,-0.356262274727521,0.7228578118671826,-0.32910811656616357,0.22736899420307652,0.3071649228077396,-0.08602089406971532,0.7796550890698964,-0.34452796469589697,-0.5085707978249873,0.5507103683731537,-0.5228623698209471,1
-0.02769054683651345,-0.09718030372221091,-0.027613096981908787,-0.02779714755758956,0.07270709341256641,-0.027697341608218233,-0.3922979379621525,-0.014190514641671993,-0.27780958141052575,-0.02769426969202951,-0.9334911769188419,-0.5142806683032772,-0.6243682739186583,-0.2428123118700938,-0.4860151671901422,-0.44520717518643377,-0.5410998407296684,-0.37767447014689026,-0.3748090614199723,-0.9609327581017235,-1.8680221046382022,0.2689926688935761,-0.3993304025666605,-0.8481711893063045,0.37794047370823464,-2.001289992853188,-0.12112567716098264,0.5541166825742468,-0.3023997041310487,1.2222966569806004,0
0.3351423271389403,1.6447566955716353,0.339136381784001,0.33510849942730037,1.3795351582271766,0.3335653804769024,1.678419313286671,1.3713972700076031,-0.02628107362234895,0.3351422997880503,-0.7211608708455192,1.402179886206628,0.9819982886529488,-1.0291359956004849,1.0399759649569476,-1.7438099347030958,1.0987810513094398,1.0932742498854728,0.5515762973858551,1.220027974225809,0.19583456019900689,0.7349085275803972,0.0038333066218116485,-1.97668953199301,1.4550349626382677,0.42470152628324626,0.1734291896808787,-2.6595951618729687,3.1044570905984012,0.2674235872443664,1
-0.8623307527337681,0.7327660680020044,-0.8608294380523833,-0.8641124648953196,1.3795351582271766,-0.862433497733978,0.3449484554659074,-0.041505858708422355,-0.2489704784674328,-0.8623356773756418,0.5330471369127707,0.03966606003247325,0.158682324240635,-0.28742004481509437,0.19170620956961512,0.8068131097192774,-0.340543656203092,0.3145290507071824,0.41083620643803026,-0.07427441871724341,0.25146327141755576,0.026962534451918516,0.2880429806860677,0.16653788388557658,0.05461026948744088,0.3137233931053223,-0.23248092259256492,0.211206391001006,-0.4088372026918764,-0.2868321973677521,1
-1.3762829578460956,-0.09724204671876495,-1.3766445622322723,-1.3759910177762396,0.07263123568065982,-1.3762611669854883,-0.3923359022274196,-0.014195394298025934,-0.2778085050057713,-1.3762884198272212,-0.8812711459583833,-0.6753436142213661,-0.7207832220032584,0.22037437025973936,-0.658850147626766,-0.423916964284598,-0.557690111443684,-0.32029224124281225,-0.7779014507356004,-1.1452920081028533,2.533883103750018,-0.7575916619489976,0.6028673913765715,1.5833229824839998,-0.7931357009458258,2.741824063125208,-0.3976314062654907,0.3300844416316937,-0.579874986642204,0.8445067053346113,0
2.951862131384782,-0.09565337297385554,2.9529120953691286,2.950872524566621,0.07466471230047853,2.9517921710662125,-0.3913582662905655,-0.014264551740713807,-0.27782152863925147,2.9518719514541534,-0.9334942426295024,-0.39378518211548,-0.5225172433171343,-0.46345669684220886,-0.35590497460375703,-0.37114317514006834,-0.5163967952488433,-0.4192229431799255,-0.290526082548365,-0.8256223919667113,-1.8887145276837303,0.4918027381794337,-0.283221536770038,-1.052252407630796,0.5992686801510452,-2.0216337549346246,0.006567127381497756,0.3063504418677885,-0.3529468385093357,1.3116145198470548,0
-1.3947745964716332,-0.7078098293332068,-1.3965157636660228,-1.3930761046085716,-0.9297675158747377,-1.395093312293686,-0.6449371671130593,0.06786584453468422,-0.47165825846231585,-1.3947843050940418,0.8177168492288759,-0.7083952822481936,-0.5414296175950404,1.1318495405761484,-0.6836306829247956,1.039720793238735,-0.558770175861315,-0.6699107308818704,-0.7542847831733296,-0.3399751394747656,0.3497545514977122,-0.7323005620569354,-0.34929982170437496,0.7715011930215967,-0.7816218509385006,0.28975516996527867,-0.3969761598785255,1.0929501370810035,-0.5044309285391051,-0.8551735877516541,0
1.4699448749511164,-1.0304500571785373,1.468766717072965,1.4711378218558144,-1.1863550705369883,1.4699063471029246,-0.6792298534499365,-0.01419656364492628,0.01590505332578784,1.4699477195939066,0.7912332558000871,-0.7198239233975027,-0.5515988315788941,1.1258610060612417,-0.6911493046791845,1.0375904914144534,-0.5589594690209743,-1.618012388494137,-0.3459599356697396,-0.3545337872562598,0.5617449576468119,-0.730200946757979,-0.2654739463956721,0.8458199159634018,-0.7847288190596701,0.552088674806313,-0.39690778068407745,0.4637991919621417,-0.6705227666223272,-0.8517549422484503,0
-0.6607395933406152,-1.0304500571785373,-0.6626112740382878,-0.6589171576976494,-1.1863550705369883,-0.6607329653208671,-0.6792298534499365,-0.01419656364492628,0.01590505332578784,-0.660746606627428,1.288422755848333,-0.6445595105089068,-0.4416929932539732,1.246486070733566,-0.6208082416308547,1.433817556395362,-0.5559721901967969,-0.450568817717401,-0.5870984556712563,-0.08372052275141237,-0.06773139063186202,-0.3138447376328947,-0.25291336727207603,0.3997295570967743,-0.44917632825178205,-0.059232669809584415,-0.34098963223359613,0.5106137716508209,-0.5816293954006918,-0.36784172363943973,0
0.124914792934156,2.1041804308193033,0.12599858267287573,0.12210300147195399,1.3795351582271766,0.12760358027593582,2.5577290258224696,-0.5209890358426279,-0.4134340764034257,0.12491510646502599,1.337708855926022,-0.6037834660127585,-0.4573379564947625,0.9855595086387325,-0.5832150452214858,1.4906243861022856,-0.5526395079447886,-1.862764859871856,0.20159580413382966,-0.05231632941545319,0.36283555478714735,-0.46941422470847693,-0.18244640765064365,0.6667429456423714,-0.6021045433725928,0.20929042561807057,-0.3717467801034888,0.6684099904487234,-0.6529864266027292,-0.6888973567382087,0
0.43301176704914035,-1.0304500571785373,0.4314960947321553,0.4345110651397953,-1.1863550705369883,0.4329952150566793,-0.6792298534499365,-0.01419656364492628,0.01590505332578784,0.43300981416619044,0.49872071501715703,-0.6726679535923783,-0.5559012006664164,0.9436401749671471,-0.6592368617028139,0.7372248415207318,-0.5575680427038002,-0.10926951765090738,-0.6545607888169471,-0.5075513211870734,0.11591937533010013,-0.7297723992092503,-0.4403639993337946,0.6836537873943335,-0.773020455305184,0.0421713424122608,-0.3968935605588108,1.0588292931251582,-0.4461258425145883,-0.6613089061631686,0
-1.2699171352374516,-0.09725855891641541,-1.2702441482435003,-1.2696566023823719,0.07261410651539059,-1.269897594672892,-0.39234605475003775,-0.014198871216107897,-0.2778083936756073,-1.2699245139417679,-0.8157725071002002,-0.2435736819720613,-0.4350394623697847,-0.4064963927610906,-0.29229170912904123,-0.5080467788512387,-0.47086947766636134,0.08513595278667627,-0.355570767632475,-0.6582925918788052,-0.00554908476995171,1.9990543433072359,1.6210787004539287,-1.0556364539792185,1.7719310454361346,-0.8949353184840021,1.5043516423302599,0.5725212872084838,-0.4992648415896337,1.2772134673642326,1
0.4543186117320577,-1.0304500571785373,0.45280987464326783,0.45581161493532996,-1.1863550705369883,0.45430160818091725,-0.6792298534499365,-0.01419656364492628,0.01590505332578784,0.45431675742840383,0.06226963116814343,2.0315511175728633,1.8600716710336376,-1.8675229953784014,1.9539085463217585,-1.3717256809270861,2.2178189196876805,1.2176201598203944,0.9142437014326891,1.973141956016121,0.49419414085932356,-0.4337477244735313,-0.1909620568799002,0.42465082437796065,-0.4294225728859089,0.6218862435462402,-0.36573498928258663,-1.1329700436910923,0.36561923811716457,-0.6705436828828117,1
-1.2344294132641624,-0.09725746633511703,-1.2347448687616747,-1.2341793448473826,0.07260921246817081,-1.2344106318394699,-0.3923453829821158,-0.014197920148422366,-0.2778079799380015,-1.2344369757380362,-0.14652536177472905,-0.2574852962288861,-0.3455359664024716,0.09719513658893676,-0.3141955798417257,-0.008943845948411529,-0.47577288924366373,0.4849193354603746,-0.12194894532945429,-0.5638702505764169,1.98969276272493,2.096558511788799,2.7355453497950744,-0.016458530658681712,1.6930635363328246,1.1374195060197134,1.6392848956405264,0.9281968924808949,-0.5160805028020801,1.6789008353525385,1
-0.5601566041693945,-0.09723786811917108,-0.5602525961950048,-0.5601058044497247,0.07262878865704993,-0.560152133826557,-0.39233333298751044,-0.014203049614552278,-0.2778089829248595,-0.5601625823907301,-0.3039880234734772,-0.23134707600969498,-0.49598089130237727,-0.2693203945651799,-0.37114865204846265,0.30455265514078617,-0.4664441961542429,-0.736388132165174,-0.7769714603853701,-0.5799082292243366,1.9912936101397825,2.3792156493338634,2.4561797650105888,0.21564080552889187,1.3508248799593148,0.8825102468264289,2.0565709230519316,0.7141356673046142,-0.6557842879998171,1.8737573440793138,1
1.4344334671462542,-1.0304500571785373,1.433243750554444,1.4356369055299232,-1.1863550705369883,1.4343956918958614,-0.6792298534499365,-0.01419656364492628,0.01590505332578784,1.4344361474902176,0.8702068529636519,-0.7077672115447524,-0.5375183814474044,1.1652138715616112,-0.6868052131722538,1.0894266845836416,-0.5587570296246168,-0.6725955999847708,-0.8508472738867596,-0.31187075079683907,0.34242319057568094,-0.70900578176428,-0.37117438424165833,0.7076849897108975,-0.748164713259876,0.34770032092769676,-0.3960974687825368,-0.7686080466093005,-0.07957447783291345,-0.8398589964930727,0
1.1952286241727024,1.9820575742651652,1.1987921715322063,1.194230674513864,1.3795351582271766,1.1929232364878317,2.3104231691717763,0.7768091343277269,-0.3275656398375821,1.1952322457471711,1.199428306604847,-0.45316476957456103,-0.41040308542263976,0.843547018837654,-0.515380205358696,1.3415066443486443,-0.529885118762238,-0.6517540910070765,-0.7489653246255376,-0.0889684508683696,0.42525318649168037,-0.7006915147274279,-0.3062425937641503,0.7560144148944283,-0.7437822567536497,0.43914303831346424,-0.39571995621597783,0.00402904086035449,-0.5013044162981948,-0.8787229590674048,0
-0.7033532827064498,-1.0304500571785373,-0.7052388338605129,-0.7015182572887186,-1.1863550705369883,-0.703345751569343,-0.6792298534499365,-0.01419656364492628,0.01590505332578784,-0.7033604931518547,0.7056472539510296,-0.6370737559191748,-0.5375183814474044,0.9444956507597937,-0.6436983400953661,0.9772333618238244,-0.5554506542420008,-0.8230457121295922,-0.8106436507508538,-0.3926912153954275,0.16021169655628412,-0.6497047738679236,-0.34547842611131074,0.6587325413334638,-0.6963993682927095,0.11328584122776958,-0.3926697856609325,0.7057600493862051,-0.5142940937438112,-0.6791061370268777,0
3.129247647535067,-0.09564135493659744,3.130355644126591,3.1282054953212586,0.07482132181151151,3.1291740058889506,-0.3913508643094552,-0.014251848404199213,-0.2778146988555076,3.1292582837283995,-0.9870382549344046,-0.5534284880480534,-0.6712818603985798,-0.11781465672816863,-0.5505087784743254,-0.4006284738278654,-0.5468613887902036,-0.6653164826993785,-0.5095823283958825,-0.9951147935755162,-2.24696027288414,0.28324055172237567,-0.5424309562315609,-0.6662728412711855,0.1563284241036009,-2.875109722019949,-0.11368264911137496,1.0169432842183808,-0.44597904148666356,1.5326185991008696,0
1.2923878359268055,-1.0304500571785373,1.2911518844803607,1.293633240226359,-1.1863550705369883,1.2923530710676088,-0.6792298534499365,-0.01419656364492628,0.01590505332578784,1.292389859075462,0.5256815094467397,-0.2687132155606412,-0.2695984349057814,0.5073366901025819,-0.3294191405140869,0.5625441212054645,-0.47962811860396964,0.30839640510912814,-0.2367020908338131,-0.3211945707309292,-0.12201948257537243,0.2521352954170559,-0.19947769341985738,0.0009895776822272388,-0.1233044988528755,0.4934323765793715,-0.12980440891397704,-0.046540916371996824,-0.6062651037995117,0.006233662714808552,0
-1.248439188164707,0.7321953973244832,-1.247319297512767,-1.2496524107774867,1.122950050588536,-1.248434308997763,0.34428560541760234,0.03611311574282997,-0.2705621618077382,-1.2484409648510786,-0.37489376980195666,1.6671922765672105,1.7818468734799364,-1.5680990435758448,1.8285978650670671,-1.4604862253711772,1.534996642987536,1.6687106439498485,1.8600398322587852,1.5324050643752603,0.7079099030242157,-0.4116048524188353,0.5456411890485625,0.7148053502754996,-0.19002255842351087,0.669559306166075,-0.36169146958560744,2.6377407268209017,2.0722610229866447,-0.5839123883881875,1
1.171649049390274,-1.0304500571785373,1.1703737983173896,1.1729301247183295,-1.1863550705369883,1.1716168433635938,-0.6792298534499365,-0.01419656364492628,0.01590505332578784,1.1716505139229199,0.9932175667342574,-0.6388654653013474,-0.5101396911134618,1.082230639217811,-0.6472070238737835,1.3131032972141037,-0.5555791796205563,-1.1989666161251327,-0.6992209457608295,-0.24022955041089464,0.5171285617375009,-0.5650928327527421,-0.23141136851259497,0.6649628581537604,-0.6308848769853471,0.6033174600120594,-0.3848186482442028,-0.638051919440618,-0.23808989453893525,-0.7680017222158824,0
-0.22679018996519926,0.9069529297849828,-0.22212648920862887,-0.22580597852177842,1.3795351582271766,-0.22750297179469614,0.5572994298035291,2.7190278354228714,1.2659065986603995,-0.22679339086806466,-0.3009680965486444,1.2149492734627947,1.7818468734799364,-1.713533599720614,1.8570016322320588,-1.0053221304374453,0.8212726935568698,1.915136003120143,3.0082087034333407,1.023513026844449,-0.01410812424294889,-0.229553701708399,-0.27324446727624296,-0.029271952064791846,-0.14639416382512196,0.11591970922847855,-0.3194092414643339,-1.0230272348300118,0.42626843987421104,-0.35527363476617857,1
-1.0754418126020737,0.7835496117339301,-1.0739672371635087,-1.077117962850666,1.3795351582271766,-1.0754974289763573,0.40479410962092255,-0.00809331059311911,-0.2815029668854449,-1.0754458810984893,0.37144265908300794,1.7297053099951865,2.055633664917891,-1.38844463985969,2.0274241396175468,-0.6247169317751295,1.6453121776898594,1.7522639507321605,1.9475189894655438,1.6653002163139226,0.6305915946620708,-0.27202183958819653,-0.07493640750858857,0.08287368703959645,-0.10695205429440284,0.7585841293651331,-0.3307138549844292,-1.8461337440280963,1.5948316225400336,-0.5180018253390167,1
-0.5573303738128564,2.1752217813528176,-0.5560423744827252,-0.5595145919851544,1.3795351582271766,-0.5542009996996775,2.706112539812885,-0.26197724963780644,-0.4589331960383141,-0.557330206746852,1.7007748780382759,2.142536116736987,2.1534146618600176,-0.18818236447824785,1.8765500838484397,-0.1390192386717665,2.444922282132513,1.346253937497488,0.9924512639443221,2.3318967142627605,0.952935500980906,-0.27604882439334205,0.13156798161416317,0.2929242228988522,-0.13442419234247943,1.1220582274448039,-0.33174027882789575,-1.1034475821445795,0.71283566815007,-0.36277860511527465,1
1.6972178849022344,-1.0304500571785373,1.6961137027914985,1.6983436863415171,-1.1863550705369883,1.697174540428129,-0.6792298534499365,-0.01419656364492628,0.01590505332578784,1.6972217810575156,1.1074344763130788,-0.6695730653567676,-0.4905834917250365,1.2379311496339958,-0.6609076691928022,1.2491957323019267,-0.5574203776941411,-0.1466248887954339,-0.719816808015591,-0.18264682791221212,0.5018022507734566,-0.5569816928982704,-0.17499522567818113,0.7014546835007593,-0.6230356957998197,0.5823781842878766,-0.38388316584503074,-0.007949349791923285,-0.49518158960078473,-0.7651397780080321,0
0.10360794825123867,2.1041804308193033,0.1046848027617632,0.10080245167641935,1.3795351582271766,0.10629718715169792,2.5577290258224696,-0.5209890358426279,-0.4134340764034257,0.10360821273141212,-1.0262965576939675,1.9718823128863594,1.9187402691989137,-1.4654393376885837,1.9255047791567668,-1.9887890238250028,2.0994106107708586,1.6890305778749932,1.638356031465282,1.8711857832104128,0.46805043267033763,-0.4427219813348662,0.19756421555602885,0.5848588468951605,-0.30841437398876237,0.45671622218998226,-0.3673058895238776,1.5578054568800908,0.6061472303276512,-0.6794481675706324,1
-0.639432748657698,-1.0304500571785373,-0.6412974941271753,-0.6376166079021147,-1.1863550705369883,-0.6394265721966292,-0.6792298534499365,-0.01419656364492628,0.01590505332578784,-0.6394396633652146,0.9511232840764604,-0.5757966498518038,-0.4416929932539732,1.094207626661072,-0.5910678444079495,1.0468215961629095,-0.5496548863104112,0.39864222908148084,-0.33224376733576655,-0.2515728258142405,-0.045599046772028855,-0.30931482432474205,-0.3018783249617025,0.3970594470841747,-0.47730257772775364,-0.11191009262013038,-0.3399177160169305,0.4173211667428262,-0.6252581002534524,-0.38002883778683466,0
-1.4012092641348284,0.8327276672486937,-1.4000680603178748,-1.4023063442075558,1.1229451565413162,-1.4011301263881348,0.46436723843919253,0.013895333184622344,-0.27557819230707237,-1.4011945338818277,-1.0097536845289985,1.780750973315656,2.1143022630831667,-1.5852090489480897,2.115977040158421,-1.8325704114282655,1.7374915773181177,1.9942788082977767,2.540743147822284,1.6529428291363037,0.3878669273532705,-0.4713176811292439,-0.25653252041513747,0.417530474423517,-0.46448225222683137,0.46754142975956253,-0.3720502320907153,-0.8813169301600855,0.2648892545989059,-0.6958902364250165,1
1.0367056997317976,-1.0304500571785373,1.0353865255470103,1.0380266426799434,-1.1863550705369883,1.0366763535767536,-0.6792298534499365,-0.01419656364492628,0.01590505332578784,1.036706539928902,-0.980175225827212,-0.7209066773832424,-0.7491360076440576,0.2583870644594141,-0.6904976985218315,-0.4623916513801436,-0.5589724948002489,-0.08850213283628401,-0.5808232595237778,-1.1375230582334936,0.8811436010174502,-0.6304536838357148,-0.06854965472502192,0.9091910907705992,-0.7102924148194518,0.921884086700914,-0.39118939157239885,0.3487383751561194,-0.635434876399015,-0.5662027573093409,0
0.8662509422684591,-1.0304500571785373,0.86487628625811,0.8676222443156663,-1.1863550705369883,0.8662252085828503,-0.6792298534499365,-0.01419656364492628,0.01590505332578784,0.8662509938311952,0.8698319449600652,-0.6936442230268057,-0.5199177908076745,1.1344160087473643,-0.6657530148972871,1.0872963827593602,-0.5583859427069657,-0.3448321000992029,-0.550906195338761,-0.3113383484959279,0.15581801559361244,-0.5029363282721029,-0.34656417094391545,0.5528172296595305,-0.6192288346790242,0.2382630050240525,-0.37683323451315714,0.020049245736365483,-0.5971902451369496,-0.6117793010892052,0
-0.8492767600916784,0.6840793641762029,-0.8480411484242177,-0.8506221058574611,1.122950050588536,-0.8492945390518767,0.28916920784774425,-0.02711454031619734,-0.265320399101895,-0.8492818475840688,0.436189431970769,0.7311640517536186,-0.06425837862780574,-1.713533599720614,0.27975783201181964,0.910485394479272,0.2218298450715108,-0.7363471783751421,-0.7550688311298825,0.5852149203273007,0.563113687424018,0.27415957136722874,0.5477701489407494,0.39527935959556376,0.046106982722113846,0.20810518344784235,-0.11843791867305603,0.8448944500385681,-0.548689318327699,-0.11039992534430748,1
-1.028595165159855,0.6899032440425888,-1.02707693219981,-1.029546729556962,1.1229402624940963,-1.0286233749400258,0.29575925917481066,0.004365512385631891,-0.2800111599923812,-1.0285999554700842,0.9225022559945318,1.8898962934433947,1.9774088673641896,-0.8922564421418381,1.8636848621920115,-0.43185802358348435,1.940923042874529,1.518579388858887,1.404304461416024,1.9188025564281357,0.1028191658530656,-0.38214673746999517,-0.34009228168542605,0.05083211224459989,-0.24634044005751227,0.1743916353609476,-0.35594254704281525,-1.587125535328969,1.3616223159637966,-0.5122870134554115,1
0.36270521376051146,-0.09718378501668287,0.3629097108417572,0.3624832508058654,0.07270709341256641,0.3626902298101515,-0.3923000785921783,-0.014201802626186822,-0.27780530412934734,0.3627032207230816,-1.0114908711621364,-0.6045138146949665,-0.6959213053110409,-0.04743385433646815,-0.5853053690770013,-0.4569311403986103,-0.5527097965172866,-0.7011657590638146,-0.4253205449745691,-1.0408869062081945,-1.8062086718497896,-0.4027573096125875,-1.085690418371184,-0.3440169523362834,-0.41432717255038665,-2.10135336544632,-0.36000915427152813,0.3837942387253625,-0.31851375273880184,1.0251843591069987,0
1.1645467678293016,-1.0304500571785373,1.1632692050136855,1.1658299414531512,-1.1863550705369883,1.164514712322181,-0.6792298534499365,-0.01419656364492628,0.01590505332578784,1.164548199502182,1.1258400646133662,-0.6578336964821427,-0.488627882976341,1.2379311496339958,-0.6592368696698525,1.2918007530037376,-0.5567971706080027,-0.5261439141245774,-0.8401260763768043,-0.17175407404218535,-0.017742047330861047,-0.7002133158424492,-0.4932674332129665,0.6169004429104737,-0.756471760358866,-0.12639639802221297,-0.39569722118622597,0.9932087051981986,-0.5362446555663793,-0.543099858994409,0
1.0722171075366598,-1.0304500571785373,1.070909492065531,1.0735275590058344,-1.1863550705369883,1.0721870087838168,-0.6792298534499365,-0.01419656364492628,0.01590505332578784,1.0722181120325909,0.6717673351209928,-0.664964136869938,-0.5453408537426764,0.9787155391244554,-0.65706480798231,0.9360484746192798,-0.5571876101803432,-0.7920078577658907,-0.7769122747832176,-0.4145090504272824,-0.0049363555486277985,-0.6791028522520284,-0.45452125396398296,0.6008796342926588,-0.7208888051313106,-0.07898671121308497,-0.39458276313282814,0.6660714651164631,-0.5015046710322898,-0.5505228544103525,0
-0.10377867332915665,2.156955696263635,-0.1013484030456579,-0.10510286301374881,1.3795351582271766,-0.10676674409068126,2.6676427398894442,0.3180709620115134,-0.44752451938230575,-0.10377866031122732,0.9220492735533957,-0.6452264868892661,-0.5140509272610979,1.079664171046595,-0.6500474005902827,1.2065906438811944,-0.5560166887010921,-0.9127907509784585,-0.7971458214740411,-0.27889970993594426,0.53479201762013,-0.5237276671458838,-0.15051274524720545,0.7550353678367082,-0.6473681551357168,0.46478903533414595,-0.3797134484995294,0.5875528722705203,-0.6657524481198598,-0.732372156893183,0
-1.3408351221315138,-0.09558679331367922,-1.341182093868972,-1.3405567442151036,0.07486536823648952,-1.3408140775093056,-0.3913172582824674,-0.014193497582629217,-0.27780793745794985,-1.3408416058137818,-0.9200666517604822,-0.4642282421460039,-0.5689653802930741,-0.10745475554194368,-0.4651166929240415,-0.5052513079231044,-0.5321158801368692,0.1858205774587243,-0.2701759582927976,-0.906162489502202,-1.8187678088711419,2.1520125527588,-0.10600691838984044,-1.8884948399673402,1.3227243913438969,-0.29421997011530915,1.7180883741161832,-0.017653876210478748,-0.6081949627386043,2.0856646765330273,1
0.5040345826588647,-1.0304500571785373,0.5025420277691971,0.5055128977915775,-1.1863550705369883,0.5040165254708057,-0.6792298534499365,-0.01419656364492628,0.01590505332578784,0.5040329583735683,0.6872075918223296,-0.6653647621786558,-0.5486654091307284,0.948773152102855,-0.6540573545003313,0.9978258054260966,-0.5572084540164499,-1.4333847126369907,-0.4920721021618201,-0.40633260693397744,0.2845083303192252,-0.15663318454179417,0.31891218852201125,0.5403566172392541,-0.20114221292581166,0.09484876522280676,-0.29795281113974326,1.3552934755757897,-0.17833741017731686,-0.43365547063358406,0
1.0935239522195772,-1.0304500571785373,1.0922232719766436,1.0948281088013692,-1.1863550705369883,1.0934934019080549,-0.6792298534499365,-0.01419656364492628,0.01590505332578784,1.0935250552948041,0.7659085365982576,-0.7209753066613331,-0.5492520898903125,1.1344160087473643,-0.6908151511482254,0.9949854707126425,-0.5589732917981617,-0.16874288227911186,-0.6021388696576678,-0.3681153008777046,0.3105838843836609,-0.6346927385789704,-0.2713284528615424,0.7219257108401017,-0.6972758642724312,0.2229865486412122,-0.39153084320210435,1.1173026851724943,-0.4374837876220238,-0.780453384277784,0
1.5622745352437581,-1.0304500571785373,1.5611264300211192,1.563440204303131,-1.1863550705369883,1.562234050641289,-0.6792298534499365,-0.01419656364492628,0.01590505332578784,1.5622778070634977,0.8828181156367606,-0.7079045772862104,-0.5336071266495233,1.1404044616757187,-0.6786182365537153,1.107178861191381,-0.5587599292672744,-1.1650961563405544,-0.4703369726427996,-0.30513032950537555,0.6335063533061307,-0.7097428097707479,-0.2250246284183277,0.8412806882918131,-0.7565371739870961,0.644800912421409,-0.39612931194312473,0.16120483846137537,-0.5405816211386747,-0.7889101870758068,0
0.5963642429515065,-1.0304500571785373,0.5949017407173514,0.5978152802388942,-1.1863550705369883,0.5963442290091701,-0.6792298534499365,-0.01419656364492628,0.01590505332578784,0.5963630458431595,0.4410839492969698,-0.6434891106120194,-0.5560967671363594,0.8615124592092694,-0.6433641785973685,0.666216405965459,-0.555900102825701,-0.28382026957194323,-0.7522921390695573,-0.5338595412489615,0.6012295476607198,-0.7553531224147393,-0.2653675022078526,0.8615737053570841,-0.7962409519199622,0.6164868078651502,-0.3975859559024553,-0.046683788695496956,-0.5284509551621753,-0.8273788490855736,0
-0.18034126855643956,2.0693947219630946,-0.17949892938640383,-0.18320487893070914,1.3795351582271766,-0.17778805450480764,2.4862851116789355,-0.6120894009409067,-0.39000577457498964,-0.18034160383285966,-0.5270330227853547,1.8564830238978463,1.879627870422063,-1.739198444605877,1.945554500904779,-1.4640366268332645,1.877728654046875,1.6960163060781879,1.768417158148741,1.742061465596262,0.21560831447786585,-0.3919364474266335,-0.30751993987960885,0.09533434190050634,-0.2590299485361415,0.2904136369654559,-0.35789987870306217,-1.9544473458968263,1.862054839062189,-0.5787203774785965,1
0.589261961390534,-1.0304500571785373,0.5877971474136472,0.590715096973716,-1.1863550705369883,0.5892420979677574,-0.6792298534499365,-0.01419656364492628,0.01590505332578784,0.5892607314224216,0.6055072172399576,-0.7132975504129925,-0.5662659811202131,1.0146464198676863,-0.6819598595007302,0.8721408419881815,-0.5588629636654789,-0.9888377733763429,-0.4078796181786943,-0.4536954378535305,0.5939855424969473,-0.754315749141541,-0.2635579256363219,0.8551653832362279,-0.7904194740546219,0.5926502726304599,-0.39756406729793053,0.2697569514264292,-0.5518341545193473,-0.8332210997992341,0
1.5682969656982795,-0.09572617017665262,1.5688966453170834,1.5677161752673348,0.07466471230047853,1.5682563838052506,-0.39140310048966187,-0.014213126227116308,-0.277802715549261,1.568300438452684,-0.5289901355621449,-0.410367329879132,-0.5056703836821994,-0.2304419140723297,-0.3870200683947783,0.04171473211019115,-0.5204206114065375,-0.5248352452995346,-0.3314168880679441,-0.8158053208559172,-1.5191452433222534,2.159253318904247,0.5153117332508966,-2.444142382378236,2.112867401125202,-0.5432350367548291,1.7284882995351376,-0.34938202812528746,-0.29738269254809213,1.9288848347633913,0
1.2426718649999984,-1.0304500571785373,1.2414197313544313,1.2439319573701115,-1.1863550705369883,1.2426381537777202,-0.6792298534499365,-0.01419656364492628,0.01590505332578784,1.2426736581302975,0.7377888728175318,-0.6894099065506554,-0.5453408537426764,1.0616987306749797,-0.6732716525857532,0.9935653372153761,-0.5582465229730771,-0.7160946927614782,-0.7438217048947727,-0.38160737821874874,0.6236011300763641,-0.5178483868156274,-0.1419970960179489,0.7734592924421163,-0.6556752032093893,0.6756172009977964,-0.3789203097775134,0.3155306310705079,-0.6966113776807977,-0.6942971249769165,0
0.3268057944076504,-0.09550110357085194,0.32700178932412965,0.3265913347026912,0.07497793132254447,0.3267915019215194,-0.3912644756181533,-0.014194820527317603,-0.277807861279784,0.3268036419765323,-0.5667851279060562,-0.46435578731431804,-0.4673924528211091,0.00024222645534463419,-0.39937006963507016,-0.22197351625221715,-0.532141080328192,0.45975336195892613,0.25796261227577716,-0.8803425853195954,-1.9291306543216529,2.038862505711377,-0.26593347033864195,-2.824139856572415,1.912061354704697,-1.326788756839285,1.5588826316648725,-0.44487825726283103,-0.21077022050754882,2.082554343552474,1
0.24295471247751796,1.727657049158623,0.24677666883584673,0.2428061169799836,1.3795351582271766,0.24123767693853806,1.8268028272770869,1.2337542924724347,-0.11066832969724538,0.24295454319512094,-0.6005837963645994,1.0788557100861813,1.5080600820419818,-0.7895967362545769,1.4426409604289867,-1.2041457635359933,0.6355001880548381,1.877300174303574,2.6689662900818854,0.8540320123450852,0.29965497145404735,0.03004645424514774,0.49561179899771535,-0.276704325184877,0.507900453711177,0.3118796878596898,-0.23124120199078693,-0.3969381908381465,0.46862286545074106,-0.2941417271506834,1
1.2144781480428077,-0.09717722954266601,1.2149598478647232,1.2140044942286357,0.07270709341256641,1.2144450690119464,-0.392296047658358,-0.01421427453161491,-0.27781526504716475,1.2144800058819682,-0.7271702364898973,-0.6405084998638724,-0.6889717903748197,0.23533158187516362,-0.6345928256763004,-0.22089997242627557,-0.5556949954722413,-0.5577001785754029,-0.7342405108792004,-1.0987895553006735,0.5454176908846419,-0.5997414394154399,-0.1196143139547979,0.7624818528388649,-0.633853806904669,0.5410410513372782,-0.3884545749657545,0.6089458307790448,-0.46870660285687443,-0.7842909177643178,0
1.178987660410561,-0.09718378501668287,1.179457912399378,1.1785245959013018,0.07270709341256641,1.1789552208294187,-0.3923000785921783,-0.014191324663665808,-0.2778053041293473,1.1789893566451608,-0.3778443329665061,-0.6057288475953291,-0.6280596516521304,0.354438557763407,-0.6058136740309006,0.0320847121264568,-0.5528258746178469,-0.3510862951383002,-0.6667685524520006,-0.9377718657838137,1.0924915314932941,-0.6637314259837762,0.023215373925612286,0.9568505746399529,-0.6889288308206521,1.1477097268131276,-0.3936349407664489,0.16545836945583897,-0.4050419651771355,-0.39572017827235756,0
-1.4117712224932575,-0.09724444523299833,-1.4121443769760826,-1.4114687899271732,0.07262878865704993,-1.411748681828188,-0.3923373769647417,-0.014191718628536574,-0.2778084874994277,-1.4117744799272345,-0.12982940493425016,-0.6309066113222069,-0.6271785208231717,0.33298880066815345,-0.6008716722458207,0.31879572189866273,-0.5549904813954191,-1.438597304041084,-0.14547541092971789,-0.8286696579014381,-0.3515602569556921,-0.46681593385060594,-0.42378863374652775,0.3507623181585848,-0.5181913676732899,-0.5180023263547892,-0.37132971275783705,0.7631919936994545,-0.4497179908108636,-0.2137443708949341,0
-0.6171315845562444,1.2103956467689168,-0.6128791209123585,-0.6163160581065801,1.3795351582271766,-0.6181201790723913,0.9749715432580331,2.1125993129834506,0.5797870157813437,-0.617134895523549,1.1435850794135802,1.9024101778706184,2.1729708612484426,-0.4756293288375434,1.9493973541482326,-0.30729502749715515,1.9647987255746273,1.5524511354052302,1.5219105200747205,1.9695865025973496,0.12442870012808423,0.6185628264668617,-0.061098472752559384,-1.9054858626860394,1.3628070193792692,0.46125964920093276,0.08998668053245233,-2.626652306966366,3.170515367246997,0.1913424462174711,1
-1.121819711737085,0.6927624840444467,-1.1208575421272071,-1.1232691540743243,1.122950050588536,-1.1216612807455393,0.2990028306928899,-0.05303949182184711,-0.26356447655695564,-1.121823908381062,0.5374736921415552,1.9527991176910167,2.0947460636947413,-0.5329476347095284,1.8937594129458757,-0.8909985735722677,2.0620858998830225,1.4422674654549248,1.2748997831941487,1.9333670493988002,0.2698202995390461,0.871648579518111,0.06663620223979214,-2.573019307524636,1.9318726358363618,0.6774609101682019,0.2799121568886989,-3.045813916132656,4.318736530927048,0.36407874587233413,1
-1.3541779595123755,-0.7204643967674339,-1.3560195831900026,-1.3526050681225708,-0.9297650688511278,-1.3539009576719887,-0.6475744622885615,-0.6120894009410578,-0.39000577457496166,-1.3541877355542562,0.8075597018353056,-0.7235382031605239,-0.5488609756006714,1.1566589504620408,-0.6948251050582741,1.0375905591333747,-0.5590006115043118,-0.7207957397374056,-0.8262518163129597,-0.34588113807730697,0.4519946197394579,-0.7336552410970332,-0.30741349569178933,0.8064799434727685,-0.7815891452209034,0.4262950179347128,-0.39701914068756905,0.646250272240945,-0.5983595601074153,-0.9085815433466864,0
-1.4472749585612021,-0.0955928728310999,-1.4476565908266301,-1.446965128879667,0.07485802716565985,-1.4472516613970496,-0.391321002924094,-0.014197738712651927,-0.2778084319731437,-1.4472714552553412,-2.0801329131944493,0.12962110395223095,-0.5084982084427038,-2.6631260072049683,0.0856738096869588,-0.9190339699482658,-0.2869905199443469,-1.4512464114587842,-0.18650679816511878,-0.026632949873861902,-0.2730143790629934,0.46931890564634776,0.22550960578684345,-0.6690572863502877,0.6302673133381933,-0.30236145623752064,-0.00741344238829819,-0.05456316835159708,-0.26445860523994585,0.22044296236518865,1
-0.8031119299453576,0.7320572936034927,-0.8018612919501406,-0.8044709146338027,1.122950050588536,-0.8031306872826945,0.34412522630614245,0.001743842989051392,-0.2768712459526618,-0.8031168453603628,0.1940025341589606,1.8547931654548877,1.9969650667526149,-1.3713347976605492,1.9739582680697707,-0.9698179465192696,1.8745541223547455,1.5849610059431292,1.66600496710853,1.7858980843377628,-0.09657777829610566,-0.10297201918693348,0.358297032897912,-0.3034056799546742,0.4431447264748615,-0.023675420401830027,-0.280511914616728,-0.5002925486406326,1.0558022806849516,-0.23332664705711656,1
-1.3785245787526892,-0.7204643967674339,-1.3801751977124095,-1.3767456885156717,-0.9297650688511278,-1.3787584163169329,-0.6475744622885615,0.5836962736510917,-0.3900057745749827,-1.3785343651810547,0.869934194074927,-0.7196532833199709,-0.5394739901960999,1.178046375590795,-0.6909822358807435,1.0922670192970958,-0.5589573386941598,-0.7819283433840938,-0.7917290506487424,-0.3124124636304891,0.9441378352151708,-0.7213032952475108,-0.09728995342597617,0.9560074384057632,-0.7623586481973768,0.9929985698173311,-0.3965942170062549,-0.3567188046403632,-0.33150846058208194,-0.5301053639167685,0
0.362289103464296,-0.09550437997088784,0.3624966783025862,0.3620641909171064,0.07497793132254447,0.36227398094952423,-0.3912664938847496,-0.014196937699727484,-0.2778101587423797,0.3622871095932402,-0.657428219615615,-0.5113128107213805,-0.5614626104990192,-0.09824734599149441,-0.46050483721840774,-0.21740297579844903,-0.5406177642331145,0.01763259942392064,0.002390967559813433,-0.9481715679773984,-2.444946821569775,2.289716654597297,-0.31484992952605156,-2.939823177118299,1.9670189040282062,-1.8827948819462474,1.9202408052338813,-0.16237348880285762,-0.4108361049381151,2.5366688996969318,1
-0.21329585499935158,-1.0304500571785373,-0.2150218959049247,-0.211605611991422,-1.1863550705369883,-0.21329870971187084,-0.6792298534499365,-0.01419656364492628,0.01590505332578784,-0.2133007981209477,-0.09773287385690838,1.0132745699855785,1.4689476832651314,-0.5928324903392814,1.3707961825902253,-0.9975111930457163,0.5507713621811091,1.727022340077442,2.409276367999173,0.8135023936523561,0.20113602803399033,-0.35423881978863775,0.03150915075527125,0.3863788797118757,-0.2645897601923706,0.1567447103367425,-0.35010692310572,0.6566158639603844,-0.12911106536554806,-0.5469624261509698,1
-0.9505497085634002,-0.0955651895039365,-0.9507696042179239,-0.9503866903440741,0.07489962656702799,-0.9505369418119807,-0.3913039513507732,-0.014196252366341807,-0.277808175779701,-0.950557073006708,-0.3378243336642833,-0.5045374337002954,-0.5213550905952611,0.2810995979716709,-0.5003259581978879,-0.013556926582014376,-0.53949330627505,-0.02969480490630896,-0.48927611592469533,-0.8483766978804304,-1.6206557301859186,2.488191529450444,-0.1337156278086851,-3.3696354297005775,2.394195569997067,-0.22591428997761817,2.227827871056629,-0.7699128747864491,-0.023888346407021876,2.190609559220174,1
-1.0152996921270148,0.7038137310342496,-1.0142886425716444,-1.0167664050966512,1.122950050588536,-1.0151293151243497,0.3115902000638686,-0.04646578400582948,-0.27054641978033883,-1.0153044701929856,0.9887627070309415,2.0508039419489568,2.2120832600252935,-0.7126020384256833,2.0290949550745734,-0.2520646643850796,2.2565752138647133,1.6564743584379755,1.758789366922774,2.104674203383334,0.060164368882987,-0.05527755606728094,-0.2649417191119248,-0.677224392088035,0.33489142263713273,0.12118746092898812,-0.26383502916031315,-2.3739525975643048,2.9368481134495674,-0.2824080727611221,1
-0.10775595100330103,1.2103956467689168,-0.10845299634936208,-0.11220304627892702,1.3795351582271766,-0.10676674409068126,0.9749715432580329,-2.1409924402734304,0.5797870157814271,-0.10775820032488609,0.42065033821006864,2.3626965094652363,1.879627870422063,-1.8247481451208933,1.962262591738738,-1.44699461855254,2.9218392770637256,1.0445683143837028,0.4906899523818997,2.3778077146899403,0.12112219209541301,0.14106532199078603,0.061313929402318904,-0.8641337905953488,0.6727332819996366,0.29660323540162237,-0.18353238992139023,-2.0308765778147584,2.2046880179053034,-0.16601635420322308,1
0.9798874472440181,-1.0304500571785373,0.9785497791173768,0.9812251765585177,-1.1863550705369883,0.9798593052454525,-0.6792298534499365,-0.01419656364492628,0.01590505332578784,0.9798880245629997,0.6045528379921782,-0.7280725600093351,-0.5727195254263738,1.0591322625037638,-0.6961617351161876,0.8685904743855549,-0.5590372871838862,-0.763019630239211,-0.7917744547189413,-0.45461437371762187,0.3789062840184293,-0.7509207378280417,-0.34650030332091003,0.7822707318768354,-0.7878161621907891,0.3515194350234068,-0.39748877395567406,0.7375895726228051,-0.43837017537858997,-0.884391474630151,0
-0.1280684762676823,-1.0304500571785373,-0.12976677626047461,-0.12640341280928344,-1.1863550705369883,-0.12807313721491917,-0.6792298534499365,-0.01419656364492628,0.01590505332578784,-0.12807302507209434,0.6261964590372149,-0.6857669452979606,-0.5336071266495233,1.0403113055462256,-0.6590697690032573,0.8636199055667406,-0.5581161776373317,0.77666871605952,0.2529529335687513,-0.4409064568012669,0.2674815804788908,-0.5329311327714009,-0.227153537553317,0.6578424975891584,-0.623035688002359,0.20020357159616964,-0.3809212845470067,0.7580584952952759,-0.5629845820682894,-0.695338993547676,0
-0.311736964852347,-0.09722851302845538,-0.3117520568364596,-0.3117595169822375,0.07262878865704993,-0.3117377181180694,-0.39232758090570274,-0.014185899407397236,-0.2778115398697012,-0.31174191438033605,-0.3703310515382557,-0.2938616969412026,-0.45380666313996265,-0.02011904381364949,-0.3837862633804912,-0.2007896007783447,-0.48793169387909413,-0.16897912656864827,-0.6597312803379988,-0.6595805499976464,2.164534235479753,2.2323925642314126,2.7304464847624232,0.4777168099317973,1.3267582984359514,0.9144847751354432,1.8349676315122423,0.9732798487736419,-0.5593034798788655,1.848745185611701,1
1.6688087586583447,-1.0304500571785373,1.6676953295766819,1.6699429532808043,-1.1863550705369883,1.6687660162624787,-0.6792298534499365,-0.01419656364492628,0.01590505332578784,1.6688125233745645,0.81560362175849,-0.7106125244422287,-0.5453408537426764,1.1078955656896263,-0.6822940209987279,1.0631535715544613,-0.5588142996410131,-1.3993481740247984,-0.41500066943835157,-0.34119560751601785,0.2846360515236847,-0.6208493333769715,-0.30326211843730544,0.6765334374398898,-0.683539797197758,0.26881590209064155,-0.3903834458732165,0.48851158104439557,-0.5529310521583983,-0.7567998072875257,0
0.3220741290667508,2.1041804308193033,0.32492719517659263,0.3209081328969439,1.3795351582271766,0.3193611183940771,2.5577290258224696,0.4925959085527754,-0.4134340764034257,0.32207495189876667,-0.34050089776998405,-0.1993688046290273,-0.19137363735208016,0.00858192223032369,-0.16517860490747824,-0.17026294591435664,-0.4543578839739566,1.3000960535693908,1.1523213651935338,-0.5547875703027497,0.6497372122292623,-0.4301581503861807,-0.010004602755618775,0.46203270407942343,-0.34569797877192254,0.7032728385538781,-0.36509568716129825,-0.43577418456634426,0.10324358680311553,-0.6237573376017091,1
-1.402885402610311,-0.7919395301199482,-1.4043308122348164,-1.4015963299437955,-0.6731750671652673,-1.4029056591484879,-0.6604894222241919,0.7026435474801684,0.9724828458692057,-1.4028954285648323,0.833532023685432,-0.7328522951925165,-0.5486654091307284,1.1814683603479335,-0.699503366030241,1.0567628015194592,-0.5590598185916479,-0.5876197385669887,-0.6862794600700438,-0.3321002859614571,0.32478022666018,-0.7736512948103306,-0.3979986637694247,0.7666949504362522,-0.8080147197995232,0.29792017332674975,-0.3978860297550086,-0.28492461809110997,-0.28477333207711003,-0.8456816048332938,0
-0.497671208700688,0.23505627460936512,-0.49920562805309177,-0.5027131258637287,1.3795351582271766,-0.49738395136837643,-0.15164402592845783,-4.826231501005872,4.917405678102529,-0.49767648620626753,1.6350092393806983,2.3909697666574754,2.0360774655294653,-2.141282102295695,2.157747267243318,-0.20960162063407511,2.9856302928602223,1.0808897643235018,0.6245589841011112,2.5831633058599186,0.09442207694582223,0.0728325236050426,-0.06216292732005404,-0.4903149935807211,0.3221364807929512,0.35586532428916784,-0.21356426046568966,-1.3124348991358015,0.7017652437025487,-0.20647281075130752,1
0.07789768900051841,-1.0304500571785373,0.0762664295469465,0.07950190188088471,-1.1863550705369883,0.07788866298604737,-0.6792298534499365,-0.01419656364492628,0.01590505332578784,0.07789409312930134,0.5997469524390147,-0.7214506658234426,-0.5719372781968466,1.0343228526178712,-0.6906480664157073,0.8629098049586468,-0.558978718500485,-1.1377115711344128,-0.4611251032612509,-0.45704896534589706,0.3468896920211627,-0.6157996164139518,-0.31890961390324113,0.6836537873943335,-0.6983878250441848,0.37575104378608953,-0.38994170983021964,0.06387640698620578,-0.6050454789302594,-0.7884412797923066,0
-1.06990202539846,-0.7975993705342164,-1.071125389001278,-1.068597737515442,-0.6731750671652673,-1.0698157024692432,-0.6613682879034936,-1.326303043304843,0.8465385072432973,-1.0699108526704544,0.633013350575527,-0.6933228477494741,-0.554923386966946,0.9821375238815939,-0.6659200916627667,0.907645059765818,-0.5583758166514106,-1.0900855213024436,-0.46501864793286657,-0.43786285924587026,0.0355204595088826,-0.6936731722945305,-0.4127945993881545,0.6516121913790202,-0.7325317706088171,-0.08030364521343945,-0.3953751232956047,1.5983990788452545,-0.06053773198179674,-0.5872872281492556,0
-0.1607389714481555,2.1333157722912186,-0.1581851494752913,-0.16190432913517452,1.3795351582271766,-0.16358379242198237,2.6181815685593044,0.4042412569951095,-0.4324650661963965,-0.16073909910996276,0.5324506584663765,2.3851990762733166,2.0165212661410403,-1.5595440408897223,2.0274241396175468,-1.440603848517538,2.972563232975395,1.097169658899962,0.6039992535207657,2.414546619092545,-0.02734606408793127,-0.12031017137894526,-0.2868695009673337,-0.03372219200663587,-0.15149612028939693,0.1001165012242247,-0.2863002553103738,-0.9553603603445543,0.17823064004724432,-0.28211283415391025,1
-1.234469712556479,-0.0955128148674945,-1.234781917021586,-1.2342228976072793,0.07496814322810491,-1.2344509319032673,-0.3912716897592627,-0.014193980271857285,-0.27780812913098524,-1.2344772669979736,-2.6095062241968665,-0.4016875482420947,-0.8321159089846772,-1.0823493556872215,-0.4995431508496562,-1.9306431878884547,-0.5183392298213272,-0.5658103857732247,-0.8262610202597137,-0.19355209266719972,0.5872349141363697,-0.5250525163470868,-0.11790940506917401,0.689911669406053,-0.5794739499961586,0.5981891397938491,-0.37988985556377997,-0.03239046755227287,-0.413065586172862,-0.7154104129204512,0
-0.5400008068040838,-1.0304500571785373,-0.5418331878753168,-0.5382140421896198,-1.1863550705369883,-0.5399967376168523,-0.6792298534499365,-0.01419656364492628,0.01590505332578784,-0.5400072614748856,0.7511158825452177,-0.6268428593671981,-0.521873418206615,0.9992474884605628,-0.641025048111385,0.9609013864322725,-0.5546721943332353,-0.5060641106675342,-0.8475750241740111,-0.36693882575290515,0.4889159758406215,-0.6877323471885556,-0.27931186846240197,0.7683860346114485,-0.7363255354071446,0.48347634627422753,-0.39506451457014224,0.0001609619566673592,-0.4704080165934641,-0.8673656749308888,0
-0.4183296702496843,-0.09553627041246787,-0.4183762442122263,-0.4183239115329985,0.07493877894478623,-0.41832814931080503,-0.39128613806793827,-0.014191396713900281,-0.2778084561863977,-0.41833506626180966,-0.8059811551098403,-0.4286206705680482,-0.5414776419761298,-0.7577089586900589,-0.3146357627052576,-0.3228655224008136,-0.5246195878498242,-1.0735460911448444,0.31189965171294326,-0.8692645152778888,-1.5221707101409796,2.046590992362262,-0.20041410026734408,-2.4104085297652276,1.6482691133706793,-0.0910377107253768,1.5695587760047465,-0.3525623125458838,-0.371030791806794,1.8595581711617075,1
-0.09907928990401904,-0.09561896371508849,-0.09902219511244739,-0.09916777024591139,0.07482132181151151,-0.09908456305538493,-0.391337073168236,-0.014208766001792699,-0.27780866313437796,-0.09908332314913668,-2.398544952288404,-0.45632131874036785,-0.8208485685703212,-0.8831291913788835,-0.5288249972016472,-1.6511706536072988,-0.5305306256826708,-0.575922822945047,-0.8070076365816863,-0.32142466142434034,0.2311964009636384,-0.4951227998986887,-0.26257145950279503,0.4436633369083097,-0.4873983028394389,0.22762350299053988,-0.37569649111605846,-0.6953168061946788,0.12211035866442269,-0.6524793255341994,0
0.44750042143352425,0.23505627460936493,0.45280987464326783,0.44871143167015176,1.3795351582271766,0.4471994771395046,-0.1516440259284579,4.7978383737155745,4.917405678101864,0.4474990368505566,0.019595951216031745,2.0254481798481763,1.8405154716452123,-2.4321508882390246,2.0474738294974046,-1.3063979147987215,2.205589655607958,1.2744453463743408,1.056242604656668,1.962923748772378,0.4554830363979318,-0.3905162661206271,-0.13241700491049707,0.36590785237253337,-0.35027664765337363,0.5678918985096585,-0.35761882079939716,-0.9571525364647093,0.22678919511766168,-0.6386358050709794,1
-0.46897799119435934,-1.0304500571785373,-0.47078725483827505,-0.46721220953783765,-1.1863550705369883,-0.4689754272027259,-0.6792298534499365,-0.01419656364492628,0.01590505332578784,-0.4689841172675079,0.7042497897879416,-0.4894341501373347,-0.4925391191239771,0.7819512116226077,-0.5735243538125158,0.947409813473096,-0.536867012059718,-0.616494751789805,-0.8840629728311816,-0.35404026305357367,0.12977934636639585,-0.3910738843487164,-0.27643783732337657,0.5261158961100499,-0.5565138827182994,0.10801810522635164,-0.3577292919638095,0.40233301313665726,-0.669763237417807,-0.533175957136578,0
-0.34736567691146986,-0.09553278787841292,-0.34738917644257816,-0.3473809076091368,0.07493877894478623,-0.34736568376294275,-0.3912839928954602,-0.014201792659960258,-0.2778088213875406,-0.34737077552823964,-0.7821999685566312,-0.47215492171967044,-0.5490623795973255,-0.23930351902145974,-0.4223618832807784,-0.31427715936051026,-0.5336596245626773,-0.1587299878828538,-0.15633086207361882,-0.9181501613728401,-1.5086135416051454,2.0840159197411987,-0.29979258165086714,-2.4751447558226825,1.634776917725279,-0.07211320932353005,1.6216684772877172,-0.5479723572782143,-0.27983509417907876,1.8759208000888261,1
-0.09454570729989241,1.869189221753444,-0.09424380974195372,-0.0980026797485706,1.3795351582271766,-0.09256248200785598,2.0905957410378266,-1.0186133662101706,-0.23836544735562393,-0.09454644316668792,-0.6279536006621244,1.3202786973319864,1.7818468734799364,-0.6270523379106671,1.6448088658935196,-1.194914692646998,0.9742638544177226,2.2018567881365834,3.14955721318875,1.1283502727203454,0.05062324630241626,0.6504926854108017,1.2747933037617603,-1.4070610263499141,1.8174055239270532,0.10801810522635164,0.11223129341450079,-0.6118702116513715,1.743280277349718,0.23287842534304565,1
0.6460802138783135,-1.0304500571785373,0.6446338938432805,0.6475165630951417,-1.1863550705369883,0.6460591462990585,-0.6792298534499365,-0.01419656364492628,0.01590505332578784,0.646079246788324,0.6350924977164126,-0.6642371003485033,-0.521873418206615,1.0172128880389022,-0.6445337398568409,0.8515484661048305,-0.557149486709764,0.712303165439612,0.05954160462660692,-0.43394891734211516,0.5693716534096384,-0.6993186961442706,-0.24099147230934617,0.805411890449094,-0.739988490005957,0.5386559354434239,-0.39565438965283306,0.41899235351239583,-0.4978561093693637,-0.8326817919732085,0
-1.2567346619144446,-0.7936991140491928,-1.2586866630598172,-1.2553325519726193,-0.9297699628983476,-1.2566017705323795,-0.6607649130048453,-1.9153441609705506,0.36819586152174416,-1.2567442839078375,0.4899269270780931,-0.7115012037955272,-0.5774130274537822,0.970160577231609,-0.6827952751962821,0.7698887245849141,-0.5588309846284553,-0.3876275115531363,-0.5859528797433262,-0.5154406413446032,0.577007882463241,-0.6197262447477985,-0.21438008274338122,0.7763964389203559,-0.7023124234344092,0.6361091417394328,-0.3902862731746646,0.1281203058294043,-0.6238382177135818,-0.7830698120060863,0
1.9585228051626338,-0.09569844651067962,1.9592494701954946,1.9578266961991522,0.07466471230047853,1.9584739228199952,-0.3913860265040609,-0.01419656364492628,-0.27781057322290786,1.9585280637492604,-0.812631172518712,-0.3388210131188291,-0.5348706248031789,-0.5182400269521108,-0.3557599107657974,-0.3820274363099844,-0.5016344951987736,-0.5519683911374842,-0.44200864939956586,-0.7669283962671252,-2.407586814318038,0.3283426459947054,-0.926098521314838,-0.9601239781723158,0.13652087795557738,-2.9612753795543365,-0.08947073076424264,0.3767502887399525,-0.5519998736915702,1.6756961846639509,0
-0.8887796499170627,0.6822767230452655,-0.8878268600842121,-0.8903831213084392,1.122950050588536,-0.8887113609132209,0.2871339458532268,-0.018119203292027108,-0.2739227233132204,-0.8887847409348876,0.4789892671642447,0.8185824958278709,0.7649245052818199,-0.7895967362545769,0.8077335087385502,-0.5167841110854933,0.3175938024340358,0.6299115373948752,0.13959333383469238,0.6863435603952474,2.0311054683836804,0.7716337555372385,3.222746837264484,-0.022151602110348168,1.9966283474777562,2.199311307273004,0.20113505542450705,1.3325708370174514,1.3519183664197676,0.8833997673757067,1
1.107728515341522,-1.0304500571785373,1.106432458584052,1.1090284753317254,-1.1863550705369883,1.10769766399088,-0.6792298534499365,-0.01419656364492628,0.01590505332578784,1.1077296841362798,0.9065408691952344,-0.7179061985521467,-0.5277402817531917,1.2011447523048422,-0.6854685671802633,1.107178861191381,-0.5589343136691536,0.3972390159927869,-0.08557237388502789,-0.292777480107127,0.6049325679191659,-0.6818333796312739,-0.20160661524414608,0.8529402725491945,-0.750715704162887,0.5351002089327394,-0.3947391140002929,0.9828041118444519,-0.5824775186289871,-0.7996901962702985,0
0.11042613854977228,2.156955696263635,0.11178939606546738,0.10790263494159756,1.3795351582271766,0.11339931819311055,2.6676427398894442,-0.3464640893013659,-0.44752451938230575,0.11042654508140064,-0.761619079088199,1.5900262451901157,1.39072288571143,-1.3285599474030414,1.4476534068000668,-1.758011540551445,1.4027282408386144,1.3731886819388937,1.1588739471234843,1.4339180522792896,0.4217884025846468,-0.02336976208575129,0.0581205403212362,-0.4636137236921908,0.376426690296608,0.6488834141021446,-0.2520606081019952,-1.7729600493771376,1.800487782625567,-0.3491354665200312,1
-0.23460269968226888,-1.0304500571785373,-0.23633567581603723,-0.23290616178695664,-1.1863550705369883,-0.23460510283610878,-0.6792298534499365,-0.01419656364492628,0.01590505332578784,-0.23460774138316107,0.706874290462262,-0.6861149193073272,-0.5467097817317877,1.058276745917841,-0.6737728908492304,0.9367585752273736,-0.5581290435617653,-0.413690834563801,-0.8129857794562806,-0.3978638132616025,0.6010389625458245,-0.7202103248901155,-0.24524929057932476,0.835478487548374,-0.7647009799067983,0.6091119711835283,-0.39655304468082797,0.17590067317707683,-0.5546580348640961,-0.8179185214535483,0
-0.6962510011454774,-1.0304500571785373,-0.6981342405568086,-0.6944180740235405,-1.1863550705369883,-0.6962436205279303,-0.6792298534499365,-0.01419656364492628,0.01590505332578784,-0.696258178731117,0.5159674355915734,-0.6769243003702062,-0.5531633260379485,0.9667385924744705,-0.6614089074562793,0.7514265489474626,-0.5577597878552688,0.07545416751776063,-0.5523654720476658,-0.4988443820601821,0.32961464719673644,-0.6506152088402155,-0.2882532944429366,0.7290460607945454,-0.7129088098475378,0.2489301767065605,-0.39273533471088073,0.8359551319029795,-0.5592128062799129,-0.8008993593047227,0
-0.524775056623762,-0.09554330377749908,-0.5248563580329907,-0.524737821547698,0.07489962656702799,-0.5247713057830011,-0.3912904704580893,-0.014189902741174393,-0.2778125791389497,-0.5247808901531491,-0.6540761721989921,-0.5141121202513848,-0.6079985714790561,-0.32165780063467847,-0.45663076115086787,-0.17884037684583978,-0.541072633987481,-1.045011853766691,0.0038149072417082235,-0.9505702868649512,-1.5560793619176654,2.039608753773981,-0.21996474491336113,-2.561104693853638,1.7470028133234048,-0.31535236036561515,1.5599122331954427,-0.46750463920037133,-0.2628500534385897,1.873198564636188,1
0.6111374957803007,-0.09718665296364468,0.6114228254692116,0.6108421057364075,0.07270709341256641,0.611117216429296,-0.39230184207198293,-0.014206168282984545,-0.2778084162003559,0.6111366183507106,-0.9233829874204771,-0.5324435164384539,-0.6750669136505438,-0.14922735579947397,-0.5476076013031147,-0.417380027190538,-0.5439110306559886,-0.7544237990040646,-0.6866727094201446,-0.9823351231302563,-1.8195268576865726,0.07471722361895479,-0.791729601443881,-0.42371485978360024,-0.17512048052936777,-2.2902042694685436,-0.21276513332548044,0.6883836239482345,-0.6190762073411027,1.1283930264521287,0
0.21284103865899476,-1.0304500571785373,0.21125370231732585,0.21440538391927075,-1.1863550705369883,0.2128291527728875,-0.6792298534499365,-0.01419656364492628,0.01590505332578784,0.2128380671233192,1.1388602977415696,-0.5735558991225592,-0.4377817571063372,1.1506704159471344,-0.5987535668289337,1.1994897732380987,-0.5493913848901767,-0.027571412098723047,-0.6594518228816523,-0.15229080727177682,0.807823313853597,-0.6700972876786351,-0.12283688842444648,0.8316949078950175,-0.6866990845740548,0.8059937847760779,-0.39404140595896364,-0.03562345613435286,-0.19575796748070767,-0.6364665219836241,0
0.2761933901828688,0.7215641252053471,0.2751950420506634,0.27120685004069645,1.3795351582271766,0.27674833214560124,0.3319763159662305,-3.187758185714406,1.871413018304789,0.2761917659878767,-0.7225784343289655,-0.6911615947211275,-0.7113729867369099,0.28644736190425213,-0.6637146281660938,-0.21947179730711225,-0.5583057748649768,-1.1098069970721105,-0.5092159669437519,-1.1445243048662403,0.5140179291714326,-0.6366109282823696,-0.18031749851565435,0.7406166400806747,-0.655086510526808,0.5021768275256939,-0.39168248000331135,0.3770713110630409,-0.3269752582418131,-0.8220280603898462,1
-0.5039212164743436,0.7215641252053475,-0.49920562805309177,-0.5027131258637287,1.3795351582271766,-0.5044860824097891,0.3319763159662309,3.1593650584245525,1.8714130183047872,-0.5039256113661585,0.6277984474343792,-0.7215128307467825,-0.5627458779124632,1.067687265189886,-0.6893114363577939,0.8778215791340109,-0.5589794160693762,0.23841190214079536,-0.2542770713067125,-0.44203901239930127,0.5484269498822503,-0.6803543865816764,-0.1973487842848681,0.8281347296021212,-0.7298695825564799,0.5152144835486583,-0.3946548764099982,1.2104432706576813,-0.34988906314600815,-0.8357120768211519,0
2.4906647016898575,-0.09569844198972437,2.4915645057892366,2.4898113075568307,0.07466471230047853,2.4906044722393244,-0.39138602371972964,-0.014213498366836053,-0.27781056815405997,2.4906724017670463,-0.7849295702538412,-0.33640081902550467,-0.42526214598586554,-0.680938052773733,-0.2303391250383137,-0.3540195962443892,-0.5009341623809153,-0.2924689516951237,0.023886222333674052,-0.763668437802233,-2.0529871956741843,1.2656204680952436,0.7320419211691712,-1.633320022087765,1.6501685825774068,-1.842718240836826,0.6375415846053512,0.33548410959894553,-0.17479352951159666,1.754111804762776,0
1.3919318303170833,-0.09717709292499989,1.3924714765262802,1.3914057193084848,0.07278539816808291,1.3918949601441022,-0.39229596365241975,-0.014184340878777206,-0.2778115625065186,1.391934497133341,-0.632142443379479,-0.5392534138816738,-0.6533782359141759,-0.10415086731905299,-0.5378811617921607,-0.03498530947776959,-0.5449034330782376,-1.4102636824159882,-0.322702703910546,-0.9726098436392803,-2.176086853282327,-0.33381968937174944,-1.217780796888904,-0.4895969829440876,-0.38850800258616747,-2.3343811365331493,-0.3455973129623681,-0.049527976547921626,-0.4442615736622624,1.3504794305701793,0
0.3832957961223333,-1.0304500571785373,0.38176394160622606,0.38480978228354784,-1.1863550705369883,0.38328029776679085,-0.6792298534499365,-0.01419656364492628,0.01590505332578784,0.383293613221026,0.9149256346704977,-0.654637215833198,-0.5042728275668852,1.1104621154473944,-0.6477082780713377,1.1000779905482854,-0.5566101824930356,-0.39271654561445113,-0.7528882650505292,-0.28382587248303504,0.4994846451001079,-0.674926152465807,-0.2441848360118301,0.7893910871363582,-0.7301770115746825,0.46185227028604686,-0.3943365900232556,0.7006354227530912,-0.5741034728733458,-0.8547008447910422,0
-0.16713102485303072,2.1985549210939963,-0.16528974277899547,-0.16900451240035272,1.3795351582271766,-0.1671348579426887,2.7555737111430236,-0.01419656364492628,-0.4732259861529537,-0.1671309684686854,-0.4413618052819383,1.8714827637353135,1.7427344747030857,-2.149836941808713,1.9087966883228078,-1.3646248102839904,1.905997539286657,1.531076591362879,1.4701981506402837,1.7619765398519907,0.30273653420045943,0.18133978018593588,-0.07387192756249517,-1.0154412695679105,0.7008594398554457,0.5110002939625693,-0.1647435930373244,-2.353458371195782,2.875110861320908,-0.17762852584103547,1
-0.5957382751006309,-0.09554798163809917,-0.5958426669502046,-0.5956801212602678,0.0749192027559071,-0.595733039833907,-0.391293351893955,-0.01420353582747271,-0.27780914289792724,-0.5957443929926299,-0.8456220713750477,-0.41804954897679186,-0.5772321946774549,-0.17141983623164134,-0.4596869968099021,-0.4137767457158296,-0.5222172416969637,-0.3448714391328101,-0.6911996842658795,-0.8572640508997055,-2.160651341650136,2.380381722765557,0.5920006814481418,-2.296084328064807,2.051183436718986,-3.252712814176236,2.058372857948466,0.3679777059464861,-0.5623591355522511,2.4163073464839484,1
-1.188297067689648,0.6927615238664231,-1.1869302544312814,-1.1893008530234719,1.122950050588536,-1.1884212962793304,0.299001740546154,0.024645481131057186,-0.26356547775185163,-1.188300461404612,-0.32550542446942693,1.8992554868371134,1.9774088673641896,-1.4654393376885837,1.9756290516586432,-1.3142088521904505,1.9587690820713923,1.7225750124044177,1.8462219383064105,1.7984739841831097,0.22808992241592868,-0.030394773248608162,-0.2441848360118301,-0.4013105342689082,0.14487581023497376,0.44996034476326124,-0.254695433516469,-1.953405821444125,1.63196233938782,-0.32432530029977497,1
-0.7232396710771727,1.5527539254394898,-0.7194480204679212,-0.7228188070842533,1.3795351582271766,-0.7246521446935809,1.5190444278895578,1.523242160830655,0.07704643326062,-0.7232416733137267,0.7387722291421716,1.9183235985998246,2.0360774655294653,-1.7049785970344915,2.072535997616497,-0.2611537477421871,1.9953243974357735,1.484602926327715,1.3780855855121403,1.9221252169745398,0.14978805006397372,-0.1599903820725149,-0.2591936568338741,-0.24110257541265856,0.01791536128559241,0.24050178968483682,-0.2989974249886994,-1.6884613263135941,1.3524943465743844,-0.3921757648161792,1
1.4628425933901439,-1.0304500571785373,1.4616621237692609,1.4640376385906362,-1.1863550705369883,1.462804216061512,-0.6792298534499365,-0.01419656364492628,0.01590505332578784,1.462845405173169,1.0987088490330161,-0.641550005997936,-0.488627882976341,1.1498149809477638,-0.6420275405724165,1.2918006852848163,-0.5557673972253648,-0.6899566143805889,-0.8086912776061814,-0.1844365587498227,0.2655967111554601,-0.6054485907101314,-0.32380610998943626,0.6676329893866768,-0.6896229100823672,0.22864937583210063,-0.38899747210568375,0.41907760725260124,-0.6322097172309323,-0.7364690347361716,0
-1.2810670651583675,-0.711708265935519,-1.2828422640312878,-1.2794731723657202,-0.9297650688511278,-1.2807489998176946,-0.645760872169941,-0.3464640893013235,-0.44752451938231014,-1.2810766466236754,0.5153198329432765,-0.6935388581426352,-0.5533588925078916,0.9787155391244554,-0.6639151226747808,0.7805399966900971,-0.558382631062461,0.5109314610738066,0.06291343144625301,-0.5007407635935136,0.5989610307021305,-0.7582180464068541,-0.26313214254039413,0.8676260075929325,-0.7993152118868282,0.5947573811602095,-0.39764368781699594,0.46180402110572927,-0.5904243210149444,-0.8298458264873091,0
-0.21812540646081288,1.9820575742651652,-0.2150218959049247,-0.21870579525660022,1.3795351582271766,-0.22040084075328348,2.3104231691717763,0.7768091343277269,-0.3275656398375821,-0.21812603853490603,0.5690368926925495,-0.7023379425915771,-0.5602035697539385,1.0146464198676863,-0.6767803602652862,0.8224349506432749,-0.5586314740471957,-0.011500305091204246,-0.5158674939095232,-0.47264928137993345,0.3414890956503786,-0.6831683925378966,-0.3335991021618265,0.7228157545844072,-0.736194717410169,0.2997638746476094,-0.39481423770387725,0.45330320070563457,-0.6072579792568229,-0.8263049273355066,0
0.3335798251955262,-1.0304500571785373,0.33203178848029685,0.33510849942730037,-1.1863550705369883,0.3335653804769024,-0.6792298534499365,-0.01419656364492628,0.01590505332578784,0.3335774122758615,1.2076426785589678,-0.6527886614360816,-0.4710272923366112,1.2550410734196886,-0.6475411933388197,1.398313406336647,-0.5564986667578382,-0.6407869792721437,-0.7851294167338331,-0.127631833925619,0.4788187395382786,-0.6532523823044778,-0.2665384009631668,0.762511741654969,-0.7241593057391961,0.4894025571253685,-0.3929229300569619,0.20048895810823283,-0.6175706509829869,-0.8433439461990212,0
-0.2790629822539563,1.8022542577855032,-0.2789632356382623,-0.28260744464320414,1.3795351582271766,-0.2772178890845846,1.964194969860805,-1.135815312235621,-0.18035750513447493,-0.2790642044330686,0.8640000758533974,2.376799253622565,1.9774088673641896,-2.3637111930962535,2.1510640054152113,-0.9399943981685412,2.953585931582571,1.0288070025324334,0.4987477717344191,2.444908999467608,-0.05928544969123222,-0.08161529970777909,-0.21757344644586515,-0.06309365678903277,-0.08732907403947188,0.09879956722387022,-0.27318105999600395,-0.5998786718263032,-0.10368681127086742,-0.24106104985959417,1
0.9665351579093899,1.0681547790012043,0.9714451858136727,0.9670248100281613,1.3795351582271766,0.9656550431626273,0.7716311722341298,2.3829146848991942,0.8644732960578153,0.9665367600367318,0.8127405213964085,-0.5495619472733067,-0.46907168358791573,1.0095134427319785,-0.5979181750344974,0.8352164907132787,-0.5463417569115534,0.034344832736825516,-0.6811107110883204,-0.3175821672203861,0.4189999415836899,-0.45345168339372793,-0.12709470669442507,0.7032347709893703,-0.5949094521719436,0.2050762321072087,-0.36913267151894974,0.9433960963096835,-0.593108789913243,-0.6864593549538511,0
0.08499997056149086,-1.0304500571785373,0.08337102285065068,0.08660208514606292,-1.1863550705369883,0.08499079402746,-0.6792298534499365,-0.01419656364492628,0.01590505332578784,0.08499640755003914,0.6269463156761896,-0.6740958414915393,-0.5375183814474044,0.9958254629101482,-0.6537231930023337,0.8565190349236448,-0.5576338311667536,-0.28503907114013377,-0.6451434645771046,-0.4393971121519172,0.20287983131328177,-0.5234513694127597,-0.23034691394510032,0.6400416014827325,-0.6119160179051369,0.12118746092898812,-0.37967655119285365,0.734212703898973,-0.5786046501815876,-0.652545431689458,0
1.1071229617416094,-0.09572617017665262,1.1075724717551603,1.1066783597404741,0.07466471230047853,1.1070920928809647,-0.39140310048966187,-0.014180001062736251,-0.277802715549261,1.1071243316020625,-0.8935788326307265,-0.4000073642501314,-0.550274309823326,-0.3080195886096642,-0.4099768748730879,-0.267678914573513,-0.5179300211689809,-0.5708442129935112,-0.5309799143150433,-0.8351860658099618,-1.5498472241359915,1.1378354889229834,-0.0546366754524803,-1.5897273800878657,1.1347251827667908,-1.0808884213770573,0.5132745555246185,-0.3161469618503304,-0.30732475075962146,1.3514363343089126,0
0.7526144372929001,-1.0304500571785373,0.7512027933988432,0.7540193120728149,-1.1863550705369883,0.7525911119202481,-0.6792298534499365,-0.01419656364492628,0.01590505332578784,0.7526139630993907,1.141621144112973,-0.635722133182134,-0.4847166281784599,1.12072806971881,-0.6330051562253647,1.3415066443486443,-0.5553521585202691,-1.0419065826597347,-0.6430423344360109,-0.16088678903094358,0.1042560504738574,-0.4339281930053643,-0.2515295737964731,0.5385765297506432,-0.5503653627845675,0.017149565007342306,-0.36576696526221636,0.6530821479283607,-0.5847136198312384,-0.5420997436331092,0
-0.22025609092910448,-0.12632866326222802,-0.2150218959049247,-0.21870579525660022,1.3795351582271766,-0.22040084075328348,-0.40994125398584846,7.0140947482433225,11.026344574652887,-0.22026067527096224,-0.2751252721086825,1.807127232207581,1.762290674091511,-2.654580305385792,2.0240825405716474,-1.1849734872904483,1.7858622587302755,1.5078039641552372,1.5278780572582618,1.6964036799216016,0.1388719068100858,-0.3476479088494622,-0.21650899187837053,0.16653788388557658,-0.2554323912396259,0.18795607440350875,-0.34867346418405126,-1.0372893814450248,0.43183499069931325,-0.5117938271613197,1
2.7744782971712922,-0.09564135493659744,2.775470714761478,2.773540853894368,0.07482132181151151,2.7744120701621857,-0.3913508643094552,-0.014141278885653322,-0.2778146988555076,2.774487301512036,-0.8948915927382727,-0.43416491833951676,-0.6429920263287784,-0.4352838813436267,-0.4643363852341556,-0.34249758419791027,-0.5258471787570383,-1.0155339841159448,-0.5491343427403944,-0.8739032063013806,-1.954875324144875,1.089177981561431,-0.15731344835503133,-1.112845239526219,0.7211680586209606,-2.8602656657178342,0.46804387074939735,0.7622723038556055,-0.5705923162126169,1.6035832932263039,0
-1.0568855582618133,-0.09722706237745463,-1.057143180577305,-1.0566880078072243,0.07264836484592906,-1.0568705362956077,-0.39232668895160056,-0.014201209791254634,-0.2778112701710049,-1.0568931730246232,-1.006288814930297,-0.512483647736913,-0.5703763645848482,0.030374343003987152,-0.49324058599173076,-0.6149123662719063,-0.5408087084808243,0.98128621740543,0.7019802703114699,-0.947846562274479,-1.801554548150193,0.6985831141030636,-0.46097788671921586,-0.917090873483764,0.39070808252720823,-1.8357004956933878,0.14667009713459725,0.2179115749361313,-0.6024298304321468,1.3237603241469558,0
-0.6181259039747806,-1.0304500571785373,-0.6199837142160627,-0.6163160581065801,-1.1863550705369883,-0.6181201790723913,-0.6792298534499365,-0.01419656364492628,0.01590505332578784,-0.6181327201030012,0.7970276123074351,-0.6300680204251011,-0.5199177908076745,0.988981493395871,-0.637349255699334,1.0532124339168327,-0.5549257799261728,-0.7678317138343612,-0.788652722708474,-0.34314146624535513,0.5366325673375513,-0.7327324245318103,-0.2898499762941786,0.8059459182872011,-0.7704040622264633,0.5494548028808312,-0.39698995876013476,-0.5094758250747444,-0.24174337257458078,-0.8711704163776294,0
1.6332973508534825,-1.0304500571785373,1.632172363058161,1.6344420369549133,-1.1863550705369883,1.6332553610554155,-0.6792298534499365,-0.01419656364492628,0.01590505332578784,1.6333009512708756,0.7799172179268369,-0.7163876856499929,-0.5494476563602555,1.1292829908183804,-0.689979743419712,1.017708148420275,-0.5589125044490318,-0.6930336646539587,-0.7972365419191597,-0.3604915015898949,0.33167489870584893,-0.6600375583991239,-0.3081586145235006,0.7290460607945454,-0.7251404504633393,0.2810633992833024,-0.39339005019056444,0.6259207533789066,-0.6157887231464403,-0.8075007681590983,0
0.9869897288049906,-1.0304500571785373,0.985654372421081,0.988325359823696,-1.1863550705369883,0.9869614362868652,-0.6792298534499365,-0.01419656364492628,0.01590505332578784,0.9869903389837374,0.6911954617027889,-0.6858477009337356,-0.5459275345022606,1.0120799109031944,-0.6640821994402604,0.953800583508098,-0.5581191712988683,-0.5986764798890494,-0.7110373767899094,-0.40621360115777116,-0.7998085716747791,-0.6911504826111661,-0.8221842244905966,0.2911441354102413,-0.719188171170627,-0.9600164052011841,-0.3952453239939052,0.5420889385568475,-0.3792489782115844,0.13115720206201878,0
-1.4353953866853788,-0.8154808872605397,-1.4371540358726076,-1.4337601582390993,-0.9041068027896247,-1.4353623992269053,-0.664006272015402,-0.055420186548368694,-0.27540117855233887,-1.4354054161262957,-0.8934777415031501,-0.6576887436509697,-0.7233804924340435,0.19764677383029053,-0.6566303972382093,-0.3781756475564982,-0.5567888513928441,-0.7112276760107333,-0.808707186520855,-1.124161883930767,1.5036895346403452,-0.72218753053681,0.15711494199123224,1.1811887285283702,-0.7715160249475821,1.610641212549067,-0.39662710120126093,0.14365298283824227,-0.5706064023204782,-0.04718954202339873,0
-0.38284770934340845,-0.09553230987844546,-0.3828827645311475,-0.38285246374116705,0.07493877894478623,-0.3828469707218336,-0.3912836984562586,-0.01419656364492628,-0.27780302187109235,-0.38285295715377965,-0.5247503257101938,-0.36314162438503633,-0.4349018795118055,-0.04877844150929846,-0.36203745912266877,-0.33361160522816136,-0.5084365432847762,0.2668418790018518,-0.2115694150100578,-0.7649892683581445,-1.9002378844717518,2.528721951871369,0.0370298842349925,-3.571891191499305,2.6477559678985614,-1.1383124331433192,2.2929951483223703,-0.6383045828121194,-0.008540663928974842,2.3601893760334614,1
-0.7019945508737151,-0.09721321747833346,-0.7021366451096156,-0.7019018899324869,0.07266794103480817,-0.7019870366116941,-0.3923181761420006,-0.014202082793197034,-0.2778081622882141,-0.7020010820426106,-0.9818596737474812,-0.49110350151530585,-0.6295174667093085,-0.06630963745705609,-0.5248859021324824,-0.5268816540365845,-0.5371654186476879,-0.12298244215294961,-0.5956880923167543,-0.9288323232702326,-1.7816946193794783,0.4680762548462463,-0.5959203883005879,-0.9744994695330265,0.3499770020709925,-2.180343533364585,-0.008178961270397099,0.32035378698710515,-0.5317716904564281,1.2203897930150436,0
1.2781832728048605,-1.0304500571785373,1.2769426978729521,1.2794328736960026,-1.1863550705369883,1.2781488089847834,-0.6792298534499365,-0.01419656364492628,0.01590505332578784,1.2781852302339864,0.8997921480675553,-0.4874480224932819,-0.46124919264239855,0.8503909883519312,-0.5601578779585333,1.055342668022193,-0.5365093494567882,-0.5445838070990073,-0.8468904403626127,-0.2538100596332554,0.688692322495488,-0.699344310734728,-0.17818858938066506,0.8348901680272827,-0.7230604215525881,0.6710079241470099,-0.3956556214093222,0.46427840923546077,-0.3535278313647491,-0.7415490384144502,0
-0.9887229569100446,0.6927599359149911,-0.9872911663360705,-0.9897856870209342,1.122950050588536,-0.9888513977601472,0.2989999376525781,0.024646769031260053,-0.26356615466777233,-0.9887278663361982,1.5604062613531329,1.169403193939735,1.0836906149939367,-0.7639318913693138,1.0750630258182003,0.516388631322645,0.757606555282176,0.6597920263398174,0.20813944326852019,1.3015708970953883,0.33074271074229455,0.28041241271956546,0.3487169164118614,-0.34790790961058066,0.4699627511456779,0.6043710103521613,-0.11516790788199445,-0.43539880765379474,-0.1507254834805734,-0.10405995032850311,1
0.2696592911467743,-1.0304500571785373,0.26809044874695925,0.27120685004069645,-1.1863550705369883,0.26964620110418863,-0.6792298534499365,-0.01419656364492628,0.01590505332578784,0.2696565824892215,0.8824431718771886,-0.5648467689251581,-0.4925391191239771,0.8632234515878388,-0.5893970448849999,1.1639855554604623,-0.5483326834959154,-1.043679744062448,-0.6693890298571921,-0.28510229782865165,0.5649532893595867,-0.6676609993325312,-0.2250246284183277,0.8157364087584497,-0.7377645499434806,0.539709481858753,-0.3938881746176155,0.5135294697847081,-0.656675166172419,-0.8186798357298206,0
1.8875720917557923,-0.09569612486167915,1.8882757365471898,1.886896801439339,0.07474301705599501,1.8875246784023065,-0.3913845966629023,-0.014205031458206218,-0.2778073813305261,1.8875770253080473,-1.0319659242800072,-0.5342001732755415,-0.7049521549606251,-0.27741365815936747,-0.5481053061849939,-0.3663813118040747,-0.5441702432696363,-1.2338075656040202,-0.49870229839193625,-0.965338204754326,-2.1954845359669637,0.163970494905853,-0.9972583864733723,-0.981094404445413,0.10820505466742414,-2.634847181547008,-0.17294341884737593,0.01885838851613776,-0.41263817902341615,1.4597221119096353,0
-0.9236944632531255,-0.7546435550822761,-0.9254812262753422,-0.9223339460017412,-0.9297699628983476,-0.9235118138531347,-0.6541702914173126,-1.2621474197625167,-0.11066832969715633,-0.923702611126196,0.8693206652550426,-0.6175330454044479,-0.5042728275668852,1.003524949010348,-0.6268231565618506,1.0872964504782814,-0.5538979098750169,-0.645169119022356,-0.7997614096746362,-0.30279079299282535,0.4973876958355777,-0.6438757874759745,-0.2622805763485385,0.7511191689956691,-0.7131704497402194,0.5539323839767184,-0.39224056232804827,-0.011807689874309144,-0.5830378269389529,-0.8322865940256501,0
1.7327292927070967,-1.0304500571785373,1.7316366693100194,1.7338446026674081,-1.1863550705369883,1.7326851956351923,-0.6792298534499365,-0.01419656364492628,0.01590505332578784,1.7327333531612046,0.6988303770401656,-0.7185610166148517,-0.5588346231145821,1.099340644590056,-0.6921517971402159,0.944569478759642,-0.558943202716118,-0.5050012115614183,-0.8464216374110072,-0.403946445310088,0.777567204754918,-0.638390901767822,-0.1441260051529382,0.784495841237599,-0.665094215953546,0.8296986281806418,-0.3918215901432852,-0.9183803299314505,0.15133331686203183,-0.6519481581365623,0
-0.29852323373102085,-1.0304500571785373,-0.3002770155493748,-0.29680781117356053,-1.1863550705369883,-0.29852428220882254,-0.6792298534499365,-0.01419656364492628,0.01590505332578784,-0.2985285711698011,0.393979277980469,-0.6225770465529964,-0.5623547449725771,0.6091408386106442,-0.5994218938084481,0.7343845068072776,-0.5543252079567317,-1.5712490696850332,-0.037970551707031314,-0.5545000672780135,0.028005850577875364,-0.5340041671523714,-0.22076681014834912,0.5510371421709196,-0.5406192894530505,-0.1132269952223016,-0.38105942553277555,1.3070038157059816,-0.10955873116386383,-0.5355036914420166,1
-0.34722564700347164,-0.09723117612246471,-0.34725225778195534,-0.34723779020659007,0.07266794103480817,-0.3472256698270067,-0.3923292183446108,-0.014190950664294068,-0.2778070879146648,-0.3472307467165793,-0.37205452561465696,-0.2701472127980275,-0.4669211611278551,-0.06263436724874483,-0.3866874445352213,-0.12623665742334858,-0.48011391904481804,-0.09458930602257962,-0.621134875223004,-0.6354934605156345,2.4871392506058467,2.8656552287903194,3.543208697610374,0.30030825650889376,1.9565718565304129,0.8927412977434951,2.8656573286212317,0.9941173014735524,-0.527873487110513,2.4196736855226435,1
0.6389779323173411,-1.0304500571785373,0.6375293005395763,0.6404163798299635,-1.1863550705369883,0.6389570152576458,-0.6792298534499365,-0.01419656364492628,0.01590505332578784,0.6389769323675861,0.732642130335385,-0.704416209192031,-0.5355627540484638,1.1044735809324877,-0.6732716525857532,0.9545106841161918,-0.5586820585163338,0.8051522720314244,0.26942117259797915,-0.38529201521981804,0.45727545137857856,-0.6985936213114876,-0.2740960334680985,0.7935742985701809,-0.7516314379391772,0.407357489230394,-0.3956193898626884,0.841872903100462,-0.5667708436405021,-0.8809756450576095,0
0.30517069895163645,-1.0304500571785373,0.30361341526548014,0.30670776636658753,-1.1863550705369883,0.30515685631125183,-0.6792298534499365,-0.01419656364492628,0.01590505332578784,0.30516815459291036,0.6098700325052612,-0.7231737574884357,-0.5660704333005151,1.063409763846825,-0.6913164053457796,0.8600694025262715,-0.5589970168998301,0.4936663772374561,-0.1891206539961517,-0.4516744018616907,0.2952418453371357,-0.718931959999941,-0.38990880080842083,0.7050148584779812,-0.7577145508237862,0.2865945189449729,-0.3965041515108776,-0.35764058620542283,-0.319106777796205,-0.8082473424483201,0
-0.38271425112660074,-0.09723411243025754,-0.38275245872745106,-0.3827158467505452,0.07262878865704993,-0.3827135131660246,-0.3923310237672451,-0.014204484125184545,-0.27780687313812924,-0.3827195001224295,1.007350582999511,0.6089452425541628,0.3343422685916389,-0.7364384470905465,0.42947806938963334,0.30556239504562455,0.09722585416295876,0.28280898100989854,-0.28982333690514767,0.6015817901516191,1.890069911913038,5.197786439731816,5.416963837083071,-1.2261036720395522,4.22974565463404,-0.31101545490503857,8.342763474216108,0.9297745166765778,-0.506300436290261,3.9197101261127183,1
-0.12096619470670987,-1.0304500571785373,-0.12266218295677042,-0.11930322954410524,-1.1863550705369883,-0.12097100617350653,-0.6792298534499365,-0.01419656364492628,0.01590505332578784,-0.12097071065135655,0.7468553358980409,-0.5836096370365532,-0.5120953185124024,0.924819218009609,-0.6181349576139121,0.9729728936131039,-0.5505451975153208,-0.5888007020358246,-0.8569425075610321,-0.3605371490361611,0.3036706730623749,-0.49325825272874985,-0.29304334634131224,0.5572674483810578,-0.5896112570160141,0.362845077630865,-0.3754208421213086,-0.26632547768094234,-0.43821527933801413,-0.6863358609448184,0
0.35488666987844353,-1.0304500571785373,0.35334556839140935,0.356409049222835,-1.1863550705369883,0.3548717736011403,-0.6792298534499365,-0.01419656364492628,0.01590505332578784,0.35488435553807485,0.132347242473852,2.5601499582479117,2.0165212661410403,-2.081397246665942,2.1293435000783263,-1.7899653907264546,3.3794425381187168,1.0247492607719524,0.48333326763315637,2.575455860972447,0.1882498076790482,-0.0045962745907639525,-0.03129371948411049,-0.5170163483505184,0.3607282967357105,0.37917507454187493,-0.24490160668675368,-1.5764816332149367,1.355897662167376,-0.2938273510644467,1
-1.4677718471308465,0.6774463562460485,-1.4667091446258091,-1.4689060648938868,1.1229460741751698,-1.4677481155227197,0.28169080186975337,-0.01419661028745501,-0.2781385839678009,-1.467678121883236,-0.5797343520352108,-0.27539209202655135,-0.3400007601642106,-0.21983574387841756,-0.2475495057848386,-0.4155260862838258,-0.48187805461727373,0.6803663499047832,0.18944263840165343,-0.678182084881527,0.08558129321425999,-0.08477202181846272,0.027251332485292656,0.16386773143234348,-0.10368154978778706,0.10143343522457919,-0.274278596577978,0.12437744494097422,-0.41939736785409,-0.3135223954058233,1
0.25570060290894714,-0.09565843254867241,0.25587314137176315,0.25550738018025776,0.07478216943375326,0.25568777618364735,-0.3913613824845269,-0.014199676814056927,-0.27780780840632024,0.2556981333203725,-2.6564405279965775,-0.46361593269465706,-0.8643342446665006,-0.9660981460760562,-0.5497734805687405,-1.8674209384591987,-0.5319947367871194,-0.6026720267803132,-0.8618644144447359,-0.1937978240495872,0.43620837962109493,-0.4515592453271943,-0.174665240447896,0.5666742662420692,-0.5237820923621833,0.4732873473364749,-0.3688145410597559,-0.3625952809943146,-0.3038121731496693,-0.6862282901274477,0
1.1858536125122188,-1.0304500571785373,1.184582984924798,1.1871304912486857,-1.1863550705369883,1.1858211054464192,-0.6792298534499365,-0.01419656364492628,0.01590505332578784,1.1858551427643953,1.0789398850255012,-0.6758707847067373,-0.5023172188181898,1.2011447523048422,-0.6637480459093014,1.3202041678571994,-0.5577135502531493,-1.044078233787801,-0.7530715761173937,-0.19837181250449432,0.7699004726843407,-0.7617321939239454,-0.18670422592062225,0.9355364110664209,-0.8022586519073532,0.7849228250713144,-0.39770905234045817,0.6244991462658802,-0.584663062768338,-0.683989497028667,0
-0.8830552289687068,-0.7891545038909202,-0.88427456343236,-0.8818629230582651,-0.6731652790708278,-0.8830296885910667,-0.6600492126207823,-0.2421933146835163,1.0232753533756127,-0.8830632122993602,1.2761523647316557,-0.6457039393104381,-0.46907168358791573,1.2721509972053815,-0.6492120087958464,1.462221038967745,-0.5560483448186203,-0.7336267160009841,-0.8013525432529537,-0.09038120122039273,0.5091302275043808,-0.4463150596583194,-0.1611573036114513,0.6525022351233256,-0.5785570076134708,0.623861644546772,-0.36792386218852774,0.08679059982764857,-0.6124834595450919,-0.6784457350936203,0
1.461872328268716,-0.09572070732027892,1.462437454142004,1.4613228498903976,0.07474301705599501,1.46183398017263,-0.39139973615752377,-0.014172031775788407,-0.2777986220411993,1.4618753148869528,-0.692516065262134,-0.3374377695635169,-0.31109869916162225,-0.05881823785813378,-0.2543038176627546,-0.34131774706022167,-0.501234744955228,1.405738600366169,1.5745214230929192,-0.7597260480000625,-1.85606289781959,1.6542200591672702,0.6200439315557478,-2.213681594166732,2.0078575640993575,-1.955279723071831,1.0642296147681094,0.0659271824977405,-0.28573820014956974,1.8219964435572846,0
1.674721707165171,-0.0957179759040646,1.6753560533071439,1.674109500644272,0.07466471230047853,1.674678787437871,-0.3913980539914547,-0.014154474621139413,-0.27781387095190624,1.674725666482401,-0.7016405842282362,-0.3913848953039067,-0.5885785841555964,-0.3505733801041018,-0.4343917529779631,-0.024600595976306677,-0.5157978354145305,-0.9962101538965082,-0.5810023080819465,-0.821252505752689,-1.814163634138914,0.9173236754597882,-0.26923174916837056,-0.7513398283744447,0.38672305771583804,-2.857091937354202,0.31750617686916494,0.7091674445189469,-0.662511296814912,1.4261148388004679,0
-0.397955175584635,-1.0304500571785373,-0.3997413218012333,-0.39621037688605554,-1.1863550705369883,-0.3979541167885995,-0.6792298534499365,-0.01419656364492628,0.01590505332578784,-0.39796097306013006,1.5437022946947738,2.1276988433716766,1.7427344747030857,-1.4654393376885837,1.775131961651137,-0.30631511063489186,2.414044630596741,0.9950977483503526,0.38166758376177073,2.284944607200304,0.7403334942763399,-0.31923044570178816,0.05386272205125761,0.3801485947220542,-0.24627502228688122,0.8810591012917417,-0.3422510723010781,-0.9772932357235086,0.2787678366093043,-0.5081156012334008,1
-0.5245477263932807,-0.09721451457728805,-0.5246320629349475,-0.5245074902851588,0.07266794103480817,-0.5245439456919843,-0.3923189736942665,-0.01420180224645684,-0.2778058746096724,-0.5245535609678821,-1.0427353371872785,-0.6240924048806261,-0.7304229613573999,-0.11246184462767263,-0.6020821586885164,-0.45533676611700047,-0.5544499790565219,-1.7362805604987008,0.10507438721940543,-1.0484731136688263,-1.9071191663208111,-0.5383909444112774,-1.2084914176301673,-0.23611427311999056,-0.5690855257567405,-2.2125545527898924,-0.38161835023856816,0.49912223213507645,-0.5258333849122072,1.0983308170190915,0
-0.844107020657506,-0.09556464321952578,-0.8442922547881696,-0.8439754346642439,0.07489962656702799,-0.8440965216802507,-0.3913036148612586,-0.014191147626297064,-0.2778078735428309,-0.8441140571013682,-0.5318697247154356,-0.4032917534820239,-0.4995200364103572,-0.35510657370162435,-0.3574180904996802,-0.1425630460038983,-0.5187280249814498,-0.47819452619143443,-0.36809658573967546,-0.808967982897228,-1.7231584737356331,2.7209375987514632,-0.24439111326249402,-3.4139740082739176,2.3587711293466422,0.07327044227479113,2.6129278407152046,-0.6914920418985889,-0.1602388578954662,2.391840562187378,1
0.8449440975855418,-1.0304500571785373,0.8435625063469975,0.8463216945201316,-1.1863550705369883,0.8449188154586124,-0.6792298534499365,-0.01419656364492628,0.01590505332578784,0.8449440505689818,1.2122099823023629,-0.6416142655233565,-0.46711605618897517,1.14468196301878,-0.6226461418203995,1.3202041001382783,-0.5557718385727456,-0.5609995707746267,-0.6077756097630784,-0.12400579529049674,0.36602673041315603,-0.36319827668092064,-0.17925304394815972,0.5750683444874837,-0.532770108267523,0.3815060481934751,-0.35202164514116185,0.2669207506824143,-0.66296278925125,-0.6087414956817553,0
0.3751991951428248,1.2103956467689168,0.3746593483025219,0.3706094157531914,1.3795351582271766,0.3761781667253782,0.9749715432580329,-2.1409924402734304,0.5797870157814271,0.3751986075589777,-0.6698637981007582,1.646152560590452,1.5862848795956832,-1.5509890382035998,1.658175325813425,-1.6465283183997212,1.4985051537659269,1.5330740996323857,1.4652701808080795,1.4990294855326936,0.5372650807732549,-0.2577637082854185,-0.12815918664051848,0.012560167578514941,-0.0879832030116533,0.6371626920795347,-0.32701626565318614,-2.051618336011244,1.9894154744535861,-0.5281080311775236,1
1.2854593660610654,-0.09719143289483283,1.2859641524253762,1.2849647242440982,0.07270709341256641,1.2854247653770021,-0.3923047812049907,-0.014208787240808594,-0.2778136995086117,1.2854615472989996,-0.9537856184270519,-0.660935017835512,-0.7256045563073883,0.11872172797903333,-0.643116277221656,-0.41158713904627464,-0.5569715159078952,-0.7844622781296307,-0.6794461528014473,-1.1112927921556357,0.5397120324846287,-0.532846026360208,-0.13883035446555678,0.6716725313186672,-0.5789256481596363,0.5745926358206138,-0.3809103041000167,-0.012243085651554884,-0.4278677717916723,-0.7377913850224065,0
1.5835813799266754,-1.0304500571785373,1.5824402099322317,1.5847407540986658,-1.1863550705369883,1.583540443765527,-0.6792298534499365,-0.01419656364492628,0.01590505332578784,1.5835847503257112,0.5598000035854567,-0.64028098057219,-0.5296958905018871,0.9479176355169323,-0.6376834171973316,0.7727290592983681,-0.5556790745462691,-0.08520529027793143,-0.648930424046007,-0.4704884217988131,0.017238877121119402,-0.7517251632563796,-0.5007186278747284,0.6516121913790202,-0.7865602973337589,-0.050014131807103006,-0.3975071208656704,0.8501513437786777,-0.4299304527795998,-0.578876676196835,0
0.475625456414975,-1.0304500571785373,0.4741236545543803,0.4771121647308646,-1.1863550705369883,0.4756080013051552,-0.6792298534499365,-0.01419656364492628,0.01590505332578784,0.47562370069061716,0.6009399021196583,-0.6844804500436924,-0.5543367062073619,1.0069469337674866,-0.6702641991037744,0.8430274619644683,-0.5580678491961089,-0.2700656440629719,-0.7317433492429741,-0.45427407490200133,0.2538652346690985,-0.677777836637654,-0.3719195030733695,0.7005646397564539,-0.7433897998386749,0.22008929698025065,-0.39450558585814655,0.3872211360792277,-0.6432363366324026,-0.7616551635812763,0
-0.24091902258246253,-0.0955252765088754,-0.24090787013941717,-0.24096569751205235,0.07493877894478623,-0.24092128103667293,-0.3912793660123659,-0.014191147873220131,-0.27780665781932634,-0.2409236684830582,-0.7450468148464086,-0.4440310881104498,-0.5904989159657169,-0.15107137505133592,-0.47499570122327134,-0.25590180045698313,-0.5279766327825645,-0.30268149715209763,-0.579262161174405,-0.8841316412005916,-2.1283150030878732,1.7201005572813963,-0.3891647034653094,-2.131372569187305,1.3272185805875263,-1.404398974603399,1.14384679439608,-0.07431602921077536,-0.521015991313416,2.030675113997746,1
-0.7175578458283948,-1.0304500571785373,-0.7194480204679212,-0.715718623819075,-1.1863550705369883,-0.7175500136521682,-0.6792298534499365,-0.01419656364492628,0.01590505332578784,-0.7175651219933302,0.9382734607221197,-0.6447008902647781,-0.5062284549658258,1.0924966750757787,-0.64587039381587,1.1568846848173666,-0.5559816495179993,-0.7360622749697433,-0.7822872168302445,-0.2702022232230347,0.3023814806409611,-0.6615242927300384,-0.28186656069331906,0.7406166400806747,-0.7174874982226404,0.18255663872241873,-0.39348941329486925,1.325531493417756,-0.3414671223088518,-0.7895305161794451,0
-1.3866921998385022,-0.806364631968994,-1.3887007083217608,-1.385265907079633,-0.9297650688511278,-1.386570756398615,-0.6626877132770652,-2.140992440273378,0.5797870157813921,-1.386702261711258,0.8491767851175807,-0.6878873886379447,-0.5316515179008278,1.0736757181182406,-0.6639151306418194,1.0837460151567335,-0.5581932168451379,-1.1900950477010763,-0.5080845171846824,-0.32199309790038233,0.25995687218983876,-0.7066587361889201,-0.35548430864204306,0.7192555796071853,-0.7470265893273342,0.22101115549022626,-0.3959943052718088,0.7984335940492049,-0.41897966155386773,-0.7763505740973137,0
-1.0570561442580306,-0.09552380877566957,-1.0573106430484034,-1.0568617313159172,0.07494856703922578,-1.05704111054883,-0.39127846190792337,-0.014196688123557682,-0.27780908863083953,-1.0570637548181425,-2.523649876221203,-0.4886017239203588,-0.8597470956616795,-0.926950715514019,-0.5534999911482154,-1.6223125061977286,-0.5367174563758493,-0.8401203549094342,-0.7977145768049217,-0.27016147861182654,0.5904865237282205,-0.5354547981645321,-0.1673038733364201,0.7252974600149832,-0.6358316094008771,0.7225192498295687,-0.3812452877450085,-0.11382602538073602,-0.5922189397630622,-0.7211995371676214,0
-0.0712502237799028,-1.0304500571785373,-0.0729300298308412,-0.06960194668785775,-1.1863550705369883,-0.07125608888361806,-0.6792298534499365,-0.01419656364492628,0.01590505332578784,-0.07125450970619207,0.8952930057957975,-0.4789187520146786,-0.4710272923366112,0.6587596583824294,-0.5310857997481041,1.2918007530037376,-0.5349409014726756,-1.1636973424587096,-0.6075640843819231,-0.2531964228900772,0.5688059555297746,-0.5754485977450795,-0.1164501610194786,0.813600301384831,-0.6694766773331852,0.4565581902276829,-0.38596651554191136,1.1933698927143386,-0.4725928891990623,-0.7578472075535894,0
-1.0215738192211081,-0.09552992021671432,-1.0218167839411074,-1.0213898772483405,0.07493877894478623,-1.0215595255726606,-0.3912822264662604,-0.014197621845477891,-0.2778104538026723,-1.0215813603735073,-2.423005738631729,-0.5586001119435339,-0.861623524794874,-0.809713369246927,-0.577999917389636,-1.6852795907317628,-0.5475394789024656,-0.6953983610903529,-0.7060915058000653,-0.3433170768587282,-0.131328921478347,-0.5157623686070365,-0.3692794467532221,0.4549345505762718,-0.5612526773271834,-0.11563960022559747,-0.37863485780576495,0.28558386901672994,-0.5462995595322447,-0.4052853565854078,0
2.1359014635190774,-0.09569844651067962,2.136685864058578,2.1351529498614674,0.07466471230047853,2.135848821967888,-0.3913860265040609,-0.01419656364492628,-0.27781057322290786,2.1359075352558476,-0.7844678343784044,-0.7235810737863263,-0.7289534351119498,0.35009738337489515,-0.691165734206499,-0.2909780367686164,-0.559001028019963,-0.5778678587733417,-0.5906908259182487,-1.1936016045605742,-1.8700587827140747,-0.7773305734972342,-1.3774523827453342,-0.05229726892806062,-0.8079985966003073,-2.1323225239274404,-0.39792670748231024,-0.03354247924957183,-0.23123812020948945,1.0560790996469878,0
-1.0620327064237964,0.7661794695276131,-1.0604684990457216,-1.0636276038128074,1.3795351582271766,-1.0620033691606812,0.3841331380911239,0.0012452633957786238,-0.28343197712546003,-1.0620369569612267,0.839172988286966,2.0621446471426936,2.055633664917891,-0.5757224849670365,1.8686972766949375,-0.5210446216205395,2.2795299638914366,1.641530581735745,1.517189196902024,2.094614906878164,0.5162402201792148,-0.0878125628006829,0.08792531896828386,-0.22330161564528245,0.21813483983153756,0.6868111478503554,-0.27533115786123535,-1.6250096767393751,1.415197574019169,-0.39788011217612,1
0.4614208932930301,-1.0304500571785373,0.459914467946972,0.4629117982005082,-1.1863550705369883,0.46140373922232986,-0.6792298534499365,-0.01419656364492628,0.01590505332578784,0.4614190718491416,-0.43739438823120463,2.0415255560807,1.8991840698104883,-1.670758749463106,1.9488961318188325,-1.5875913223063587,2.237864121004477,1.4523424202702815,1.2759326398354442,1.95568469835566,0.3699462292817421,-0.27579184462833783,0.08260302075221186,0.14428676905762336,-0.05527828270486546,0.4089378122875638,-0.3316750137099898,-0.7410601904306545,0.6607373565049283,-0.5419592860429832,1
0.18474578436255606,-0.09565406230346499,0.1848952882388157,0.18457358517328967,0.07478216943375326,0.18473452207893878,-0.3913586908499139,-0.01418859433423237,-0.2778084211591944,0.18474299940040254,-2.4621257441932425,-0.4581069192823124,-0.8525194915835831,-1.0187557385694965,-0.5293952220519486,-1.5405529469879085,-0.5308925796666264,-1.0250408467179064,-0.7061521540572567,-0.2902379909248698,0.024077806232217447,-0.3622534417640848,-0.30317052707440606,0.44432948509087267,-0.5128356214098216,0.045849608182652234,-0.3518215658857388,0.2584224134816718,-0.6476742836059427,-0.45278706328863505,0
1.285285554365833,-1.0304500571785373,1.2840472911766563,1.2865330569611808,-1.1863550705369883,1.285250940026196,-0.6792298534499365,-0.01419656364492628,0.01590505332578784,1.2852875446547243,0.6825720949144928,-0.7234877435759437,-0.5598124368140523,1.096774094832288,-0.692485950671175,0.9246871357654636,-0.5590001195508589,-0.056031291215360365,-0.5517906489745457,-0.41277279986938026,0.29292566986068613,-0.6729513470722228,-0.3763902160636369,0.6720832081082041,-0.7252058604365097,0.31003597868928434,-0.39421724227681776,-0.3376916720953586,-0.38562319949709606,-0.7884427876334871,0
-0.3256539492939355,1.4506363475216455,-0.32159079546048736,-0.3252085442342734,1.3795351582271766,-0.3269328063744731,1.3486781710857472,1.6932351823075527,0.20545990060342825,-0.32565620015947133,0.48048794230602504,1.7423099785299223,2.1143022630831667,-0.6184973352245445,1.9271755946137934,-0.7873262549528126,1.667898424675959,1.585442181471501,1.712148837531182,1.692794344971829,0.28251908998183994,0.42004728842195255,-0.10580561534453212,-1.0777444589911929,0.727023413528687,0.6130627731845918,-0.03719124060560621,-2.0283056756097197,1.7100456194018843,0.010564178456317313,1
0.21994332021996718,-1.0304500571785373,0.21835829562103,0.22150556718444897,-1.1863550705369883,0.21993128381430013,-0.6792298534499365,-0.01419656364492628,0.01590505332578784,0.21994038154405698,0.5937480846997667,-0.7250126155066953,-0.5703727837377922,1.0505772598176413,-0.692485950671175,0.8600694025262715,-0.559014171676165,-0.3175592563430062,-0.49478661516093536,-0.4603428964840225,0.6845156298885601,-0.6462827880940751,-0.181381953083149,0.8365963835316802,-0.726276621558417,0.740147021961987,-0.39241980679773264,0.022158658039271,-0.5982614742249536,-0.7265132690920245,0
0.44721633017108525,-1.0304500571785373,0.44570528133956366,0.44871143167015176,-1.1863550705369883,0.4471994771395046,-0.6792298534499365,-0.01419656364492628,0.01590505332578784,0.447214443007666,0.5565619887187001,-0.7049192821919962,-0.5529677782182505,1.0086579261460558,-0.6694287993422997,0.8231450512513686,-0.5586938327048644,0.5367966362674477,0.4225844883670886,-0.47946851334986745,0.18435520022780505,-0.6319163991984199,-0.27643783732337657,0.6889940604703245,-0.6762138938482286,0.05665761641616015,-0.39130819915548803,1.5601206499929852,-0.10999564548134048,-0.6914429632847405,0
-1.2083681152725838,0.8296815142748138,-1.2068231102612785,-1.2098913682414587,1.3795351582271766,-1.2083072577767897,0.46063090781414406,0.011263729800028422,-0.26802021653528824,-1.2083700874432157,-0.5237097772304731,1.9068205130865137,2.192527060636868,-1.9701827012656625,2.257995812247071,-1.340481965219631,1.9732404023852363,1.8514322872828683,2.211487857885686,1.7995052625824643,0.141740436538427,-0.3429947016501098,-0.2679221944387697,0.09355421197126197,-0.23338926244572408,0.2254887326613407,-0.34764871647122253,-1.5248657137337296,1.035744891885514,-0.5103934797519613,1
-1.0617344146080077,-0.7140783017551053,-1.0633103472079524,-1.0600775121802184,-0.9297699628983476,-1.0620033691606812,-0.6462567455122735,0.40424125699523444,-0.43246506619638025,-1.0617431400178594,0.6196522556425241,-0.7144519023425442,-0.5680260420492106,1.036889320789087,-0.6878076896992081,0.8849224497771067,-0.558882279713045,-0.7693620493978124,-0.7896611722458227,-0.44617323856306673,0.1375218646444991,-0.5272795656797498,-0.35388741242342814,0.6088900492117246,-0.6649371079423677,0.05402376411454281,-0.3801844697235158,0.5101463274255861,-0.6979099109481647,-0.611886847924934,0
0.7384098741709553,-1.0304500571785373,0.7369936067914349,0.7398189455424584,-1.1863550705369883,0.7383868498374229,-0.6792298534499365,-0.01419656364492628,0.01590505332578784,0.7384093342579151,1.4561181238633942,-0.676264740445231,-0.45929358389370306,1.4004755479779059,-0.6659200996298053,1.5758344275059075,-0.5577309346595432,-0.7529386862681278,-0.77781814016507,0.003108056988058108,0.3656864518147824,-0.21742478226026127,-0.07706531664357787,0.42020058443611663,-0.3561635432893451,0.3473052434749314,-0.31601964201161903,0.23572453284764922,-0.5758097177661832,-0.4960773686206625,0
0.5537505535856718,-1.0304500571785373,0.5522741808951263,0.5552141806478249,-1.1863550705369883,0.5537314427606942,-0.6792298534499365,-0.01419656364492628,0.01590505332578784,0.5537491593187327,1.2062792996011966,-0.6583407122052455,-0.4710272923366112,1.2122662231621806,-0.6391871479218402,1.369909991483185,-0.5568261497824067,-0.6737827299276877,-0.6207584852268929,-0.1288972532645656,0.8309054754482873,-0.49555078601819275,0.021929059647819417,0.8433544918208313,-0.606310397142394,0.8020429827750144,-0.3757595247396823,0.6602918623564272,-0.6067558314868202,-0.5550308089536486,0
-0.8911802267200267,-0.7085894107851897,-0.8928001079190522,-0.8896731138159413,-0.9297699628983476,-0.8908420218996286,-0.6451026867344553,-0.178717339122915,-0.4669247811355303,-0.891188200604707,1.148438027524925,-0.6023280777450309,-0.4749385284842473,0.9872705010173017,-0.5985864820964155,1.4054142092608213,-0.5524982892495722,-1.501159965108536,-0.3246092994105658,-0.15245173934378006,0.40064639952774983,-0.6465638229164519,-0.29889785280718245,0.6818736999057226,-0.6847825818145828,0.39142257369692224,-0.392440551230161,-0.24620642557165054,-0.2931058476763315,-0.8314269988668653,0
-1.275157971180341,0.6646995473651419,-1.2743167601974046,-1.2766331017681538,1.1229451565413162,-1.2750673004030604,0.2674007510936483,-0.03867958984891261,-0.2747719976218367,-1.2751595304696004,-0.861179669746795,1.7527146449128237,1.39072288571143,-1.8931878402636644,1.557926780809672,-1.5144526526457256,1.6866292331541428,1.545269205039384,1.3202050704922232,1.6193569347598742,0.2569243958856792,-0.0667234645636367,0.5914128115866287,-0.18769986587306406,0.501359475887788,0.30977258717948597,-0.2679380860628121,-0.48971731887690156,1.0784655710685513,-0.3590412544285897,1
-0.1540628267808414,2.028765904334907,-0.15108055617158714,-0.1548041458699963,1.3795351582271766,-0.15648166138056974,2.4038498261287047,0.6781843838152907,-0.36162389514889626,-0.15406324220405918,-0.5007027877919334,1.8424753229125204,1.820959272256787,-2.355156353583235,2.015728495154668,-1.461906426587365,1.8514766006606944,1.510637639818191,1.5332377734518483,1.7269061273970496,0.28019290513329315,-0.3068254868688881,-0.20054214798735204,0.14250668156901244,-0.22796025319154933,0.384047735052914,-0.3393244143861294,-1.217569435520426,0.6443084568957678,-0.5444438980099497,1
1.64036758458268,-0.09717791238158506,1.6409880601934337,1.6397682578057844,0.07270709341256641,1.6403254146006694,-0.39229646753450204,-0.014166255768373416,-0.27781399877549745,1.6403713862662586,-0.9297595365376868,-0.5187254323624841,-0.6524766177909933,-0.10587964556599258,-0.5367732176088514,-0.5490753453909722,-0.5418098781484789,-0.5206192937322578,-0.6673622093548408,-0.9663158940707118,-1.8490916953930616,-0.2550365040274745,-1.024967095892217,-0.5013877548466914,-0.26136061341693195,-2.0351175163453066,-0.3262977523410005,-0.16455154429674818,-0.2908567698273337,1.083042119586304,0
0.6744893401222033,-1.0304500571785373,0.6730522670580973,0.6759172961558546,-1.1863550705369883,0.674467670464709,-0.6792298534499365,-0.01419656364492628,0.01590505332578784,0.6744885044712751,0.8282489322556582,-0.6323378087290321,-0.5120953185124024,0.9017208005022856,-0.6136237734074248,1.0837460151567335,-0.5550997284898372,-1.0684670112805497,-0.4510253862443728,-0.3269375318022473,0.03833327760343973,-0.5305877900870105,-0.2841019203607775,0.5590475570899854,-0.58542504212549,-0.08820524921556637,-0.38061765942098336,0.8122597382951318,-0.4881612088062366,-0.541936262160178,0
-0.7530692536332569,-1.0304500571785373,-0.754970986986442,-0.7512195401449662,-1.1863550705369883,-0.7530606688592314,-0.6792298534499365,-0.01419656364492628,0.01590505332578784,-0.7530766940970192,0.5553008556252468,-0.6721382595736096,-0.5355627540484638,0.991548002360363,-0.6512169777838321,0.7705988251930079,-0.5575432619268267,0.49691783297976244,-0.1272462000171187,-0.47735894689527086,0.3449967183433239,-0.539187695389056,-0.17499522567818113,0.7112451752982778,-0.6302307792030083,0.2136363109590587,-0.3817188611717323,1.0387993444700199,-0.5022977830535488,-0.734746690200305,0
-0.3766483309017177,-1.0304500571785373,-0.37842754189012073,-0.3749098270905209,-1.1863550705369883,-0.37664772366436156,-0.6792298534499365,-0.01419656364492628,0.01590505332578784,-0.3766540297979167,0.9303317964148853,-0.6191953950949416,-0.4632048200413391,1.1472484311899958,-0.6198057651039003,1.033330023203733,-0.5540407709928746,0.5757354867416133,-0.1642810081125958,-0.2707515802109292,0.060374539252506375,-0.3816398098379454,-0.29314979052913176,0.5092050437479295,-0.5543553545783585,-0.10664232522052917,-0.35583992410459,0.6003207785115183,-0.6625834579774721,-0.4861709639308126,0
0.8236372529026245,-1.0304500571785373,0.822248726435885,0.825021144724597,-1.1863550705369883,0.8236124223343745,-0.6792298534499365,-0.01419656364492628,0.01590505332578784,0.8236371073067684,0.5446665218583306,-0.704788164091779,-0.5684171749890967,0.9949699871175016,-0.679954898479783,0.816754348935288,-0.5586907816161394,-0.35072785157963443,-0.6520605420290467,-0.4858207043595373,0.6057403210206351,-0.6390683964280505,-0.1856397713531276,0.8066579527521375,-0.7068911040120514,0.592781972310132,-0.3918741335544742,0.4707741952576765,-0.5987266589957612,-0.7777825887082892,0
-0.66983051373866,1.869189221753444,-0.669715867341992,-0.6731175242280059,1.3795351582271766,-0.6678350963622798,2.0905957410378266,-1.0186133662101706,-0.23836544735562393,-0.6698313285825556,1.0002985666558586,1.9600255153870862,2.1729708612484426,-1.0205809929143623,2.0558279067825382,-0.2550470183736659,2.0761889270882743,1.66105238194424,1.8878395683680858,2.0076340188856814,0.0989293218958825,-0.09053834727184736,-0.1143212518844893,-0.10759588644493921,0.008823393533874917,0.2507738858769659,-0.2762709367559204,-1.2383582075462753,0.5520164996226488,-0.32314329945913,1
-0.14085258307743279,1.5527539254394898,-0.13687136956417878,-0.14060377933963988,1.3795351582271766,-0.14227739929774447,1.5190444278895578,1.5232421608307647,0.07704643326067225,-0.1408541879399996,0.048877872227477595,0.7485144858931098,1.0915129753877384,-0.7040470357395607,1.0700504838426574,0.06761530642391511,0.24039621428637423,1.896054798198914,2.68830515120789,0.537306363857406,0.751835739120064,-0.15184500650997276,0.6052507463426579,0.5003046063048749,0.004244693462581314,0.7730704033690324,-0.2964534562452237,0.8854612027810139,-0.06152334782283091,-0.3890386319370149,1
-0.842771070832061,0.6939714417916866,-0.8416470036101349,-0.8442319300847808,1.122950050588536,-0.8425475091440388,0.3003759135925017,-0.04520550047518666,-0.2708181963144222,-0.8427761245341763,0.18134699105057983,0.9349152776618072,0.06285691739695881,-2.184056952553203,0.4802549220193259,0.3828927643524616,0.4536199097862155,-0.5598781999915915,-0.7351051699132749,0.7612199622998841,0.7170011314015833,0.5617843511608674,0.9767457203200737,0.3267459276230932,0.36007419895337156,0.46295849475803724,0.05165529475017441,0.8893637980786628,-0.4615751964562549,0.1346417579453144,1
-0.1848867287554618,-1.0304500571785373,-0.18660352269010802,-0.18320487893070914,-1.1863550705369883,-0.1848901855462203,-0.6792298534499365,-0.01419656364492628,0.01590505332578784,-0.18489154043799658,0.4817125876294132,-0.7023348743767835,-0.5740884720657303,0.9804265315030246,-0.6819598674677688,0.7258635026669155,-0.5586313970540329,0.1203939723680957,-0.6206204982387775,-0.519322893619565,0.6321881361556813,-0.7603478243463766,-0.25600028678674047,0.8776835119832347,-0.8023240628552062,0.654414541613361,-0.3976840193459338,-0.15653571136689193,-0.5362040048283838,-0.8020653008973865,0
0.18357963862778828,1.068154779001204,0.18283532910250913,0.1789044675933797,1.3795351582271766,0.18442062860723696,0.7716311722341296,-2.4113078121890483,0.8644732960578149,0.18357812827843364,-0.6302577029256394,1.783875024492412,2.0165212661410403,-1.1745703885721497,1.9522377308647318,-1.5208434226807275,1.7431943696215655,1.8134930912885086,2.128984025972456,1.6567897145567316,0.40048531098445334,-0.047037616799105154,0.6467644490963503,-0.24110257541265856,0.5746184898894305,0.5553810098071992,-0.2608417908441701,-0.5843576799970034,1.1911121192431156,-0.3665765434433015,1
0.653182495439286,-1.0304500571785373,0.6517384871469848,0.65461674636032,-1.1863550705369883,0.6531612773404711,-0.6792298534499365,-0.01419656364492628,0.01590505332578784,0.6531815612090617,0.6332860387191489,-0.6841865876942006,-0.5521855309887234,0.9949699871175016,-0.6660871843623233,0.8884728850986545,-0.5580566417193844,-0.5482297510320736,-0.6736626442470975,-0.4369857277089453,0.47664934980613527,-0.6074509191186226,-0.22928245937760566,0.7023447272450648,-0.6570488116712853,0.427796324274838,-0.38918419206544963,0.37588494451626814,-0.4827511453331576,-0.8080404349080221,0
1.4984046023501951,-0.09717354225443214,1.4989788006271842,1.4978471477336663,0.07270709341256641,1.4983654800209607,-0.39229378034765366,-0.014208162609844553,-0.2778065624077427,1.498407755244115,-0.8417955321178878,-0.6428771553175205,-0.7031723294344007,0.1560763348506873,-0.6312464723001451,-0.30140524389315565,-0.5558585169662973,-0.8632823098095551,-0.6973946788237386,-1.1136346956762218,-1.838306734369442,-0.6770978700626674,-1.3192465665054616,-0.09602325939824612,-0.7400971866071278,-2.067624306656896,-0.3944656488576011,-0.05010508413809995,-0.5538208458131838,1.030760034816374,0
-0.20543669104320725,-0.09552507163911828,-0.20541395682837604,-0.2054939246996246,0.07497793132254447,-0.20543972315298345,-0.3912792398153625,-0.014204345121086853,-0.27780466333792586,-0.20544118456888427,-0.6846277797392613,-0.4761677275030522,-0.5527391262135297,-0.22561411143496665,-0.4281767379066885,-0.26287453420380025,-0.5344237725511988,-0.21761342252492463,-0.2327594886097689,-0.914025650467445,-2.075581571613859,2.2938964383640728,-0.36542349145676545,-2.664703977719809,1.7337553716823524,-0.4158888407840654,1.926520995574599,-0.24034996375750634,-0.4511901021810854,2.316358108683175,1
-0.3584664901056282,2.1752217813528176,-0.35711376197900824,-0.36070946056016445,1.3795351582271766,-0.3553413305401236,2.706112539812885,-0.26197724963780644,-0.4589331960383141,-0.35846658644621165,0.05214655861878036,0.7616639225521612,0.8275042836439966,-0.20358133667864745,0.746748935766,-0.7099270662922682,0.2546124768636571,1.4503740746522018,1.5994722986293544,0.5522335493327613,0.4286668800181441,-0.12619102793772502,-0.039809356024067676,-0.4013105342689082,0.27046270920341386,0.6099021300138319,-0.28823038094727915,-2.31372044016012,2.803465555443465,-0.43021634976972406,1
0.3406821067564986,-1.0304500571785373,0.339136381784001,0.34220868269247856,-1.1863550705369883,0.34066751151831504,-0.6792298534499365,-0.01419656364492628,0.01590505332578784,0.3406797266965993,0.689593492808889,-0.6606439997472972,-0.5394739901960999,0.9547616050312093,-0.6473741086063015,0.9964056719288302,-0.5569554522048646,-1.2309055433874556,-0.5657603844195574,-0.4045052133569793,0.6811089938608956,-0.6463674867407726,-0.17605968024567575,0.8460869292193204,-0.7299807840918777,0.7124913765563595,-0.39242606282521947,0.31224793458476524,-0.6665893983517494,-0.7290782001483629,0
-1.4345445330482227,0.6778056895200705,-1.4334596474901908,-1.4356772075852722,1.1229463800531212,-1.4345101426214302,0.28209519066781363,-0.012512064235532194,-0.2779426842353108,-1.434519886541638,-0.9058643638104159,1.7986447958071732,1.762290674091511,-1.5082141879460917,1.8001940979020754,-1.775763649440263,1.7702515661650484,1.6135865605461719,1.5962967185137678,1.6720067970465664,0.3964420645195702,0.2535094956610935,1.7644428108668784,0.3276359501470819,0.8434529123545399,0.3405888718311004,-0.12910209823122185,2.652493900824229,2.0787555619894476,-0.1304286421284509,1
0.39777247754427125,-0.09549195204241422,0.3979916756885333,0.3975369387913229,0.07505623607806096,0.39775667671736803,-0.3912588382275092,-0.014189218248827242,-0.2778000486990003,0.3977706424544569,-0.601842362442438,-0.4614713656773514,-0.5313080549873744,0.017286799412759346,-0.4573060393715193,-0.21762619006014475,-0.5315682994697155,0.028694330825702805,-0.34228398900677465,-0.884516304917216,-2.1069462839735986,1.6725369643584735,-0.2876192355316931,-2.1973344807386703,1.438093111929566,-2.236643992541173,1.0861539479709734,-0.15596433837313672,-0.3937460495150571,1.9920413803841215,1
0.14961980667950256,-0.09722045538221112,0.14975489175460835,0.1494608517795143,0.07266794103480817,0.14960928449041783,-0.3923226265258699,-0.014200430368061784,-0.2778076258885381,0.1496168649231287,0.03871592916400124,-0.12492670023484798,-0.3816710773547206,-0.12748307109158338,-0.3011878079480011,0.3811995204458454,-0.42335204001037874,-0.48150591322363423,-0.7897110013390026,-0.383027151706022,2.212663515468131,2.4081433044698515,2.627435158481812,0.3153631799704359,1.3827732906358603,1.443227794923859,2.1014681152006514,0.7540421429510132,-0.6297184962622202,1.9884429590383486,1
2.4197108801678557,-0.09563725791375526,2.4205879535461765,2.4188783792714528,0.07482132181151151,2.4196520850939716,-0.39134834090680387,-0.014178631920014634,-0.2778219132319603,2.419718254399932,-1.0933533264245077,-0.7271628682243253,-0.767942709633322,0.19113867575460747,-0.6934316520896463,-0.5438989449110573,-0.5590311238420348,-1.3709910094249853,-0.2543651125437616,-1.0785313280515778,1.4613153299398183,-0.7700470231027892,0.13094310975566822,1.1834608515008334,-0.7892681760686766,1.5475295454785063,-0.3978397988638766,0.6620959844836531,0.036183603659575576,-0.08561875783870532,0
2.029474168802772,-0.09569612486167915,2.0302240711037243,2.0287570243197606,0.07474301705599501,2.0294238174572006,-0.3913845966629023,-0.014188095831646295,-0.277807381330526,2.0294797525586623,-0.6531782087436767,-0.4769755996293409,-0.6159960763244346,-0.2160097425149955,-0.4840968875486436,-0.020954812413656737,-0.5345762025465964,-1.0490188015655524,-0.5635005310530462,-0.9102868791084285,-2.0011340908041153,0.8405122626024186,-0.5106750962909858,-1.095698544564041,0.4914293006120858,-2.8421101058239553,0.25486609776300173,0.553693634646941,-0.65095581105966,1.5296401883934723,0
-0.7601715351942293,-1.0304500571785373,-0.7620755802901462,-0.7583197234101443,-1.1863550705369883,-0.7601627999006441,-0.6792298534499365,-0.01419656364492628,0.01590505332578784,-0.7601790085177569,1.232796974984758,-0.5755106354721898,-0.44560422940160926,1.1019071127612718,-0.5959131901124345,1.348607447272819,-0.5496214549593473,-0.511701222358479,-0.7886191959739678,-0.10311393092238362,0.6085436103422444,-0.397117790379295,-0.03661599232158373,0.5999895905483533,-0.46343567316245327,0.5427384331993866,-0.3589169651952995,0.4365719538826726,-0.5529574455002594,-0.6165622302065291,0
-0.7833817904685095,0.7659389423620319,-0.7819684632220161,-0.784590379823264,1.1229304743996569,-0.7835998540112896,0.3838484376986982,-0.011378980328787244,-0.2820171606038479,-0.7833865881697415,0.3146072075368368,2.090439101716986,2.133858462471592,-1.7220884392336322,2.1594180508321905,-0.9165615859933544,2.337207138905214,1.604652943437202,1.6029339492825212,2.0620431396022774,-0.06875936818829692,0.081104070538077,-0.23779809591756285,-0.5793194528925341,0.27962008595361915,0.16938729871887384,-0.21004421769782827,-1.5784581775708075,1.0233579109394508,-0.13227100390791263,1
1.1290353600244394,-1.0304500571785373,1.1277462384951644,1.1303290251272602,-1.1863550705369883,1.1290040571151179,-0.6792298534499365,-0.01419656364492628,0.01590505332578784,1.129036627398493,0.7346190072328721,-0.7228869832698063,-0.5566834478959435,1.1198725531328872,-0.6943238508607199,0.9786534953210907,-0.5589941207254896,-0.5578776115245067,-0.8401007873589756,-0.38490491384649556,0.822166919291729,-0.7193181810258176,-0.1494482906797108,0.9059869290470363,-0.7576491457240287,0.8560373395859148,-0.39651900694142245,-0.38760514636363386,-0.28006722606296297,-0.6341845080979938,0
0.44110836802864883,1.2103956467689168,0.44570528133956366,0.44161124840497357,1.3795351582271766,0.440097346098092,0.9749715432580329,2.112599312983577,0.5797870157814271,0.4411080295002519,-0.5313106366936143,1.6910765004766937,1.6058410789841084,-1.696423594348369,1.7032871838123758,-1.6919736738149864,1.5768104079121512,1.3627297436487216,1.1498663033950383,1.5535093567579341,0.26680912769869036,-0.307343139039768,-0.07812977121107251,0.13271617916133566,-0.14554385464224084,0.331765405394225,-0.3394480382793177,-0.5607924063807159,0.2571218214599942,-0.5404637641723239,1
0.004460097660063377,2.028765904334907,0.005220496509904739,0.0013998859639243741,1.3795351582271766,0.006867352571920967,2.4038498261287047,-0.706577511105143,-0.36162389514889626,0.004459962832861924,-0.7748779175926158,1.83233581979075,1.762290674091511,-1.6622037467769835,1.8302686805240937,-1.9035789147024595,1.832562702547018,1.422424259217032,1.2092056737541015,1.7102776659003296,-0.39907215806707896,-0.03831734497956631,-0.34296631123828897,-0.9620387297908497,0.49625755061335547,-0.44509470869164797,-0.25763810975703216,-2.39087839349126,3.6603225420968886,-0.008226159811107093,1
0.38840943884623363,1.869189221753444,0.38886853490993023,0.38480978228354784,1.3795351582271766,0.3903824288082035,2.090595741037826,-1.0186133662103665,-0.23836544735556325,0.38840999427396644,-0.7344844797930318,1.534564052552099,1.879627870422063,-0.9435862134989165,1.7901692529621462,-1.6713812979316354,1.310326847672864,1.7895987608557364,2.15968911772677,1.370883651845205,0.33178641694489863,0.5240920829989696,1.3173714864615462,-1.4871650057780392,1.9024382668209536,0.386418217430984,0.027074802701719372,-1.3393964750349607,2.6074717293683034,0.0863405197042467,1
-0.44681887272412535,1.0681547790012043,-0.44236888162345833,-0.445911659742303,1.3795351582271766,-0.44766903407848796,0.7716311722341298,2.3829146848991942,0.8644732960578153,-0.44682232987911924,0.7072151392648849,-0.6368873872328307,-0.5140509272610979,1.0291898754821633,-0.6401896324158332,0.8550988337074572,-0.5554371518244623,0.10303168892632719,-0.6037888428264723,-0.3918306753494347,0.5237005417052324,-0.723282018393897,-0.2848470360201639,0.8214326937618298,-0.7787111122495011,0.5351002089327394,-0.39666727803853835,0.1955913947387463,-0.645750833793119,-0.8749893423718604,0
0.5040390475941722,-0.0956801459620442,0.5042923751123612,0.5037725208388824,0.07474301705599501,0.5040209686375033,-0.3913747555921742,-0.014238279415624484,-0.2778054860497341,0.5040376890487068,-2.2142985727744677,-0.48084890962392285,-0.823974974429486,-0.9797619354851718,-0.5126234427118028,-1.3871103363294501,-0.5353004529290815,-1.234771499593244,-0.4921029034387847,-0.4235013149535087,-0.6736808554182683,-0.2988104742586087,-0.5690561771338462,0.10454064898880373,-0.4265073830652433,-0.8070940027055473,-0.3373936698936383,0.23138715746567778,-0.5766794294009738,0.09450776550439409,0
1.3909225772071545,-0.09571865875736973,1.3914645877536238,1.390394038532572,0.07474301705599501,1.3908857110842165,-0.3913984745329719,-0.014230559382649452,-0.2778018999698069,1.3909252399911722,-0.774876990654258,-0.3268375538923637,-0.5473820857665491,-0.5189059363908196,-0.36631918465181235,-0.27120779398368106,-0.4981253159861847,-0.7553030063869955,-0.5525511409102184,-0.7524778771543599,-2.130087770071401,0.8293991933690436,-0.23664732873570946,-0.9253778315703617,0.5346473265537522,-2.8131714050577075,0.246040893890069,0.8635233623559903,-0.4931245116022924,1.6215954672171304,0
-0.7672738167552018,-1.0304500571785373,-0.7691801735938504,-0.7654199066753226,-1.1863550705369883,-0.7672649309420567,-0.6792298534499365,-0.01419656364492628,0.01590505332578784,-0.7672813229384947,0.9795837934092652,-0.6102893381933125,-0.47689415588318784,1.0924966750757787,-0.6208082575649317,1.1639855554604623,-0.553252018255625,-0.32832782848892955,-0.7653620304313214,-0.24319558491455537,0.0677106200360211,-0.17609866260240087,-0.22076681014834912,0.40506981956260707,-0.43334714398502105,-0.10532540691926631,-0.30393338880142573,0.4785136228484047,-0.6962231267283463,-0.36627392267597864,0
0.1966478366999776,1.869189221753444,0.1970445157099175,0.1931048341237361,1.3795351582271766,0.19862489069006223,2.0905957410378266,-1.0186133662101706,-0.23836544735562393,0.19664781454553115,-0.38685059789414994,-0.6383390178615566,-0.6626780500732283,0.1659933842318018,-0.5985864900634541,0.07187580849409621,-0.5555416570865267,-2.140945870573982,0.8534266780705646,-0.9598983263563773,0.6866363599792168,-0.377995426764038,0.06450729310480284,0.49051410389719813,-0.32084221625828035,0.744097839662142,-0.35509847334398065,-0.3571265542887525,0.007437671259346258,-0.5721094885537316,1
-0.20527061712421169,-0.09723110785338245,-0.20525102037001014,-0.20532469730917954,0.07266794103480817,-0.20527364625141845,-0.39232917636851244,-0.01418047346609493,-0.2778047087469277,-0.20527511144172084,-0.39887856867671506,-0.4806890961811517,-0.5824018934125741,0.02885044898615287,-0.5032171307604367,0.09223514663973953,-0.5352707852428029,-0.7109700707684247,-0.7084879762778162,-0.8495779013289637,2.6772949501094208,1.501635417941744,1.954602824063563,0.5515393634067987,0.7957567501913143,2.703344208023512,0.8879340492853661,0.47728581412654075,-0.6562659256553629,1.684712714413686,1
-0.8795879726184491,-0.09556392621964396,-0.879784758801833,-0.8794459073942866,0.07489962656702799,-0.8795767249399471,-0.39130317321749103,-0.01418532693844365,-0.27780941899959904,-0.8795951248242582,-0.5518626420304311,-0.4606867343638063,-0.5357605398975718,-0.04135108735381973,-0.44965793730657894,-0.2521497108852884,-0.5314114464527487,-0.04225282676099318,-0.4785644643995623,-0.8732083987823244,-1.893405028164898,2.677761906616619,-0.23867091668587403,-3.3764833107883003,2.334734030021918,0.0004898930592916623,2.5394997324564152,-0.5735990803320603,-0.22365403070832118,2.4498725044958745,1
-1.4079848411232987,0.6813005711924193,-1.407172653621579,-1.4094065274727339,1.1229451565413162,-1.4078771495228528,0.28603272059450113,-0.053223633131086266,-0.27615574375406543,-1.407972188501256,-0.7694516714393186,1.3361837208802008,1.332054287546154,-1.3542247922883044,1.4025415488011164,-1.5634484433825384,0.9980645184553654,1.4663939871034186,1.380459559036092,1.1442710735997863,0.9693142374647472,2.3479935169491846,6.000976151585774,-1.8342823631416028,5.035569669639039,0.8046768507757234,2.0085691711909894,1.8773944136865874,1.8651744045755936,1.5559671265753736,1
0.011136242327377453,2.1333157722912186,0.012325089813608914,0.008500069229102587,1.3795351582271766,0.013969483613333606,2.6181815685593044,-0.43263438428496215,-0.43246506619639646,0.011136384471695297,-0.8951506122678158,1.4383446198238272,1.5862848795956832,-0.9179212870271012,1.5345354600157604,-1.7217972898846359,1.1553104777991796,1.7762365502426087,2.029836811286264,1.2608891461628946,0.6145451735184656,0.27929153489256736,1.1151249663659706,-0.45471324380850275,1.0194054185376822,0.6982684862127128,-0.11575548512600849,-0.09480435703663627,0.5258899409876515,-0.10029667932497165,1
-0.311610648364587,-0.0972076860676297,-0.3116256537024246,-0.3116333006506955,0.07266794103480817,-0.3116114129769444,-0.3923147750096007,-0.014189890775029645,-0.2778073162086889,-0.3116155973364695,-0.8176087381371003,-0.5360496950292647,-0.6903388626645454,-0.29764687833475056,-0.5316686483709914,-0.19773903055769332,-0.5444407426443086,-1.8982007217056729,0.19281165959788382,-0.991961224865893,-2.0196621305434372,-0.4100906865065975,-1.265741272812214,-0.4056356592233545,-0.47968289878719583,-2.2315578636317146,-0.3614062582531116,-0.15202566555584432,-0.43272605616009474,1.2073742216897057,0
-0.6235236379611196,1.727657049158623,-0.6199837142160627,-0.6234162413717583,1.3795351582271766,-0.6252223101138039,1.8268028272770869,1.2337542924725373,-0.11066832969720541,-0.6235251365267527,1.1419135916157523,1.9051660685026435,2.192527060636868,-0.584277487653159,1.9873247279896762,-0.3828053963031717,1.9700720328365642,1.656401727420054,1.8337310682458006,1.9722586092774672,0.5420636620870881,-0.32981506954050094,-0.005746784485640184,0.10779491188014932,-0.08275038956309953,0.6511222066124748,-0.3446891044982732,-1.5413949020784523,1.55280601075745,-0.5830548477627316,1
0.5679551167076167,-1.0304500571785373,0.5664833675025346,0.5694145471781814,-1.1863550705369883,0.5679357048435195,-0.6792298534499365,-0.01419656364492628,0.01590505332578784,0.5679537881602084,0.7657721925264467,-0.6688552368152337,-0.5355627540484638,0.9872705010173017,-0.6503815700553188,1.0567628015194592,-0.5573851367061111,-1.4233959482927494,-0.4666452260985556,-0.364850267817572,0.47205593792185846,-0.575550615206515,-0.20586443351412467,0.7504071371832723,-0.6779799601997819,0.4135339151474909,-0.38597756411334605,0.6572456532934857,-0.6435898201807455,-0.7835225128054112,0
1.3421038068536124,-1.0304500571785373,1.3408840376062898,1.3433345230826066,-1.1863550705369883,1.342067988357497,-0.6792298534499365,-0.01419656364492628,0.01590505332578784,1.3421060600206265,0.9814243392371174,-0.6845310902880566,-0.517962182058979,1.1652138715616112,-0.670097122338295,1.2065906438811944,-0.5580697742198677,-0.9815261610555033,-0.714461301704804,-0.2511018634785159,0.37851072371117983,-0.7202742898464183,-0.3209320820227357,0.7719462148937495,-0.7645171782866828,0.34243258100150586,-0.3965554702508708,0.7071340635769656,-0.5376603028802455,-0.8696955067569185,0
0.15602278617121523,-1.0304500571785373,0.15441695588769244,0.15760391779784505,-1.1863550705369883,0.1560121044415864,-0.6792298534499365,-0.01419656364492628,0.01590505332578784,0.15601955175741694,0.6796749223492707,-0.5100399097087347,-0.49449472787267257,0.764841287836915,-0.571853538355489,0.9111954950873659,-0.5404090480579714,-0.6138739862441795,-0.8174357422090957,-0.37394388718546334,0.2578546808111109,-0.5567815485336655,-0.20479997894663002,0.6703031206195932,-0.6184570035259866,0.13962455263304255,-0.38385967816327127,1.2915976649358285,-0.32456697864458695,-0.704414236156737,0
-1.041919044176145,0.6939707590238514,-1.0405756432157245,-1.0430370615097708,1.1229402624940963,-1.0421174076632218,0.3003751378620009,0.0168139675923213,-0.27081978109185256,-1.0419237588599346,0.872749556133882,2.1498170023029712,2.2316394594137186,-0.7810418151550066,2.0591695217625148,-0.530985801582494,2.4601327798596544,1.6326867040141317,1.6194154007272719,2.195803661403137,0.17715218083582387,-0.10493919454905677,-0.15902838178716264,-0.29450520007098613,0.11871189114395686,0.30990427900961226,-0.2811760073528261,-1.8351961476685175,1.5354009446367005,-0.36344750827794897,1
0.03102263069810036,2.1333157722912186,0.033638869724721444,0.029800619024637223,1.3795351582271766,0.028173745696158884,2.6181815685593044,0.4042412569951095,-0.4324650661963965,0.031022811750968087,-0.7094357975062922,1.850796799155733,1.6449534777609591,-1.7306434419197545,1.743386595440246,-1.6706711296046202,1.8670548675438243,1.5612907254443262,1.4437161295881697,1.7318815893803676,0.25216527754651985,-0.052808887474205334,-0.11751461558697324,-0.5615185780064248,0.3404512498882831,0.3874717677710859,-0.2629417250694082,-2.152114919292948,2.476313810193074,-0.3473710931916426,1
-0.035738815975040604,-1.0304500571785373,-0.03740706331232031,-0.03410103036196669,-1.1863550705369883,-0.03574543367655487,-0.6792298534499365,-0.01419656364492628,0.01590505332578784,-0.03574293760250316,0.5826706530153656,-0.7300358838335307,-0.5762396472843688,1.0522882929894866,-0.6978325505732142,0.8487081313913765,-0.5590485455062548,-0.6555627545035049,-0.7952505849219866,-0.46635330429010663,0.23538587580943804,-0.644186409650884,-0.3524186766167045,0.6774234811841953,-0.7144001589902517,0.20244236410649974,-0.39226385205049524,0.411554338248007,-0.6368073513818578,-0.7343893280577316,0
-0.3846028862500068,1.068154779001204,-0.38553213519382495,-0.3891101936208773,1.3795351582271766,-0.3837498547057742,0.7716311722341296,-2.4113078121890483,0.8644732960578149,-0.3846062007082553,0.7813443407525514,0.9638606761263535,1.0641344156055115,0.17882584746770944,0.8742317663456579,-0.07724189940008455,0.4889888136524164,1.4349922808334143,1.218622384798608,0.9017909829568054,0.39387993224671747,0.8140452128155989,1.1151249663659706,-2.1279970109655717,2.2491103721691568,0.6624478531447058,0.23394666081211926,-2.2661125669384043,3.0483788786285038,0.31015424056519103,1
-1.4678840633264898,-0.8142885980810275,-1.469622026796253,-1.4662079952869753,-0.9041068027896247,-1.467854648233384,-0.6638369338087723,-0.016670001105447654,-0.2733145309602089,-1.467893121077112,-1.2050915295451219,-0.7165148656533546,-0.7741483875197649,0.12492952635286297,-0.6858027246947416,-0.6566707226960833,-0.5589143951446002,-0.2470028275360088,-0.5313257251020761,-1.0178159791352894,1.8626966804411882,-0.7657265124238875,0.3072031629009714,1.3405067073012646,-0.796371771866303,1.988601678827187,-0.39777605668800115,0.5084031214505171,-0.48567832238230235,0.2624426779362833,0
0.6602847770002584,-1.0304500571785373,0.658843080450689,0.6617169296254981,-1.1863550705369883,0.6602634083818838,-0.6792298534499365,-0.01419656364492628,0.01590505332578784,0.6602838756297995,0.768089931228733,-0.692592899715448,-0.5414296175950404,1.067687265189886,-0.6710996147993264,1.0106072777771793,-0.5583525390482114,-0.8377636654762052,-0.6199605624070155,-0.36564353942352606,0.4761027148016846,-0.5555413852638366,-0.24897488156555603,0.664072814409455,-0.6410234004090608,0.5582782693177066,-0.38371370614478106,-0.20248442229500066,-0.4948826555187599,-0.767518621459308,0
-1.0374019899605722,-0.7245331290202984,-1.039154719134609,-1.0359368782445926,-0.9297699628983476,-1.037145910515737,-0.6483999975282216,-0.7065775111052204,-0.36162389514887955,-1.0374106193789059,0.19434679582971792,-0.637446257124866,-0.5496432228301986,0.7913616901013768,-0.6241498725449081,0.4510608313348197,-0.555477566544225,0.7293478703570426,0.08314137157825896,-0.6625972731689096,-0.03206801158189397,-0.5212849497712212,-0.38905723778889006,0.5118751749808459,-0.6152519138659542,-0.10927619322123815,-0.37938595694174776,0.4840881603165071,-0.6047379873295835,-0.4848964569163528,0
1.072516262537151,-0.09718665296364468,1.0729518891883612,1.0720846842389027,0.07270709341256641,1.072486109761513,-0.3923018420719829,-0.014186959006868,-0.277808416200356,1.0725174743983852,-1.3709902694271985,-0.6943152366744139,-0.7888000247197359,-0.014817427274632268,-0.6710275768367369,-0.7550153567655794,-0.5584068440911205,-1.155169274542833,-0.5432818776207465,-0.9263135108861067,2.2745639630078296,-0.6591050065796976,0.5348464528261961,1.422115122303771,-0.7164614615682899,2.4869936447700822,-0.393327176324777,0.020938727279645557,-0.5584877924848682,0.6231335257821315,0
0.5749920151431105,-0.09569612486167915,0.5752684937254591,0.5747045824026705,0.07474301705599501,0.5749724888235006,-0.3913845966629023,-0.014188095831646295,-0.277807381330526,0.5749909757093564,-2.5535713864771306,-0.40886505743024787,-0.8267237501262049,-1.0244927417441019,-0.506235845651409,-1.7976936771748135,-0.5200642781513225,-0.6143025063455594,-0.8295721598753867,-0.22438351191050557,0.6269990158427925,-0.6147988496229235,-0.18526114803833246,0.7382873495749603,-0.656412531086484,0.6720736020353949,-0.3898526932284269,-0.4208089280364244,-0.2505574695228695,-0.7512613852692075,0
-1.3878427707247531,0.7051095102197407,-1.386569328975556,-1.3888159987122222,1.122947603564926,-1.3879911812522734,0.31307136301784116,-0.004372132220063233,-0.2720010845087365,-1.3878343243776723,-0.8298561104353422,1.6772813886781808,1.8405154716452123,-1.918852848322032,1.9472253163618058,-1.72676785870345,1.5526090810309432,1.6333311593694273,1.7827960434090886,1.5332359780176577,0.3786975408587054,-0.2807464834354605,-0.1835108622181383,0.1158053267992152,-0.1978717162166565,0.45958714058712336,-0.3329276839593734,-1.4118403412127678,0.9684347739284345,-0.5470671072963442,1
1.5693768168047306,-1.0304500571785373,1.5682310233248233,1.5705403875683093,-1.1863550705369883,1.5693361816827016,-0.6792298534499365,-0.01419656364492628,0.01590505332578784,1.5693801214842356,1.3473206481608855,-0.5507404191475427,-0.42800365741212454,1.1121730670326875,-0.5828808837234881,1.48352351545919,-0.5465012817058633,-0.6766520253284949,-0.7935898196348355,-0.037859441897353845,0.0772192330603446,-0.51319460697515,-0.2388625504850575,0.6106701367003355,-0.5955635577517431,-0.13034720002327643,-0.37828057850978464,1.1183189636611373,-0.44243838851919304,-0.5631020453863125,0
2.597095355944865,-0.09565473866968417,2.598030201413752,2.5962104833045005,0.07482132181151151,2.597032836217515,-0.39135910742478264,-0.014112384162376052,-0.2777975873313011,2.5971035449855138,-1.113223784354071,-0.5205959319679935,-0.6385395320934586,-0.2976084510686844,-0.4874207280656099,-0.5381910863372724,-0.542104405034511,-0.8024340988040137,-0.4133254144601038,-0.9308639239112529,-2.2212983873985546,0.08466250967805468,-0.9749512072559063,-0.7528987577221704,-0.04578955286522338,-2.41739278376299,-0.2085196523716381,0.390557378317641,-0.5932878851915225,1.4623637558435265,0
0.3975003592442782,-1.0304500571785373,0.3959731282136344,0.3990101488139043,-1.1863550705369883,0.3974845598496161,-0.6792298534499365,-0.01419656364492628,0.01590505332578784,0.39749824206250156,0.6534980973936044,-0.7207522400767926,-0.5623547449725771,1.056565794332548,-0.6868052131722538,0.9140358298008199,-0.5589706888250638,-0.7508641213281958,-0.42423906567039926,-0.42826609381021985,0.2971710381946396,-0.5696266787035899,-0.29038220357792593,0.6783135249285007,-0.6769334006290554,0.24576953353580058,-0.38532761214062944,0.5228011751502697,-0.657584262704329,-0.7339150751848759,0
0.22035624003813753,-0.09550834179910693,0.22051755601872258,0.22017319942024055,0.07497793132254447,0.22034417320742428,-0.3912689343665328,-0.014195754485566725,-0.27780855421782835,0.22035361331791029,-0.7559254145517713,-0.5481995671969712,-0.6038329646387295,0.09658046350498278,-0.5347548998477714,-0.34606898222895954,-0.5461560831114827,-0.16008434741819344,-0.48188588378335073,-1.0025002059011916,-1.3249153837542982,2.047741268737393,-0.25838090086416143,-2.9094733708537133,1.9794143848867478,-0.06156673225746252,1.571150252726864,-0.9706658426601374,0.17524426839836094,1.7597066970037236,1
0.717103029488038,-1.0304500571785373,0.7156798268803223,0.7185183957469238,-1.1863550705369883,0.7170804567131849,-0.6792298534499365,-0.01419656364492628,0.01590505332578784,0.7171023909957017,0.6691428490741208,-0.7239313134209371,-0.5609858169834657,1.0899301253180107,-0.6921517971402159,0.9161661316251014,-0.5590043809410162,-0.08982510698236448,-0.5381185698565056,-0.419969500428576,0.499768734029331,-0.7476079289730856,-0.30347500998526933,0.8319619214825036,-0.7978958194164948,0.4750479612148903,-0.3974099010624833,0.5658915637106379,-0.6786338872065825,-0.9032038193723875,0
0.7739212819758174,-1.0304500571785373,0.7725165733099557,0.7753198618683496,-1.1863550705369883,0.773897505044486,-0.6792298534499365,-0.01419656364492628,0.01590505332578784,0.773920906361604,0.5499155150806112,-0.693734241164941,-0.5641148059015746,0.9693050606456863,-0.6712666835977674,0.8330862566079185,-0.5583887656273704,-0.7697441072359453,-0.7021702777440844,-0.48227990965112755,0.10774127516113258,-0.759693788080571,-0.4741072383087635,0.6889940604703245,-0.7976799674309809,0.04612214441332426,-0.39767186854379527,0.7533368713484584,-0.5395756898328689,-0.6575961127963222,0
-0.9150688671421175,-0.09556563335298433,-0.9152772086117511,-0.91491632595423,0.07489962656702799,-0.9150568740146836,-0.3913042247440253,-0.014190742940246496,-0.2778094519596052,-0.9150761290845769,-0.5228967470416731,-0.44059614687949217,-0.4826263460100182,0.07651374108591498,-0.42728137821306933,-0.2921791334151409,-0.5272432594046912,0.5435598444657247,-0.02531635322580037,-0.845849922804068,-1.334683771437906,2.1758011994011244,-0.19515598452751828,-2.8561417918157734,1.9790718736311508,-0.019026008823295065,1.7523517556990211,-0.8166807550231021,-0.01505193282397541,1.8479306675365526,1
-0.345114200771,2.1752217813528176,-0.34290457537159985,-0.34650909402980806,1.3795351582271766,-0.348239199498711,2.706112539812885,0.23358412234795398,-0.4589331960383141,-0.3451142999986947,0.29593882884730893,1.9341140438331956,1.9969650667526149,-0.6612721854820527,1.8352810950270197,-1.0528977876769918,2.0257955451090157,1.57547862146937,1.4499605818357586,1.8850336850926648,0.3515039328871183,-0.004274369623085195,-0.1398681868829596,-0.5348172232366276,0.3070922162042351,0.5468209348801222,-0.24477735837161466,-1.9210751635763685,1.8942164554488996,-0.3284573388658151,1
-0.4536913314936439,-0.09723704870983008,-0.45375264380346125,-0.4536719598384555,0.07262878865704993,-0.45368909147414094,-0.39233282916684725,-0.01419656364492628,-0.27780816796552926,-0.4536968759714389,0.829781222588047,0.4763824371673636,0.1544365586469405,-0.2204405449895605,0.17499750527368774,0.07034967795536318,-0.025687633954322605,0.2311448401761053,-0.46174441457088244,0.4229555695021598,1.375265366918085,4.075688081217084,4.40872733245957,-0.9370887302008207,3.397794781868394,0.2177866955119962,5.377363060720333,0.9747655524216063,-0.4440283586559186,2.9576011350312013,1
1.739831574268069,-1.0304500571785373,1.7387412626137237,1.7409447859325864,-1.1863550705369883,1.7397873266766049,-0.6792298534499365,-0.01419656364492628,0.01590505332578784,1.7398356675819424,0.8716043220025562,-0.5568594433141412,-0.488627882976341,0.9385071978314392,-0.6007585517509966,1.1050485593670996,-0.5473134105635731,-0.6154439395065577,-0.8532261713814394,-0.2888084272010524,0.440467928842032,-0.419025546339518,-0.04726053799653021,0.7139153065311942,-0.5537012528972893,0.23181001900286055,-0.36307312666241015,1.1176241460021676,-0.485060766084839,-0.6608372290173956,0
1.8520969539642484,-0.09569844651067962,1.852788978130528,1.8514322874202276,0.07466471230047853,1.852050327118261,-0.3913860265040609,-0.01419656364492628,-0.27781057322290786,1.8521017250506462,-0.7506805029272355,-0.42928816906458694,-0.6200914276915326,-0.3132187324391717,-0.46861062174706003,0.006266484020957344,-0.5247685627404934,-1.0704495313601827,-0.6884165830064609,-0.8678127279681621,-1.8929092495083129,1.4055226377514303,-0.26650708377230564,-2.1744321568311267,1.4342353026883607,-2.041741151492501,0.782697165917272,-0.05661274612322901,-0.33995675634935146,1.714249196512412,0
0.8233227047125443,-0.09572139017557978,0.8236799221267344,0.822962030907184,0.07466471230047853,0.8232978244581962,-0.3914001566990411,-0.014157711812337445,-0.27781012374988384,0.8233227866001867,-1.7777744857683966,-0.6307939230849795,-0.8192414583012515,-0.3569122472739723,-0.6302235523522656,-1.0594877190593526,-0.5549818165720226,-1.2169209632452898,-0.5787964076651873,-0.6983849082769327,0.3427499013313185,-0.4520955099782185,-0.1901049962214146,0.599861759360415,-0.5576593452796462,0.2840816359938995,-0.36890486725581556,0.47975800026213405,-0.594556385423948,-0.6704967915900981,0
0.2891195426238388,1.8022542577855032,0.28940422865807175,0.2854072165710529,1.3795351582271766,0.29095259422842656,1.964194969860805,-1.135815312235621,-0.18035750513447493,0.2891196598157708,-0.6819263088981663,1.4499746353411718,1.1404034738588016,-1.1061306934293784,1.190348750594423,-1.5385955315695456,1.1736908448350647,1.419286005507691,1.109811168855625,1.2751114379916348,0.2755128897327112,0.1129361103651018,0.008091150270388994,-0.43691236892239355,0.32606111427174844,0.4593237539832911,-0.19618739688911724,-1.3453566608195429,0.8229261568417652,-0.2260101003758915,1
0.788590740230823,-0.09717381523903358,0.7889340205008061,0.7882428974554617,0.07278539816808291,0.7885666740817738,-0.3922939482059827,-0.014209784146887183,-0.27780268501635674,0.7885906642020059,-1.194073993985981,-0.6116884230961659,-0.7273902345136479,-0.13247735108862363,-0.5955820262126921,-0.5969172057099024,-0.5533797314436457,-0.7914427406336465,-0.636808804173229,-0.9785116960312269,-1.57891123398623,0.3721904278582846,-0.5700600022289201,-0.8313042629998003,0.2606330743850643,-1.626052377027128,-0.06498391756751071,-0.06636870347904478,-0.4363222613155754,1.0295437288727567,0
-0.9723735168943743,-0.762933463945074,-0.9737924824220288,-0.9706152138729928,-0.9297699628983476,-0.9725165288758739,-0.6556540812745075,1.371397270008312,-0.0262810736220443,-0.97238188751187,0.691808974269953,-0.7132195697199512,-0.5523810788084214,1.0856527055615017,-0.6839648364557546,0.944569478759642,-0.558861623979932,-0.4573726690880417,-0.7127423160727155,-0.407523519484122,0.31484022270601314,-0.6494155518941847,-0.3451590895824461,0.6818736999057226,-0.7132096967962724,0.3193862163714378,-0.3926488780437132,-0.21991948131486735,-0.4537132791611253,-0.7912602734492626,0
1.008296573487908,-1.0304500571785373,1.0069681523321936,1.0096259096192306,-1.1863550705369883,1.0082678294111032,-0.6792298534499365,-0.01419656364492628,0.01590505332578784,1.0082972822459508,-0.696460220746403,-0.6490863930844591,-0.6906434165041937,0.31929844973715105,-0.6524199602720915,-0.27500039005135707,-0.5562678786322275,-0.28434908693424854,-0.8017372622088009,-1.09887858203457,0.4466100851679072,-0.6692268503665002,-0.296875381515363,0.7736372990689457,-0.7509773382074731,0.4700436078925317,-0.3939869908222983,0.24524393983502818,-0.6877019699945585,-0.857717842249732,0
0.7952281266587348,-1.0304500571785373,0.7938303532210682,0.7966204116638842,-1.1863550705369883,0.7952038981687239,-0.6792298534499365,-0.01419656364492628,0.01590505332578784,0.7952278496238173,0.7601823391246388,-0.4596433024023404,-0.48080539203082384,0.7075229819649299,-0.5489634558250547,1.2491956645830053,-0.5312021664015606,-0.8796137959877425,-0.8418835096084356,-0.31438723756315673,0.6717365883008788,-0.26873089786220267,-0.014262421025597369,0.5412466609835596,-0.40652911931420466,0.8270647444808412,-0.3298691834512501,-0.0453002650639476,-0.528613528336078,-0.5020354948639862,0
-0.8084624699989853,-0.09721697316015568,-0.8086391992809335,-0.808338334708526,0.07266794103480817,-0.8084527069346571,-0.3923204854096098,-0.01419534759590437,-0.27780854588024223,-0.8084693877923297,-0.8048291085920143,-0.5335155363782991,-0.6364230649809199,-0.09585265830584598,-0.5250159560698096,-0.27051690015462315,-0.5440694840248316,-0.7642598589950167,-0.513991406838223,-0.9888134654730076,-2.309131079541501,-0.25739503391833474,-1.2329815623979663,-0.6864703387279706,-0.2531654822956699,-2.5548319257417633,-0.32691934555552415,-0.206466527122594,-0.2136769979738769,1.4742607212014973,0
-1.021396765029167,-0.09722748907891118,-1.021642844122446,-1.021209707497822,0.07264836484592906,-1.0213825033092305,-0.3923269513154105,-0.01418833152215132,-0.27781051936922296,-1.0214043099390462,-1.0150015913965893,-0.5957377459123996,-0.7066792865506475,-0.024319323485093733,-0.5990109201000086,-0.5175279949704193,-0.5518396082752117,-0.4544986581368368,-0.7055841338985146,-1.0314319054270267,-1.9276703757867906,-0.46345432293996264,-1.1965571315665962,-0.30932394140740327,-0.5079498475921255,-2.172083676091494,-0.3707852493708103,-0.0814637664705051,-0.3930729098143943,1.1226994553565333,0
-0.7729732156425589,-0.09721929485928421,-0.7731384020942395,-0.7728595739532791,0.07266794103480817,-0.7729642133761224,-0.39232191295523067,-0.014203610758944378,-0.2778092365650723,-0.7729800080899544,-0.7899668279099841,-0.5362230440162378,-0.6520287321553188,-0.23496233937443964,-0.5111803570847541,-0.1973138615431378,-0.5444659685292612,-1.187697350227347,-0.2629705313726905,-0.9913393299637806,-2.117167634734525,-0.34839522042582316,-1.2675417321221427,-0.4735427947680676,-0.43088395736210744,-2.384432478092434,-0.348837058886284,-0.0703140538693187,-0.43555719325688874,1.2982167071933641,0
1.6048882246095928,-1.0304500571785373,1.6037539898433444,1.6060413038942003,-1.1863550705369883,1.6048468368897648,-0.6792298534499365,-0.01419656364492628,0.01590505332578784,1.6048916935879245,1.0822119867228466,-0.44585571093995635,-0.42018118511685243,0.8324255479803156,-0.5215621970551715,1.306002426571008,-0.5283627200404588,-0.6572484124419623,-0.8016021862519385,-0.14639454474788152,0.42894948669641136,-0.5729226129857034,-0.2640901529200692,0.7139153065311942,-0.6869411060557934,0.4846615884444557,-0.38569133548239554,0.18165276919610152,-0.6683160112562393,-0.7808226926477909,0
-1.370442178597461,-0.7471785450911929,-1.3723601423681477,-1.3689354842154706,-0.9297650688511278,-1.3702358536487418,-0.6527954035391356,-1.1358153122356767,-0.1803575051344554,-1.3704520503659836,0.8812161272395961,-0.6541748814983629,-0.5160065546600384,1.096774094832288,-0.6550598310272857,1.0283594543849186,-0.5565825239453773,-0.4202675838747443,-0.845300315069899,-0.3017233961562209,0.7269521011985994,-0.6101282130920026,-0.12815918664051848,0.8102181330344386,-0.6741861954014544,0.6861526808501781,-0.3894308075017636,0.3289063426398705,-0.5749018533237132,-0.68027494114336,0
2.3487579342933604,-0.09569379841495358,2.3496118349330786,2.3479463177076645,0.07482132181151151,2.348700781647813,-0.3913831638633915,-0.01419656364492628,-0.27780418232743104,2.3487649827397026,-0.7323151485411475,-0.7215028226270142,-0.7204465780856636,0.3759395387842141,-0.688944835070571,-0.24609108522922488,-0.5589793039547574,-0.34638005418342893,-0.4703022937121181,-1.167317797262493,-1.8792586088084686,-0.7723576233898605,-1.3669362020228801,-0.05029882438037183,-0.8030051651930691,-2.1432238475615883,-0.3978701629595175,0.9181554713548972,-0.18471856669232056,1.0640924360450956,0
-1.4828521998042865,-0.09548946913726873,-1.4832452179836446,-1.4825320490708727,0.07499679285029241,-1.4828281500073068,-0.3912573087350946,-0.01419577903914862,-0.2778081954124418,-1.4825835772235485,-1.4867063828627634,-0.604230751840408,-0.7386312298540686,-0.20343439929821194,-0.5913278094983347,-0.9041637413310807,-0.5526826004899587,0.004727709781072297,-0.38194885412389695,-0.8372870706143569,1.1647317853174846,-0.28751773556247523,0.4152799559782753,0.7614959569239225,-0.3044415366083556,1.240873537024601,-0.33462034079596725,0.37609632794097736,-0.31425982157063465,-0.22368075028434317,0
-1.2891494653135955,-0.7721286735026178,-1.2906573193755497,-1.287283376665921,-0.9297650688511278,-1.2892715624858857,-0.6572469429212039,1.523242160830568,0.0770464332605784,-1.2891591795683492,0.6397279799968011,-0.6409449154988709,-0.5414296175950404,0.9624610911314092,-0.650548654787837,0.8778215791340109,-0.5557254291861442,-0.5623168274869255,-0.8479231218877218,-0.42824872028353406,0.5943486967890458,-0.6654857275072587,-0.1696729401514085,0.8212546844824609,-0.707806843636437,0.6093753548437809,-0.39374892115497634,0.4727173943403744,-0.5522641370624577,-0.7990556319765596,0
-0.9354132321636189,0.6966762136284022,-0.9340067165582892,-0.9365343125320976,1.122950050588536,-0.9355854149495524,0.30345136592352295,-0.017220638066200344,-0.2654752971494771,-0.9354182315833305,0.5948544328388027,0.8716814450182696,0.5243831931234042,-0.5757224849670365,0.5604537134069125,-0.35822227667238815,0.3784651144394899,0.7371838519310356,0.07050860046002595,0.7657625360479895,-0.0025105645649954873,0.5910751193398881,0.49348288986272604,-1.4248618163547566,1.3503791771097513,0.2905453327203551,0.07123386775711749,-1.1291833631718753,1.019972198751362,0.2031429242125524,1
-0.9805411244336601,-0.7404905537837507,-0.9823179727049757,-0.9791354121231669,-0.9297699628983476,-0.9803288621844359,-0.6515324427822996,-1.0186133662097117,-0.23836544735576717,-0.9805495164604228,0.8752854477889738,-0.6563338603357325,-0.5140509272610979,1.1173060849616714,-0.6573989694803077,1.0276493537768248,-0.5567103549391036,-0.30253681100754737,-0.8185806612857492,-0.3051317789313041,0.42440382845571367,-0.630127678698524,-0.2346047322150789,0.7578835110015332,-0.7011350419679768,0.363898624046194,-0.3911627703605763,0.8627166227152726,-0.5310837056260079,-0.8246877318976573,0
1.2071604571951362,-1.0304500571785373,1.2058967648359105,1.2084310410442205,-1.1863550705369883,1.207127498570657,-0.6792298534499365,-0.01419656364492628,0.01590505332578784,1.2071620860266088,0.7331193069570985,-0.7007401755182322,-0.5508165843493669,1.0839416723896562,-0.6822940209987279,0.9964056719288302,-0.5585904568895423,-0.7604694688362245,-0.8574878072054269,-0.38484007294072026,0.3305778139478925,-0.7209071284114723,-0.36420219952822125,0.75370030222025,-0.7776972610767487,0.29317920464583697,-0.3965793604678211,0.47809530642550085,-0.6540498664990285,-0.8362871237654228,0
0.37619351456136085,-1.0304500571785373,0.3746593483025219,0.37770959901836965,-1.1863550705369883,0.3761781667253782,-0.6792298534499365,-0.01419656364492628,0.01590505332578784,0.3761912988002882,0.614130577527166,-0.6436740237906172,-0.5316515179008278,0.9325187041098087,-0.6363467791723796,0.8948635874147353,-0.5559126153481497,-0.5147025316879618,-0.6889539164953319,-0.44224846809348783,-0.23242669203676647,-0.6021221173613127,-0.42854854221423455,0.510095087492235,-0.6382107705880508,-0.3792479144793739,-0.388682964132352,1.375012205331822,-0.1702629789405303,-0.3444609540195134,0
1.2490227586371605,-0.09570868914863702,1.2495184213469015,1.2485361991365231,0.07466471230047853,1.2489889561675502,-0.39139233462681994,-0.014228316042708284,-0.27781755275108,1.2490247744428777,-0.8098428988308297,-0.35754481828392326,-0.5306669714628823,-0.376018512404405,-0.37994471673136027,-0.350341905695174,-0.5069091810588102,-0.31046487628417135,-0.4870973174788212,-0.7882574340609538,-2.2985480239395457,0.20696868458354134,-0.8059743551379199,-0.7809435283030562,0.07865545477883792,-2.6260551878640745,-0.15237658225843825,0.4388623414343384,-0.6135319768273044,1.5551991478014973,0
-0.5114496349289744,-0.12632866326222802,-0.5063102213567959,-0.5098133091289069,1.3795351582271766,-0.5115882134512016,-0.40994125398584846,7.0140947482433225,11.026344574652887,-0.5114554495290405,0.8039014048993681,1.926376062262347,1.762290674091511,-0.8067067416268219,1.6631877721845052,-0.7006959615438122,2.010840828001864,1.4418642272884905,1.1786564939592,1.940431887422001,0.2854405171642801,-0.058104833977003154,-0.12603025212693042,-0.5081159533480972,0.2959726006892375,0.3812821693349194,-0.2648544581044682,-2.4467363913254934,2.788885159187337,-0.359033539512583,1
0.752371757221716,-0.09569612486167915,0.7527059716634483,0.7520319194669733,0.07474301705599501,0.752348471670588,-0.3913845966629023,-0.014188095831646295,-0.277807381330526,0.752371518118313,-2.3814035948500867,-0.4361937746775227,-0.8371187439770366,-1.0395652045627675,-0.51217324926433,-1.4832405278150276,-0.5262908355390632,-1.0358307335778143,-0.7002564027181898,-0.32148815295389405,-0.034831421389852256,-0.24350066623295488,-0.3231832525572173,0.35667769364823954,-0.4607175037288702,0.21977770925915255,-0.3232185007827003,0.10899354603559736,-0.6668623483457313,-0.35097267114419983,0
1.1425979001282756,-0.09572466788796709,1.1430590133568408,1.1421428737595858,0.07466471230047853,1.142566335795091,-0.39140217529832383,-0.014224209096951773,-0.2778053156619689,1.1425994313666628,-0.712283466049983,-0.41466905761104667,-0.403441732243352,-0.3546071824158688,-0.27542988631917786,-0.3548061536307762,-0.5214319191917638,0.7750304185439268,1.0701757276710808,-0.8483964568918848,-1.7014979596561477,0.6484154599069649,0.1713669032073169,-1.3226152003577656,1.0773002225460722,-1.8971262687121393,0.11076907404600106,0.6436756568068739,-0.10149548844803963,1.2290933610572246,0
2.100425675494236,-0.09569612486167915,2.1011986720119538,2.099687569120766,0.07474301705599501,2.1003738204643256,-0.3913845966629023,-0.014188095831646295,-0.277807381330526,2.1004315845419304,-0.7569361315313414,-0.651811347801436,-0.6851603936516757,0.15538480723460102,-0.6157226857304996,-0.2739501203721582,-0.5564387088460634,-0.43317224345773364,-0.2563747869839483,-1.117007556389907,-1.85299034234962,-0.6377881217619846,-1.1282334263330982,-0.12759866627547567,-0.599516394645636,-2.107562921352719,-0.3917746536379469,1.373052191391106,0.4593048796717453,1.0451887309818515,0
0.8950630354261833,-0.09717845868637495,0.8954409109717477,0.8946838925198484,0.07270709341256641,0.8950366521090352,-0.3922968034558903,-0.014190576560983322,-0.277813072533184,0.8950634416376151,-0.7437003825224733,-0.6609754322172746,-0.6938838732746039,0.12890236311353037,-0.6180036090328201,-0.2539247782947059,-0.55697374186015,-0.9382110516549035,-0.15590533957716046,-1.1236287297706302,-2.04045302813101,-0.3907898811106992,-1.3088419501031254,-0.46752080840719734,-0.46068815993515744,-2.1282024543204376,-0.3576730462529747,-0.6123346937627384,-0.2151787118569243,1.227399836176314,0
2.2068531869549735,-0.09569379841495358,2.20766089859677,2.206083494662473,0.07482132181151151,2.2067990417148518,-0.3913831638633915,-0.01419656364492628,-0.27780418232743104,2.2068595841567364,-0.9344993451829794,-0.7243194463666258,-0.7480192169807882,0.27203307309931896,-0.6922086568984837,-0.41937831521030006,-0.5590079927940252,-0.8282379076460689,-0.5772031401694853,-1.162211690639857,-1.8671902654135055,-0.7607761892080621,-1.3607060605722179,-0.06406147299412739,-0.7890625570318852,-2.1235698407699455,-0.397691864857629,0.17081268967651356,-0.30277605739951385,1.0537401362179273,0
-0.9087086524106402,0.7685923702058339,-0.9070092945264605,-0.910263656118978,1.3795351582271766,-0.9085973495031602,0.38699128128899823,-0.03116671636010923,-0.26285677325988255,-0.9087134143000835,0.9118035081127182,0.8532882530083414,0.3268656091407006,-0.7724868124688841,0.4301306335833722,-0.14732722871294432,0.35714834639025567,0.09238095754465377,-0.5607425271947506,0.8180538619563646,1.2780054320254643,0.43540408724344876,1.4557507325074428,0.03837145738369,0.8663463815211654,1.299844505881759,-0.02803682847801941,0.26034826670160194,-0.012371239520228314,0.24583629334560242,1
-1.3081693755506243,0.7124473153544055,-1.306997892104631,-1.3092939474964786,1.1229451565413162,-1.3080922138095012,0.32147983887636983,-0.017921085201487254,-0.2682224521560953,-1.3081689726856143,-0.85579434951806,1.6527056925351897,1.7818468734799364,-1.2943399366585515,1.775131961651137,-1.6777720679666372,1.5098365763155197,1.758577793582543,1.9204455923463684,1.5052384721404037,0.041449101950673445,0.022460898843615545,1.0299684994520035,0.34365673754458015,0.3803512769906415,-0.048697182107656896,-0.2342822559730677,2.7550036618075397,2.0436762566220676,-0.22121933940829405,1
-0.028636534414068163,-1.0304500571785373,-0.03030247000861614,-0.027000847096788474,-1.1863550705369883,-0.02864330263514223,-0.6792298534499365,-0.01419656364492628,0.01590505332578784,-0.02864062318176538,0.003167256472269608,0.6041074973614989,0.7688356854787206,-0.7810418151550066,0.8094042763933457,0.14430441140609604,0.09251638823875621,1.7600998225004716,2.426855397024454,0.3721215824591807,0.10669279784358097,-0.3068357267412735,-0.18244640765064365,-0.022151602110348168,-0.09583235300733829,0.13303988263127012,-0.33932686110010674,-0.8561788569021049,0.7872475266381327,-0.4693192986026603,1
0.8733532238294316,-1.0304500571785373,0.8719808795618141,0.8747224275808445,-1.1863550705369883,0.873327339624263,-0.6792298534499365,-0.01419656364492628,0.01590505332578784,0.8733533082519329,0.7020684032838265,-0.7021935252847137,-0.5564878814260005,1.0454443234752095,-0.6796207290147468,0.9715526923969162,-0.5586278426728142,-1.2374656424722577,-0.6105279205852826,-0.40152233180042673,0.3297013844225547,-0.578524990359303,-0.3027298911535581,0.6444918202042598,-0.6596651969525454,0.39366136228247944,-0.3862974666279789,-0.07757420026200218,-0.5455539515098443,-0.7556936954326041,0
-1.4117951024465627,-0.09559073678512557,-1.412165184438809,-1.4114957530941366,0.07485802716565985,-1.4117725570760677,-0.39131968724239624,-0.014196754299809662,-0.27780868882122917,-1.4117983319635767,-0.989295404732873,-0.5614246241490758,-0.6541217838851553,-0.1475113866412231,-0.5300479933886898,-0.46171426324343995,-0.5479016392187896,-0.4651109942468046,-0.49856939838276854,-1.00305879915491,-1.883081634702065,2.624107455390084,0.03483103168184009,-3.0083298290510654,2.232240612882702,-0.042543656259279965,2.4495137029724363,-0.3855898238703611,-0.3713159846575661,2.410712438866584,1
-1.281677865870058,0.678373455005767,-1.2807108914605512,-1.2830232639983092,1.1229451565413162,-1.2814592156310838,0.28273431965703266,-0.035037076973901106,-0.2676060594291869,-1.2816790500631376,-0.5579987173053561,2.2849997718889443,2.0751898643063162,-1.9274078510081545,2.1493932218263385,-1.749490604130004,2.749520411218035,1.6022909757190251,1.4830817356972552,2.2296180550366427,0.10757542558269945,-0.18262960859429858,-0.26068389449729656,-0.20550074075917327,-0.009164350062669413,0.24748155087607973,-0.30589868036578965,-1.6837966872353167,1.3973699504508619,-0.3894633449757328,1
0.18215918231559386,1.9820575742651652,0.18283532910250913,0.1789044675933797,1.3795351582271766,0.18442062860723696,2.3104231691717763,-0.8052022616175795,-0.3275656398375821,0.1821593615266255,1.0269952120703516,-0.6887634741711228,-0.5101396911134618,1.220821225848303,-0.6742741450467846,1.1852880996708284,-0.558224095375672,-0.2814031958494951,-0.7935797769511642,-0.2270326067974677,0.7205173302959383,-0.6831598591637646,-0.15051274524720545,0.8929032722125402,-0.7486879959692869,0.6744319588275682,-0.394813760266751,1.0109288730222623,-0.5536990474445027,-0.7112147655266469,0
-0.8230551357015905,0.7787617412888359,-0.8217541748820104,-0.8243514494443415,1.122950050588536,-0.8230166758726338,0.3990793160392769,-0.04907511893491744,-0.2712518942132748,-0.8230599077965483,-0.18395623202981753,2.032515498218303,2.133858462471592,-1.3285599474030414,2.0825608584905035,-1.3745660156405402,2.2197538460835218,1.6060759838435523,1.590979693429963,1.9572575809595385,0.0501342873236753,0.15011533143512013,0.4115198120298419,-0.383509659382799,0.5347184783819934,0.2121876851285779,-0.17937909126740478,-0.4544286961808766,0.3182221614349302,-0.13516420327771494,1
-1.1348452962282807,-0.7085894107851897,-1.1364876528157308,-1.133209394394544,-0.9297699628983476,-1.1351553134687355,-0.6451026867344553,0.1503242118335008,-0.466924781135508,-1.1348543239187194,0.5048218188690906,-0.5395596358245202,-0.4788497832821284,0.7708297815585455,-0.5596566476620947,0.7201828332400073,-0.5449472691429821,-0.011930178556849167,-0.5163560979933431,-0.47334672904828906,0.5119476681393142,-0.36132580378944795,-0.11006343361451071,0.6177904866547792,-0.521650438170301,0.6073999538432492,-0.35162470597459433,0.16529196527440823,-0.6288069841903905,-0.6120211835902346,0
-0.7317624089503396,-1.0304500571785373,-0.7336572070753296,-0.7299189903494315,-1.1863550705369883,-0.7317542757349935,-0.6792298534499365,-0.01419656364492628,0.01590505332578784,-0.7317697508348058,0.6841399916052522,-0.6613254691375429,-0.5199177908076745,1.0240568983464555,-0.6441995783588433,0.8529686673210182,-0.5569929717552747,0.2147985287490851,-0.4278546831148104,-0.40749051115287593,0.4166952058093916,-0.663539593452687,-0.3063490379519698,0.7450668694123603,-0.7358022575711465,0.4580463267470199,-0.3936223862676207,0.034014015413960784,-0.6080265585430863,-0.848612651766852,0
-0.04653428394771878,2.195970683002333,-0.04451165661602449,-0.048301396892323115,1.3795351582271766,-0.049949695759380144,2.750078025439675,0.06786584453471213,-0.4716582584623151,-0.046534077966262744,0.9082450969556284,-0.6642809366555356,-0.5003615914192492,1.1044735809324877,-0.6431970858978119,1.1568846848173666,-0.5571517961959189,-0.42845188331120915,-0.5844306886247215,-0.28842627629345113,0.12136000532778707,-0.5421596967138814,-0.3388149339838051,0.6062199179788083,-0.6537129118117377,-0.026309288402539,-0.382091058958827,0.7002680728999909,-0.6476755944914994,-0.607546494389634,0
0.9297481310918422,-0.09572576046131717,0.9301399805617385,0.9293560063253138,0.07466471230047853,0.9297209866802528,-0.3914028481647515,-0.01417539422070404,-0.2778034493775012,0.9297486952788575,-1.8125709978964508,-0.7275928856441916,-0.8502654322879427,-0.15993302079374205,-0.6951998665847341,-1.1461685138538655,-0.5590341120252088,-0.9310911345820667,-0.5334904654157622,-0.6938763126240536,0.2814772320508297,-0.7767421216596078,-0.40780713371472943,0.7550609648437551,-0.8054920599950257,0.24461613697294093,-0.3979206438115841,0.7110595211034604,-0.3797991828377008,-0.808833449367529,0
-0.20619357343837913,-1.0304500571785373,-0.20791730260122054,-0.20450542872624378,-1.1863550705369883,-0.2061965786704582,-0.6792298534499365,-0.01419656364492628,0.01590505332578784,-0.20619848370020993,1.0348687319713055,-0.6296194995543155,-0.49449472787267257,1.0916411584898562,-0.6356784482093458,1.2704982087933716,-0.5548909651526455,-0.8612189226186896,-0.7971065073919711,-0.21684501473538748,0.43900407036810907,-0.6964775541907741,-0.30613614640400594,0.7067949459665921,-0.7075452017943902,0.43174712995537606,-0.3955157843882625,-0.8820856876985206,0.37398998259107474,-0.8783088134746331,0
-1.2079561778485532,-0.7078129062878006,-1.2096649584235093,-1.2063412766088697,-0.9297699628983476,-1.2075970555096402,-0.6449378211947671,-0.09625897182434437,-0.4716582584623207,-1.2079654953674561,1.0513655845298426,-0.6497374910434043,-0.49645035527161313,1.115595051789826,-0.6420275246383393,1.2491956645830053,-0.5563091858345466,-0.7781271704582187,-0.7384201079121038,-0.2105976595305434,0.5483078060554003,-0.6480484813099924,-0.2492942204736643,0.7527212498574507,-0.7063678281254183,0.6092436630136546,-0.3925495031467999,-0.2510625970198406,-0.43772952516652486,-0.8157279812672376,0
-0.8164642181962636,0.6966803183035728,-0.8153600300679276,-0.8179612736716613,1.122950050588536,-0.8162696459647959,0.30345603679451016,-0.011172703881064752,-0.2654722968139333,-0.8164692520379657,0.09390342464219453,2.0935322636149594,2.0751898643063162,-2.192611792066221,2.2011882779170877,-1.1508894368695388,2.3435476065556413,1.5114472579323164,1.4848080473024454,2.045598354773458,0.12418897515814696,-0.1786942035634407,-0.1292236412080131,0.05350222225719955,-0.11872582997142442,0.23576082885346983,-0.30471692208654955,-0.8059285168621837,0.13131074351464625,-0.39425621489174273,1
0.024488531662005607,2.195970683002333,0.026534276421017265,0.02270043575945901,1.3795351582271766,0.021071614654746246,2.750078025439675,0.06786584453471213,-0.4716582584623151,0.024488860219684157,-0.8872474381356412,1.1728229875967238,1.8405154716452123,-1.6450937414047384,1.8937594129458757,-1.4292425096637218,0.7623346867005277,2.2797207834202737,4.038142829071002,0.9579177553497913,1.1007322646158673,3.1696084182067907,8.417290405386908,-0.5526181830040037,5.57847142158734,0.740147021961987,3.429625726061672,3.218865058101392,2.8191072552926295,2.212359224618488,1
-1.1673595414311566,-0.7291923989513925,-1.169168771172021,-1.1658702536653935,-0.929760174803908,-1.1671149031550923,-0.6493319546535122,-0.8052022616173476,-0.3275656398376391,-1.1673687256683836,0.691195458452245,-0.6776745563567226,-0.5484698426607852,0.9847040328460859,-0.6609076691928022,0.9559308176134582,-0.5577922254448094,-1.0149836289143568,-0.6359185363445009,-0.4054932763470337,0.5898169052790051,-0.7442604770213279,-0.25557451003546233,0.8389398708437414,-0.7735895232413856,0.6045026943327418,-0.3973247829717959,-0.36581531615407215,-0.20242150426271374,-0.8342364100810759,0
-1.0942486511411067,-0.7169917914452938,-1.0959914655642424,-1.0927383443660184,-0.9297699628983476,-1.093962958847038,-0.6468612524911307,-0.5209890358425272,-0.41343407640344143,-1.0942575179030998,0.8696955976377103,-0.7025687268918692,-0.5257846543542511,1.1224390213041031,-0.6684263068812683,1.0823258816594672,-0.5586372457489561,-0.5020137129858724,-0.36977832284430734,-0.3119075599241777,0.14294904300189393,-0.5322681398824982,-0.35617620478503365,0.5510371421709196,-0.6238271476786713,0.1251382629300516,-0.3808356519169253,0.12835875610193556,-0.5718577382812924,-0.6180113065551363,0
0.2554547280248294,-1.0304500571785373,0.25388126213955087,0.25700648351034,-1.1863550705369883,0.25544193902136336,-0.6792298534499365,-0.01419656364492628,0.01590505332578784,0.2554519536477459,0.8004701302797317,-0.6374894103047569,-0.517962182058979,0.9752935543673168,-0.6330051641924033,1.079485546946013,-0.5554806777576415,-0.9255917760151743,-0.7328489721556681,-0.3424501813484201,0.6092074843555878,-0.665418779988019,-0.16328621274644062,0.849202085640064,-0.7244209475812429,0.5644678638291002,-0.39374459890835345,1.176653076806122,-0.42489059661660944,-0.789038462626215,0
-0.0746593189291695,2.195970683002333,-0.0729300298308412,-0.07670212995303596,1.3795351582271766,-0.07125608888361806,2.750078025439675,-0.09625897182456469,-0.4716582584623151,-0.07465915575087288,-0.2830532920539446,-0.6439295416787465,-0.6425351606000963,0.3983463725846966,-0.6267563280465944,0.17696829447027837,-0.555929864708389,-0.8560128249271123,-0.6812508831730482,-0.9110740102160854,0.5582706943966296,-0.5870841431149821,-0.04938947251011826,0.6649628581537604,-0.5190340548384059,0.5983130998213483,-0.3871940274660618,-0.17865101691270066,0.15800384218851796,-0.770288285230897,1
-1.0924725123385897,-0.09557131817079538,-1.0927386175032894,-1.0922675520323568,0.07488983847258843,-1.092456725336531,-0.39130772635283195,-0.014198462389550711,-0.27780738345391587,-1.0924801752316171,-0.6477302355981607,-0.4920299772426751,-0.5377247837097408,-0.03402616511457463,-0.45276669168374967,-0.3328250469159298,-0.5373301604402471,0.6046387275674782,0.19313177096250045,-0.9256892000010813,-1.8485338126999782,3.079019863093918,-0.03605799307080279,-3.369795346007401,2.454322833768354,0.009676185127567977,3.256844480155073,-0.597178041694473,-0.24036660898424153,2.6865100098437558,1
-0.9860304784590201,-0.0955693207454636,-0.9862619456203514,-0.9858569463937192,0.07488005037814886,-0.9860169554243179,-0.391306496025217,-0.014193513215548691,-0.2778093734612463,-0.9860379366378603,-0.5759973985095937,-0.4724265091286831,-0.5825599728898998,-0.3579878843776157,-0.4278016019294165,-0.2410422333374603,-0.5337117103510967,-0.7225838202894231,-0.19920925884438323,-0.8907617133716109,-1.8060781032873767,2.379312837713578,-0.12783609169979476,-3.3488514026895735,2.382534202512476,-0.5624946823647626,2.056721083133965,-0.7090820765957146,-0.07585869232083012,2.2172890808978423,1
-1.1989416674489857,-0.0972580809018595,-1.199245589279849,-1.198702100854918,0.07260921246817081,-1.1989236283673277,-0.392345760845374,-0.014198715241203122,-0.2778088186173839,-1.198949327246668,0.4263771227116341,0.37301173316628566,0.12314323782075681,-0.02946727175312246,0.11096405021868697,-0.03549550383037104,-0.11269804757873288,0.3943265514012808,-0.24986359527651378,0.21202825613717668,1.2785053290770865,2.714385916796245,3.032135085009997,-0.14871559761522732,1.9725116750673108,-0.1317254389764405,2.6017271782651843,1.100384225700684,-0.4551285518165861,1.8952153683665083,1
-0.3056255152919933,-1.0304500571785373,-0.307381608853079,-0.3039079944387388,-1.1863550705369883,-0.30562641325023515,-0.6792298534499365,-0.01419656364492628,0.01590505332578784,-0.30563088559053886,0.6038370844365124,-0.7064847454421826,-0.5605946840435796,1.0403113055462256,-0.6821269362662098,0.8458677966779224,-0.558729298449634,0.15784603047432014,-0.5089896794600473,-0.45427573168259355,0.5693178015914059,-0.7779055475992802,-0.2885726333510449,0.8667359638486271,-0.8142940674770565,0.5677602027547592,-0.3979324696379331,0.20702708863671407,-0.572564330164797,-0.8581638303698877,0
-1.2160385826096005,-0.8063603578950043,-1.217480000216835,-1.2141514944515954,-0.929760174803908,-1.2161196181778315,-0.6626870822408857,2.1125993129835816,0.57978701578143,-1.2160480519958314,0.9000648264595449,-0.7139274410538391,-0.5336071266495233,1.1831793119332268,-0.6869722819706948,1.1142796641155557,-0.5588736234620316,-0.7177872263986269,-0.7593461255543947,-0.2961251861677646,0.06689843389939246,-0.6314741503106679,-0.4645271345120123,0.5599376008342909,-0.6969488153812617,0.10933503922670612,-0.3912723876560561,-0.3426455805275457,-0.41208600214168484,-0.5989781534395867,0
-1.142103828308711,0.7289752404973644,-1.1407503979572042,-1.1431496617998134,1.122950050588536,-1.142257444510148,0.3405493240444982,0.06700416879909815,-0.25960407674082736,-1.1421076029781356,-0.13914203486757995,1.85931075643531,2.1143022630831667,-1.8247481451208933,2.162759681746244,-0.9399943643090807,1.8830453996735235,1.8347905950658208,2.221493739058146,1.7637501722146278,0.25683289377211505,-0.23793306299303893,-0.2346047322150789,-0.15209811610084567,-0.03238480574077933,0.30990428293438516,-0.3217091936870037,-2.1094641724556333,2.158093519220923,-0.48658418323686303,1
0.9660444615190963,-0.09718665296364468,0.9664454323473818,0.9656443392157086,0.07270709341256641,0.9660165652139296,-0.3923018420719829,-0.014186959006868,-0.277808416200356,0.9660451897217933,-0.8533506662502984,-0.5480263850669026,-0.6275854225452758,0.04658652916301581,-0.5452841658830792,-0.401170559559937,-0.5461323844061774,0.0546524910110293,-0.3357743455216463,-1.0052450731298748,-1.7366029429590888,-0.05612509483205635,-0.5860096140513853,-0.5051182016452972,0.011116345996332398,-2.087711985155687,-0.264141033354878,0.9912729004998617,-0.14655597682098276,1.027981384886083,0
1.7456717009804967,-0.09572139017557978,1.7463291365105051,1.7450385286824952,0.07466471230047853,1.7456272732661235,-0.3914001566990411,-0.014157711812337445,-0.27781012374988384,1.745675984883909,-0.5510447784095454,-0.3571272364216446,-0.43025912480126866,-0.36300782334530945,-0.29670100287948364,-0.06522526994005087,-0.5067943135235288,-0.23033174908690418,0.004519747715411105,-0.7633089861474943,-1.4576000747463322,1.9841834944633396,0.6870610957682468,-2.6790662276028843,2.391052600756502,-0.9577410416569053,1.484178581738342,-0.3278048029478203,-0.1976605034630064,1.7865703039701726,0
-0.2066197103320375,0.5032423313317228,-0.20791730260122054,-0.211605611991422,1.3795351582271766,-0.2061965786704582,0.09566183072223533,-3.8121503579731817,2.8847800153748238,-0.20662350949899078,-0.09131477146012752,-0.6503853056782016,-0.6087029352851157,0.5843314287247516,-0.6341747214683564,0.20679184282100666,-0.5563499798798693,-0.11213904953087525,-0.6509356080445524,-0.8149758201617084,0.7924252756540042,-0.42854630120011183,0.09324756642715834,0.6800936124171116,-0.44250454412760826,0.8310155621809963,-0.36480657896154756,0.2956006117468116,-0.44937137132217386,-0.5462382053237808,1
1.526763127438896,-1.0304500571785373,1.5256034635025983,1.52793928797724,-1.1863550705369883,1.5267233954342259,-0.6792298534499365,-0.01419656364492628,0.01590505332578784,1.5267662349598088,0.8270560037035513,-0.707027975467632,-0.5433852263437359,1.1173060849616714,-0.682461105731246,1.0681242080921969,-0.5587411903751828,-1.2073623341453235,-0.5948725280155713,-0.33492069060533675,0.4393298606868764,-0.7291108806863514,-0.3235932184414723,0.7833387875530494,-0.7745248837134208,0.42464884896247984,-0.39687143464222696,0.11006369546883117,-0.5456802054570001,-0.9035636386990953,0
-1.3216495058991635,0.8240665875975572,-1.3204966166714818,-1.3227842929918123,1.1229451565413162,-1.3215862600789372,0.45375980801114746,0.013051971007303199,-0.2883995835551801,-1.3216468141301032,-1.0528364202629876,1.7770420708133619,1.7231782753146605,-1.6279838992055977,1.7901692688962234,-1.678482168574731,1.7307303510218504,1.726453869286713,1.8218706167255623,1.6495899410571655,0.06375067277584161,-0.4106207469514201,-0.21757344644586515,0.3222956876812491,-0.37055371009572224,0.1225043949293426,-0.3615062283245854,-0.44321048251435313,-0.15637736317734913,-0.5038465540090308,1
0.24835244646385696,-1.0304500571785373,0.24677666883584673,0.2499063002451618,-1.1863550705369883,0.2483398079799507,-0.6792298534499365,-0.01419656364492628,0.01590505332578784,0.24834963922700812,0.8539485968423318,-0.7167820440150438,-0.5414296175950404,1.1694913729046725,-0.6909822358807435,1.0659939062679153,-0.5589183289242972,-0.5476808628879102,-0.8131076607811744,-0.32088941629868073,0.3364807238351981,-0.7318260628374558,-0.3638189961694324,0.7441768256680549,-0.7704629335415548,0.30516331817824527,-0.39696089410718416,0.3508843781424362,-0.5321549738906451,-0.8448755235117185,0
-1.05531394871735,0.7831371615471093,-1.0540743542316389,-1.0565274205476294,1.122950050588536,-1.0556114403864179,0.4043012153118636,0.03693214602131073,-0.2853358587034304,-1.055318154224903,0.6790273162980607,1.8830707711407957,1.8991840698104883,-1.405554645231935,1.8971010438599292,-0.374838250670622,1.9279482110147235,1.663067515769066,1.6507968348330546,1.8748964606850187,0.2594836300952683,-0.13062591103241064,-0.21650899187837053,-0.20550074075917327,0.017980731296777092,0.43687000810800325,-0.28967480843453486,-1.7715127579912484,1.320810839352627,-0.4077348956243579,1
0.043290616995636126,-0.09718761022979529,0.04339120757874408,0.04316308245787316,0.07270709341256641,0.04328235475683738,-0.3923024306867959,-0.01419307128529123,-0.2778095033871418,0.043287205743878905,-0.7617621626552809,-0.5997667501166843,-0.6480533951153316,0.21926026509675375,-0.5964948954652894,-0.31221510207268677,-0.5522460321157632,0.07172464522119965,-0.4163082874543526,-1.0608088059542526,-1.895755672759888,-0.5541887006401076,-1.2516399082011294,-0.24500066271337467,-0.5890692321352984,-2.1079967186525996,-0.38355363722146285,-0.013767211356004172,-0.45060509151435896,1.0873220797607777,0
-0.5902849602557686,0.7215641252053475,-0.591565341001246,-0.5950155083110454,1.3795351582271766,-0.5897116549067407,0.3319763159662309,-3.187758185714567,1.8714130183049458,-0.5902895719314969,1.7582945389559779,2.1933955909020266,2.1143022630831667,-1.3371147869160596,2.067523551245417,-0.07866206675681159,2.551975793167428,1.3717215335857686,1.1854627715945811,2.3972827739380858,0.475664263709393,-0.16712970853429865,0.26356050025509203,-0.017701362168504143,0.17496438619716972,0.6425621277606247,-0.3012006536947288,-0.8424902151402606,0.7885484199790685,-0.46252847747782033,1
0.5011936700344759,2.133315772291219,0.5025420277691971,0.49841271452639924,1.3795351582271766,0.5040165254708057,2.618181568559306,-0.4326343842851404,-0.4324650661963736,0.5011950808065475,0.10208369330984704,1.7852083435079733,1.4689476832651314,-2.030067393722311,1.6514920958534725,-1.2027255961792664,1.745630427022699,1.0894961655734074,0.6119194089326617,1.6990805562855473,0.022897298304749153,0.18497552223592112,0.2507869946879588,-0.7395275815113175,0.6975890289183575,0.10801810522635164,-0.16300863695311982,-0.7552738847752298,0.775500680599189,-0.10024460071605865,1
-0.38957448334268746,1.4506363475216455,-0.38553213519382495,-0.3891101936208773,1.3795351582271766,-0.3908519857471868,1.3486781710857472,1.6932351823075527,0.20545990060342825,-0.3895768424458476,1.2866844526342542,-0.614336219940039,-0.44364862065291377,1.2028557854766875,-0.613957942872461,1.4196158828280916,-0.5536175491574743,-0.5152339561205204,-0.7765218690783706,-0.08093138989147568,0.35857922633877104,-0.11723575283692271,-0.04300271972655162,0.4184204969475057,-0.3339241874999797,0.4542403841891862,-0.2852845225178553,0.11435133651379625,-0.5894806044864832,-0.4172722102950305,0
0.22022322614741643,-0.09565836426148615,0.2203842148052894,0.2200404826767737,0.07478216943375326,0.2202112033162528,-0.3913613404265364,-0.01420615181667708,-0.2778079368721981,0.22022059873647026,-2.537112160591695,-0.5084175457598896,-0.8692229028584602,-0.9213033759602347,-0.5626987099595444,-1.599034601054872,-0.5401413290663646,-0.8287550921903094,-0.8099208692023638,-0.26972265546632385,-0.12925724615687778,-0.5383997687013953,-0.4443112343122347,0.4625020126040654,-0.6129204049100506,-0.25154126736481813,-0.38161946512200384,0.5637979804953122,-0.5969390581882512,-0.4138511853916586,0
-1.4145615536049216,0.7302553504661538,-1.4135667848847255,-1.4159386966183989,1.1742641356879322,-1.4145176416401863,0.34203379103526704,-0.046605648102479816,-0.2678316180225363,-1.4145452938337115,-1.248583264176467,0.485422648484617,0.48331520424810315,-0.8837014394557156,0.585515881526005,-1.2226079391734448,-0.017710028944423813,1.4949390372068745,1.6651682577171718,0.19150014688051792,0.6776013541241485,5.3860085500670705,9.513679168235567,-0.9531382499071617,6.546536763245771,-1.3616816834856849,8.900144939306527,2.3967506064017257,0.8264470264002415,3.9100575220409715,1
-1.3348881593790496,0.726317966388803,-1.3339953412383323,-1.3362746384871458,1.1229451565413162,-1.3347251984416786,0.3374712888846126,-0.08507214378522286,-0.2612244079460118,-1.334885826130807,-1.060403139998014,1.7703258035235,2.1143022630831667,-1.6194288965194754,2.1226602701183737,-1.7757637171591842,1.7185121494872873,1.9971968956460482,2.5470604771563043,1.6421073854848292,0.07773060063499306,-0.39988694188079293,-0.3099681879227064,-0.03728236698385771,-0.1630736650722247,0.09221488152300616,-0.35945519106605955,-2.0953212745325343,2.787872745558238,-0.5069708715032419,1
0.8875577869513764,-1.0304500571785373,0.8861900661692226,0.8889227941112009,-1.1863550705369883,0.8875316017070882,-0.6792298534499365,-0.01419656364492628,0.01590505332578784,0.8875579370934085,0.692831522303094,-0.49546429254516605,-0.4847166281784599,0.8264370542586851,-0.575529314833463,0.917586332841289,-0.5379354092547058,-0.5518188836142136,-0.8817222801031525,-0.36204777448194153,0.41579971656884585,-0.2505666954064879,-0.09516104429098687,0.5412466609835596,-0.4562405975567253,0.42059268790451393,-0.3251123087953301,0.35818358957871016,-0.6605105143036878,-0.5272561358326332,0
-0.6310157712303219,-0.09721567573730647,-0.6311347255137559,-0.6309440434013966,0.07266794103480817,-0.6310097785698263,-0.392319687660291,-0.014192135813535275,-0.2778090822559565,-0.6310220299699253,-0.9371212905804663,-0.5583039636668763,-0.6987491160838615,-0.20100132513977345,-0.5577291979592224,-0.3637559084817625,-0.5475011718022,-1.5496131955843393,-0.19773413089344483,-1.0091415536041424,-2.158051029450247,-0.4022997958429044,-1.2288228221775193,-0.3437904042349505,-0.5024472420058023,-2.385635028511183,-0.3599211253324668,0.453304122429475,-0.6049510535870678,1.3270758988506817,0
-0.4334665833894972,-1.0304500571785373,-0.43526428831975417,-0.43171129321194657,-1.1863550705369883,-0.4334647719956627,-0.6792298534499365,-0.01419656364492628,0.01590505332578784,-0.43347254516381895,0.5780010904054765,-0.6953188579263009,-0.5680260420492106,0.9479176355169323,-0.670431275869254,0.8721409097071028,-0.558437496950109,-1.581212931482331,-0.27191192722528273,-0.4673951357221189,0.54717788371015,-0.697374375924552,-0.23141136851259497,0.8355852928838982,-0.756276192736167,0.49914787618506024,-0.39555995982054165,1.0354322329986065,-0.5310220923184864,-0.8461815034811377,0
2.242329196059136,-0.09569844198972437,2.2431483074583753,2.24154930876397,0.07466471230047853,2.2422743683281725,-0.39138602371972964,-0.01417962892301647,-0.2778105681540599,2.242335756031989,-0.6180454658949524,-0.3401788393261627,-0.48720764816300566,-0.9282953434801254,-0.2349535062951685,-0.13296492163206666,-0.5020255515341796,-0.8247225097727502,-0.029836602665742656,-0.7548658381562097,-1.6470474184436878,1.6992903054549788,0.2715898828429429,-1.7890122975453975,1.481643999769301,-1.3665302537406199,1.1184693857979335,0.11158594951686725,-0.539844767212858,1.7203208100826648,0
-1.2698177896140683,-0.09723941345831577,-1.2701447385746238,-1.269557308590219,0.07263368270426972,-1.2697982533223515,-0.3923342831509602,-0.014197062568139773,-0.27780840068652235,-1.2698251688927333,-0.39772142575810376,-0.49472282092350495,-0.4891191863825694,0.08613089869793683,-0.43470687723734014,0.02218894616605716,-0.5378054588994329,0.0063615172688872,-0.037742640200055196,-0.8616420357375697,-2.055275752166856,-0.18542744787588167,-1.1194858294005392,-0.6558142808524408,-0.20595266912192559,-2.235500596299681,-0.3067342602493344,-0.29829880785048407,-0.30230808409501536,1.2694035399530965,0
-0.265994784181767,2.156955696263635,-0.2647540490308539,-0.2684070781128477,1.3795351582271766,-0.26301362700175934,2.6676427398894442,-0.3464640893013659,-0.44752451938230575,-0.2659949293923934,-0.05694743257894791,1.9114019693071902,1.879627870422063,-2.252496647695974,2.0458030459085323,-1.1643810436881759,1.9820245411918176,1.5032805340930915,1.3930950581592192,1.8283757305259407,0.16014045132966037,-0.26243865133543554,-0.28367613726484975,-0.054193176905344725,-0.13448959354350662,0.22759582549199872,-0.3282395199699638,-1.703354148995573,1.3838886427349106,-0.46681935656847784,1
1.2284673018780534,-1.0304500571785373,1.227210544747023,1.229731590839755,-1.1863550705369883,1.228433891694895,-0.6792298534499365,-0.01419656364492628,0.01590505332578784,1.228469029288822,0.7715665474085227,-0.723797492975823,-0.5521855309887234,1.1284275558190098,-0.6921518130742931,1.0006662078584718,-0.5590031103410125,-0.6149963066094074,-0.6330017540505419,-0.36514991948970027,0.3050255411998723,-0.6877053043308573,-0.3626161608268313,0.7121352190425833,-0.7461762584577658,0.29331089647596326,-0.39506306143047965,0.14167894352107457,-0.5864817155670462,-0.8036706387110353,0
-0.6763646127747546,1.5527539254394898,-0.6768204606456961,-0.680217707493184,1.3795351582271766,-0.6749372274036924,1.5190444278895578,-1.551635288120508,0.07704643326062,-0.6763667055288093,0.8817580953821522,1.935705286173012,2.0751898643063162,-0.9435862134989165,1.9572501613017348,-0.38328825681260764,2.028876218792674,1.5890071081290829,1.5808522212350604,1.962389241960195,0.2170862357754915,-0.1306735144408004,-0.27175422961282053,-0.3568083046130018,0.09522974488967123,0.3683762071044677,-0.2896902608371191,-2.01952868853013,1.9086407500736466,-0.3954391767424874,1
0.0777556433692989,-0.12632866326222802,0.0762664295469465,0.0724017186157065,1.3795351582271766,0.07788866298604737,-0.4099412539858485,-7.042487875533178,11.026344574652894,0.07775236324544274,-0.31310212388708697,-0.6927533991336801,-0.6618958028437011,0.5064811939132972,-0.6644163689052965,0.12087165002010002,-0.5583576903904096,-1.1769356733768948,-0.37433814780808755,-0.9413049244720749,-0.09766438152426878,-0.5659985576402736,-0.4677205109037956,0.45402228916035753,-0.621073402452803,-0.19356006343847504,-0.3849211227121303,0.1461126673284318,-0.5187033138269251,-0.4472936058682568,1
1.5955132129491092,1.9820575742651652,1.5966493965396402,1.591840937363844,1.3795351582271766,1.5977447058483523,2.3104231691717763,-0.8052022616175795,-0.3275656398375821,1.5955184203538455,1.0218143973850646,-0.6932669654531661,-0.5140509272610979,1.1729133576618112,-0.6682592221487501,1.2065906438811944,-0.5583740482457019,-1.0162679509821355,-0.5037298612408831,-0.23007330386329836,0.4682804760195994,-0.7035458837352759,-0.27888608536647413,0.7991815789338766,-0.7586957013960249,0.4183538988283601,-0.39585334892627655,0.8367817790881633,-0.577316686213515,-0.8839037020824746,0
1.384717496219447,-1.0304500571785373,1.3835115974285148,1.3859356226736759,-1.1863550705369883,1.384680774605973,-0.6792298534499365,-0.01419656364492628,0.01590505332578784,1.3847199465450533,0.8016630848361913,-0.7248384944586572,-0.5494476563602555,1.1523814491189797,-0.6944909355932379,1.0283594543849186,-0.5590126523113104,-0.5440705038554462,-0.7794386285934756,-0.34906181745823167,0.31876103170645864,-0.7433430212460209,-0.3708550469197125,0.756548445385075,-0.78387849135782,0.29594476447667223,-0.39730050285143526,0.3887294196069078,-0.6011958956488616,-0.8344214968705156,0
1.4415357487072267,-1.0304500571785373,1.4403483438581484,1.4427370887951014,-1.1863550705369883,1.4414978229372741,-0.6792298534499365,-0.01419656364492628,0.01590505332578784,1.4415384619109555,1.1738309203879322,-0.5532899303890133,-0.4514710929481859,0.8880328614737314,-0.5591553934645404,1.3557083179159146,-0.5468429548992111,-1.0974480897882293,-0.48305061424449913,-0.12965147957822493,0.3203065776123314,-0.2637811878841027,-0.14306155058544354,0.5314561585758827,-0.47847993775116937,0.31359170127519603,-0.3285888464744119,0.35449733764608626,-0.6647691910484054,-0.523230107225559,0
-0.28431867060907595,-1.0304500571785373,-0.2860678289419665,-0.28260744464320414,-1.1863550705369883,-0.2843200201259972,-0.6792298534499365,-0.01419656364492628,0.01590505332578784,-0.28432394232832553,1.1998032503644191,-0.680703658532999,-0.48667225557740046,1.2721509972053815,-0.6642492841727785,1.3557083179159146,-0.5579190421954819,-0.5561734605899135,-0.7702573713463932,-0.13415660108087496,0.417980539687169,-0.3874533006140031,-0.1462549142879275,0.611560180444641,-0.5393110938883727,0.42607113907615707,-0.3570093127538524,0.32289024851121534,-0.6383585080957579,-0.6347205010742925,0
-1.328297241873723,0.6822734978423796,-1.3268907479346281,-1.3291744552219678,1.1229451565413162,-1.3283332832136552,0.28713030637445414,-0.010271877290760567,-0.27392451626674497,-1.3282959948964148,-0.8855295861260163,1.945388333709722,1.9774088673641896,-1.9274078510081545,2.0658527676565446,-1.7473603023057225,2.047662323935774,1.7229670122112979,1.9781570655305436,1.839284708536255,0.21549727241334565,-0.459544223336551,-0.12283688842444648,0.4282109993551825,-0.39017665916081073,0.2553831548782067,-0.3701450372632821,-0.1484519177143195,-0.016869192414373926,-0.6220860360333117,1
1.0006981855956087,-0.09572234617383855,1.0011130637650998,1.000285034363537,0.07466471230047853,1.0006695808784247,-0.39140074545716513,-0.01416045060085087,-0.27780884392000654,1.000699071797634,-1.285832902694902,-0.5835782520103732,-0.7265939972690277,-0.18042234115634725,-0.5855379627840154,-0.7323221029292245,-0.5505417095878375,-0.5979846127436935,-0.7195101617273036,-0.919912737155047,0.694779902313104,-0.31152774086922536,0.011663441830853116,0.4974081603941096,-0.358380766814172,0.7624578645253919,-0.34044260640995927,-0.22583213851309303,-0.31667900563349227,-0.5232730028280121,0
2.9163851599353396,-0.09569379841495358,2.917423819247598,2.9154058437435344,0.07482132181151151,2.916315977493536,-0.3913831638633915,-0.01419656364492628,-0.27780418232743104,2.916394816815029,-0.739646799415745,-0.4607282700206663,-0.6564900013309504,-0.35309611788336126,-0.49192004935169287,-0.08349679141962396,-0.53141976088898,-1.4410483515210846,-0.3929067508472674,-0.9025941645663936,-2.0524293435179133,1.2305607382619528,-0.424888060023104,-2.005310476613554,1.2126232101976937,-3.1498502307493634,0.6026566840573546,0.018732392801111105,-0.2961580101152964,1.73730592144288,0
-0.47139276692509,2.028765904334907,-0.47078725483827505,-0.47431239280301585,1.3795351582271766,-0.4689754272027259,2.4038498261287047,-0.706577511105143,-0.36162389514889626,-0.4713933183197146,1.3848101269194568,1.0216444749861802,1.6645096771493846,0.22758917105020998,1.3776464932991768,0.7876408673331928,0.5614115371934408,1.8212887871685477,2.597401804233029,1.1086093957808456,0.7741849212220233,-0.04151482722599888,0.7744992002244981,-0.009690947249438281,0.4830447379822986,0.8046768507757234,-0.2588171042246622,0.13319882319716,0.7895201543716994,-0.3024967456285711,1
0.2625570095858018,-1.0304500571785373,0.2609858554432551,0.26410666677551825,-1.1863550705369883,0.26254407006277597,-0.6792298534499365,-0.01419656364492628,0.01590505332578784,0.2625542680684837,-0.6345182537375759,-0.6958116961700002,-0.6941635290370661,0.37319476065367846,-0.6659535108997938,-0.16529236016581203,-0.5584522821454335,-0.3597265051825385,-0.5082631333427533,-1.107766556518743,0.39896650579169884,-0.6195586879035672,-0.21970235558085446,0.682763743650028,-0.6367717570263973,0.40831885254206646,-0.39027172312155173,0.09983125161827755,-0.3344382117553973,-0.8109564873106,1
-0.0019319557448118584,1.727657049158623,-0.001884096793799437,-0.005700297301253839,1.3795351582271766,-0.00023477846949167223,1.8268028272770864,-1.2621474197622877,-0.11066832969724495,-0.0019328182083187759,-0.34626286268167017,0.014377038263690925,0.08632437158326527,-0.29597500670794075,0.13155706822669386,-0.0594897820464012,-0.3545431485919647,1.618147663961245,2.0839279297785662,-0.3261501130404329,-0.6027144652861542,-0.15958666861399973,0.0006399429193277045,-0.25890345029876777,0.1906627329733035,-0.7690607553625008,-0.29887209681025495,0.8867888114488669,0.39149349208607354,0.0856941378579343,1
0.028181718073711347,-1.0304500571785373,0.026534276421017265,0.029800619024637223,-1.1863550705369883,0.028173745696158884,-0.6792298534499365,-0.01419656364492628,0.01590505332578784,0.028177892184136875,0.8386787645423065,-0.5581327663397128,-0.5101396911134618,0.7913616901013768,-0.5903995214119542,1.2775990794364673,-0.547478998255909,-1.2908597881468515,-0.6130134312889016,-0.30631647327993866,0.21564834672883673,-0.6678296131904021,-0.3951246358027242,0.6729732518525096,-0.7373720910791408,0.21495324495941318,-0.3938988726151826,0.19744871341505796,-0.6491193475227984,-0.7286400335991574,0
0.2911778821354832,-0.09566198338119554,0.29136195953074623,0.2909742776837418,0.07474301705599501,0.2911643490510419,-0.39136356943349127,-0.014197124067439856,-0.27781186077700865,0.29117557061911614,-2.4144184740113563,-0.43515957483708706,-0.837200702479055,-1.1435484074991262,-0.4919350672193639,-1.4553495420385678,-0.526065056294403,-1.247965350442739,-0.5680063559863981,-0.3046841654407085,-0.2751859311342874,-0.4512138316830315,-0.4047478610110815,0.32722062610818275,-0.4891900715705911,-0.33486824654911024,-0.3687562869750806,0.2971951267097014,-0.5027693592374926,-0.2706293255780654,0
1.7811467780835997,-0.09572617017665262,1.7818156781121857,1.7805030427016069,0.07466471230047853,1.7811016245501692,-0.39140310048966187,-0.014180001062736251,-0.277802715549261,1.7811512243392795,-0.8270694732853062,-0.49710352692480303,-0.6210691574649,-0.15881891563075645,-0.49960066490096505,-0.28005125869724473,-0.5382212876875593,-0.6066098872262599,-0.5658915604233931,-0.9475878227097971,-2.007969035420545,0.7638430442744076,-0.12178129098791661,-0.8961470999284705,0.5837496593744612,-2.6598629932971076,0.19520286295265418,0.7957563139739912,-0.49114048841828944,1.5040705382597066,0
1.3209501007819648,-0.09717354225443214,1.3214665215206838,1.3204450559322272,0.07270709341256641,1.3209147219294493,-0.39229378034765366,-0.014184964680008018,-0.2778065624077428,1.3209524438249123,-0.6098332017297989,-0.5924875678147569,-0.6563816900326294,0.24351449889185317,-0.6083471997907406,-0.20529636482182137,-0.5515031767240742,-0.40759773449529385,-0.7736590056638916,-1.0193827280083567,-1.686857874586328,-0.03762462164868792,-0.9122680478668422,-0.6915464082506042,-0.05235947486246795,-1.7523734851109123,-0.25738202955851447,-0.2986018817650728,-0.2824033273620024,0.991203919298014,0
-0.12778438500524347,0.23505627460936493,-0.12266218295677042,-0.12640341280928344,1.3795351582271766,-0.12807313721491917,-0.1516440259284579,4.797838373716021,4.917405678102532,-0.12778821869500828,-0.10286939114314617,-0.6541854273568385,-0.611636367058404,0.5757764464352672,-0.6350101252133505,0.2799305463411003,-0.5565831565637405,-0.17102773079035255,-0.5008233599393125,-0.8220202650331918,0.7337624205040284,-0.41264052298494247,0.029380241620281956,0.7761294236750327,-0.5523276600303145,0.5711842335105447,-0.36188590853730945,0.7691034529381731,-0.6414276615478455,-0.5709800753686944,1
-1.3147176792040267,0.7215635622047598,-1.3133920233677776,-1.315684109726634,1.1229451565413162,-1.3148392369442192,0.33197566607471546,0.01537052014153173,-0.28052710665935987,-1.3147167919388618,-0.8930008834982446,1.8067825510909608,1.7231782753146605,-2.149836941808713,1.892088597488849,-1.6252257741893552,1.7852269069686382,1.5765306579186087,1.6232187840323944,1.6811991489881104,0.012914440199172782,-0.46514939745396655,-0.26110967759322434,0.36590785237253337,-0.42935714049503915,-0.05791575150832155,-0.37106047895106326,0.08004292773918435,-0.22050581108407266,-0.4957338439233833,1
-1.1591919203453438,-0.7823357379524049,-1.1606432537872013,-1.1573500283301699,-0.929760174803908,-1.1593025698465305,-0.6589498448913326,1.693235182307835,0.20545990060357802,-1.1592011253925552,0.7308697386654457,-0.6865544593381566,-0.5453408537426764,1.0642652804327477,-0.6737729067833075,0.935338374011186,-0.5581451696244031,-0.5423901435786336,-0.828599827120721,-0.38508551963043197,0.42238413214934833,-0.7257603289749854,-0.3119906528698762,0.763935810584842,-0.7531358624486837,0.38365265563776224,-0.3967560999854892,0.5804492216509568,-0.41741141004945737,-0.8961420794801144,0
-0.5442621757406672,2.1333157722912186,-0.5418331878753168,-0.545314225454798,1.3795351582271766,-0.5470988686582648,2.6181815685593044,0.4042412569951095,-0.4324650661963965,-0.5442622130063813,1.2088765322737909,0.0902881768263689,0.1938834682196045,-0.240367693214525,0.21259130717798658,1.504826059669556,-0.3111280510168381,0.44641318713599015,0.5760437277428353,0.22064103589975934,0.5513807874606311,-0.08336317426658912,0.16456609858509602,0.3409866275319805,-0.14946845693119554,0.5777689113618629,-0.27378936382841224,0.36729955435979317,-0.5796202231810382,-0.39067607615217304,1
0.32721476947715117,-0.09718761022979529,0.32740777537641197,0.3270033524785316,0.07270709341256641,0.3272004899975431,-0.3923024306867959,-0.01419307128529123,-0.2778095033871418,0.3272126178206977,-0.9188151186664928,-0.5555788050303111,-0.6886468564798567,-0.1565778962160965,-0.5577742196940813,-0.3539983367355533,-0.5471456866079549,-1.2048965624942716,-0.42798692263660737,-1.0086149082180376,-2.1814565144159745,-0.445175667727199,-1.2180198632891568,-0.31629184460651016,-0.5160177553457619,-2.5199202857781424,-0.36772857814901444,0.8432805210706386,-0.48233504442619224,1.3428722798824961,0
0.4543186117320577,-1.0304500571785373,0.45280987464326783,0.45581161493532996,-1.1863550705369883,0.45430160818091725,-0.6792298534499365,-0.01419656364492628,0.01590505332578784,0.45431675742840383,1.113569666995601,-0.5250098766274056,-0.4358261297073966,1.077953219461302,-0.5828808837234881,1.1852880996708284,-0.5427893703038632,-0.3503982018848956,-0.822180807420502,-0.15444212790476802,0.41068411233393665,-0.5915130288318255,-0.2388625504850575,0.7432867819237494,-0.6930242208897677,0.2661820262403867,-0.3876439628180194,0.8240198664187829,-0.6435826678154787,-0.7924917353909,0
0.09068179581026889,1.5527539254394898,0.09047561615435484,0.08660208514606292,1.3795351582271766,0.09209292506887264,1.5190444278895578,-1.5516352881206177,0.07704643326067245,0.09068082078496868,-0.6456979452026866,-0.7125358411115363,-0.7072661841193307,0.40673024237850935,-0.683697504468893,-0.18936421887098462,-0.5588496890376767,-0.21725416555258886,-0.584423952611119,-1.120007768290532,0.22597581816537785,-0.6898081875101228,-0.38277695139941686,0.6355913827612052,-0.7023124195356789,0.22245978132070704,-0.3951749979214369,-0.4625738107490891,-0.07022216094707028,-0.7440420774286269,1
-0.397955175584635,-1.0304500571785373,-0.3997413218012333,-0.39621037688605554,-1.1863550705369883,-0.3979541167885995,-0.6792298534499365,-0.01419656364492628,0.01590505332578784,-0.39796097306013006,1.2740050471801372,-0.5473350052192013,-0.43387052095870116,0.9136977879455467,-0.5491305485246113,1.4409184270384578,-0.5460375575822118,-1.10578777158298,-0.4446646169026632,-0.07571721624143876,0.4328436152967155,-0.4470966784855801,-0.1398681868829596,0.6658529018980659,-0.5752865109043157,0.346515080719855,-0.36805746129924277,0.652403068101669,-0.6236821309796137,-0.6825445438183254,0
0.2913225395371129,-0.09550608837892832,0.29150700875316377,0.29111858682847475,0.07497793132254447,0.29130896870855477,-0.39126754626347354,-0.014187537481672252,-0.2778101746632929,0.29132022876504154,-0.5938168300345287,-0.38661859624911504,-0.47504746456577857,-0.1495603105188284,-0.3766533817316873,-0.12913841319836483,-0.5145960931926009,-0.029981922144521316,-0.3397956055326836,-0.8024112671227138,-1.3927348124345198,1.8406100495350943,-0.28334900712692435,-2.417003464677614,1.602153009135698,-0.4893395842211887,1.2949445750515975,-0.7731251596156231,-0.03648980417504192,1.6626624662507687,1
0.46917621715905483,-0.09720290482957095,0.46941530042281177,0.46892294578786703,0.07262878865704993,0.46915890739837923,-0.3923118351242093,-0.014178229278308661,-0.277819653531731,0.46917470117648263,-1.1160518553293575,-0.6201555090354289,-0.7089918866343236,-0.014138708747234711,-0.6029750217114294,-0.6088962680983797,-0.5541223702729956,-0.3016402460502341,-0.5521297389330928,-1.0172644302744716,-1.8149876114839143,-0.1352944064194289,-0.8141164694614313,-0.5387586848647251,-0.10433070398008706,-1.974184569210959,-0.291184990217187,0.11459497971325551,-0.2717648594994958,1.076210289700523,0
0.9017623500733213,-1.0304500571785373,0.9003992527766309,0.9031231606415574,-1.1863550705369883,0.9017358637899135,-0.6792298534499365,-0.01419656364492628,0.01590505332578784,0.901762565934884,0.5850906505841461,-0.6349248646648333,-0.5199177908076745,0.9770045467458861,-0.6350101252133505,0.7365147409126379,-0.5552934391096844,0.2295387094909768,-0.49694548178352177,-0.45618902345373546,0.8399200686476064,-0.5279112615186745,-0.06535629102253798,0.8336708070166744,-0.6528298716913478,0.9798292298137863,-0.38026759709796426,0.03466746219174759,-0.6274530495536597,-0.5629057741863569,0
-1.4516383043985783,-0.8165117413610219,-1.4533525100956561,-1.449948574187752,-0.9041080263014296,-1.4516262790408154,-0.6641519269842305,0.02099447128900767,-0.2701675835624945,-1.4516481372886425,-0.8125776835408263,-0.704383168849306,-0.7213662041861144,0.32511582841353015,-0.6798045196312292,-0.3249407658571312,-0.558681278805077,0.011962199145064644,-0.5290134354767189,-1.1832270219461132,1.6422311130603313,-0.728110752485286,0.21140215031205803,1.2390416355691753,-0.7806734250901693,1.760771876978578,-0.3968375791572563,0.2686591488563895,-0.6524513473342206,0.0724645518878019,0
0.18510906970570618,-0.09721533400013987,0.18525574314504764,0.18493966670486067,0.07266794103480817,0.18509777804895244,-0.39231947753540275,-0.014198746369388506,-0.2778061513702002,0.1851062852991628,-0.23298733159638568,-0.11578978955554037,-0.36057958979104127,-0.2771319397947679,-0.2539411899360097,0.3836867687039684,-0.419269761564834,-0.3982663698059077,-0.6491601143449163,-0.4443580602663807,2.4220806441427,2.9956765987291347,3.371889350070293,0.10495359635222992,1.994864811402177,1.9096776354828613,3.1014066315757662,0.7693649936905893,-0.5854066722997014,2.4790038203569775,1
-1.3054352992372025,-0.09551173086109896,-1.305770610903593,-1.3051675266341223,0.07496814322810491,-1.3054150094536814,-0.39127102201674935,-0.014195497618743105,-0.2778081707855971,-1.305442344979249,-0.13888657196656265,-0.6064750955128042,-0.5580610295987735,0.43544820902028836,-0.561830856466527,0.23971476768865177,-0.5528966371150003,0.26135625245021105,0.1439304884279828,-0.8237017382422188,1.4456244224762222,-0.5448142372872037,0.2861692279829405,0.9832033963177361,-0.5467128723779194,1.5986650663056603,-0.38241986838062997,0.06492195200159641,-0.351025320177195,-0.07669540591398823,0
-0.007329689731150847,-1.0304500571785373,-0.008988690097503613,-0.005700297301253839,-1.1863550705369883,-0.007336909510904312,-0.6792298534499365,-0.01419656364492628,0.01590505332578784,-0.0073336799195520335,1.1268625947685145,-0.6940461258866546,-0.5003615914192492,1.2550410734196886,-0.6726033295897579,1.284699882360642,-0.5583985007517573,-0.5502701160147021,-0.7068232070573564,-0.17395200876929362,0.4224918389193872,-0.6809418829682772,-0.2569582971664156,0.7719462148937495,-0.7252058614111923,0.3939247498675049,-0.3946884652146953,0.6335003056988404,-0.5671458806225324,-0.8631722204511342,0
0.07831275892345818,-0.09564095154084723,0.07842764127946979,0.07817191760104877,0.07482132181151151,0.07830371977756058,-0.3913506158539465,-0.01418946624126832,-0.2778062485852882,0.07830950309994722,-2.401552633601018,-0.49293318199025943,-0.8382955278161777,-0.8804527445353594,-0.544253748951922,-1.7543798425244124,-0.5374901655700199,-0.5900786323291355,-0.8205174584748304,-0.3338996817394565,0.23950020952176806,-0.3898790922461617,-0.2177658923602087,0.49659546470425886,-0.49876578013418643,0.37702859465270727,-0.35749240357667383,-0.22670780218192924,-0.4953722457648556,-0.588163306938274,0
-1.288183555942467,0.7031860829785915,-1.2871050227236975,-1.2894134262284647,1.1229451565413162,-1.2882062387658018,0.31087315372896507,0.0005134020906874735,-0.26136289577341976,-1.2881842190597594,-0.6853722300885445,1.772925258851374,1.7818468734799364,-1.2772300944594108,1.7717903626052378,-1.5925618911251729,1.7232371891731382,1.551006012082787,1.5263711152499508,1.643369748389346,-0.071462057747804,0.3635348501766072,1.6367082627675207,-0.10759588644493921,1.0848153215309426,0.031635870409424914,-0.06989168610494537,1.719884960219777,1.3849308279655783,0.061927742465211134,1
-0.9952428515997617,0.6756896370591455,-0.9936853111501533,-0.9961758627936145,1.122950050588536,-0.9952433265344105,0.27971503849536744,0.03034061791981718,-0.27108323529615413,-0.9952478152856187,1.114218200095478,1.911954846186667,1.9578526679757642,-1.3114499420307963,1.9288464100708202,-0.12197721346131181,1.9830856140758166,1.5736091774539467,1.4994881353227356,1.9747189262240483,0.3023514553297949,-0.3882784663775832,-0.28921130482261176,0.12025556674105921,-0.26609419444870286,0.39695370120813855,-0.3571739637294062,-1.8121404150854654,1.6053902341535506,-0.6110901682538782,1
0.07864141934353218,-0.09721758740628696,0.07875340578871098,0.07850343860921903,0.07266794103480817,0.07863240574326805,-0.39232086309212955,-0.014194568152982935,-0.27781126961478286,0.07863816383016874,-0.5058410948074308,-0.4008190687025429,-0.5662868693947063,-0.18735030402607042,-0.447224453183021,0.062229011147625315,-0.5181279671112604,-0.8068752048756118,-0.6831310577734157,-0.8008494314799993,2.6274250549203946,1.9075113307345637,2.4468903857518516,0.3511486552448405,1.2455312153665683,2.5528548507484716,1.3818753337092997,0.5562020349772256,-0.6115323548736393,1.8838489259759275,1
-1.1105128791669001,-0.740479492537722,-1.1123320247423876,-1.109068787543968,-0.929760174803908,-1.1102978548237912,-0.651530329565014,-1.0186133662103736,-0.23836544735556087,-1.1105218374715917,1.29455796603412,-0.6514602463858479,-0.4632048200413391,1.3063709263633192,-0.6508828242528731,1.398313406336647,-0.5564169998970948,-0.3663463353342451,-0.7821289012705557,-0.08115122254557953,0.08124823459083243,-0.43448479935504514,-0.2864437178714059,0.5439167922164759,-0.5757443777924608,-0.036844776104466515,-0.3658654867746516,0.5598597026461426,-0.6581707165571286,-0.5276709939024271,0
1.7753429820729312,-1.0304500571785373,1.7742642291322446,1.7764457022584774,-1.1863550705369883,1.775297981883668,-0.6792298534499365,-0.01419656364492628,0.01590505332578784,1.7753472396856314,0.7931760637449778,-0.7108240951426549,-0.5465142339120898,1.1138841002045328,-0.6844660906533089,1.0113174461041943,-0.558818323789785,-0.8262395115280109,-0.7092108285506779,-0.35320193971150204,0.002607893583516715,-0.7576033057229629,-0.528394472008188,0.6418216889713434,-0.7963717640688425,-0.06450040581100236,-0.3976316363058001,0.29866394968048016,-0.545235677877117,-0.5666490525597413,0
0.18487318240503378,-0.09550834179910693,0.18502299226273786,0.1847006682264216,0.07497793132254447,0.18486191091925833,-0.3912689343665328,-0.014197372804285844,-0.27780855421782824,0.1848703981068435,-0.7628764486864693,-0.4262884762993259,-0.5346715707374052,-0.1138576681552578,-0.4345668286501492,-0.3741724879681001,-0.524096545161813,0.24188539287052988,-0.2144455092654219,-0.8651069366038168,-1.5041719967595621,2.2576429316927227,-0.10885906683209108,-3.422567387733993,2.4483696753119557,-0.3609288956434579,1.8723322355066472,-1.0654424142376673,0.3276885795426856,1.9840948394668767,1
-0.6820464380235325,-1.0304500571785373,-0.6839250539494003,-0.680217707493184,-1.1863550705369883,-0.682039358445105,-0.6792298534499365,-0.01419656364492628,0.01590505332578784,-0.6820535498896413,0.5405082243260156,-0.6143451135029121,-0.5502299035897827,0.8444024946303006,-0.6350101252133505,0.8771114785259171,-0.5536183393923271,-0.8326445173902658,-0.8397045526136193,-0.47571903793390574,0.3054578466378728,-0.6516548799578231,-0.3320024187244221,0.6311411640396779,-0.6678414358013857,0.23418050334331694,-0.3928096955174708,-0.03750239276972522,-0.18702546875135095,-0.7865079926232251,0
0.5042229335706228,-0.09549905375257395,0.5044766678463746,0.5039560491355622,0.07497793132254447,0.5042048723908188,-0.39126321292388605,-0.01419656364492628,-0.27780841570017584,0.5042215759543204,-0.5325273865533388,-0.4485910426294184,-0.5285270796425192,0.08896099341581137,-0.4689282436730232,-0.193476738168532,-0.5289369929233554,-0.013311987873766487,-0.5016668980423262,-0.8563046916092146,-2.3950248360319466,1.852456262946337,-0.2905351032907627,-1.7759424498320087,1.1266181395582564,-2.7965137896906604,1.310178845868232,0.32197614951328424,-0.6423427188458825,2.273775872444958,1
1.284497679684272,-0.09571046455062945,1.285004962948582,1.2840007131556346,0.07466471230047853,1.2844630907117571,-0.3913934280347648,-0.014231180923494529,-0.277817584957111,1.2844998571430186,-0.8911854559831934,-0.4535713510150786,-0.6033499512664406,-0.5401891754924686,-0.40997937652319333,-0.30966410332792177,-0.5299686687930566,-1.2511299442009942,-0.020567307257403494,-0.8961307693019233,-2.4731191007017306,0.3684858629165649,-0.9783450872671373,-0.9808545299851782,0.11965082236561887,-2.939472857878773,-0.06708888905321801,0.35238208989123954,-0.6247213782053722,1.7398585871107013,0
-0.13517075782865476,-1.0304500571785373,-0.13687136956417878,-0.13350359607446166,-1.1863550705369883,-0.13517526825633183,-0.6792298534499365,-0.01419656364492628,0.01590505332578784,-0.13517533949283211,0.5595614071482399,-0.6997316844215711,-0.5611813834534087,1.0163574122462555,-0.6779499294917972,0.790481202046647,-0.5585636151068347,0.04927141793308331,-0.6097909204804912,-0.47755030076399946,0.42005461390599397,-0.5789959896431368,-0.2633450309160332,0.6925542354475465,-0.6707848728978629,0.4413475881000482,-0.38634772940965134,0.13170683970761327,-0.6077724902130703,-0.7844323653132754,0
-0.7375981411694003,-0.09724227281413239,-0.7377518664026338,-0.7374948954273142,0.07262878865704993,-0.7375898875277338,-0.3923360412433404,-0.014184558477080481,-0.27781110277000554,-0.7376048050316883,0.8110929144333741,0.5441030399120184,0.03992181580630897,-0.3950480045892575,0.11126167487788392,0.6273921664957843,0.035512655568195314,-0.33175072476206924,-0.7602215672885535,0.4833479747011821,0.5237150728800712,1.18907794593551,0.8276759933354877,0.06138752218886763,0.463485462980708,0.29109947533188757,0.5621527131579003,0.4759584496987902,-0.6990482998764537,0.6053169816653096,1
-1.1023310531928485,-0.7546330337386393,-1.103806507357568,-1.100548562208744,-0.929760174803908,-1.1024855215152292,-0.6541683794588162,1.2337542924726024,-0.11066832969718021,-1.1023399892205217,0.8862606238574248,-0.6128681533781764,-0.47689415588318784,1.0813752042184404,-0.6186362038444279,1.0269392531687311,-0.5534863189886219,-0.054306957054115014,-0.6235847960764103,-0.29302555014890563,0.09917714502409566,-0.5173349237136561,-0.37607088032785346,0.5661679070444291,-0.6471719252162055,0.14620922263481498,-0.37885024349064056,0.24160160464178806,-0.6778043850852138,-0.5805589384031414,0
0.4108526485789063,1.068154779001204,0.4101823148210428,0.4061103320790825,1.3795351582271766,0.4116888219324414,0.7716311722341296,-2.4113078121890483,0.8644732960578149,0.4108519983071157,0.407544877644284,-0.6688308058640201,-0.5560967671363594,0.8820443677521008,-0.6473741165733401,0.7052710590646432,-0.5573839307260299,0.006079692638237475,-0.39533353592091447,-0.555581784083246,0.24299670388096228,-0.5776308050241435,-0.3487888830995753,0.6507221476347147,-0.6925467343723264,0.2798781571130742,-0.38620174667640506,0.23657445115338605,-0.689357516537732,-0.7072006829114995,0
-0.5044893989992215,-1.0304500571785373,-0.5063102213567959,-0.5027131258637287,-1.1863550705369883,-0.5044860824097891,-0.6792298534499365,-0.01419656364492628,0.01590505332578784,-0.5044956893711968,1.1273806627269696,2.0934455539451977,1.7427344747030857,-0.8922564421418381,1.6631877721845052,-0.46700719952193903,2.343369771701944,1.1954478615378075,0.7090660239470832,2.173364618836966,0.3095825901817373,-0.3238841764816471,-0.2667512893388058,0.21193013606547176,-0.3196648347918479,0.45027640942375485,-0.3433297098113595,-1.2885087226234617,0.519949746262645,-0.5657542478968761,1
0.6466279443985498,-0.09719143289483301,0.6469249777495379,0.6463222207441388,0.07270709341256641,0.6466068478719849,-0.39230478120499074,-0.014184340049044036,-0.27781369950861157,0.6466272269830309,-0.7198319513754399,-0.5916578541558409,-0.6557083975348785,0.1598540369752322,-0.591432846312183,-0.204424771516307,-0.551416065208242,-0.527226028908524,-0.5927147794925454,-1.045729376562518,-1.9843552723556444,-0.4385212105564119,-1.262315466523752,-0.3307339677617306,-0.5326234146407064,-2.070462953608808,-0.36657544010045395,-0.10741436894674698,-0.5265381650744806,1.1739839582292673,0
1.7185247295851518,-1.0304500571785373,1.717427482702611,1.7196442361370519,-1.1863550705369883,1.718480933552367,-0.6792298534499365,-0.01419656364492628,0.01590505332578784,1.718528724319729,0.8494494537579379,-0.7256115477479679,-0.5457319866825626,1.166069388147534,-0.6939896973297608,1.0801955798351857,-0.5590192301607652,-1.6270984697876318,-0.2667051030225621,-0.3234988348534489,0.8456908686224933,-0.7254564216435171,-0.13454591404548635,0.9215627104876194,-0.7599384918609453,0.8705236135898141,-0.3967453686927725,0.18621471012667754,-0.4665980505799816,-0.614973489805556,0
-1.2404704214258462,-0.7471731421364906,-1.2423460767797996,-1.2390021358797192,-0.929760174803908,-1.2402668474631466,-0.6527943951391275,-1.1358153122354573,-0.18035750513453197,-1.240479918147542,0.433483125665998,-0.6250674376274947,-0.5199177908076745,0.888888337266378,-0.617800788148876,0.6427836276497326,-0.5545293812674335,0.5130065729843144,-0.16778915188233046,-0.5342846144347005,0.4027319116555761,-0.44182050939060374,-0.17818858938066506,0.6631827600549911,-0.5968717533164208,0.3704833018975122,-0.3671498605208282,0.49962153587051034,-0.6786342934530751,-0.6754974276526836,0
2.526141699148631,-0.09566320602835507,2.5270532155407293,2.525277555019122,0.07482132181151151,2.5260808825518395,-0.3913643224569287,-0.014276760739667799,-0.27779186739972206,2.526149562199617,-0.6303261069945241,-0.3865352917996837,-0.475366532958663,-0.6231581301896414,-0.28443103054144936,-0.16308796537683184,-0.5145749430103868,-0.36412051920257704,0.004531408729327433,-0.807735830071222,-1.410590113572635,1.4279008363023675,-0.04550667379391189,-2.2031033511616704,1.5911086820018054,-1.21067896591439,0.8067985900668093,-0.38977125937285495,-0.14939421180471846,1.4243325409491754,0
-0.689148719584505,-1.0304500571785373,-0.6910296472531045,-0.6873178907583622,-1.1863550705369883,-0.6891414894865177,-0.6792298534499365,-0.01419656364492628,0.01590505332578784,-0.6891558643103791,0.3285712626027267,-0.6542992411248012,-0.5525766452783644,0.8375585251160235,-0.6356784482093458,0.6001786069479217,-0.5565899788250072,0.28888458191664207,-0.2740208571632175,-0.595263619524977,0.20937656554342915,-0.7518624750306029,-0.4342965981476356,0.7192555796071853,-0.7954560341912825,0.169914066039379,-0.39751022116144613,0.441949873454103,-0.6057243051917507,-0.7441467236771303,0
0.7168960385550933,-0.09569844651067962,0.7172185628018429,0.7165667554066694,0.07466471230047853,0.7168734701670255,-0.3913860265040609,-0.01419656364492628,-0.27781057322290786,0.7168956391232065,-2.610151628664723,-0.3450556603645687,-0.8165892862115025,-1.1483378644569753,-0.4733900441910443,-1.8695042433521416,-0.503419068884254,-0.5967289124361531,-0.8470229976775085,-0.16748066062631192,0.36988351548436915,-0.4567004609215569,-0.17861680247742345,0.5803036512668054,-0.5362265978050659,0.4696010092894067,-0.36967475017165097,-0.13830190263322228,-0.49909191926538576,-0.6809798978125261,0
0.15659096869609312,0.7215641252053475,0.1615215491913966,0.15760391779784505,1.3795351582271766,0.1560121044415864,0.3319763159662309,3.1593650584245525,1.8714130183047872,0.15658886796993277,-0.18912684457774284,-0.26875301446641053,-0.14248313888101685,-0.3994901475945724,-0.04371078486327891,0.15779603515446344,-0.4796416215263959,1.1584754841377247,2.0304556197059314,-0.5871029277315678,0.15691567230815917,-0.47292686251137456,-0.2544036049354985,0.5127652187251514,-0.5331625622584499,0.10670115552690551,-0.37230539604846674,0.2879276366386567,-0.4815872240795414,-0.5962518160929797,1
1.2524730135541402,2.1041804308193033,1.2556289179618396,1.2510321406352898,1.3795351582271766,1.2497402848191328,2.5577290258224696,0.4925959085527754,-0.4134340764034257,1.2524770230110056,0.6604172364215065,-0.5365320307157584,-0.4925391191239771,0.8084716546803458,-0.578703868982037,0.9289476716951053,-0.544510878529171,-0.6007332302388135,-0.7968820453427756,-0.39259864011615664,0.5287785420248118,-0.3176756624429597,-0.09622549885848153,0.6320312077839834,-0.5236127315173177,0.5918601216497021,-0.3418883592056049,0.27876659668816417,-0.6791923297446899,-0.575811675063786,0
-0.17003712119802059,-0.09561527634077452,-0.1700030836551315,-0.17010459877844444,0.07482132181151151,-0.17004090570279798,-0.3913348020188396,-0.014204657039360705,-0.27780867073041954,-0.1700414621477505,-2.5347427756196517,-0.4876149562475456,-0.8283747723973232,-1.0103679067287445,-0.5104050367610019,-1.8354802934738303,-0.5365395209728059,-0.5496239689214535,-0.6502507048423036,-0.2641576148211105,0.15882131939309332,-0.32763741832025056,-0.06802099313439938,0.4824731317220514,-0.39637030689793384,0.11046893751776307,-0.34419196145915226,0.8539303380456088,-0.4389764463279167,-0.5092835692226905,0
0.051051064700042594,1.6447566955716353,0.05495264963583397,0.05110116882017186,1.3795351582271766,0.049480138820396806,1.6784193132866712,1.3713972700078136,-0.026281073622258476,0.05105016294292564,-0.7133555213551988,1.9113901877570363,1.6840658765378098,-1.38844463985969,1.7099704137723284,-1.775763649440263,1.9820019326304423,1.5196696520262112,1.31410128209228,1.8009558374491217,0.37611233766514235,-0.3086424798890616,-0.09728995342597617,0.1451767915816121,-0.16647498367708585,0.4360864316124616,-0.3397577683602888,-1.3769481507246264,1.031543688064267,-0.5683413301009657,1
1.1787513309512465,-1.0304500571785373,1.1774783916210938,1.1800303079835077,-1.1863550705369883,1.1787189744050064,-0.6792298534499365,-0.01419656364492628,0.01590505332578784,1.1787528283436575,0.7581713640196588,-0.7313116213477434,-0.5572701286555276,1.139548945089796,-0.6986679423676505,0.996405604209909,-0.559054363916261,-1.1692031151345836,-0.6021248426913202,-0.372427499630507,-0.10290674761507966,-0.7672180859694243,-0.5880039912343852,0.5982095030597424,-0.8009504563426754,-0.16985522003391104,-0.39779908832613986,-0.5040410104631958,-0.20352808176257586,-0.47583430394948883,0
0.5756470818411614,-0.09718378501668287,0.5759208900038663,0.5753622074090736,0.07270709341256641,0.575627584986607,-0.3923000785921783,-0.014201802626186822,-0.27780530412934734,0.5756460445408881,-1.0611823271057652,-0.5697045024958887,-0.6909301826725939,-0.040813228008721954,-0.5823341656204354,-0.545174439257426,-0.5489299786861729,-0.4729316931828433,-0.7396152684949713,-0.9930904275404885,-1.7171254043815438,0.27172219179886276,-0.7546997133820621,-0.8631994176094093,0.17061354352038186,-1.745276867731132,-0.11970743071688375,-0.08387848963739401,-0.4335173508017351,1.1030104155191398,0
0.31937526207358136,-1.0304500571785373,0.31782260187288847,0.3209081328969439,-1.1863550705369883,0.3193611183940771,-0.6792298534499365,-0.01419656364492628,0.01590505332578784,0.31937278343438597,0.6815495663846162,-0.6473113930815284,-0.5355627540484638,0.9188307650812545,-0.6370151021683749,0.9232669345492759,-0.5561537082512377,-0.7281422755406026,-0.6259944561318393,-0.40701547767997476,0.09937539022551012,-0.39781515987658284,-0.2625999152566468,0.5483670109380032,-0.5643630639038268,-0.1290302346247387,-0.35905286061514,0.732500615699955,-0.646109943427578,-0.5191511301553805,0
-1.0218621998558646,0.7320530041273337,-1.0206827873857274,-1.0231565808693315,1.122950050588536,-1.0218763450321877,0.3441202451616688,0.0017417782263261915,-0.2768736849329754,-1.0218668242741697,1.1646110869872537,1.5811593850028856,1.6645096771493846,-1.918852848322032,1.796852498856176,0.02359008450591652,1.3878061472139742,1.3115938181236462,1.1928970341444234,1.6304495044231273,0.05194814204886454,-0.4334475523845382,-0.31135198139830933,0.1478469440348452,-0.29997648842446256,0.10143343522457919,-0.36568176877531994,-1.2789789841878563,0.9127233221431919,-0.5078134583139439,1
-1.4191482071670445,-0.8155268454503434,-1.4208845140904098,-1.4175007388326917,-0.9041055792778198,-1.419098516026435,-0.6640127806087649,-0.03251001490876194,-0.26776738883784074,-1.4191583025823948,0.7279044103170387,-0.693674119167182,-0.5414296175950404,1.0830861558037337,-0.6741070603142666,0.9360484746192798,-0.5583868808850467,-0.07253792695816579,-0.6974521424992576,-0.38718950403727953,0.4533093589201629,-0.6283270768118209,-0.24312038144433548,0.7509411623688398,-0.7012658638636827,0.4104786256370706,-0.3910148042822453,0.44949795168596274,-0.6432563256348809,-0.8257408399919237,0
-0.3387221473661248,2.028765904334907,-0.3357999820678957,-0.3394089107646298,1.3795351582271766,-0.34113706845729835,2.4038498261287047,0.6781843838152907,-0.36162389514889626,-0.3387227316690708,0.18415931858695597,1.9941855571879152,2.0751898643063162,-2.2011667947523437,2.2028590933741143,-1.0252045072910843,2.1433678144696358,1.4870494364343332,1.4562980388596463,1.9415095811154792,0.2974833382981976,-0.24996763897833296,-0.1675440310164192,-0.01325112222666012,-0.09321598527036455,0.4450784653899353,-0.32495269403823257,-1.247998402679504,0.7912449152668375,-0.5072014114869221,1
-0.8586659901869277,-0.7292038907560169,-0.860118989562762,-0.8570122816301414,-0.9297699628983476,-0.8588824322132717,-0.6493342355864554,0.7768091343275698,-0.32756563983762066,-0.8586738315335126,0.633695044930229,-0.7251767277038293,-0.5682216085191537,1.0685427001892567,-0.6941567661282018,0.8870526838824669,-0.5590155835943078,-0.6112909667600871,-0.6928412520977049,-0.4389665164662439,0.7037360238429846,-0.6134203708699753,-0.14306155058544354,0.8134222921054619,-0.6856983175402382,0.7414639559623415,-0.38972928237377935,0.23377614925160295,-0.6159304439650137,-0.6985808190795322,0
-0.4384381804821778,1.9289818892860875,-0.43526428831975417,-0.4388114764771248,1.3795351582271766,-0.4405669030370753,2.20600514080815,0.8804611292141478,-0.28689035206583513,-0.43843910252099844,0.4687911886147677,1.9330802055331875,1.820959272256787,-1.0633558431718704,1.7634363171882583,-0.6793934342631763,2.0237949988713058,1.4918752289744142,1.2722970098998798,1.9031149530387492,0.07103276033748827,-0.4267190577622918,-0.35568655525572224,0.2502020807315567,-0.4024410092711044,0.12250437923025098,-0.3644773089248456,-1.1818874933504464,0.5545703815566192,-0.516986113063553,1
1.3668197466857968,2.1959706830023324,1.3693024108211065,1.3646350728781411,1.3795351582271766,1.3633743814817352,2.750078025439674,0.06786584453453728,-0.4716582584623195,1.366824321957351,0.8810797961699615,-0.5056764325248279,-0.46907168358791573,0.9530506126526401,-0.5868908296664983,0.9495401152973776,-0.5396846631489293,-0.4504689135379502,-0.8889200807445093,-0.26935236972935966,0.21964684927249883,-0.18957245792274413,-0.13880373231546494,0.5181055024113008,-0.46605207988673014,0.01846651470678842,-0.3079651785462915,0.5516027317366253,-0.7071029687919991,-0.43919262236504736,0
0.7242053110490103,-1.0304500571785373,0.7227844201840264,0.725618579012102,-1.1863550705369883,0.7241825877545975,-0.6792298534499365,-0.01419656364492628,0.01590505332578784,0.7242047054164396,0.4341648143322477,-0.40235414315003254,-0.45538232909582194,0.5766319426245518,-0.501679556056158,0.4901155182934646,-0.5185010121910286,-0.24471948668896198,-0.765216474672421,-0.44545197945246967,0.4360657697724647,-0.42509080127248305,-0.1835108622181383,0.6373714702498161,-0.5811733909453659,0.5299641627990612,-0.3641825285042294,0.21383810173786602,-0.6720825499936989,-0.6654279814050948,0
-0.09867133353335059,-0.09718829307630934,-0.09861696791259927,-0.09875694421225728,0.07270709341256641,-0.09867660449359603,-0.3923028505629399,-0.014185089103432325,-0.27780889707590545,-0.09867536628248141,-1.0331807240545297,-0.553692639154678,-0.6100682078261906,-0.06364604049549681,-0.508789385078911,-0.5397854606188822,-0.5468964932571306,0.5957470502612952,0.40135670279810515,-0.9849483680068247,-1.8259295033130174,0.512008359419725,-0.5360256136244077,-1.009538965793357,0.41253251204411334,-2.103640032336571,0.019340802597347377,0.23809408313440977,-0.5383305459776042,1.2703459950722837,0
0.40815378158573684,2.1985549210939963,0.4101823148210428,0.4061103320790825,1.3795351582271766,0.4081377564117351,2.7555737111430236,-0.01419656364492628,-0.4732259861529537,0.40815504498261884,0.049416408455742404,2.1134012853223982,1.7818468734799364,-1.2686750917732883,1.7701195471482112,-1.537885430961452,2.3844410900552924,1.2823990154384066,0.9458457273069809,2.064522969448226,0.2761636642988395,-0.48469597748789206,-0.1696729401514085,0.35166715246364605,-0.36270452111273416,0.28514590096403797,-0.3741333159859921,-1.0066001689699258,0.6749769473147113,-0.6684859003631788,1
0.6814202505302521,-0.09569612486167915,0.6817313707552188,0.6811013746659678,0.07474301705599501,0.6813984686634631,-0.3913845966629023,-0.014188095831646295,-0.277807381330526,0.6814196908966382,-2.4770681264333794,-0.47153207979995077,-0.8419839867862942,-0.9904420230953386,-0.5259238240139558,-1.6635748638481687,-0.5335399723771342,-0.7675440021669568,-0.7612998446456705,-0.28779835920980257,-0.3130117639545535,-0.5651105731539879,-0.5296521338479888,0.44812652124335467,-0.6547969986111073,-0.40538178413707726,-0.3848206592379331,0.6501766901233724,-0.6056621107366202,-0.26942504911813003,0
-0.04894905967844943,1.2103956467689168,-0.04451165661602449,-0.048301396892323115,1.3795351582271766,-0.049949695759380144,0.9749715432580329,2.112599312983577,0.5797870157814271,-0.048951127262251926,-0.8835731494623965,1.816361799195519,1.4885038826535566,-2.098507252038187,1.6815666784754908,-1.7487804358029888,1.8029164131659345,1.423184322412578,1.1590357029207754,1.6920712914051195,-0.12959079071363472,0.8739791615979895,0.13263246156025657,-2.866733955348605,2.1882791692471897,0.15542777633638802,0.28180584048067214,-3.305799117707829,5.161174368292349,0.45022465161860037,1
-0.7900153242641355,0.6756823039578657,-0.7890730565257202,-0.7916905630884422,1.1229304743996569,-0.7899917286005933,0.2797067952959086,-0.05873672306214364,-0.2710884189719006,-0.790020401311119,-0.9018015029636088,1.1575347748426776,1.879627870422063,-0.8665915156700228,1.7751319775852141,-1.0805910680628992,0.7412632777182522,2.9457116008984343,5.316716619957955,0.9406060652067454,0.020266108683495154,-0.15296663773054686,-0.15796392721966798,-0.5081159533480972,0.2763496438266884,0.11723664322883304,-0.2968056801366738,-2.6395537205845283,3.2804876052391143,-0.32757340862043044,1
0.03769877536541444,2.028765904334907,0.04074346302842562,0.03690080228981544,1.3795351582271766,0.03527587673757152,2.4038498261287047,0.6781843838152907,-0.36162389514889626,0.03769871133336614,-0.6552756837218794,1.9228513018004472,1.8600716710336376,-1.2173452388296577,1.8269270496100403,-1.7530409717326305,2.0040431246183092,1.575623785032061,1.5125058721390197,1.814814662526851,0.10235831286698653,0.2921380356229399,-0.15051274524720545,-0.7217266217439414,0.43791192082376834,0.4378840481271964,-0.1089845770842623,-1.49322273257851,0.8811965375781121,-0.04894926314365448,1
0.7810235635367898,-1.0304500571785373,0.7796211666136599,0.7824200451335277,-1.1863550705369883,0.7809996360858986,-0.6792298534499365,-0.01419656364492628,0.01590505332578784,0.7810232207823418,0.584545297050711,-0.6834384235192061,-0.5394739901960999,1.0001029642532093,-0.6562294002537967,0.8352164907132787,-0.5580278253928987,0.483840980809329,-0.020079278497370828,-0.46292791984837633,0.1733614712022325,-0.7190562850930599,-0.41588151890281894,0.6863239292374081,-0.7599384918609453,0.1448922886344605,-0.39650894141106313,0.20031447570372524,-0.5581476636066846,-0.7081834606307337,0
0.30232978632724744,2.1333157722912186,0.30361341526548014,0.2996075831014093,1.3795351582271766,0.30515685631125183,2.6181815685593044,-0.43263438428496215,-0.43246506619639646,0.3023306162527658,-0.7539071428641323,1.7719797278643363,1.5276162814304073,-1.8418581504931382,1.664858587641532,-1.6941039756392677,1.7215179273856602,1.519896426957233,1.3082904614151845,1.6415513158310977,0.40112345709484915,0.23160619785750203,0.01980015051283012,-0.7128261418602534,0.53602665835175,0.6700860656370343,-0.14018686602320551,-1.611856573440109,1.1825157771096166,-0.14786929022337905,1
0.2057387570980223,-1.0304500571785373,0.20414910901362165,0.20730520065409253,-1.1863550705369883,0.20572702173147486,-0.6792298534499365,-0.01419656364492628,0.01590505332578784,0.20573575270258143,0.8128086804301378,-0.7256727934971758,-0.5494476563602555,1.159225418633257,-0.6958275815852285,1.0510821320925512,-0.5590197327837091,-1.0456954823220794,-0.7509093560754109,-0.34311099055749933,0.27906484076217586,-0.589756742259346,-0.28378258145266927,0.7067949459665921,-0.6938091366690823,0.10143343522457919,-0.3874666809228576,1.0262518480028804,-0.5709570543544069,-0.735982767657709,0
1.498354001195006,-1.0304500571785373,1.4971850902877817,1.4995385549165272,-1.1863550705369883,1.4983148712685752,-0.6792298534499365,-0.01419656364492628,0.01590505332578784,1.4983569772768577,0.6305592645508858,-0.5933652759202849,-0.5257846543542511,0.8640789273804854,-0.617967872881394,0.8835022485609191,-0.5515947842274993,-0.6301071525025709,-0.8070533629939902,-0.42374946089812054,0.7600448152981385,-0.6054670791800297,-0.1143212518844893,0.8510711790946293,-0.6957060249163415,0.7901905610727323,-0.38899920509898195,0.37168314887629905,-0.6775685239556701,-0.6537582745030885,0
-0.8086832404592199,-0.09555822441407619,-0.8088569357257956,-0.808562111389041,0.07489962656702799,-0.8086734835530671,-0.39129966111713904,-0.01419261064092009,-0.2778082978245031,-0.8086901562471394,-2.3692285633200747,-0.504509116710958,-0.8409125768318735,-0.8250420138393669,-0.55731152596312,-1.5957395337853097,-0.5394885369191343,-0.6784077698366525,-0.8200185366187357,-0.3544433459907177,0.3641079454026267,-0.49492359832187877,-0.23185129383267783,0.5475424743114211,-0.544862355629022,0.45166214788204956,-0.3756671224129325,-0.5710891729560567,-0.1855411514046152,-0.7083673203770494,0
-1.092374338489794,-0.0972293669960757,-1.092643517032164,-1.0921663081166264,0.07264836484592906,-1.0923585557357445,-0.39232810597960477,-0.014210782834427437,-0.2778081178286571,-1.0923820060415446,-0.9379508836436766,-0.46192657593329345,-0.5714448557759133,-0.12278331854783144,-0.4642413543983042,-0.5083869098304505,-0.5316590945514091,0.23127423825701038,-0.2228861178736223,-0.9019362876472936,-1.7760973808817024,0.27274955527922323,-0.49338702985958977,-0.7857264179298472,0.27425253238539327,-1.9427620209636052,-0.11917267941502198,0.141042618320263,-0.3281342815452605,1.1501226349179485,0
1.6759110402193171,-1.0304500571785373,1.674799922880386,1.6770431365459826,-1.1863550705369883,1.6758681473038912,-0.6792298534499365,-0.01419656364492628,0.01590505332578784,1.6759148377953024,0.9730736573418988,-0.5775856825451586,-0.4905834917250365,0.9607500987528399,-0.6067734507479154,1.277599011717546,-0.5498626559425625,-1.0290287036094907,-0.7414421669532116,-0.24041428919041427,0.29356943485094716,-0.660154601951313,-0.342859865464307,0.7228157545844072,-0.7418853733798033,0.2112658344681481,-0.39339791155300424,0.6763168418069506,-0.6697151979847238,-0.7828876227019003,0
-1.001876379976777,0.7798250441553515,-1.0007899044538575,-1.0032760460587926,1.122950050588536,-1.0016352553086738,0.40034716777500695,-0.08417918061729061,-0.26718850224546176,-1.0018808661855512,1.238599863621175,1.7419834614499916,1.6645096771493846,-0.445686982609219,1.509139170233863,-0.16245202545235798,1.6673118877857853,1.4614782872977703,1.240334126977813,1.8156043761246599,0.19648794854588433,0.28218257858994406,-0.23141136851259497,-1.0955454187585691,0.6629218230620135,0.5262767424958639,-0.11423872205309366,-2.2052080776962333,2.254926440035558,-0.08052573676462085,1
-1.2415925886315573,0.7327637147552574,-1.2402147042090628,-1.2432622350048064,1.3795351582271766,-1.2416872790899252,0.3449457216630215,-0.04150342607141843,-0.24897143219282727,-1.2415945527904724,-0.5763088768941266,1.905551027127306,1.9969650667526149,-1.6878685916622465,2.035778185034526,-1.5201333220726336,1.9708090767184843,1.610716175845996,1.6455846632112956,1.7966733415881042,0.3353039963028717,-0.2552383720949092,-0.22183126471584375,0.07753338213313024,-0.19329300834790228,0.5192969891541668,-0.32635106074420606,-1.5587992425534587,0.931379620489845,-0.5199746620731898,1
-1.4411482345465685,0.775439196342053,-1.439995873871636,-1.4425643838628173,1.2512401573842464,-1.4410441037213795,0.39512240959576933,-0.08040846199455268,-0.28286016136040626,-1.4411134981975138,-0.9661665557739574,1.391999303995276,1.3124980881577288,-1.0633558431718704,1.329025955505328,-1.6791922014639038,1.083038629008849,1.5675950826686778,1.4296769654462351,1.2088816750245999,0.3073107473604579,1.1428253098016634,3.201458050457776,0.2911441354102413,1.753303910067998,-0.11717782862154832,0.5179780378745612,3.126426406999108,2.2042515191234036,0.5730494474723049,1
0.6957961848051206,-1.0304500571785373,0.6943660469692098,0.6972178459513892,-1.1863550705369883,0.695774063588947,-0.6792298534499365,-0.01419656364492628,0.01590505332578784,0.6957954477334883,0.7252798950152699,-0.6974901476545338,-0.5453408537426764,1.0873636571467948,-0.6782840830227562,0.9388888093327339,-0.5585013155025981,-0.18362686274705584,-0.7231763029771803,-0.38883882702234784,-0.005827556062641633,-0.6545110178731444,-0.4283356474939458,0.6151203554218628,-0.7152635649829421,-0.1421996060264668,-0.3930112709746134,1.307273598554676,-0.39588322152166533,-0.5449155990071732,0
-0.7370180973054592,1.8022542577855039,-0.7336572070753296,-0.7370191736146097,1.3795351582271766,-0.7388564067764062,1.9641949698608054,1.1074221849456682,-0.1803575051345098,-0.7370189725344516,0.6406336007150206,1.9047671121619503,2.133858462471592,-1.0548008404857478,2.0290949550745734,-0.33535046047350126,1.9693083021583004,1.6916983232570935,1.8610412311225408,1.8935540505731343,0.22910956831844087,-0.21787578747367914,-0.19415542058238416,-0.049742936963500704,-0.08275042075294205,0.3673226587267523,-0.3161469623271975,-1.6474978805138174,1.0858907065516283,-0.4628958499836616,1
1.1780728731940506,-0.09572398503027205,1.1785455549585215,1.1776073877786974,0.07466471230047853,1.1780404703392977,-0.39140175475680666,-0.014165058582101746,-0.2778064151539386,1.1780745658835168,-0.5972336769618571,-0.5054408505542566,-0.5415801064226172,-0.10554669084663816,-0.4420923817280786,-0.12904275175725205,-0.5396451614358141,-0.32106515697127097,0.018889666868387327,-0.9297499617754525,-1.4821169833761227,1.5762066965828048,0.07343840268494445,-2.023243341869679,1.5320193070250256,-0.6774216723281778,0.9726789679875713,-0.3613769331596604,-0.3161992563157889,1.552366038993312,0
-0.41215973870657985,-1.0304500571785373,-0.4139505084086416,-0.4104107434164119,-1.1863550705369883,-0.41215837887142476,-0.6792298534499365,-0.01419656364492628,0.01590505332578784,-0.4121656019016056,0.7818259439169551,-0.474558835489739,-0.48667225557740046,0.7511533488083607,-0.5624970164115553,1.1568846848173666,-0.5341187967290466,-0.8366833923238238,-0.8467029689619509,-0.3092481635489641,0.38655443015598195,-0.5815820327637313,-0.25121024123301455,0.7165854377641105,-0.6809888092187948,0.30226605866773787,-0.38662177747049803,0.7486445840220649,-0.6194817284008309,-0.7792021163382521,0
0.2917243078542363,-0.09718665424551481,0.2919057315035761,0.2915233458109989,0.07270709341256641,0.29171075018493475,-0.39230184286019437,-0.01419656364492628,-0.2778084178721349,0.29172199780480534,-1.0459470794489028,-0.5459526180014797,-0.7027537200209456,-0.3326963795550249,-0.5354301780684227,-0.4231729237996666,-0.5458469164118515,-1.3383563974053565,-0.34844110590787164,-0.9739433517350347,-1.9413659432115076,-0.12860246761039013,-0.9201074462644285,-0.7151814272539532,-0.039807216311150875,-2.2494574655356816,-0.28901696556677303,-0.08722796472430869,-0.16218643512904057,1.183618495904567,0
1.2135478375900488,-0.0957142884715929,1.214032096560202,1.2130719017978089,0.07466471230047853,1.213514713253424,-0.39139578304678846,-0.014209888221992649,-0.27781918170249204,1.2135496918047812,-0.8195806868589817,-0.4970507790413234,-0.6396197263133134,-0.13839364071159482,-0.5194386944676052,-0.3062946589916241,-0.5382121189050317,-0.8276011919021413,-0.6768057007015804,-0.9474946153268359,-1.7702668798111374,0.8604024251332472,-0.3109461712596001,-0.8589494125761619,0.4401727633433549,-2.5036569060000717,0.2708113646005378,0.6583777226323764,-0.6292610506543397,1.3694387075362535,0
2.845431511808884,-0.09565337297385554,2.846446833374576,2.8444733488189513,0.07466471230047853,2.845363807088022,-0.3913582662905655,-0.014264551740713807,-0.27782152863925147,2.845440842388922,-0.797117357325176,-0.3706201344556652,-0.3848355390389778,-0.13998155977623464,-0.3014504174727608,-0.42585147377785226,-0.5104419938042943,1.0679939669800327,1.051976109885315,-0.8029620075431534,-1.8249999542448534,0.8317379258784584,0.25748856898905564,-1.5249244373546345,1.2788993252947887,-2.0335800101075705,0.247893158712179,0.3508212273445997,-0.1564556188864581,1.396548983457643,0
1.3207969621706952,-1.0304500571785373,1.3195702576951773,1.3220339732870718,-1.1863550705369883,1.3207615952332592,-0.6792298534499365,-0.01419656364492628,0.01590505332578784,1.3207991167584132,1.0304036513384196,-0.6550846290923716,-0.5023172188181898,1.0770977028753792,-0.6395213173868765,1.213691446805369,-0.5566368009406096,-1.00093923779656,-0.5371393397247125,-0.22235212799295806,0.5331826111009312,-0.4671442859853071,-0.15902838178716264,0.6088900492117246,-0.5451979817268835,0.5954158403108409,-0.3713825997494392,-0.17771958999528956,-0.43715384086972203,-0.690034186077857,0
1.3278992437316677,-1.0304500571785373,1.3266748509988815,1.32913415655225,-1.1863550705369883,1.327863726274672,-0.6792298534499365,-0.01419656364492628,0.01590505332578784,1.327901431179151,0.9980234636643254,-0.7053621225840513,-0.5199177908076745,1.2293761469478734,-0.6842989899867137,1.1781872967466538,-0.5587040454159232,-0.43760792793535047,-0.8068387908425467,-0.24339794908112436,0.6648338116256155,-0.7366099851236529,-0.23247582308008963,0.8604166463674553,-0.7751789814957597,0.6915521165312682,-0.3971097920888374,-0.45733148571558374,-0.28824340070170706,-0.770284542487367,0
-0.27612099953329367,-0.09720447665371915,-0.27612447708951354,-0.2761541607047529,0.07266794103480817,-0.27612248593873195,-0.39231280160835835,-0.014195503468588723,-0.2778114753903545,-0.27612579749036814,-1.0740211343693626,-0.5203234404461421,-0.6710681658904158,-0.3943052406184164,-0.49632683746851064,-0.5473427906505777,-0.5420616565674163,-1.113383467689345,-0.2923312155918788,-0.9410712562397726,-1.8981390768735709,0.43164024248873933,-0.6604040577567782,-1.0700650810130032,0.3805840311904223,-2.0121123186582612,-0.030291119761114496,0.16572539068446,-0.4621097893671937,1.2982397591784955,0
-0.3056255152919933,-1.0304500571785373,-0.307381608853079,-0.3039079944387388,-1.1863550705369883,-0.30562641325023515,-0.6792298534499365,-0.01419656364492628,0.01590505332578784,-0.30563088559053886,0.6880596975761665,-0.6330805712099601,-0.5160065546600384,0.8572349578662083,-0.608277181472424,0.963031688256554,-0.5551558405089081,-1.0548190960885033,-0.3754029838160438,-0.4013688024317859,0.2229528783743382,-0.3419592160563407,-0.2186379010133598,0.4353313493096262,-0.4542783042097086,0.3129332342750188,-0.34741924560486076,-0.14471788098120533,-0.4804057400793912,-0.548294527176783,1
-0.4891797903980033,-0.09723786811917126,-0.4892526279339758,-0.4891499080422119,0.07262878865704993,-0.4891767722582796,-0.3923333329875105,-0.014190077675300306,-0.27780898292485945,-0.4891854808560858,-0.6156985199699833,-0.5744083871292696,-0.6382526540235878,0.0999099699052509,-0.5648120665235146,-0.18230548209419614,-0.5494920621143664,-0.33689408253297953,-0.5331409550402957,-1.0038696605468995,2.1279896608871054,3.0889443604856934,3.052036373065684,-0.02840921886810866,1.896327053837602,1.0819667349947018,3.2755790277107555,0.74654959743788,-0.6246760954103617,2.4259511270912175,1
-0.08786956263257832,2.028765904334907,-0.08713921643824955,-0.09090249648339238,1.3795351582271766,-0.08546035096644335,2.4038498261287047,-0.706577511105143,-0.36162389514889626,-0.08786987338867179,-0.1631204440487827,0.9250340633983664,0.9252852805861232,-0.6783821908542976,0.9230192972510813,-0.9385742308118142,0.44168487215642865,1.2660465732306525,1.0255998069403185,0.7080375911505065,0.038449513251152374,0.4479979351751609,0.32423443598088575,-1.4159613364710684,1.2398365115401848,0.1225043949293426,-0.020443871019734,-1.915261559506007,2.1202735475997696,0.08521705191301211,1
-0.710029427373764,0.5032423313317228,-0.7052388338605129,-0.7086184405538969,1.3795351582271766,-0.7104478826107556,0.09566183072223525,3.783757230683329,2.884780015374826,-0.7100348322409148,0.8672142524995492,2.0699240328893707,2.0360774655294653,-0.6954921146399904,1.8753805225889673,-0.48696057119963015,2.29533012697319,1.5403795142030576,1.3405835210609343,2.107223805539469,0.12151231810739327,0.044195966887843,-0.18457531678563294,-0.668323912204347,0.3777348468739827,0.3085873450092578,-0.22549388325120087,-1.8555395243067683,1.743013562633679,-0.23660948439500679,1
0.04409082877028967,1.727657049158623,0.047848056332129796,0.04400098555499365,1.3795351582271766,0.042378007778984164,1.8268028272770869,1.2337542924724347,-0.11066832969724538,0.04409008582703568,0.025345989703691424,2.2532261187344345,1.8600716710336376,-1.5680990435758448,1.8954302284029025,-1.6557594231481774,2.680311722221948,1.2002319461843498,0.7698816907790517,2.220759864831423,0.22506078264015078,0.11697503307906539,-0.19841323885236276,-0.3746092643803779,0.15337914378506456,0.5685503694346086,-0.19439398783158193,-1.2156880190903565,0.3997277029093481,-0.21248195883253776,1
-0.6312792945298479,-0.09556594062994216,-0.6313952829174035,-0.6312105602903179,0.07488005037814886,-0.6312732800289815,-0.3913044140142591,-0.01419541198041629,-0.2778111610091036,-0.631285552114023,-2.460566040498859,-0.5514952087543772,-0.8399026380852473,-0.738128838864696,-0.5734230529173238,-1.7582913551339971,-0.5466029257453745,-0.42736839765808443,-0.7923746366468148,-0.3218744568012366,0.06451177306581803,-0.5462535147980505,-0.3510512943706014,0.5696452803457985,-0.6343531538466549,0.008867948793254147,-0.38259671455347394,0.49538509325358704,-0.6155861635386123,-0.5677547189853558,0
